[{"index":"294617347912761345","data":"This is a great article!\nStarting a new business and life from the groundup: Fearless http://ebrianschneider.blogspot.com/2013/01/fearless.html?spref=tw …"},{"index":"294919374035361792","data":"At Davos Investing in Women Emerges as a Business Strategy http://thebea.st/10GpShM  via @thedailybeast"},{"index":"282489901671395330","data":"Social Influencers Who Are Changing The World Through Twitter http://www.fastcompany.com/node/3004155  via @FastCompany"},{"index":"286114463952809985","data":"Lift a glass of water to the New Year and celebrate!"},{"index":"294615419015282688","data":"10 Things Extraordinary People Say Every Day http://www.inc.com/jeff-haden/10-things-extraordinary-people-say-every-day.html … via @Inc"},{"index":"303336805716070400","data":"2013 will be the Year of the Woman Entrepreneur and will grow their businesses through social media.  Let's celebrate! http://ow.ly/hNA5b "},{"index":"297327216474324992","data":"SMU's Economic Outlook Meeting was super!  Thanks Dan Foster, Dr. Bruce Yandle and Colleen Keith for a great presentation."},{"index":"319607018442866689","data":"6 Secrets of Women Entrepreneurs Who Built $10 Million Companies - Forbes http://onforb.es/YSJQZl .    Great advice for all women in business."},{"index":"313332909668958209","data":"Just signed up for #Nestivity, reserve yours now http://nestivity.com/  via @Nestivity"},{"index":"312734136827785216","data":"A wonderful article - worth your time.\nhttp://www.huffingtonpost.com/john-r-talbott/things-my-mother-taught-m_b_2881505.html …"},{"index":"319609169843990528","data":"Women In the World: 125 Women Of Impact  http://thebea.st/10XHPM2  via @thedailybeast\nAn introduction to amazing women!"},{"index":"320651830407360512","data":"Hillary Clinton: Helping Women Isn't Just a 'Nice' Thing to Do http://thebea.st/YXtwGB  via @thedailybeast. Seize the Moment!"},{"index":"321056250794242048","data":"Handwritten Notes Are a Rare Commodity. They're Also More Important Than Ever. - @HarvardBiz http://blogs.hbr.org/cs/2013/04/handwritten_notes_are_a_rare_c.html …  Personalizing matters"},{"index":"321058369446240257","data":"Women In Business Discouraged By Ethical Dilemmas, Study Suggests http://huff.to/14HxeYO  via @HuffPostWomen Ethical behavior matters"},{"index":"321060375938342913","data":"Climbing the career ladder!\nShe’s the boss: Women in business [infographic] http://holykaw.alltop.com/shes-the-boss-women-in-business-infographic … via @GuyKawasaki"},{"index":"321060752490377216","data":"She’s the boss: Women in business [infographic] http://holykaw.alltop.com/shes-the-boss-women-in-business-infographic … via @GuyKawasaki"},{"index":"322356397851410433","data":"Equal Pay Day Advice for All Women   http://ow.ly/jY1r7 "},{"index":"322359180193325056","data":"We need to get comfortable with powerful women.  http://ow.ly/jY3sE "},{"index":"325345551019286528","data":"We need more women on Boards.  Vince Cable: There is a chronic shortage of women in top jobs http://gu.com/p/3f6j7/tw  via @guardian"},{"index":"325425878471413760","data":"Let's call \"bossy\" girls and women what they are: leaders!  The \"B\" Word http://huff.to/17xhdSt  via @HuffPostWomen"},{"index":"326058824639315969","data":"This is a great trend for nonprofits!  http://ow.ly/kgVgk "},{"index":"330369274457759744","data":"Thanks to all of my terrific co-workers who volunteered at the Spartanburg Water Day of Service last Saturday. http://ow.ly/i/222yE "},{"index":"338476499378245633","data":"Without Water, Revolution http://nyti.ms/18T46yi "},{"index":"331129088657997827","data":"I love this article!  Warren Buffett is bullish ... on women http://cnnmon.ie/1205jil  via @FortuneMagazine"},{"index":"352482962983501826","data":"Thanks to my fellow Board members and the outstanding staff at United Way of the Piedmont.  http://ow.ly/mDmIP "},{"index":"351058919847763968","data":"7 ways to make the rest of 2013 amazing: http://ow.ly/mtCD9 "},{"index":"353892584512434178","data":"Great Article, Great Advice! How To Get Everything You Want In Life http://flip.it/rHiJW "},{"index":"353886503916675072","data":"Can Beer Force Obama to Clean Up the Clean Water Act? http://bit.ly/151Kswf "},{"index":"354398339720167424","data":"This article asks an important question about your leadership style - are you a Hill-Finder or a Hill-Taker? http://lnkd.in/z2i5Y8 "},{"index":"354192859576025088","data":"Learn from the best!  RANKED: The 30 Most Creative People In Social Media Marketing http://www.businessinsider.com/the-30-most-creative-social-media-marketers-ranked-2013-7 … via @BI_Advertising"},{"index":"354410524605296640","data":"How do you define success for yourself?   Do your agree with this article?     http://ow.ly/mMatf "},{"index":"355881187706810368","data":"It's great to see the glass ceiling broken at the largest U.S. Utility.  Duke Energy names new CEO http://usat.ly/16fb9ih  via @USATODAY"},{"index":"356134702358347776","data":"Sometimes the most powerful voices are the youngest among us. Malala will not be silenced by Taliban attack http://flip.it/2FTdi "},{"index":"354191343758753794","data":"Great series, do you agree with this pillar? https://twitter.com/forbeswoman/status/351808395084435457 …"},{"index":"356138013308358657","data":"Reach for the stars!   Half of NASA's New Class of Astronauts Are Women http://flip.it/WYVN7 "},{"index":"356123177107206145","data":"Glad to see Microsoft recognizing women in technology.  Let's cross the Digital Divide!   http://bit.ly/13Hv6Sh "},{"index":"356562666338271232","data":"Water impacts the world.  This is a great map of global water risks. http://lnkd.in/c8BGQn "},{"index":"356562764656947200","data":"An Incredibly Detailed Map Shows The Potential Of Global Water Risks http://lnkd.in/c8BGQn "},{"index":"357473613454127104","data":"Interesting article, I think you will like this.  7 Pieces of Offbeat Advice I Wish I Knew Sooner http://flip.it/OYM0W "},{"index":"357417609488109570","data":"Phoenix has done a lot to prepare for water scarcity, but will it be enough with climate changes?\n http://m.usatoday.com/article/news/2439191 …"},{"index":"357477568905093121","data":"It's great to see her progress with Yahoo.  How CEO Marissa Mayer turned around Yahoo http://usat.ly/12D3VFC  via @USATODAY"},{"index":"357422416651235329","data":"Wonderful leadership advice for everyone.  http://www.forbes.com/sites/jennagoudreau/2013/03/21/eight-leadership-lessons-from-the-worlds-most-powerful-women/ …"},{"index":"357915381794480128","data":"Great article on the impact of weather volatility to global commerce.  How do we manage uncertainty?  http://linkd.in/14iRaSr "},{"index":"357937640567353344","data":"Spartanburg Water has implemented strategies for resilience during climate uncertainty.  How resilient are you? http://ow.ly/1ZDycT "},{"index":"357943347429654528","data":"Coming to the conclusion that conservation and reuse may nor be enough.  What's next for the Colorado River? http://ow.ly/1ZDByF "},{"index":"357927468734222337","data":"Phoenix, Arizona has planned for climate change but future impacts are uncertain. http://usat.ly/16hftxy "},{"index":"357924458268336129","data":"Climate volatility and the impact to water in the Midwest will affect food production.  What does the future hold? http://bit.ly/13ZD0p1 "},{"index":"358021324154748928","data":"Maryland suburb faces economic impact of fixing aging water infrastructure during heat wave.  http://ow.ly/1ZEgXg "},{"index":"357958142174314496","data":"Great article to begin thinking about scarcity. http://ecowatchorg.tumblr.com/post/53286289324/that-awkward-moment-when-you-realize-theres-not … http://newswatch.nationalgeographic.com/2013/05/08/tapped-out-how-will-cities-secure-their-water-future/ …"},{"index":"358760784488570880","data":"We need Game Changers to get our economy moving.  Do you agree with this list? http://ow.ly/1ZKt0h "},{"index":"359316469240176641","data":"Leading your team through great questions.  What do you ask to solve problems? http://ow.ly/nceiJ "},{"index":"358765966756290562","data":"Congratulations to my co-workers at Spartanburg Water for another successful Paddlefest event at Lake Blalock today! http://ow.ly/1ZKuVv "},{"index":"359319183982473216","data":"Have you used these 5 powers to launch your ideas?  http://ow.ly/ncgnA "},{"index":"359328890264616961","data":"Will the glass ceiling finally be broken at the Fed?  Will Janet Yellen succeed Bernanke? http://ow.ly/1ZPuQA "},{"index":"359322506642997249","data":"An effective water strategy ensures business continuity.  Have you considered how your organization is positioned? http://ow.ly/1ZPqO6 "},{"index":"359808837726904322","data":"Just imagine the quality of apps, technology and games that will improve as the number of women increase in tech.  http://ow.ly/1ZUX4v "},{"index":"359845364897038336","data":"Unbelievable video of a young man who refuses to allow himself to have any limits- what holds you back?  http://ow.ly/1ZVen7 "},{"index":"360097068859129857","data":"Thank you so much!"},{"index":"362967551732486144","data":"I hope to see you at the Women in Business Conference next week!  Great speakers! Great women!  See you there! http://ow.ly/20xaww "},{"index":"363298332614995968","data":"South Carolina is a leader in automotive and aerospace, check out this article! http://industrytoday.com/article_view.asp?ArticleID=we571&goback=.gde_2482866_member_260213838 …"},{"index":"359849927188283392","data":"Lt. Andrew Kinard, of Spartanburg, continues to inspire and lead.  A wonderful video well worth your time. http://fplus.me/2ytT "},{"index":"363789694653308928","data":"Great sources for all women!  Do you follow? RT @projecteve1: Top 13 Sites for Women to Follow http://flip.it/f8rUT  http://flip.it/f8rUT "},{"index":"363307735346982912","data":"Water: China's Worst Economic Crisis http://blogs.marketwatch.com/thetell/2013/07/31/china-faces-its-worst-economic-crisis-water/?mod=mw_share_linkedin&goback=%2Egde_2751785_member_262129603 …"},{"index":"363790876318760961","data":"Is Higher Ed doing enough to protect women?  RT @HuffingtonPost: Yale's huge failure punishing sexual assault http://flip.it/Y917g "},{"index":"363729467430023168","data":"Over 126 million women entrepreneurs/business owners are growing their businesses worldwide.  Are you one of them?\nhttp://ow.ly/20D8t6 "},{"index":"363827493486084096","data":"Great advice from some talented entrepreneurs.  http://ow.ly/nBEhU "},{"index":"364901810290425856","data":"This is an issue in sewer lines everywhere.  Please don't flush wipes or pour grease down the drain.  It matters.  http://ow.ly/nH8hZ "},{"index":"366293453048524800","data":"Follow@ecalschnei"},{"index":"368526624725012481","data":"Got Water?  http://pinterest.com/pin/195062227583719219/ …"},{"index":"365044846571950080","data":"On this day 1926, Gertrude Ederle became the first woman to swim the English Channel. An image from her NYC parade. pic.twitter.com/r2vWFFeoM0"},{"index":"369257001781452800","data":"http://www.thestate.com/2013/08/13/2916226/feds-fining-city-15-million-for.html …"},{"index":"369639355717283840","data":"So much rain this year in the Southeast, but the facts are rolling in that the West has reached its peak water.  http://ow.ly/21mzhk "},{"index":"369256316486688768","data":"http://m.motherjones.com/tom-philpott/2013/08/gulf-of-mexico-dead-zone-growth …"},{"index":"369629470229282816","data":"http://ow.ly/21mucU "},{"index":"369753447781785601","data":"Will Silicon Valley be on rationing water next year? http://www.mercurynews.com/science/ci_23881247/san-luis-reservoir-17-percent-full-causing-silicon …"},{"index":"369754627023331328","data":"What happens when there are more claims for water than exists with current capacity?  What's the future in the West?  http://ow.ly/21nwiw "},{"index":"369970031779934209","data":"A future water crisis on the horizon.  The photos of shrinking reservoirs are very revealing. http://ow.ly/21pL01 "},{"index":"369972989166899200","data":"These women have something to say!  Technology IS a women's game.    http://ow.ly/21pMEY "},{"index":"370848205728391168","data":"Busting water myths about the Great Lakes.  http://ow.ly/21yyZu "},{"index":"371069476168822784","data":"http://ow.ly/21ACig "},{"index":"372149070053511168","data":"China is struggling with the demand for energy in water stressed regions.  Are their plans making it worse? http://ow.ly/21KfhC "},{"index":"372151327272763393","data":"Are you listening to these 25 women?  Join the conversation! http://ow.ly/oi5aW "},{"index":"373082514099044352","data":"Bringing water and sanitation to those most in need.  http://ow.ly/21TwI5 "},{"index":"373425666550947840","data":"Drought is making its impact on the Midwest.  http://ow.ly/21WSlX "},{"index":"373606340096454656","data":"This western wildfire is different and why we should be concerned about it.  http://ow.ly/21Yzf9 "},{"index":"373608548254879744","data":"Whether you believe our climate is changing or not, the sea level is rising.  Check out this list.  http://ow.ly/21YAGk "},{"index":"373970684260913152","data":"Global politics involves water - those with resources and those needing more.  http://ow.ly/orTlj "},{"index":"373611528970584064","data":"This is an article that makes you think.  Would this idea launch more female owned businesses? http://ow.ly/21YCra "},{"index":"373974143131467776","data":"Will clean water be compromised by clear cutting forests in Oregon?http://ow.ly/221AWg "},{"index":"373979534196219904","data":"A great article on how the thriving Salton Sea in California is now a toxic mess.  Have we learned any lessons? http://ow.ly/221Dfa "},{"index":"373976546207227904","data":"The nexus between drought and funding aging infrastructure.  Are new pricing strategies needed? http://qz.com/118025 "},{"index":"374681898989391872","data":"This is an interesting case on the the future of Nestle's bottled water in Maine.  http://ow.ly/227uTY "},{"index":"374686331907375104","data":"http://ow.ly/227xbq "},{"index":"374700461049540609","data":"Great tool to track any stream. http://ow.ly/227FjN "},{"index":"374698994842075137","data":"http://www.independent.co.uk/news/world/africa/water-hazard-how-the-un-plans-to-provide-clean-drinking-water-for-everyone-in-rwanda-8788693.html …"},{"index":"374703437734477824","data":"A lighter look at \"Water Wars\".  Have you tried this craft beer? http://ow.ly/227GH5 "},{"index":"374704396288159744","data":"A new day in North Carolina as the state supports New reservoirs.  http://ow.ly/227H4v "},{"index":"374706392743309312","data":"How important is economically to the US to dredge the Mississippi? http://ow.ly/227HTa "},{"index":"375444795763994625","data":"Mexico is the largest per capita consumer of bottled water.  How does it stack up against soft drinks? http://ow.ly/22eRRV "},{"index":"375445257263255553","data":"Ever hear of an ATM that dispenses water?  http://ow.ly/22eSaN "},{"index":"375064553379618816","data":"An increase in wetter decades contributes to the woes of Detroit's aging infrastructure.  http://ow.ly/22baLj "},{"index":"375410431801970688","data":"China's continual pollution problems.  http://ow.ly/22ex5d "},{"index":"376319082867732480","data":"http://www.bloomberg.com/news/2013-09-06/mesh-rising-energy-demand-with-world-water-needs-un-envoy-says.html …"},{"index":"376320349870489600","data":"The State Dept predicts water demands will exceed supply by 40% in 2030.  Should we be focusing scarcity issues now? http://ow.ly/22o2zK "},{"index":"376503849378664448","data":"Did the decade long drought intensify the tension in Syria? http://ow.ly/22pOeX "},{"index":"376803172364603392","data":"The Great Lakes are truly great, see these photos. http://ow.ly/22sItc "},{"index":"377966486381674496","data":"Great advice!  Share it with a friend.  http://ow.ly/oNdKH "},{"index":"379018265034768384","data":"Never released DOE report predicts water and energy conflicts.  http://ow.ly/22Vub0 "},{"index":"379035346014466048","data":"Why Women Must Ask (The Right Way): Negotiation Advice From Stanford's Margaret A. Neale  http://onforb.es/ZXyVyv  via @forbes"},{"index":"379041410676428800","data":"Making a kitchen-table case for massive water bill http://flip.it/KL4Gc "},{"index":"379381224755974144","data":"Janet Yellen could be the next Fed Chair.  http://ow.ly/22ZxTU "},{"index":"376509920327503873","data":"Creating a sustainable future through water and energy conservation practices. http://ow.ly/22pRGi "},{"index":"380639513946497024","data":"Whois@username"},{"index":"380639688274350080","data":"Whois@womennetwork"},{"index":"380639957603213312","data":"Whois@ewomennetwork"},{"index":"380891742100525056","data":"http://ow.ly/23jntG "},{"index":"380891364529299456","data":"http://ow.ly/23jn4t "},{"index":"381583396914597888","data":"Congratulations to the 300 volunteers from the colleges and community who participated in the Spartanburg Water 25th Annual Lake Sweep!"},{"index":"381887424852267008","data":"Follow@LauraThomasWSPA"},{"index":"381597052829831168","data":"Wednesday words of wisdom from @DrMayaAngelou pic.twitter.com/6Abj40GopV"},{"index":"382304852300529664","data":"http://www.sacbee.com/2013/09/22/5756636/southern-california-water-users.html …"},{"index":"382133876493414400","data":"Listening to a CEO panel on the importance of the early childhood investment. PNC, Michelin NA, Home Depot and Aflac CEOs make the case."},{"index":"382305405223055360","data":"http://www.washingtonpost.com/business/capitalbusiness/women-influencing-corporate-boards-despite-shortage-of-numbers/2013/09/22/8fa9ad10-16f4-11e3-804b-d3a1a3a18f2c_story.html …"},{"index":"382306409729515520","data":"http://bigstory.ap.org/article/popular-bathroom-wipes-blamed-sewer-clogs …"},{"index":"382307463615492096","data":"http://www.ydr.com/nation-world/ci_24132000/13-500-gallons-oil-spill-along-colorado-river …"},{"index":"382308128836304897","data":"http://blogs.hbr.org/2013/07/surprises-are-the-new-normal-r/ …"},{"index":"382307859608133632","data":"http://www.waterworld.com/topics/device/mobile/t/81052663/industrial-water-day-now-less-than-two-weeks-away.htm?m_n=true …"},{"index":"382309718053900288","data":"http://www.denverpost.com/news/ci_24153355/colorado-launching-massive-emergency-dam-inspection-progam …"},{"index":"383421535878275072","data":"Alcoa continues fight over hydro license | http://CharlotteObserver.com  http://www.charlotteobserver.com/2013/09/26/4344889/alcoa-continues-fight-over-hydro.html#.UkTwunllApQ.twitter …"},{"index":"376506935191044096","data":"Collaboration could ease water tensions. http://ow.ly/22pPZo "},{"index":"382309220831723520","data":"http://www.forbes.com/sites/heatherclancy/2013/09/19/with-annual-losses-estimated-at-14-billion-its-time-to-get-smarter-about-water/ …"},{"index":"383919645260283904","data":"This report certainly is direct in how it is evaluating the impact of climate change.  What do you think? http://ow.ly/piAGz "},{"index":"384829533737598976","data":"Who should pay for our future water? http://touch.latimes.com/#section/-1/article/p2p-77592700/ …"},{"index":"383914710820990976","data":"Five Great takeaways on global warming.  http://ow.ly/23Zpaa "},{"index":"385566604005621761","data":"What water issue keeps you up at night? http://lnkd.in/bKiXa2H "},{"index":"384844898505326592","data":"An inspiring article!  http://ow.ly/24c93P "},{"index":"384842358258671616","data":"Do you know the Value of Water?  http://thevalueofwater.org/ "},{"index":"388139178367913984","data":"http://ow.ly/24WUrY "},{"index":"384835247260860416","data":"The rains have revived the Rio Grande this fall.  http://ow.ly/24c25W "},{"index":"388136779439947776","data":"Weather extremes continue to challenge our communities with too much or too little water. http://ow.ly/24WS87 "},{"index":"388135329041223680","data":"The nexus between water and energy continues to grow. http://ow.ly/24WR4W "},{"index":"388140094722678784","data":"Should coastal ares continue to be rebuilt after extreme weather? http://ow.ly/24WVpQ "},{"index":"388752325378322433","data":"This is an amazing list!  http://ow.ly/pJTbT "},{"index":"388814070398603264","data":"http://ow.ly/2574md "},{"index":"388811391492423680","data":"Northern China's water use is unsustainable.  How damaging will the fixes be? http://ow.ly/2572oP "},{"index":"388814404214857728","data":"http://ow.ly/2574CJ "},{"index":"388817128067174400","data":"http://ow.ly/2576xb "},{"index":"388814741982175232","data":"http://ow.ly/2574OR "},{"index":"389825218862383104","data":"The damming of the Nile River by Ethiopia could cause war with Egypt.  Is this the beginning of more \"Water Wars\"?  http://ow.ly/25j0iJ "},{"index":"389995955996872704","data":"A very funny, thoughtful article worth your time to read and share.  http://ow.ly/pP0rB "},{"index":"389865761604640768","data":"How stressed is your water basin?  http://ow.ly/25jxnH "},{"index":"390073647987449856","data":"Great tips that we can all do to maintain clean water. http://ow.ly/25m5Ia "},{"index":"389862600005406722","data":"Geography in the News: Oil Spills http://flip.it/Re6bq "},{"index":"390648726840410112","data":"http://ow.ly/25sFwh "},{"index":"390088420279988224","data":"What a wonderful reminder to nurture our friendships. http://ow.ly/25mgKy "},{"index":"391665729784651776","data":"Great new water research center in Milwaukee.   http://www.jsonline.com/news/opinion/global-water-center-a-big-step-for-milwaukee-b9994351z1-223050131.html?ipad=y …"},{"index":"391670093274292224","data":"Today is the 41st anniversary of the Clean Water Act.  Should the CWA be updated?  #water"},{"index":"391666361174204416","data":"Colorado business leaders leading groundswell support for water conservation.   http://www.denverpost.com/breakingnews/ci_24340930/business-water-summit-stirs-economic-support-water-conservation …"},{"index":"391665176589529088","data":"Extreme weather affecting crops.   http://finance.yahoo.com/news/iowa-scientists-climate-change-affecting-193357996.html …"},{"index":"391670984979513344","data":"We need to change the way we think about water.  Infrastructure matters.  http://ow.ly/25EvDB "},{"index":"391673173059858432","data":"Most Texans say they support $2B for water infrastructure projects.  Do you support water infrastructure? http://ow.ly/25EwL1 "},{"index":"395186952808706049","data":"In a discussion on how to convey the value of water to our communities with >150 water leaders at AMWA Conference.  http://ow.ly/i/3yTyp "},{"index":"395185413708869632","data":"The bottled water industry continues to evolve to flavored products at a premium price.  Do you value your tap water? http://ow.ly/26dMPE "},{"index":"395380431753052160","data":"Do you go with the flow or engineer the water back into place? A dilemma for the experts. http://ow.ly/26fSAV "},{"index":"395376563929509888","data":"This article provides inspiration to solving water stress, not just reports about it. Worth your time to read. http://ow.ly/26fQBg "},{"index":"395381483822919680","data":"Inspirational women water warriors!  http://ow.ly/26fTfc "},{"index":"395378362585456640","data":"The House overwhelmingly passed a mammoth water bill last week.  It's time to  finish the job with the Senate. http://ow.ly/26fRfH "},{"index":"397138558584377344","data":"Do you know the source of your drinking water?  The Upstate has wonderful source waters.  http://ow.ly/26xyz3 "},{"index":"403254322277781505","data":"@myEN test tweet"},{"index":"397189009874911233","data":"How are you encouraging women and minorities to enter STEM careers? http://usat.ly/1bMXQb1 "},{"index":"400443157495963648","data":"China will soon be home to the first 50 M person city.  'Smart' tech will increase future water sustainability. http://ow.ly/27dRy7 "},{"index":"398973659337228290","data":"Will water scarcity in the Arabian Gulf contribute to political unrest? \nhttp://ow.ly/26V2eK "},{"index":"406188008426446848","data":"China is failing to protecting its source water and its $62 B water transfer project won't meet water scarcity needs. http://ow.ly/28bXC9 "},{"index":"406190692932018176","data":"Thanks to all the water professionals who are working on this holiday to bring us clean water to our homes.  Let's raise a glass to them."},{"index":"406191621370576897","data":"Tomorrow is the busiest day of the year for plumbers.  Please don't put grease from your holiday dinner down the kitchen drain."},{"index":"409395340476170240","data":"Did you know that access to clean water and sanitation is also a problem in the USA? http://ow.ly/28El3S "},{"index":"409482057262190592","data":"Rethinking Waste Water http://bigthink.com/in-their-own-words/rethinking-waste-water?utm_source=feedburner&utm_medium=feed&utm_campaign=Feed%3A%20bigthink%2Fmain%20%28Big%20Think%20Main%29#.UqO_QCSG2Ng.twitter …"},{"index":"410958461426741249","data":"Detroit's decline causing abandoned pipes to leak for years.  http://ow.ly/28OQVt "},{"index":"411650584438398976","data":"Water stress continues to increase around the world.  http://ow.ly/28Uh1v "},{"index":"409855154780131328","data":"What if Congress had listened to the idea of organizing the boundaries of western states around watersheds? \nhttp://ow.ly/28H76m "},{"index":"412347208424779776","data":"Crack!  Do hear the glass ceiling breaking open? Congrats to Mary Barra, the new CEO of General Motors. http://ow.ly/28YKbe "},{"index":"415566738093522944","data":"Does your company support The CEO Water Mandate and it's 5 core principles? http://ow.ly/29ohGa "},{"index":"415568650884907008","data":"San Francisco May Be First Major City to Ban Plastic Water Bottles http://flip.it/013IS "},{"index":"415563344117235712","data":"During our busy holidays don't forget to drink...water!  Stay healthy and hydrated. http://ow.ly/29ofn3 "},{"index":"415569572474138625","data":"Taste and odor in water from decaying algae, Geosmin, costs ratepayers millions to treat.  http://ow.ly/29ojmX "},{"index":"416390759596978177","data":"How Inspiring!  http://ow.ly/29vQEF "},{"index":"416741603693563904","data":"After a year of dysfunction, both parties can agree on water infrastructure projects.  Water is the unifier.  http://ow.ly/29yRT8 "},{"index":"418167938324393985","data":"Wow, You need to see this list! Bing celebrates courageous women who showed us what the human spirit can achieve. http://ow.ly/29JNYQ "},{"index":"413986768040771584","data":"What would a day without water be like? Simply submitting a photo will help build a well and provide sanitation. http://ow.ly/29aT4l "},{"index":"418161512419958784","data":"The City of Spartanburg opened 24 new businesses downtown in 2013!  Spartanburg is The Place to locate!  http://ow.ly/29JLIH "},{"index":"419451083711578112","data":"Are you feeling under the weather? Here are some suggestions to help you feel better? http://ow.ly/29TN9S "}]