[{"index":"343860465794940928","data":"La terminología. Es una de las estrategias más interesantes y certeras del PP; por ejemplo, \"crédito\" en vez de \"rescate\"\n#objetivodeguindos"},{"index":"338436540642521090","data":"Wifi in the city by WiZi #Zaragoza http://instagram.com/p/ZwM4hkJl0l/ "},{"index":"349261414940164096","data":"@WilII_Smith is really nice, smart and friendly, he trying to speak spanish but Pablo does make no effort... #WillSmithEH #Spainisdifferent"},{"index":"336819926687961088","data":"Gmolino diario is out! http://paper.li/gmolino  ▸ Top stories today via @mrgomezponce @Mr_Rockmantico @AlfonsoRomay"},{"index":"346257155793506304","data":"The Daily CyberElector is out! http://paper.li/CyberElector  ▸ Top stories today via @mrgomezponce @politicaenlaweb @edaindil"},{"index":"350102286753726465","data":"Helping journalists tell stories through data analysis & visualization at the Global Editors Network summit http://goo.gl/6qOfB "},{"index":"351753596334903297","data":"Dennis Frenchman: \"Zaragoza has been inspiration for the Projects like Guadalajara Ciudad Creativa Digital and others...\" #eTOPIA_2013"},{"index":"359103324072591360","data":"The Jungle Press is out! http://paper.li/Nurival/1309453479 … ▸ Top stories today via @mrgomezponce"},{"index":"358093932426575872","data":"The number of \"followers\" you have does not make you better than anyone else. Hitler had millions, Jesus had 12."},{"index":"364976383555928065","data":"Buenas! Mucho twitt programado a estas horas en Twitter, #zombies#"},{"index":"373473588096929792","data":"Thanks! RT @gmolino Gmolino diario is out! http://paper.li/gmolino    ▸ Top stories today via @MissMacGuffin @mrgomezponce"},{"index":"374078310118338560","data":"@JotaBenedi Good luck! RT @JotaBenedi: Ready to rock steady! pic.twitter.com/TfwD0JN3A6"},{"index":"375304780152713216","data":"Watch the first 54 seconds. That’s all I ask. You’ll be hooked after that, I swear.  (via @Upworthy) http://www.upworthy.com/watch-the-first-54-seconds-that-s-all-i-ask-you-ll-be-hooked-after-that-i-swear?g=3 …"},{"index":"382549987177299968","data":"Alice Ayel » IB Spanish students: social relationships http://bit.ly/16EwDUN  @mrgomezponce"},{"index":"336819926687961088","data":"Gmolino diario is out! http://paper.li/gmolino  ▸ Top stories today via @mrgomezponce @Mr_Rockmantico @AlfonsoRomay"},{"index":"343860465794940928","data":"La terminología. Es una de las estrategias más interesantes y certeras del PP; por ejemplo, \"crédito\" en vez de \"rescate\"\n#objetivodeguindos"},{"index":"338436540642521090","data":"Wifi in the city by WiZi #Zaragoza http://instagram.com/p/ZwM4hkJl0l/ "},{"index":"382655216312934400","data":"\"Not only are premiums lower than they were, they're lower than the most optimistic predictions.\" —President Obama on Obamacare #CGI2013"},{"index":"346257155793506304","data":"The Daily CyberElector is out! http://paper.li/CyberElector  ▸ Top stories today via @mrgomezponce @politicaenlaweb @edaindil"},{"index":"349261414940164096","data":"@WilII_Smith is really nice, smart and friendly, he trying to speak spanish but Pablo does make no effort... #WillSmithEH #Spainisdifferent"},{"index":"350102286753726465","data":"Helping journalists tell stories through data analysis & visualization at the Global Editors Network summit http://goo.gl/6qOfB "},{"index":"351753596334903297","data":"Dennis Frenchman: \"Zaragoza has been inspiration for the Projects like Guadalajara Ciudad Creativa Digital and others...\" #eTOPIA_2013"},{"index":"358093932426575872","data":"The number of \"followers\" you have does not make you better than anyone else. Hitler had millions, Jesus had 12."},{"index":"364976383555928065","data":"Buenas! Mucho twitt programado a estas horas en Twitter, #zombies#"},{"index":"359103324072591360","data":"The Jungle Press is out! http://paper.li/Nurival/1309453479 … ▸ Top stories today via @mrgomezponce"},{"index":"373473588096929792","data":"Thanks! RT @gmolino Gmolino diario is out! http://paper.li/gmolino    ▸ Top stories today via @MissMacGuffin @mrgomezponce"},{"index":"374078310118338560","data":"@JotaBenedi Good luck! RT @JotaBenedi: Ready to rock steady! pic.twitter.com/TfwD0JN3A6"},{"index":"382549987177299968","data":"Alice Ayel » IB Spanish students: social relationships http://bit.ly/16EwDUN  @mrgomezponce"},{"index":"375304780152713216","data":"Watch the first 54 seconds. That’s all I ask. You’ll be hooked after that, I swear.  (via @Upworthy) http://www.upworthy.com/watch-the-first-54-seconds-that-s-all-i-ask-you-ll-be-hooked-after-that-i-swear?g=3 …"},{"index":"382655216312934400","data":"\"Not only are premiums lower than they were, they're lower than the most optimistic predictions.\" —President Obama on Obamacare #CGI2013"}]