[{"index":"225046941438980097","data":"Congrats! RT @CindyRichards: Woo-hoo Anne!Way to go! RT @travelingmoms: Congrats to our $25 iTunes gift card winner @annewassociates!  #tmom"},{"index":"225047366036758530","data":"Sweet! RT @TibsTravel: @slstaffo FOR THE FAMILY = your reason to be a biz traveler. Good mantra for all of us. Thanks. @travelingmoms #tmom"},{"index":"225046390353571841","data":"A6 I don't feel guilty, I just don't like to be away from them when they are young, but I know they will be fine #TMOM"},{"index":"225047071143636992","data":"#TMOM I think my Boxer freaks out more than my sons when I leave. He. Will. Not. Shut. Up."},{"index":"225048001012449280","data":"Enjoyed chatting with you all! #tmom"},{"index":"225047704248651778","data":"#TMOM I think my Boxer freaks out more than my sons when I leave. He. Will. Not. Shut. Up."},{"index":"225048602895073282","data":"If you have teens, please follow me @collegevisit , too, where I tweet about colleges, visits, admissions, & more! #tmom"},{"index":"225050200291553281","data":"If you have teens, please follow me @collegevisit , too, where I tweet about colleges, visits, admissions, & more! #tmom"},{"index":"225051346955538432","data":"If you have teens, please follow me @collegevisit , too, where I tweet about colleges, visits, admissions, & more! #tmom"},{"index":"225049663751983104","data":"Power to the Traveling People: http://travelingmom.com/blogs/992-power-to-the-traveling-people.html#.UATIeOI4OIg.twitter … I forgot this tip last weekend & regret it! Adding power strip to my travel list. #TMOM"},{"index":"225049003488845824","data":"Awesome RT @zkellyq: Here's a list of free WiFi in airports: http://www.wififreespot.com/airport.html  #tmom"},{"index":"225190633265037312","data":"Join our fans! Like-minded travel lovers unite on TravelingMom FaceBook page http://bit.ly/9n8LT5 . #TMOM #traveltuesday"},{"index":"225235953906745344","data":"Working #TravelingMom, @teresashaw shares her best packing tips for solo travel: http://bit.ly/MsCUyc  #TMOM"},{"index":"225687832793083905","data":"Join me tonight on #CampusChat: Pros and cons of living on/off campus! The best and worst of both worlds! Join us at 9PM ET!"},{"index":"225724536497242112","data":"Awesome! RT @nancyberk: I'm at the #NSTweetup w/ @WeekendInParis @thedailybasics @12MeterCharters Love Newport & my BFTweeps"},{"index":"225931220276621312","data":"#CampusChat makes me happy."},{"index":"227845421542809600","data":"Seeking to interview any college students who have participated in a code-a-thon. Please let me know if you know of anyone."},{"index":"227515011323543552","data":"“@travelingmoms: There are rules & regs to flying w/ a pet in cabin - get the scoop from Memories #TMOM, @heartblog! http://bit.ly/LHZ7Hg ”"},{"index":"225931517505974272","data":"Honored to be chosen to speak at @TEDxMacUni #sydney #with great speaker line-up http://bit.ly/P6maIG  #tedxmacuni via @iggypintado"},{"index":"226093084428079104","data":"@zkellyq @JJustinB @GailatSCV  Modern will have less wait (and I think it's the best of the 3!). That work, and 7 still good for Sun eve?"},{"index":"227882341505323008","data":"Seeking info from colleges who have hosted code-a-thons. Please contact me. Thanks!"},{"index":"227940930857074689","data":"Seeking an html to #pdf converter. Anyone have any recommendations?"},{"index":"228117093827112960","data":"Find out where folks are coming from to move to Blacksburg RT @bburglodging: American Migration-Forbes http://fb.me/11CjcZPrg  via @stuartmease"},{"index":"228118005685551105","data":"@zkellyq @JJustinB @GailatSCV  Modern will have less wait (and I think it's the best of the 3!). That work, and 7 still good for Sun eve?"},{"index":"228667617471246336","data":"Given time/ppl constraints, rec using tweet schedulers & alert notifications to keep active & informed. #emchat"},{"index":"228666831911669761","data":"Hi, Kelly Queijo here/been following chat 2nite. May be of interest: Secret Lives of Teenagers (Biz Insider) http://read.bi/O38rmq  #emchat"},{"index":"228613334428155904","data":"Congrats to @handshake20 on your 4yr anniversary - coming up on Sunday! Love these the #top10 facts http://ht.ly/cwUor "},{"index":"228667438332538880","data":"Hi Kelly! MT @zkellyq Hi, Kelly Queijo here/been following chat 2nite. -> Secret Lives of Teenagers http://read.bi/O38rmq  #emchat"},{"index":"228668157664038912","data":"Hi Kelly! MT @zkellyq Hi, Kelly Queijo here/been following chat 2nite. -> Secret Lives of Teenagers http://read.bi/O38rmq  #emchat"},{"index":"228671211398385664","data":"@AlexMWilliams_  Hope you have a wonderful birthday, Alex! #emchat"},{"index":"228668938433736704","data":"Hi Kelly! MT @zkellyq Hi, Kelly Queijo here/been following chat 2nite. -> Secret Lives of Teenagers http://read.bi/O38rmq  #emchat"},{"index":"229195647834800128","data":"#CampusChat inspired a blog by @zach_richards RT @collegevisit: Student Reflections: College Tours & College Decisions http://bit.ly/LYbGtv "},{"index":"230294792041549824","data":"Great advice for #startups: Start-up Therapy  http://ht.ly/cCREG  (appreciate @GailatSCV influence at SmartCollegeVisit)"},{"index":"228910022304866305","data":"Beautiful campus! RT @collegevisit: College Visit Video: Quinnipiac University http://bit.ly/OldkJR "},{"index":"230404926432505856","data":"Clearwater Cocktail: Blending Family, Work, & College Tours  http://ht.ly/cDNdR  #TMOM"},{"index":"231373212607463424","data":"Great travel tips on saving money on vacation #travel from #TMOM http://ht.ly/cIglM "},{"index":"231748797905108992","data":"Sweet! RT @debmomof3: My 6yo's dream come true - meeting Minnie Mouse! #disney #tmom   @ Camp Minnie-Mickey http://instagr.am/p/N31QNmu_mw/ "},{"index":"231749984771518465","data":"Have you been to #Clearwater Beach? Was your experience as much fun as mine? http://ht.ly/cJHe2  #TMOM"},{"index":"232465193119121408","data":"Go for the gold and join the Olympics themed #TMOM Twitter party 9 pm EDT 7/6. RSVP for prizes: http://bit.ly/M6HZqm "},{"index":"232626146422964224","data":"Code-a-thons catching on across college campuses http://usat.ly/OJ7vUR  by @zkellyq"},{"index":"232626072225714176","data":"Fun, fun! RT @pircy23: Go for the gold and join the Olympics themed #TMOM Twitter party 9 pm EDT 7/6. RSVP for prizes: http://bit.ly/M6HZqm "},{"index":"232272936239763456","data":"RT @wyndhamwomen: #FamilyTime on #Vacation?  @kimorlando has the key! http://wyndh.am/PFhQnw  #familyvacation #travel"},{"index":"232643315995131904","data":"A1 Gymnastics! Daughter was competitive gymnast for years. Still love watching the sport! Any other gym moms in #TMOM?"},{"index":"232646157598355456","data":"Agree!! RT @mommytravels: A2 Portland, Oregon its an awesome place #tmom"},{"index":"232647297043951617","data":"Now that would be fun! RT @CindyRichards: And if Chicago won the Olympics, you could all come and stay with me. #tmom"},{"index":"232650527408783360","data":"A4 London? Everything! #tmom"},{"index":"232654488513687552","data":"A5 A hat and a pack of gum! #tmom"},{"index":"232651375471910912","data":"Is anyone else watching the #Olympics while we're partying? #TMOM"},{"index":"232653507835097088","data":"A5 A hat and a pack of gum! #tmom"},{"index":"232648237067141120","data":"Q3: Have  been to Atlanta in the past & will be there again next week. Would love to visit any of the others too! #TMOM"},{"index":"232659151426289665","data":"Me too! RT @twinlins: Im all about gymnastics! Q1: WHAT SPORT IS WORTH TRAVELING TO SEE? #tmom"},{"index":"232661681979924481","data":"A5 A hat and a pack of gum! #tmom"},{"index":"232662768438890496","data":"Is anyone else watching the #Olympics while we're partying? #TMOM"},{"index":"233643575324327936","data":"Looking forward to tonight! RT @alexmwilliams_: Campus Tour Guest: Z. Kelly Queijo http://wp.me/p22c3K-c3  via #EMchat - ... Thurs at 9PM EST!"},{"index":"233720039172345856","data":"Campus Tour Guest: Z. Kelly Queijo (@zkellyq @collegevisit) TONIGHT @ 8pCST --> http://wp.me/p22c3K-c3  via #EMchat blog #highered #campuschat"},{"index":"234080885811597313","data":"#EMchat 38: Campus Tour Series: Tours and Info Sessions http://chirpstory.com/li/16581  Thanks to @zkellyq @collegevisit for being our guest! #highered"},{"index":"234080677912510464","data":"Watching my fav show on TV: #SharkTank --  #alwayslearning"},{"index":"234627656610623488","data":"RT @nancyberk: Don't sweat college admissions -a survival guide for the college-bound journey http://ow.ly/cLyf0  #college #parents"},{"index":"234626292660723712","data":"RT @nancyberk: Don't sweat college admissions -a survival guide for the college-bound journey http://ow.ly/cLyf0  #college #parents"},{"index":"236431243535867904","data":"@zkellyq Saw that you love travel. Wanted to speak with you abt a product we're building. Would be super-helpful!"},{"index":"234784137322590209","data":"Love #VA entrepreneurial culture! RT @handshake20: 10 Stats About Virginia Entrepreneurs http://bit.ly/MGEIEk "},{"index":"236600591361642496","data":"@zkellyq Saw that you love travel. Wanted to speak with you abt a product we're building. Would be super-helpful!"},{"index":"236431535371341824","data":"Hello to our new followers @zkellyq, @BuffVeeP, and @federicomacagno!  Happy Monday!"},{"index":"236600769376313345","data":"Yay! RT @handshake20: RT @CITGAPFunds: Congrats to Brian Putt, Co-founder of @lujuremedia and a #GAP50 finalist. #Hokies"},{"index":"236601048217821185","data":"Way to go, Caroline! RT @citgapfunds: Congrats to @Caroline_Pugh, COO of VirtualU, for becoming a #GAP50 finalist.  #VTech"},{"index":"236785195020320770","data":"Had fun setting up a \"Recently Published' board on @Pinterest. Nice way to create a visual portfolio. http://ht.ly/d3Owh "},{"index":"236799421675892736","data":"@zkellyq Saw that you love travel. Wanted to speak with you abt a product we're building. Would be super-helpful!"},{"index":"237694246398853120","data":"#TMOM Twitter Party 8/20, 9pm ET – we’re talking about sustainable travel. RSVP for fun & prizes: http://bit.ly/NvIrCR "},{"index":"238025798005698560","data":"Beautiful building! RT @collegevisit: Focal Points: see Wayne State University's @waynestate most photographed building http://bit.ly/PSaJJL "},{"index":"238315292298719232","data":"Moving into #VaTech dorms? Go to YToss in McComas for $8 fans & more! #blacksburg pic.twitter.com/4950fhBP"},{"index":"238315659082227713","data":"YToss has hutches too- McComas Hall #VaTech #Blacksburg pic.twitter.com/BYsZgw7k"},{"index":"240636279140777984","data":"7 Reasons to Visit Campus Before You Apply: http://ht.ly/dhQwI  (via @collegevisit) #collegevisit #collegeadmissions"},{"index":"241609008614608896","data":"RT @nancyberk: On Air now: HumorOutcasts Radio, w/ host @dtcav & funny/charming @dmartinwebster. Psychic Humor? http://ow.ly/dkmvO "},{"index":"240569385260032000","data":"Inspired by the students at #VTKWGlobal RT @collegevisit: The Real ROI of a College Education  http://tinyurl.com/9lb2mfp "},{"index":"242047795094241281","data":"Thank you so much! RT @hbcu_lifestyle: @zkellyq NP! <3 what you all are doing. #KeepUpTheGreatWork"},{"index":"242047621340987392","data":"Can you guess the top Twitter hashtags from the past 12 months? How many of these did you tweet? http://ht.ly/doW0x "},{"index":"242047919216267264","data":"@zkellyq Hi Kelly! Apologies for the delay in responding! I blame it on startup-blues! Have sent you an email with more details. Thanks!"},{"index":"242430220932636673","data":"Curation really works for me.  It is changing the way I manage everything & the way I approach business even. #blogchat"},{"index":"242430905111695361","data":"Curation really works for me.  It is changing the way I manage everything & the way I approach business even. #blogchat"},{"index":"242431760179290114","data":"Pintrest...I still don't see marketing applications. I do have a board that's a tribute to the C64 though.  #blogchat"},{"index":"242433683263483907","data":"How about using audio tools?  Who is building using these network?  Say @spreaker or @Audioboo? #blogchat"},{"index":"242434064286613505","data":"Good tip! RT @zkellyq: Using Reddit & liking it but also use the other 2. RT @profkrg: What about Stumble and Tumblr? Users? #blogchat"},{"index":"242435624861315072","data":"What tools do you think build best SEO? #blogchat  Twitter, Facebook? Google Places? Reddit? Wondering what y'all like & use"},{"index":"242433092869033984","data":"Using Reddit & liking it but also use the other 2. RT @profkrg: What about Stumble and Tumblr? Users? #blogchat"},{"index":"242434888433823744","data":"What tools do you think build best SEO? #blogchat  Twitter, Facebook? Google Places? Reddit? Wondering what y'all like & use"},{"index":"242435852838531072","data":"Agree! RT @BruceSallan: Tweet Chats are a much more economical way for many brands to really reach AND connect with consumers!  #blogchat"},{"index":"242438841263349760","data":"Using Reddit & liking it but also use the other 2. RT @profkrg: What about Stumble and Tumblr? Users? #blogchat"},{"index":"242439848089239552","data":"Using Reddit & liking it but also use the other 2. RT @profkrg: What about Stumble and Tumblr? Users? #blogchat"},{"index":"242441078123425792","data":"What tools do you think build best SEO? #blogchat  Twitter, Facebook? Google Places? Reddit? Wondering what y'all like & use"},{"index":"242443244951187456","data":"@JacquelineAra18 - there are LOTS of studies popping up showing that a college degree isn't WORTH IT anymore! #blogchat"},{"index":"242440269478363136","data":"@JacquelineAra18 - there are LOTS of studies popping up showing that a college degree isn't WORTH IT anymore! #blogchat"},{"index":"242443853414690816","data":"What is your number one site referrer?  #BlogChat"},{"index":"242442404622397440","data":"@JacquelineAra18 - there are LOTS of studies popping up showing that a college degree isn't WORTH IT anymore! #blogchat"},{"index":"242444294588334080","data":"@MackCollier Enjoyed #blogchat tonight. It's been a while - nice to be back!"},{"index":"242444766204284929","data":"@MackCollier Enjoyed #blogchat tonight. It's been a while - nice to be back!"},{"index":"242444603830185984","data":"What is your number one site referrer?  #BlogChat"},{"index":"242571412806705152","data":"Save money with a one-tank trip! Join the #TMOM Twitter party 9pm EDT 9/3. RSVP: http://bit.ly/MWUppN "},{"index":"242755116963344384","data":"Save money with a one-tank trip! Join the #TMOM Twitter party 9pm EDT 9/3. RSVP: http://bit.ly/MWUppN "},{"index":"242851841761738752","data":"Thanks for the great advice for HS teens! RT @askjohnabout: Happy to be writing for @collegevisit. Who are your people? http://ht.ly/drbTp "},{"index":"243670294508748800","data":"Great tips! Please share w/high schools RT @collegevisit: Advice on writing the best #college application essay http://ht.ly/dvktI "},{"index":"243771733176360960","data":"At #VaCIT waiting for @Lujure big announcement! #entrepreneurs"},{"index":"242925054483116032","data":"Love this! RT @weekendinparis: It's \"Take Your Flight Attendant Out To Dinner in Paris\" Day http://bit.ly/NIKBPj   #oldpost #Paris"},{"index":"243776018677125120","data":"Hey, hey, @heyo !!"},{"index":"243819222612979712","data":"Congratulations @ZKellyQ: Kelly Quiejo, Pres & Founder of @collegevisit: Smart College Visit, Inc, for joining the rank of #GAP50 finalists"},{"index":"244638908405649409","data":"More fun than packing! RT @jhiscock: Pre-travel rituals: Filling iPod with podcasts and new songs.I'm getting my head ready for travel now.."},{"index":"244439926786121728","data":"University of Tampa: Florida Vacation and Campus Visit http://bit.ly/OghHUS "},{"index":"244637588529500160","data":"More fun than packing! RT @jhiscock: Pre-travel rituals: Filling iPod with podcasts and new songs.I'm getting my head ready for travel now.."},{"index":"244970855015268352","data":"It's important to know who you are writing for. Try visualizing your ideal reader, give him/her a name. Makes it easier to write. #blogchat"},{"index":"244971066685005824","data":"Every small biz should create a blogger relations list of bloggers who can help them (and visa-versa) #blogchat"},{"index":"244972597283000320","data":"Yes, personas. RT @zkellyq: Its important to know who you are writing for. Try visualizing your ideal reader, give him/her a name. #blogchat"},{"index":"244973363519422464","data":"This is by a professional journalist & English prof on writing tight. Tips are great for bloggers, too! http://ht.ly/dA7J1  #blogchat"},{"index":"244972777432547328","data":"Good tip. RT @zkellyq: Its important to know who you are writing for. Try visualizing your ideal reader, give him/her a name. #blogchat"},{"index":"244980247265697792","data":"Spend more time building your email list than your Facebook fans or Twitter followers.  #blogchat"},{"index":"244980345362055168","data":"Vertical Response is my choice. RT @zkellyq: @davedelaney What tool do you like for keeping email lists/contacts?  #blogchat"},{"index":"244980520314867712","data":"Spend more time building your email list than your Facebook fans or Twitter followers.  #blogchat"},{"index":"244980828071936000","data":"Thanks for chat! @rwardlow7 @nightlitemedia @davedelaney @zkellyq @MackCollier @MsMin @erinmharris @juliegozali @autoblogwizard #blogchat"},{"index":"244977768775942144","data":"Spend more time building your email list than your Facebook fans or Twitter followers.  #blogchat"},{"index":"245129404110483456","data":"Some Mondays are so much better than others. Hope you're having a good one!"},{"index":"244984099972976640","data":"Thanks for chat! @rwardlow7 @nightlitemedia @davedelaney @zkellyq @MackCollier @MsMin @erinmharris @juliegozali @autoblogwizard #blogchat"},{"index":"245009973510287360","data":"Fine Tuning Your Social Media Strategy w/ #CampusChat guest @JasonFalls Wed 9PM ET, hosted by @collegevisit. Join us! #highered"},{"index":"245327495732289536","data":"A1 To make everyone jealous they're not with me, of course!  #tmom"},{"index":"245331597170200576","data":"Yes, yes. I use destination FB pages for research. Q&A as valuable via discussions as pre-programmed info. @travelingmoms #TMOM"},{"index":"245339240752365568","data":"I totally agree. RT @mimitravelz: A6 - rarely tag unless I know person is OK with that. Otherwise, kind of intrusive. #TMOM"},{"index":"245341182941605888","data":"Next winner of a copy of Facebook All-in-One for Dummies by @chilihead is... @zkellyq! Congrats! Pls dm address to claim. #TMOM"},{"index":"245333899083907072","data":"Agree! RT @CiaoMom: @travelingmoms I love 2 share postiive aspects by tagging. Things that were not great I would rather send an email #tmom"},{"index":"245334168668606465","data":"A4: Have never done that. That's what your review/travel article is for. Sometimes they post my articles on FB their page. #TMOM"},{"index":"245341869440126976","data":"Great chat! RT @kimorlando: Thanks to @chilihead for sharing her Facebook knowledge and for writing a tek book I want to read! #tmom"},{"index":"245342659412103168","data":"Great chat! RT @kimorlando: Thanks to @chilihead for sharing her Facebook knowledge and for writing a tek book I want to read! #tmom"},{"index":"245342764311650304","data":"Great chat! RT @kimorlando: Thanks to @chilihead for sharing her Facebook knowledge and for writing a tek book I want to read! #tmom"},{"index":"245344698590457857","data":"Hope you all can join me via @collegevisit: Fine Tuning Your Social Media Strategy w/ #CampusChat guest @JasonFalls Wed 9PM ET  #tmom"},{"index":"245343262292992000","data":"Great chat! RT @kimorlando: Thanks to @chilihead for sharing her Facebook knowledge and for writing a tek book I want to read! #tmom"},{"index":"245454947758514176","data":"Fine Tuning Your Social Media Strategy with Jason Falls http://bit.ly/RBvKJt "},{"index":"245343666619691011","data":"Congrats to @zkellyq & @mimitravelz! They both won a copy of Facebook All-in-One for Dummies. Thank you for joining us! #TMOM"},{"index":"245633309454000128","data":"@Handshake20  @aciwebs Thought you'd like this: Ranking The Top Social Media Outlets, Fantasy Football Style http://ht.ly/dDEwi "},{"index":"245509314633154561","data":"David Brooks writes about Why Men Fail. http://nyti.ms/TNnSUv  @thelawlorgroup is doing research about males & #highered.  Topic at #SumSem13"},{"index":"245507111805673473","data":"David Brooks writes about Why Men Fail. http://nyti.ms/TNnSUv  @thelawlorgroup is doing research about males & #highered.  Topic at #SumSem13"},{"index":"245514866700451842","data":"David Brooks writes about Why Men Fail. http://nyti.ms/TNnSUv  @thelawlorgroup is doing research about males & #highered.  Topic at #SumSem13"},{"index":"247689487721840641","data":"Looking forward to being on #TMOM panel tonight 9pm: Parents Day at College http://ht.ly/dLwgA "},{"index":"247825814790500352","data":"Good luck! You will be great! RT @zkellyq: Looking forward to being on #TMOM panel tonight 9pm: Parents Day at College http://ht.ly/dLwgA "},{"index":"246068101827940353","data":"Thank you all for having me on #CampusChat. Appreciate the invite @collegevisit! You Rock, @zkellyq #CampusChat"},{"index":"247688802389331968","data":"Congrats, Eric! RT @citgapfunds: Congrats to the newest #GAP50 finalist: Eric Collins, President of @SansSeriph Design http://ow.ly/dzm0h "},{"index":"245813897699942400","data":"@zkellyq Follow me back!"},{"index":"248140624321183744","data":"@collegevisit Hi Kelly-- Hope you can join #collegechat tonight. Discussing \"Is #LawSchool worth the cost.\""},{"index":"250693461597122560","data":"Join me tomorrow night at 9:00PM EST. I'm hosting a chat for @collegevisit! Talking  organization for college students. #campuschat"},{"index":"252748423890087936","data":"Learn how to tell your story via @GSBrownABC http://ht.ly/e7ivh  at the Family Travel Conf #FTCDallas w/ @travelingmoms #tmom"},{"index":"251440521116012544","data":"For Students, By Students: First Round Capital Announces Dorm Room Fund in Philly http://pandodaily.com/2012/09/24/for-students-by-students-first-round-capital-announces-dorm-room-fund-in-philly/ … via @pandodaily"},{"index":"252941737973129216","data":"On college visits, always ask the students where to get the best whatever (burger, pizza, veggies, etc.) #tmom"},{"index":"252918838725836800","data":"Get insider tips for traveling like a local on the Oct. 1 #TMOM Twitter party with #RIThrival. RSVP for prizes: http://bit.ly/NPh5IU "},{"index":"252831828782764034","data":"@GSBrownABC Looking forward to meeting you at the Family Travel Con in Nov! #FTCDallas #TMOM"},{"index":"253279501411303424","data":"Have u registered 4 Family Travel Conference in Dallas? Focus=video. Speakers @wendyperrin @GSBrownABC + #FTCDallas http://bit.ly/OvW96O "},{"index":"252943280134815744","data":"A3 Ask for restaurant recs on Twitter of course.  #tmom"},{"index":"253477244306063360","data":"Only at the Family Travel Conf: How to Use Social Media to Grow Your Brand w/Conde Nast @wendyperrin Nov 9-11 http://ht.ly/e7jlS "},{"index":"253176945339142144","data":"@zkellyq Hi! We had conversed before. Wd love to take it forward & have a chat if you'd be interested (more on: http://mygo.la/PFia3I )"},{"index":"253520782557343744","data":"@zkellyq Congratulations to you on the GAP 50 award finalists!  Way to go!"},{"index":"253593063174320129","data":"Kudos to entrepreneur @zkellyq founder of @collegevisit! #GAP50 Finalist AND selected for #DCDI2012!"},{"index":"253822724189855745","data":"Join me at the Family #Travel Conf: How to Use Social Media to Grow Your Brand w/Conde Nast @wendyperrin Nov 9-11 http://ht.ly/ediKR "},{"index":"253831130502029312","data":"Have u registered 4 Family Travel Conference? Focus is on video! Speakers @wendyperrin @GSBrownABC + #FTCDallas http://bit.ly/OvW96O "},{"index":"255019123329888256","data":"Here's just 1 of the cool travel peeps you'll meet at #FTCDallas @newmediatravel, Travel editor for @technoriti http://ht.ly/ehKk1 "},{"index":"254203903653068800","data":"Join us: Family Travel Conf Nov 9-11 in Dallas w/@ChristiMcNeill @GSBrownABC @KimOrlando @newmediatravel & many more! #FTCDallas #TMOM"},{"index":"253859038008311808","data":"Click here http://ht.ly/e7jtj  for the complete list of #FTCDallas workshops -Family Travel Conference Nov 9-11 #TMOM"},{"index":"255109035517415424","data":"Only at the Family Travel Conf: How to Use Social Media to Grow Your Brand w/Conde Nast @wendyperrin Nov 9-11 http://ht.ly/e7jow "},{"index":"255002762616655872","data":"Family Travel Conference is coming up! Nov 9-12 Get hands on experience in video production!  #FTCDallas #TMOM http://ht.ly/ehHBO "},{"index":"255474422012600320","data":"Agree! RT @DebMomOf3: RT @chickadeeprints: Q1: offer to chaperone, its puts both of your fears to rest.  #tmom"},{"index":"255429292123648001","data":"Get schooled on educational travel on the #TMOM Twitter party 10/8. RSVP: http://bit.ly/Sl3sE5 "},{"index":"255474890772209664","data":"A1 Don't fear the school bus. They have high visibility on the road.  #tmom"},{"index":"255475189024972800","data":"If you can, offer to pay for a kid who may not get to go.  #tmom"},{"index":"255481005899657216","data":"Have them make a field trip passport book they can update after each trip #tmom"},{"index":"255476313756954624","data":"Oops, zoo trip was not overnight - thankfully! #tmom"},{"index":"255476059082997760","data":"A2 Chaperoned 2nd grade zoo trip. Kind of like herding cats! #tmom"},{"index":"255763654014824448","data":"Family. Travel. Conference. Fun. Join me Nov 9-12 #Dallas http://ht.ly/elwkA  # @FamTravConf #FTCDallas #travel #TMOM"},{"index":"255797323429470209","data":"Family travel video workshop  Nov 9-12 #Dallas http://ht.ly/elwwc  # @FamTravConf #FTCDallas #travel #TMOM"},{"index":"255813732796620800","data":"Share w/your fav mom blogger: Family Travel Conference video workshop, Nov 9-12 in Dallas! #FTCDallas #TMOM http://bit.ly/R4doQj "},{"index":"255481616086990848","data":"That's SO cute! @zkellyq: Have them make a field trip passport book they can update after each trip #tmom #TMOM"},{"index":"255826567144562688","data":"Starting to gather gear for the Family Travel Conf #FTCDallas http://ht.ly/elQ1y "},{"index":"255827441606590464","data":"Can't wait to meet you! RT @zkellyq: Starting to gather gear for the Family Travel Conf #FTCDallas http://ht.ly/elQ1y "},{"index":"256033302371250176","data":"What I hope to learn about #video at the Family Travel Conf #FTCDallas http://ht.ly/elQ4o "},{"index":"256389291649925120","data":"Innovation in America is alive and well at #DCDI2012. Amazing ideas and pitches! #entrepreneurs"},{"index":"256439823089422336","data":"@heyo Go Nathan! pic.twitter.com/vnQg3VUK"},{"index":"256410226968899585","data":"\"speed to market is critical\" - #DCDI2012"},{"index":"257469494656651265","data":"Just set up a stream in @HootSuite to follow all of the awesome #FTCDallas speakers I will meet in Nov! http://ht.ly/esxyW  #TMOM"},{"index":"256585929542750208","data":"Can't wait to learn #video tips  at the Family Travel Conf #FTCDallas http://ht.ly/elQ4o "},{"index":"257987120659050497","data":"@TravelingMom, @TakingtheKids, @FamilyTravelForum\n& @TMShowcase present #FTCDallas - November 9-11, 2012"},{"index":"257471823246159872","data":"Can't wait to meet you! RT @zkellyq: Starting to gather gear for the Family Travel Conf #FTCDallas http://ht.ly/elQ1y "},{"index":"257985290545790977","data":"Encountering lots of nice aliens and free stuff at @NY_Comic_Con #NYComiccon #comiccon pic.twitter.com/Vcdy52uc"},{"index":"257986169747406848","data":"Can you help me out? What Twitter apps do you use on desktop & for your smartphone?"},{"index":"257471502147002368","data":"Go @zkellyq of @collegevisit! #DCDI2012"},{"index":"257999308979335169","data":"Ciao #TMOM @ElenaSonnino shares how relaxing travel during her chemo made things better http://bit.ly/QjrwBh  via @TravelingMoms"},{"index":"259252305734537216","data":"Ditto! RT @chaotic_barb: I *might* be shopping for a new pair of cowboy boots for when I @visit_dallas #FTCDallas"},{"index":"258590508782325760","data":"Ditto! RT @chaotic_barb: I *might* be shopping for a new pair of cowboy boots for when I @visit_dallas #FTCDallas"},{"index":"260564128740040704","data":"Thanks @nancyberk for another great #podcast! RT @collegevisit: College Mom Minute: Insurance Policies http://bit.ly/RYBlZL "},{"index":"261911136197300224","data":"Now this is totally awesome! RT @judy511: Traveling Mom Named Top Travel Blog @kimorlando @CindyRichards http://bit.ly/PDfKqH "},{"index":"261911323032567808","data":"Wow! RT @tmshowcase: 13 days until Family Travel Conference in Dallas produced by Travel Media Showcase.  http://bit.ly/OvW96O  #FTCDallas"},{"index":"262907565158055936","data":"Hurricane Sandy Alert Tracking resource list & tips #travel & #college #application updates http://ht.ly/eQoca  via @CollegeVisit"},{"index":"257987459768528896","data":"Can't wait! RT @TMShowcase: 24 days til Family Travel Conference Dallas produced by Travel Media Showcase.  http://bit.ly/OvW96O  #FTCDallas"},{"index":"263052205903470592","data":"Good luck to all the #TMOM s in the northeast tonight! #travelingmom"},{"index":"263677672536809472","data":"Congrats on the new vid! RT @thetechpad: Our new site is live! Check out our sweet promo video. http://fb.me/22yBWT6o5 "},{"index":"263678054155579392","data":"Come to TechPad in a costume and get a free tour. Come without a costume you'll still get a free tour but we won't be as excited about it!"},{"index":"265406423037526016","data":"Countdown to Family Travel Conference http://bit.ly/TF6Rwm "},{"index":"265608306989608961","data":"Tonight: Share your holiday traditions on the #TMOM Twitter party 9pm EDT 11/5. RSVP for prizes: http://bit.ly/sonyholiday "},{"index":"265447216297164802","data":"Share your holiday traditions on the #TMOM Twitter party 9pm EDT 11/5. RSVP for prizes: http://bit.ly/sonyholiday "},{"index":"265471234937065472","data":"Holiday travel: Where, What, Why, and How. Join the convo at the @travelingmoms FB page. http://ht.ly/eY3h7  #TMOM"},{"index":"266606630920134656","data":"Hungry right now in #blacksburg? Ceratano's is yummy! Italian buffet! Best pizza ever!"},{"index":"265434658458726400","data":"Countdown to Family Travel Conference http://bit.ly/TF6Rwm  #FTCDallas"},{"index":"266566272337195008","data":"Happy Thursday! Feels like a Friday to me -- traveling to #FTCDallas tomorrow! #TMOM"},{"index":"266880777399181312","data":"So excited to see both of you! MT @dianarowe: Woo-hoo me 2! RT @zkellyq: Happy Thursday! Feels like Friday-traveling to #FTCDallas tomorrow!"},{"index":"266649175423328256","data":"Happy Thursday! Feels like a Friday to me -- traveling to #FTCDallas tomorrow! #TMOM"},{"index":"266940382141612032","data":"All my flights to #Dallas for #FTCDallas smooth and w/early arrival! TY #USAIRWAYS"},{"index":"267003344428601344","data":"#FTCDallas Beautiful welcome from #OmniDallas @FamTRavConf, more details to come!"},{"index":"266999639067209728","data":"#FTCDallas is about to begin! Pluggin in and loggin on!"},{"index":"267003842149879809","data":"Every guest-room has tv in bathroom mirror, now that's a wow! #FTCDallas"},{"index":"267005816853377024","data":"\"Create a bond of trust\" most important In all uses of social media via @WendyPerrin #FTCDallas"},{"index":"267010414687158272","data":"Authentic content is a must via @Takingthekids & @KristaParry #FTCDallas"},{"index":"267012062457249792","data":"Health focus/food allergies need to be addressed more in travel blogging #FTCDallas"},{"index":"267009377897152512","data":"Write about what you wish you'd known before the trip - that's what your audience wants via @KristaParry #FTCDallas"},{"index":"267011130721964032","data":"Be passionate about helping others #blogging @KristaParry #FTCDallas #snowmamas"},{"index":"267012628612784128","data":"Multi-gen travel info needed. \"We're all more active\" via @dianarowe #FTCDallas"},{"index":"267013433004789760","data":"Homeschooling and travel go together #FTCDallas"},{"index":"267023786455465985","data":"Just one of the events during #ftcdallas #Dallas http://www.medievaltimes.com/dallas.aspx "},{"index":"267015179269722112","data":"\"So many different types of traveling kids. Let's keep them in mind too.\" #FTCDallas"},{"index":"267266275674308610","data":"Good morning #FTCDallas !"},{"index":"267285896276103169","data":"Workshop starting: What's the story: Captivate Your Audience @gsbrownABC @NewMediaTravel @travelwithval @PaulEisenberg #FTCDallas"},{"index":"267287971936489472","data":"Always ask \"What's the takeaway.\" via @gsbrownABC #FTCDallas"},{"index":"267043261036769280","data":"Thank you #omnidallas #ftcdallas !!! pic.twitter.com/1Cgo3xTP"},{"index":"267093070254850049","data":"Delicious evening at @dallaszoo #FTCDallas pic.twitter.com/HXKfnCKv"},{"index":"267288163490357248","data":"\" Not every story needs a video\" #FTCDallas"},{"index":"267288843995213824","data":"Pitching a TV segment? Be prepared to produce it. #FTCDallas"},{"index":"267290793591582720","data":"Always thing about 4 or 5 videos on any shoot. #FTCDallas via @gsbrownABC"},{"index":"267293361155756033","data":"Kaleel Sakakeeny shares his know how about creating video content. #ftcdallas pic.twitter.com/xm99bfsQ"},{"index":"267291714228740096","data":"Mobile booking apps can save bucks on hotel rooms! @gsbrownABC #FTCDallas"},{"index":"267293685706809344","data":"\"The video post card lets the content be king.\" @NewMediaTravel #FTCDallas"},{"index":"267295031453417472","data":"Your video is about the experience #FTCDallas @NewMediaTravel"},{"index":"267295835442798593","data":"You need stills in video via @NewMediaTravel #FTCDallas"},{"index":"267294115782352897","data":"Draw me into the essence of \"chef-ness @NewMediaTravel #FTCDallas"},{"index":"267297867738251265","data":"Keep your ears open for \"nat-sound\" via @travelwithval #FTCDallas"},{"index":"267296627251892224","data":"Now up @travelwithval #ftcdallas pic.twitter.com/8BPC04h5"},{"index":"267298488621080576","data":"Different approaches to creating video @gsbrownABC @NewMediaTravel @travelwithval #FTCDallas What can you do?"},{"index":"267342914814881794","data":"Happiness and lunch with #Disney #FTCDisney pic.twitter.com/1vFNQmlu"},{"index":"267297366065950720","data":"Val and her video camera - that's @travelwithval #FTCDallas \"think like a reporter\""},{"index":"267649762298322946","data":"Make goals measurable, specific, and relevant via @ChiliHead #FTCDallas"},{"index":"267458655656493056","data":"Road trip to #GalleriaDallasHoliday. 1st Xmas tree for me this yr: largest indoor Xmas tree! #FTCDallas"},{"index":"267649440083476480","data":"Good morning #FTCDallas! Kicking off today with @ChiliHead & great tips for using Facebook. 1. Start with goals"},{"index":"267650424427921409","data":"You #FB cover photo is YOUR BRAND! @ChiliHead #FTCDallas"},{"index":"267652013012160512","data":"Make it easy to complete the call to action #FTCDallas"},{"index":"267653239728660481","data":"Invitation to share great form of engagement but follow up, pay attention per @ChiliHead #FTCDallas"},{"index":"267652830557511681","data":"Experiment w/ text and images/track what works via @ChiliHead #FTCDallas"},{"index":"267436795657080832","data":"Road trip to #GalleriaDallasHoliday. 1st Xmas tree for me this yr: largest indoor Xmas tree! #FTCDallas"},{"index":"267654253164756992","data":"Note to self: look at interest lists to organize what I want to keep with #FTCDallas #Facebook"},{"index":"267655582863998978","data":"@chilihead Thanks for all the great #FB & #Pinterest tips! #FTCDallas"},{"index":"267651595397918721","data":"#FB engagement do you solve, educate or entertain? #FTCDallas"},{"index":"267655832798363651","data":"Welcome @SouthwestAir to #FTCDallas !!"},{"index":"267657363387994112","data":"For @SouthwestAir short messages and photos rule! #FTCDallas"},{"index":"267655289950597121","data":"Who would of thought? #Pinterest for resumes! #FTCDallas"},{"index":"267658837761347584","data":"Good idea: test social media channel personally first. If it works, try w/your brand. @SouthwestAir #FTCDallas"},{"index":"267660535468806145","data":"Follow an editorial calendar, but be flexible! Great tip from @SouthwestAir (@gailAtSCV loves this!) #FTCDallas"},{"index":"267654784541130752","data":"Pinterest can be used as a bookmarking site for your audience per @ChiliHead #FTCDallas"},{"index":"267664911650406400","data":"I use it to collect interesting social media articles/best practices RT @zkellyq: Who would of thought? #Pinterest for resumes! #FTCDallas"},{"index":"267721006561497088","data":"You #FB cover photo is YOUR BRAND! @ChiliHead #FTCDallas"},{"index":"267659486133633024","data":"Pinning when really Relevant and dynamic--nice, not everything needs to be posted #FTCDallas"},{"index":"267722600493490179","data":"Spectacular Chihuly glass sculpture at @DallasArboretum pic.twitter.com/og6WqQol"},{"index":"267986670933135361","data":"Moms wear many hats. In Dallas, I got to wear 3. #ftcdallas #visitdallas pic.twitter.com/Bzq0IrEZ"},{"index":"268907061721575425","data":"November 19 Twitter Party: Thankful Travel: What are you thankful for? Traveling and seeing new places most like... http://bit.ly/X4yqmr "},{"index":"270501432803864577","data":"#ThankfulFor All the fabulous parents I met at #FTCDallas, #travel, #TMOM and my family."},{"index":"267664483344863232","data":"You #FB cover photo is YOUR BRAND! @ChiliHead #FTCDallas"},{"index":"270572920210870272","data":"TY!  RT @handshake20: Internet co founded in #Blacksburg make the list http://bit.ly/TLiIa5   @skillcapped @collegevisit @VirtualUFashion"},{"index":"272764072636841984","data":"I'm reading, 'The KISS Method to Digital Marketing Success' by @NetBase @JasonFalls. Get a free copy: http://bit.ly/PuJeSv "},{"index":"273221179131703296","data":"\"we can give you guidance and guardrails\" @dharrisindc @Startup_VA"},{"index":"271424644500824064","data":"Good article! RT @jogebauer: Burn Your Corporate Blog And Get Published http://bit.ly/QIQqLo  via @JasonFalls"},{"index":"273760060268748801","data":"@zkellyq is sharing the story of @collegevisit Love having them in the pad! @Startup_VA #startupvatour"},{"index":"273782868738727939","data":"Rekindling Romance: Even Entrepreneurs need to Getaway http://bit.ly/UZayvx "},{"index":"273787997881782272","data":"You know you live in a small town when you get teary about a fav postal worker retiring: http://ht.ly/fDWF4  lady of letters #Blacksburg"},{"index":"274283643348848640","data":"Mary Miller introduces @markwarner at #vacrowdfunding event @techpad pic.twitter.com/r4NgmcIr"},{"index":"273972105392029696","data":"Ever feel this way: Even Entrepreneurs need to Getaway http://bit.ly/UZayvx  #TMOM"},{"index":"274292139918258176","data":"You should not have to leave your hometown to create a world class business via @markwarner #vacrowdfunding #BVA"},{"index":"274287241965223936","data":"You should not have to leave your hometown to create a world class business via @markwarner #vacrowdfunding #BVA"},{"index":"274533952335773698","data":"'twas the Night Before SATs  http://bit.ly/TwEeOH "},{"index":"274682570770370560","data":"Did u see @HopeSprings? Share yr fave rekindling romance tips on #TMOM Twitter 12/3 9pm ET #TMOMHope. RSVP http://bit.ly/hopespring "},{"index":"274991407326982146","data":"10 questions to ask on a college visit http://ht.ly/fK7bC  -- my new post for @USATODAYcollege. Who's visiting colleges this weekend?"},{"index":"275410352005586944","data":"Did u see @HopeSprings? Share yr fave rekindling romance tips on #TMOM Twitter 12/3 9pm ET #TMOMHope. RSVP http://bit.ly/hopespring "},{"index":"275630531218132993","data":"Read: @FamilyTravel4um “Bring Romance Back and Light My Fire” http://bit.ly/V7atUK  & then sign up for the #TMOM Twitter party tonight!"},{"index":"275253327246266370","data":"Join #TMOM Twitter to talk romantic #travel on 12/3 9pm ET #TMOMHope. RSVP for prizes http://bit.ly/hopespring "},{"index":"274285344411766786","data":"80% of all new jobs in past 20 years  have come from startups @markwarner #vacrowdfunding #BVA #blacksburg"},{"index":"275762387838177281","data":"Truth! RT @twinlins: Cool prizes! Join @travelingmoms to talk romantic travel 9pm ET tonight! http://ow.ly/fJtlw  #TMOM #TMOMHope"},{"index":"275637507230679041","data":"Have you ever felt like Meryl Streep in the move \"Hope Springs\" ? Then join #TMOM at 9PM ET ! http://ht.ly/fMklw "},{"index":"275782108188917760","data":"Woohoo!  RT @ConnieFoggles: @MaryHeston @FamilyTravel4um @RachelFerrucci @zkellyq  #TMOM #TMOMHope #tmom"},{"index":"275783135441076224","data":"Q1: I remember he proposed at Heart Lake (does that count?)  #TMOM #TMOMHope"},{"index":"275782582409494528","data":"Q1: I remember he proposed at Heart Lake (does that count?)  #TMOM #TMOMHope"},{"index":"275782785095045120","data":"Q1:  Now this is sad: I can't remember where!  #TMOM #HOPESPRINGS"},{"index":"275783483031445505","data":"So true! RT @kimorlando: Movies like @HopeSprings bring all the memories flooding back! #TMOM #TMOMHope #tmom"},{"index":"275784925440012288","data":"I could use a trip like that right now! RT @ConnieFoggles: A2. Going away alone and leaving all the stress behind. Ahh! #tmom"},{"index":"275785366236188672","data":"Q2: Travel is magic - makes day to day distractions disappear! #TMOM #HOPESPRINGS"},{"index":"275787382987563008","data":"@zkellyq shares that even entrepreneurs need a getaway to rekindle romance: http://bit.ly/UZayvy  #TMOM #TMOMHOPE"},{"index":"275786402237665280","data":"Lucky!  he's a keeper! RT@CarissRogers The hubs once surprised me for Xmas w trip to HAWAII! #TMOM :)"},{"index":"275787136710619136","data":"Lucky!  he's a keeper! RT@CarissRogers The hubs once surprised me for Xmas w trip to HAWAII! #TMOM :)"},{"index":"275787955707183104","data":"Q3: Here's hoping!  #TMOM #HOPESPRINGS"},{"index":"275788574652256257","data":"A3 low end motels r oftn in small towns, we've had gr8 times when riding motorcycles, overnighting at random low end motels #TMOM #TMOMHope"},{"index":"275790073646182400","data":"@ramblingstump one of these days I will find an awesome Yurt  #TMOM #TMOMHope"},{"index":"275788012686823424","data":"@ramblingstump one of these days I will find an awesome Yurt  #TMOM #TMOMHope"},{"index":"275791167709380608","data":"@ramblingstump one of these days I will find an awesome Yurt  #TMOM #TMOMHope"},{"index":"275791358080475136","data":"@ramblingstump one of these days I will find an awesome Yurt  #TMOM #TMOMHope"},{"index":"275795183940038657","data":"LOL! RT @CarmelLeeMooney: @ConnieFoggles Renew by sea phone? #tmomhope #tmom"},{"index":"275795377200955392","data":"Q6: A mountain resort would be lovely!  #TMOM #HOPESPRINGS"},{"index":"275797009842188288","data":"Great fun tonight, y'all! #TMOMHOPE #tmom"},{"index":"276299207751651328","data":"Happy Wednesday, everyone! Make it an awesome day!"},{"index":"275792851147825152","data":"Q5: Least fav gift: jumper cables. #TMOM #HOPESPRINGS"},{"index":"276312554471555072","data":"Ooo! Another cool #CollegeMomMinute parenting tip from @NancyBerk http://bit.ly/11St4JF "},{"index":"276684155444670464","data":"Off to a great morning with #BVA Startup Blacksburg @TechPad"},{"index":"276309917940461569","data":"Milk and Cookies at the Magnolia http://ht.ly/fQd7o  #visitdallas #FTCDallas #TMOM"},{"index":"276693712426389504","data":"Sign 'em up for @Startup_VA! RT “@jefmit: Startups first thing in the morning! #BVA @TheTechPad” #startupVAtour"},{"index":"277815785118912514","data":"The funnest (that's a word, right?), fastest hour you'll spend online http://ht.ly/fWNOx  Join #TMOM Twitter party Mon night! RSVP/Prizes!"},{"index":"278153984303321091","data":"Big thanks to @conniefoggles for sharing her parent / college visit tip on SmartCollegeVisit today: http://ht.ly/fYbIx  via @collegevisit"},{"index":"275783237903720448","data":"Sweet! RT @ConnieFoggles: @DebMomOf3 Thats a sign of real love - you dont remember and it doesnt matter! #tmom"},{"index":"280794099097927681","data":"Teachers: The First Heroes We Know via Smart College Visit #education http://tinyurl.com/cbazzxu  via @collegevisit"},{"index":"279611165083049986","data":"A few reasons why I fell in love w/ Dallas: Growing & Learning @dallasarboretum http://bit.ly/QYw1Go  @visit_dallas #TMOM #FTCDallas"},{"index":"282163136553967617","data":"@Delta Just got a txt msg from you re: E-boarding pass for someone I don't know. Perhaps a typo by the user re: ph #?  Can we DM?"},{"index":"282165541026811904","data":"@Delta Just got a txt msg from you re: E-boarding pass for someone I don't know. Perhaps a typo by the user re: ph #?  Can we DM?"},{"index":"282168260319920129","data":"@Delta Just got a txt msg from you re: E-boarding pass for someone I don't know. Perhaps a typo by the user re: ph #?  Can we DM?"},{"index":"282172645854814209","data":"@Delta Just got a txt msg from you re: E-boarding pass for someone I don't know. Perhaps a typo by the user re: ph #?  Can we DM?"},{"index":"282911127225114624","data":"@nancyberk So jealous! Great view from @MBhotelCT !!"},{"index":"282175493854334977","data":"@zkellyq Okay, that's an odd one. I can uncheck the person in & report this to IT. I suggest that you delete that text. *WG"},{"index":"282480132516638721","data":"Anybody else working on site updates instead of shopping? :)"},{"index":"283203817208696833","data":"Still searching for the perfect gift? Try this: Crowdfunding Shopping Guide for the Gift-Challenged via @handshake20 http://bit.ly/V14v9t "},{"index":"283204356852035584","data":"Anybody else working on site updates instead of shopping? :)"},{"index":"283228339873914880","data":"4all my #startup friends @RBTC @TechPad @StartupVA Need last-minute, ubercool gift? Shop on #crowdfunding sites http://bit.ly/V14v9t "},{"index":"283204470815469569","data":"Anybody else working on site updates instead of shopping? :)"},{"index":"283220973719801857","data":"#Crowdfunding sites - a great place to find the #thenextbigthing for Xmas! http://bit.ly/V14v9t "},{"index":"283221125490696192","data":"Need a last-minute, latest, greatest gift? @zkellyq recommends shopping on #crowdfunding sites http://bit.ly/V14v9t  Thanks @handshake20"},{"index":"283230024876818432","data":"Back home in Boston enjoying a relaxing time with my mom. We're getting full body massages this afternoon!"},{"index":"283970768604381184","data":"Great holiday! Hope yours was too!  @nancyberk: @dtcav @MaryLouQuinlan @WeekendInParis @zkellyq @KimJohnsonGross @AmieHoffFitness"},{"index":"285763243807485952","data":"I always new my focus on medieval lit in #college would be useful! Fun times at @MedievalTimes http://ht.ly/grSxU  #TMOM #FTCDallas"},{"index":"284493698664910848","data":"Holiday or not, it's never off season for gift-giving. @zkellyq & @handshake20 on the 'crowdfunding shopping guide' -- http://bit.ly/TwYXay "},{"index":"284701155290906624","data":"What fun! RT @everywhereamy: The Toy and Action Figure Museum is an EPIC road trip stop http://familytravel.everything-everywhere.com/2012/12/the-toy-and-action-figure-museum/ … #tmom @actionfigmuseum"},{"index":"286534549024931840","data":"CampusChat 2013 Begins Tonight at 9PM ET http://bit.ly/Vj58eJ "},{"index":"286837679226753024","data":"Weekend In Paris is going places this year - and luxury all the way this time. Here are my first stops: http://www.theweekendinparis.com/weekend-in-paris-is-going-places/ … #travel #in"},{"index":"286804460712382464","data":"Weekend In Paris is going places this year - and luxury all the way this time. Here are my first stops: http://www.theweekendinparis.com/weekend-in-paris-is-going-places/ … #travel #in"},{"index":"287885879383576576","data":"Startup Metrics and Data http://tech.co/startup-metrics-data-2012-12 … via @techcocktail"},{"index":"288102909269393408","data":"Top 10 questions to ask about Study Abroad while on your #collegevisit  http://ht.ly/gyWZc "},{"index":"289848463271800832","data":"Listen up! @NancyBerk is almost at the 3000 followers mark. Who can get her there?"},{"index":"289334397415591936","data":"Area jobs lists on our #TrailingSpouse site http://www.trailing-spouse.com/  #Blacksburg #Christiansburg #Radford #NRV"},{"index":"290035406727163904","data":"How Do You Begin Your College Search? http://bit.ly/VVVxKI "},{"index":"290428006416146433","data":"All you ever need to know about SAT and ACT - Download Free! http://bit.ly/WRcvZg "},{"index":"291258190899851264","data":"Why We Are Asking You to Contribute to Cognichoice's Crowdfunding Campaign:  http://bit.ly/SCCrgt  via @handshake20"},{"index":"291362822632402944","data":"@aneeshchopra RT @handshake20: Our #crowdfunding campaign4 #mhealth app @cognichoice is live on @healthtechhatch! http://bit.ly/SDGBEF  #BVA"},{"index":"291261909645279232","data":"Got #flushot? College Mom Minute @nancyberk calls for \"Medical Reinforcements\" for your college kid http://ht.ly/gMWsN "},{"index":"291593998190133249","data":"The A-B-Cs of Applying to College - SCV Workshop http://bit.ly/UQw0lg "},{"index":"291741674374311936","data":"I'm attending Montgomery County Regional Tourism Strategic Planning Session 2 http://conta.cc/UkvNvU  #constantcontact"},{"index":"291259792075419648","data":"Wow. Have tears in my eyes. First $1000 already in?!  Unbelievable."},{"index":"292121988397420544","data":"Congrats! RT @elenasonnino: Excited to announce & be a part of the launch of the #HiltonMomVoyage site! http://ow.ly/gUEie  #TMOM"},{"index":"294414689251758080","data":"Great to meet @zkellyq - college travel pro behind @collegevisit  - today. Thanks for making the time, Kelly!"},{"index":"292290515460825088","data":"Nancy & her celebs - Gr8t stuff! RT @nancyberk: My Whine At 9 audio podcast is free on iTunes. #Celebrity Conversations http://ow.ly/gVB7m "},{"index":"294493649461444608","data":"Cool swag from tourism mtg Montgomery County #VA Yay!! pic.twitter.com/7Ly5qao3"},{"index":"294465861148876801","data":"Just learned #MCVA has 3 wineries!"},{"index":"294437618341527552","data":"Excited to learn about #tourism for Montgomery County #VA w/ @MCVALisa"},{"index":"294795462735699968","data":"Fab! RT @nancyberk: Loved this wk's episode of @WhineAt9 w/ the brilliant @chriscerf http://ow.ly/h6XoJ  #SesameStreet #NationalLampoon"},{"index":"294798984931856384","data":"Want to make changes in your life? There's an app for that in development: http://ht.ly/h7I62  #behavioralhealth app by @cognichoice"},{"index":"294806256714149888","data":"Now this is a great place to chill after visiting colleges in #Dallas: Omni Dallas: High Tech, High Touch http://ht.ly/h7KQI "},{"index":"296350205559848960","data":"The Bike Barn Wall in downtown #Blacksburg!! pic.twitter.com/lliZXI2P"},{"index":"294795668579561473","data":"We had fun with this! RT @collegevisit: New SCV Video: Going On  College Tours  http://bit.ly/10S4smD "},{"index":"296715753212764162","data":"The Bike Barn Wall in downtown #Blacksburg!! pic.twitter.com/lliZXI2P"},{"index":"296941028211040256","data":"How many building are on VT's campus? I bet Gail and Kelly know the answer. Read the SmartCollegeVisit story on... http://fb.me/2CMByaGdJ "},{"index":"296941855709483010","data":"@loisgeller Lois, I've been watching your @YouTube videos and loving them!  #branding"},{"index":"297356462051713025","data":"Wise words from @NancyBerk for the #Harbaugh parents before the #superbowl game begins http://ht.ly/hkzjN "},{"index":"298273713231626241","data":"This year the game is better than the commercials! #sb49"},{"index":"298618255726235648","data":"Q3 I've always loved packing for & heading to the beach or lake or camping. #Roadtrip #TMOM"},{"index":"298613245026119682","data":"Q1 Creature comforts: Snacks, water, pillows & blankets #ROADTRIP #TMOM"},{"index":"298615779488825345","data":"Q2 Craziest thing-not in a good way-was someone driving in the wrong direction on the highway! #roadtrip #TMOM"},{"index":"298620776872046593","data":"Q4 Doesn't matter. Passenger becomes navigator, climate control mgr, and car DJ. Driving is easier! #Roadtrip #TMOM"},{"index":"298623406507700224","data":"Q5 Daily use. Sometimes better (& exciting) to rent a car for #roadtrips. #TMOM"},{"index":"298625796459855872","data":"Q6 #Roadtrip playlist what ever daughter has mixed or the usual: #Beatles, Steely Dan, Yes #TMOM"},{"index":"298624976095940608","data":"Good idea RT @zkellyq: Q5 Daily use. Sometimes better (& exciting) to rent a car for #roadtrips #TMOM"},{"index":"298622795494064128","data":"That's what hubby sez. #hedrives MT @zkellyq: Q4 Passenger becomes navigator, climate control mgr, and car DJ. Driving is easier! #TMOM"},{"index":"298622407281889280","data":"Kid Mgr 2! RT @zkellyq: Q4 Doesn't matter. Passenger becomes navigator, climate control mgr, and car DJ. Driving is easier! #Roadtrip #TMOM"},{"index":"299326694727229440","data":"Happiness is a Mobile App or Two http://bit.ly/11N6EMN "},{"index":"299349402013794304","data":"Love this! RT @suzanneshaffer: Q7 Have heard some parents text a \"word of the day\" and use it in a sentence. #campuschat"},{"index":"299525585460416512","data":"Mobile apps make me happy. Making them via @collegevisit makes me happy, too. http://ht.ly/hvqA5 "},{"index":"300647824746504192","data":"Great Google Search tip!! RT @collegevisit: Love Tip #10 from Scholarship Mom @AidScholarship on how to \"Search Smart\"  http://ht.ly/hxgeN "},{"index":"302102578416717825","data":"Booking travel to visit college #TravelTip: Book flight & hotel together to save $$ http://bit.ly/XEtUZN   #campustour"},{"index":"301383835696906241","data":"Looking a job in #Blacksburg or #Roanoke? Check out http://Trailing-Spouse.com  for a list of job links: http://ht.ly/hEpVZ "},{"index":"305340144486084608","data":"Listening to @nancyberk 's interview with @DevonAllman. Touching, insightful...can't wait to listen to his music! http://ht.ly/hYYsW "},{"index":"306449284314832896","data":"Is a mobile app part of your #college #recruitment strategy next FY? It should be. Here's why: http://www.scvmobile.me/ "},{"index":"307289340445331457","data":"You were right! RT @nancyberk: @zkellyq You'll love #TurquoiseAlbum by @devonallman Great musician and writer!"},{"index":"307473171320274944","data":"Everybody needs a little @prezi on a Friday! Here's one from @GailatSCV Golf & Campus Visits: Of Course http://ht.ly/ial5H "},{"index":"309317337557909504","data":"Adding a round of golf to your college visit? RT @collegevisit: Golf & Campus Visits: Of Course  http://ht.ly/iajXr  #collegegolf"},{"index":"309317241827119104","data":"Is your college kid ready for #SpringBreak? Are you? Listen to @nancyberk /College Mom Minute #collegeparent tips http://ht.ly/iohhN "},{"index":"309359053895778305","data":"New bangs. Haircut was long overdue. #doubleselfie #beforeandafter http://instagr.am/p/Wc8IztjZVd/ "},{"index":"307841752423870465","data":"Finally a show to fill my #DowntonAbbey void! Find out more abt Sunday's @RedWidowABC on @WhineAt9 http://ow.ly/i9AmE  #RedWidow"},{"index":"310210664511717376","data":"Enjoyed talking tourism, #NRV, #Blacksburg #MontCo and more with @MCVLisa this morning!"},{"index":"310706611423428610","data":"Does your dorm room look like this? Time for a switcheroo! http://bit.ly/ZbyDkA "},{"index":"311487411546902528","data":"Car Tech. Traveling back from #nyc & Pace U @CollegeVisit #tmom pic.twitter.com/fZTLaFOgOm"},{"index":"309647164987019266","data":"Scholarship Mom Tip #14: Always Ask a Business http://bit.ly/Xsn36E "},{"index":"311966367446364160","data":"To all my #collegebound #tmom friends: New survey: What Do You Want in a Hotel on your #CollegeVisit? http://bit.ly/13SXfUL "},{"index":"311838409096314880","data":"What Do You Want in a Hotel on your College Visit? http://bit.ly/13SXfUL "},{"index":"314792218894430210","data":"How to get the word out from @AidScholarship RT @collegevisit: Scholarship Mom Tip #16: Tell Everyone http://bit.ly/14eOYeh "},{"index":"315517792587759617","data":"Watching #livestream of #CrowdTilt founders in #Blacksburg http://ht.ly/jlRbt  \"Become numb to failure and move as fast as you can\""},{"index":"313836968066813952","data":"Wow, @Moveline in The Washington Post @washingtonpost today! http://m.washingtonpost.com/business/techbit-moveline-takes-some-of-the-stress-out-of-moving/2013/03/16/e8d9aedc-8c23-11e2-b63f-f53fb9f2fcb4_story.html …"},{"index":"317417899339939840","data":"I use the front ashtray for parking meter $, but that little ashtray in the backseat is totally useless. #tmom"},{"index":"317420282665115648","data":"A computer workstation would be nice on the road #tmom pic.twitter.com/VPJahppx1T"},{"index":"315577266933473280","data":"#crowdtilt founders: \"startup love at first sight\" @thetechpad"},{"index":"317419718954872832","data":"Q3: WHICH CAR FEATURE DO YOU FIND TOTALLY USELESS? WHY? #NYAutoShowBags #TMOM"},{"index":"317420818315489283","data":"Q3: WHICH CAR FEATURE DO YOU FIND TOTALLY USELESS? WHY? #NYAutoShowBags #TMOM"},{"index":"317421399021088768","data":"Auto ashtray = Tollbooth piggy bank! #tmom"},{"index":"318749343010140160","data":"Booking It to The Library Hotel in #NYC http://ht.ly/jD7gK  #hotelreview #TMOM"},{"index":"319465794159403008","data":"As founder of @collegevisit, I'm looking forward to being part of @radfordu women's leadership panel next week! http://ht.ly/jHP8s "},{"index":"317421901851021312","data":"Q3: WHICH CAR FEATURE DO YOU FIND TOTALLY USELESS? WHY? #NYAutoShowBags #TMOM"},{"index":"319962576769384448","data":"Clear skies in #pa Heading to #blacksburg   #va and to snow!"},{"index":"319604921378930690","data":"My fav #gmailtip RT @aidscholarship: Gmail Undo Send – Saving You from Your Mistakes http://goo.gl/bIyzV  via @wonderoftech"},{"index":"319978794070986752","data":"only 206 miles to go! #longestdayever"},{"index":"319847779172229122","data":"Scholarship Mom Tip #18 Deadlines Change!!  http://www.smartcollegevisit.com/2013/04/scholarship-mom-tip-18.html …"},{"index":"319977260390154240","data":"only 206 miles to go! #longestdayever"},{"index":"319985618283266049","data":"only 206 miles to go! #longestdayever"},{"index":"320009079412097024","data":"She's just outside the top 50 (must be top 50 to go) and you can read her entry and vote here >> http://bit.ly/14RTijN  #Blacksburg"},{"index":"321794052649545728","data":"Listening to a podcast on my TV. Which one? @Whineat9 by @nancyberk !!"},{"index":"320194290015940609","data":"She's just outside the top 50 (must be top 50 to go) and you can read her entry and vote here >> http://bit.ly/14RTijN  #Blacksburg"},{"index":"324843577215700992","data":"Scholarship Mom Tip #20: Share Your Story http://bit.ly/15omOxO "},{"index":"320195313220608000","data":"Aww, @jasonpinter should have been on  #CampusChat Wed night! RT @collegeologist: Hysterical but see what I mean? \nhttp://www.huffingtonpost.com/mobileweb/jason-pinter/why-i-a-straight-guy-shou_b_2999275.html?icid=hp_college_featured_art …"},{"index":"324879689283932161","data":"Mom: My First Mentor http://bit.ly/YxhAbP "},{"index":"327249223240269824","data":"Excited when son said he would like to read \"The Iliad.\" I told him I had a copy. He replied:\"No, I mean if it was required for a class.\""},{"index":"329550933161824257","data":"When I need inspiration, I go to @TedTalks. Even better when I know the speaker: http://ht.ly/kBadr  Inspired today by @hesonwheels"},{"index":"329587986712899584","data":"Smart College Visit Nominated for Rising Star http://bit.ly/12ZEk8Z "},{"index":"329747514314092545","data":"Can't wait for #CampusChat tonight!! 9PM ET -- only 1 hour to go!"},{"index":"329587196585705474","data":"Excited to share: Co-founder of @Cognichoice Will Be Guest on mHealth Zone Live by @Happtique #mHealthZone Th 5/2 http://bit.ly/Ziyz1G "},{"index":"329552048565669889","data":"@zkellyq  Hey Kelly.  Walt mentioned that I contact you. -Jenz"},{"index":"329564636355637248","data":"Smart College Visit Nominated for Rising Star http://bit.ly/12ZEk8Z "},{"index":"332586880585580544","data":"Getting some #hootlove at #HootUpRoa !!"},{"index":"332541161174626305","data":"HootUpROA today! RT @dhatfield: So proud to have you! RT @collegevisit: Looking forward to being part of #HootUpRoa! http://ht.ly/kBuQQ "},{"index":"332590799177015297","data":"Apps for #collegevisits http://ht.ly/kSBoB "},{"index":"332893595805827072","data":"The count is now up to having met 4 ppl named \"Brandon\" in the past 24 hours. Lovely name, lovely people, too!"},{"index":"332611797314048000","data":"Let the #HootUpRoa begin with @dhatfield pic.twitter.com/HsxCOnOQUi"},{"index":"332601836576063491","data":"Hootin' it up at #hootuproa with @dhatfield and @brandonpierce pic.twitter.com/34JHagb8Y9"},{"index":"332897359031840769","data":"Tonight's #HootUpROA panel was such a great lineup. @zkellyq @SPEAKAdvertisin @BrandonJCarroll @dhatfield"},{"index":"332893949956071424","data":"Love the advice Danielle shared! RT @collegevisit: Social media advice for teens! Video interview w/ @dhatfield #HootUpRoa"},{"index":"334117991778242560","data":"Q3Voice activated radio station tuner that works would be nice #tmom"},{"index":"333912344822415360","data":"Interview with @dhatfield at #HootUpROA RT @collegevisit: Teen Tip Social Media 101: What Goes Online Stays Online http://bit.ly/11xYN7i "},{"index":"335009397069725697","data":"Another great Scholarship Mom Tip- #24: Note Dollars and Dates (pls RT!) http://bit.ly/10ZwXJx "},{"index":"335730039247237120","data":"Love that I can ask another #tmom about a place I am going and one of them will have been there!"},{"index":"335434224465227776","data":"Congrats! RT @thetechcouncil: Congrats to @MiserWare for the Rising Star Award! Glad to have you on board in the #RBTC ! #TechNite"},{"index":"336658996540874753","data":"@kimorlando Red Cross has hurricane tracking app that's very useful if travel where hurricanes can be an issue. http://bit.ly/10IWhnf  #TMOM"},{"index":"339186739841204224","data":"Have not decided, but getting some great ideas from you all! #tmom"},{"index":"338269551659720704","data":"Breakfast this morning to talk about @collegevisit with @zkellyq and others. #winning"},{"index":"334832468559540224","data":"Is your #college bound kid able to pick their own roommate? Their best friend might not be the best option http://bit.ly/11FQMNC "},{"index":"339188353767440384","data":"A2 A little of both! Some planning/ some winging (more winging).  #tmom"},{"index":"339190536651038721","data":"Agree! RT @runitbymom: @travelingmoms Q3 going in the middle of the week.. steer clear of weekend  #tmom"},{"index":"339188497149747202","data":"A2 Kids are older and can help plan. Not as many \"unexpecteds\" like when they were little #TMOM"},{"index":"339197676757340160","data":"Agree! RT @runitbymom: #tmom q6 we eat out less and save the money for vacay #tmom"},{"index":"339195200612233216","data":"@lovethatmouse @EastCoastMary @alittlebiteof @beaniewienies2 Thanks for your thoughts on our family's RV decision :-) #tmom"},{"index":"339197917879468033","data":"Had a friend once who had a swear jar - anyone who said a bad word had to put money in the jar. They were saving for Disney.  #tmom"},{"index":"339199083979874304","data":"Great idea! RT @TinaSeitzinger: @kimorlando A6: I have a vacation acct that I put money into throughout the year. Really helps!  #tmom"},{"index":"340210855641755648","data":"Talking startups with @aneeshchopra in #Blacksburg pic.twitter.com/kLkdn6XRnH"},{"index":"339716998240014336","data":"I can almost feel tension resonating from #Blacksburg after this decision about the new high school's name: http://www.roanoke.com/news/nrv/1966640-12/montgomery-co-supervisors-vote-to-consider-name-change.html …"},{"index":"339196184889524224","data":"@lovethatmouse @EastCoastMary @alittlebiteof @beaniewienies2 Thanks for your thoughts on our family's RV decision :-) #tmom"},{"index":"340221741622255617","data":"Jobs talk now w/ education. \"Education is our seed corn...pays dividends in the future\" @aneeshchopra"},{"index":"340387894080454656","data":"I can almost feel tension resonating from #Blacksburg after this decision about the new high school's name: http://www.roanoke.com/news/nrv/1966640-12/montgomery-co-supervisors-vote-to-consider-name-change.html …"},{"index":"340211719206998017","data":"Angel Investor tax credit kicks in on #VA in July! Via @aneeshchopra"},{"index":"340220679242805248","data":"Suggestion from attendee re: needs in #VA \"Leave women's rights alone; create more jobs\" @aneeshchopra"},{"index":"341664107931508737","data":"Off-line fun! RT @handshake20: Throquet: The World's First New Lawn Game http://bit.ly/1aVmfd8 "},{"index":"341705464150626305","data":"9PM ET !! RT @cindyrichards: Where will you #roadtrip this summer? Share on #tmom tonite. Starts in 90 min!"},{"index":"341919086357409792","data":"Parents of Freshmen -> RT @collegevisit: College Travel: Make Hotel Reservations Now  http://bit.ly/18LeYNK "},{"index":"341693229642686464","data":"RT @blacksburgpship: Want free public wifi and gigabit (read: lightning fast) Internet  in #Blacksburg?   http://ow.ly/lxuKv "},{"index":"344263217050177538","data":"A3 Not assigned exactly, but I prefer to pack the car #tmom"},{"index":"344261239037386752","data":"Q2: WHAT IS UR IDEA OF A PERFECT VACAY? UR SPOUSE’S? WHO WINS? #TMOM"},{"index":"344262539770728448","data":"good idea! If I had only known..RT @zkellyq: This \"What is your ideal vacay?\" question seems like it should be asked while dating! #TMOM"},{"index":"344262885775642624","data":"@CindyRichards, Smoky Mountains have a lot to do. Dollywood,, AWESOME FUN! My grandkids ride 10 hrs to 12, we stop 1/2 way #TMOM"},{"index":"344264249557807104","data":"Our son just moved out, so there are no plans to travel, a quiet home is a vacation! lol @TravelingMoms #TMOM"},{"index":"346797619986718720","data":"Bacon? A 1st for hotel recs?! RT @haroldbanks2: @sheratonhotels  @travelingmoms I love your bacon!  #SheratonClub & #TMOM @sheratonhotels"},{"index":"344412764204322816","data":"A morning without rain? A bright start in #Blacksburg today!"},{"index":"346800301086478336","data":"Agree! RT @delovely_m0mma2: @travelingmoms Q3 - Once in a lifetime experiences! #TMOM #SHERATONCLUB #ad"},{"index":"344261990820245504","data":"This \"What is your ideal vacay?\" question seems like it should be asked while dating! #factfindingmission #tmom"},{"index":"346804241706414080","data":"A4 power outlets by the bed at nightstand level for charging phones at night. #musthave #tmom #sheratonclub"},{"index":"346803203494535168","data":"A4 A very quiet AC - heating/cooling system. Can't stand loud fans in a hotel room #tmom"},{"index":"346805612648222721","data":"Club level access - really. Did last summer RT @travelingmoms: Q5: WHAT UPGRADES ARE U WILLING TO PAY FOR ON VACAY? #TMOM #SheratonClub #ad"},{"index":"346804392613257216","data":"A4 A very quiet AC - heating/cooling system. Can't stand loud fans in a hotel room #tmom"},{"index":"346808361897037824","data":"Yep! RT @kimorlando: A6 I have never regretted a spa treatment. Like pizza - even bad ones are pretty good! #SheratonClub #ad #TMOM"},{"index":"346809869011132417","data":"Gr8t! RT @travelingmoms:Thx to our panelists! @kimorlando @DebMomOf3 @CindyRichards @ramblingstump @techmama @maryheston #TMOM #SheratonClub"},{"index":"346807588274438145","data":"Also, prefer: instant email confirmations after booking a room + reminders/welcome message day of travel. #tmom #sheratonclub"},{"index":"346810169566568449","data":"Great #traveltips on #TMOM tonight! #sheratonclub"},{"index":"346920406462115842","data":"Tech: The growth vitamin women entrepreneurs need http://www.techpageone.com/business/tech-the-growth-vitamin-that-women-entrepreneurs-need/#.UcAmZKp5okp.twitter …"},{"index":"347388504587784192","data":"How to make the most of your #mobobrain http://ht.ly/mbJd8  via @goingmobo"},{"index":"348869789147623424","data":"Sun is shining, slight breeze, cats sleep while hummingbirds flit back and forth. Hope your day=Beautiful too."},{"index":"347421112235356160","data":"Now this is a great #traveltip! RT @robynsworld: @kimorlando @techmama Always upgrade yourself on vacation - you're worth it!"},{"index":"350243229540691968","data":"Scholarship Mom Tip #30: Don't forget the Resume http://bit.ly/19xtXyH "},{"index":"350316759984775169","data":"Excite to be at #LinedInLive #Blacksburg !!"},{"index":"350321620323282945","data":"Awesome @modea in top area companies followed on #li #LinedInLive !"},{"index":"350318071765942273","data":"LinkedIn earliest adaptor Alec Siegel in #Blacksburg #LinedInLive"},{"index":"350328316890345472","data":"#linkedinlive #blacksburg awesome panel! pic.twitter.com/TQTKBGTujC"},{"index":"350321193682878465","data":"The #RBTC #LI company page rocks! #LinedInLive"},{"index":"346810353193201664","data":"@TeresaShaw Congrats!! #tmom #sheratonclub"},{"index":"350339596690800642","data":"Are you in the #nrv #blacksburg? You should follow @YesMontgomeryVA for all the good news about our region"},{"index":"350328589876609024","data":"No endorsements I #LI? You may get overlooked by investors #linkedinlive"},{"index":"352057662889922560","data":"Drove by last night - yep, lookin' good! RT @dtblacksburg: College Avenue is almost finished- it's looking GREAT!"},{"index":"352780989187112960","data":"Happy Independence Day, Everyone!"},{"index":"352782682561855491","data":"Itinerary just arrived for the Blue Ridge Counselors' Tour in 2 weeks - can't wait! #campusvisit"},{"index":"352086974468866048","data":"Lunch specials, too! RT @bburglodging: To see what's going on in the #NRV, check out the #nextthreedays calendar on..."},{"index":"352809705883697154","data":"Itinerary just arrived for the Blue Ridge Counselors' Tour in 2 weeks - can't wait! #campusvisit"},{"index":"353115083376836609","data":"Scholarship Mom Tip #31: Requirements ARE the reviewers' checklist http://bit.ly/1cYmxRm "},{"index":"353227974042062849","data":"Hopping on the #VZWBuzz chat today! Join me and RSVP here: http://bit.ly/qvlEV0 "},{"index":"353229030289444864","data":"Agree. RT @jamal_tknox: @RobynsWorld setting up all email accounts #vzwbuzz"},{"index":"353231244999393281","data":"A3 Not a class, but have wathed Youtube videos on #howto....#VZWBuzz"},{"index":"353230862072033280","data":"1st timers:  #musthave these goodies: screen protector, portable charger, car charger & case (if tablet) #VZWBuzz"},{"index":"353231362699952129","data":"Good to know! RT @robynsworld: TIP: Verizon Wireless offers FREE Wireless Workshops in store & online. http://vz.to/16chl8K  #VZWBuzz"},{"index":"353235071915917312","data":"A #mustread RT @thetechdad: How to find a lost smartphone http://tinyurl.com/mrhghdw  #VZWBuzz"},{"index":"353232909966131200","data":"BOOKMARK THIS: 10 Unique Uses for Your Smartphone\nhttp://bit.ly/RwU3VG  #VZWBuzz"},{"index":"353235654446030849","data":"A5 Yes! Mobile office: iPad + bluetooth keyboard + car charger and a pillow for balance. :) #VZWBuzz"},{"index":"353240608845991936","data":"Great tips on #VZWBuzz. I've favorited a bunch of tweets today!"},{"index":"353239589701431296","data":"Luckily my smartphone survived the 4th of July at the beach yesterday. Sand, sun, & water did not prevail #VZWBuzz"},{"index":"350687750166552578","data":"Your Travel Bill of Rights: The Video http://bit.ly/19IlhlN "},{"index":"353241504426364931","data":"I use dropbox. RT @love2lovemykids: Q8: @RobynsWorld Is there an easy way to transfer video from a smartphone to my computer? #VZWBuzz"},{"index":"353237725060669441","data":"Love the @hootsuite app! #VZWBuzz"},{"index":"353239358259724288","data":"If you're a Verizon customer, Verizon Cloud is a great option for online backup and storage #VZWBuzz"},{"index":"353241166495490049","data":"Q8 Do you have any other questions on how to use your device for this holiday weekend? #VZWBuzz"},{"index":"353257811377000448","data":"Awesome phone - one of the very best! RT @RobynsWorld: CONGRATULATIONS! @mommy3sons You won a Samsung Galaxy Note II Smartphone #VZWBuzz"},{"index":"355035561339273216","data":"RT @debrawellis: Tip: Contests draw people in. Use them to grow your subscriber list. http://mcmagic.biz/17n5WZt  #SuperchargeEmail"},{"index":"353241846140510208","data":"Enjoyed it! TY #VerizonWireless! RT @robynsworld: FIRST LET'S THANK our sponsor, Verizon Wireless, for the great prizes as always! #VZWBuzz"},{"index":"355809251911938048","data":"I will be happy when we can move out of the backward state of NC. And this was once then gem of the south. So sad."},{"index":"354941678295056384","data":"So excited about our new state series on colleges! RT @collegevisit: State Snapshot: Visit Alabama's Colleges & Universities..."},{"index":"359488114890252289","data":"A1: What draws me to #VisitCA? Sun, surf, sun, fun, sun, wine. Need I go on? #tmom"},{"index":"359981674144079873","data":"Headed to Dallas to pick up Jilly for #Blogher13. (@ William P @HobbyAirport (HOU) w/ 12 others) http://4sq.com/13b5aZ1 "},{"index":"355758703435198466","data":"Good info for @thetechcouncil members & @thetechpad RT @jeanpetersray: Top Seed Venture Capital Investors http://www.cbinsights.com/blog/trends/top-seed-venture-capital-investors … via..."},{"index":"360021250338332674","data":"@dhatfield Good morning, Danielle! Saw these at a store. Reminded me of meeting you at #hootuproa! http://ht.ly/ngYwo "},{"index":"360025967336501248","data":"Thanks for including me in @SallieMae's #howamericapays @zkellyq - check it out! http://ow.ly/nfnCZ  #CollegeCash"},{"index":"360396763024203776","data":"@dhatfield Good morning, Danielle! Saw these at a store. Reminded me of meeting you at #hootuproa! http://ht.ly/ngYwo "},{"index":"360388426052288515","data":"@dhatfield Good morning, Danielle! Saw these at a store. Reminded me of meeting you at #hootuproa! http://ht.ly/ngYwo "},{"index":"362559176242765824","data":"Happy to tell this story! RT @handshake20: Blacksburg Startup UIU Link @UIULink Off to a Great Start http://bit.ly/19wKl1V "},{"index":"362029227622678529","data":"Awesome! RT @nancyberk: Tomorrow it's all about #tonight. As in @jayleno"},{"index":"367435636724482048","data":"I really like #OrangeIsTheNewBlack but I sure hope @OITNB does not come out with cooking show spinoff."},{"index":"362904813412950017","data":"For those of you that missed it: Blacksburg Startup UIU Link Off to a Great Start http://ow.ly/nuQPH  Thanks @zkellyq"},{"index":"366898966337568768","data":"It's true. I  #hashtags RT @handshake20: Awesome post by @zkellyq on Facebook and hashtags: I Heart Hashtags http://bit.ly/11OkAVU "},{"index":"369435122153443328","data":"Do You Know Your #CreditScore? http://ht.ly/o3eWd  #goodtoknow"},{"index":"369446297444417537","data":"Meeting a need - #1 reason to start a business. #Mompreneur @MomStillCares gets it.  http://ht.ly/o3gcG "},{"index":"364448473607065600","data":"#Facebooktip RT @rjfrasca: Facebook sizes and dimensions cheat sheet 2013 http://feedly.com/k/13AnXRo "},{"index":"370139476590604288","data":"TY! RT @handshake20: 4 Quick Tips on How to Plan a #Conference from Lindsey Eversole of @VTKW by @zkellyq http://bit.ly/1cXb0qR "},{"index":"370527429720551424","data":"The @VTKW Global Partnership Student Challenge is live-streaming now! #vtkwglobal http://ht.ly/oa1PS "},{"index":"370192136236695552","data":"Who's excited for the first ever #SharkTankWeek starting Sunday, September 8 at 8|7c?"},{"index":"370714848797396994","data":"Hi, folks! Made it to #emchat!"},{"index":"370714082544222208","data":"Hi, folks! Made it to #emchat!"},{"index":"370714699853484032","data":"Hi, folks! Made it to #emchat!"},{"index":"370189247518875648","data":"RT @maryheston: College Choices: The Economics of Where to Go, When to Go, and How to Pay for It (National Bureau of Economic......"},{"index":"377028671330344960","data":"Wow! Congrats! RT @handshake20: Thanks @TheTechCouncil! Job posted 9/1, filled 9/5! #RBTC"},{"index":"370718556067201024","data":"Q2: What factors should be included when gauging an institution’s value and is it really possible to rank on this? #EMchat"},{"index":"371297747829542912","data":"Thanks @plaidavenger for making this vid: RT @collegevisit: Why College Students Should Be On #LinkedIn http://bit.ly/1aCcDs8 "},{"index":"370722485500928000","data":"Q3: In perfect world, recruit thru FAFSA & counsel through #finaid. If the numbers don't work, move student toward CC & re-recruit. #EMchat"},{"index":"377780555032821760","data":"Looking forward to being #Toronto for #NACAC13 next week!"},{"index":"378119351884578816","data":"Happy to speak to students in #VirginiaTech Professional Writing classes today & talk about the @collegevisit blog"},{"index":"378126238034198528","data":"#Scholarship Mom @AidScholarship has a great tip for you this week: http://ht.ly/oNR0j "},{"index":"377852658943787010","data":"Who is heading to #NACAC13 in Toronto? Maybe an #EMChat tweet up at opening reception?!"},{"index":"378841711910617088","data":"How connected on #LinkedIn are you? As much as these folks? http://ht.ly/oRETJ "},{"index":"378583255379107840","data":"#Blacksburg #BrewDo Tomorrow. Yes!"},{"index":"378849102198759424","data":"Trying something new today: volunteering at @BburgBrewDo. Come see me at the Chef's tent: Cooking with Beer!"},{"index":"378849375575105536","data":"Sorry to miss this! RT @vtnews: Apollo 14 astronaut Edgar Mitchell to speak on campus Sept. 20. http://ar.gy/59Yb "},{"index":"383184688514605056","data":"How I will hire a #salesrep @collegevisit: Wow me online 1st. By phone 2nd. Then in person. http://ht.ly/pemqP "},{"index":"379584921125531648","data":"Thanks @TheTechCouncil! Job posted 9/1, filled 9/5! #RBTC"},{"index":"383185687065157632","data":"How to Write a Professional E-mail that Gets a Reply : @ProBlogger http://ht.ly/pemUx "},{"index":"385400819690254336","data":"Please share: RT @collegevisit: Wanted: Independent Sales Rep #highered  http://bit.ly/GzIIVl "},{"index":"387679823566749696","data":"Looking forward to speaking to the #NRV Writers Group tonight!"},{"index":"388347052415283200","data":"You may arrive late to international trade, but you're always on time - Paul Grossman on Going Global: From Local to International Success"},{"index":"394095814802677760","data":"Just checking out #VirginiaTech's campus on the Visit VT mobile app. Great for #gameday #gohokies !"},{"index":"390100938503241728","data":"Parents in #Blacksburg #Christiansburg #NRV Tips about #scholarships at our lunch & learn 10/29/13. Sign up here http://ht.ly/pPD15 "},{"index":"384729424975110144","data":"Nicholas Carlson @nichcarlson of Business Insider @businessinsider writing book on Marissa Mayer http://bit.ly/19fRFsT "},{"index":"394116786305912832","data":"See you there! RT @vtktorg: Game day boys and girls. Let's hope this meeting I'm in ends by noon! #Hokies #StartJumping"},{"index":"397390047240265729","data":"@zkellyq Great lunch session today about finding college scholarships, Kelly. Hope you organize a scholarship fair."},{"index":"398188471917240320","data":"Joining us on #CampusChat at 9PM ET? Share some early like w/our guest @UIULink on #FB http://ht.ly/qyTuj  -help them reach their goal!"},{"index":"398436569305997312","data":"Scholarship Mom Tip #48: Make it a Party http://bit.ly/1a9HGJx "},{"index":"398793518657048576","data":"Hubby in the 'burg with his dad who has been hospitalized with pneumonia. I'm home packing. Praying this isn't the beginning of his end."},{"index":"398885133769789440","data":"Hey, Hey... RT @nancyberk: Catch up w/ @TheMickyDolenz1 in my Showbiz Analysis column for @ParadeMagazine http://ow.ly/qBhtS  #Monkees"},{"index":"399866515702710272","data":"#SethGodin on Embracing skeptics http://ht.ly/qGScg  good #startup advice via @ThisIsSethsBlog"},{"index":"401353731788120064","data":"@MentorImpact Jeff, it was a pleasure to be on your podcast show. Thank you for inviting me!"},{"index":"400068152631230464","data":"Whew! I did not forget to register for @thetechcouncil Tech n Toast on Thursday!"},{"index":"401353511410999296","data":"My interview with Jeff Pearson on @mentorimpact is live today - check it out at http://thementorimpact.com "},{"index":"402233867550982145","data":"With @collegevisit So glad you came to #virginiatech @alexisohanian pic.twitter.com/2Rbo68POOy"},{"index":"402234415956254720","data":"Very cool Michael @koofers with @alexisohanian #wtpbook pic.twitter.com/iSYtTpoo98"},{"index":"402426247344832514","data":"Loved mass media class in college! RT @UIULink: Searching for an accredited #onlinecourse in Contemporary Mass Media? http://ow.ly/qSZzZ "},{"index":"403234287811428352","data":"VA College Application Day   at EMHS! pic.twitter.com/LfKy7kDy8A"},{"index":"402236680834658304","data":"How many times did I pace this stage? RT @zkellyq:With @collegevisit So glad you came to #virginiatech @alexisohanian pic.twitter.com/k1UDJipCbY"},{"index":"402980253335031808","data":"At this same time tomorrow, @AidScholarship will be on #CampusChat to answer Qs about aplying for #scholarships. Join us on Wed 9PM ET!"},{"index":"404405478647930880","data":"At #BHS for Growing The Future talent show! Thank you #Shelor for supporting #NRV kids & schools! #Blacksburg"},{"index":"404411824155926528","data":"The #NRV sure has a lot of talented kids! #talentshow"},{"index":"404432853502820352","data":"#goosebumps throughout the whole song \"My Girl\" Christiansburg Acapella Group!! #NRV #talentshow"},{"index":"403165920882728960","data":"Happy to represent @collegevisit at #VACollegeAppWeek! pic.twitter.com/hABl6WwgjS"},{"index":"405396877891604480","data":"Which town is your fav? RT @collegevisit: The Top 20 College Towns via Smart College Visit #education #CollegeVisits http://tinyurl.com/p45zdxj "},{"index":"410778232028663808","data":"@JohnLusher @dhatfield @Hootsuite Does the world need another tweet scheduler? We're working on 1 at @collegevisit. We felt the need!"},{"index":"410568004221825025","data":"@JohnLusher @dhatfield @Hootsuite Does the world need another tweet scheduler? We're working on 1 at @collegevisit. We felt the need!"},{"index":"410946997710229504","data":"Just want to give #shoutout to @United #CustomerCare desk in Terminal A @IAD Dulles today. Your help was A+ both times I stopped by! TY!"},{"index":"413129239056379904","data":"I am not afraid of tomorrow, for I have seen yesterday and I love today. -William Allen White"},{"index":"411667831668097024","data":"@JohnLusher @dhatfield @Hootsuite Does the world need another tweet scheduler? We're working on 1 at @collegevisit. We felt the need!"},{"index":"414380170792157184","data":"TY! RT @handshake20: Smart College Visit @collegevisit Wins Outstanding Technology Business Award from @MontgChamber http://bit.ly/1jkWj4f "},{"index":"417843828897611776","data":"Enjoyed meeting the nice folks at the Library Hotel in NYC http://ow.ly/i/4ahVc  http://ht.ly/sab2z  #TMOM"},{"index":"413135851632095232","data":"Heads up #startups!  http://blog.startupprofessionals.com/2013/12/8-key-questions-to-expect-in-investor.html?m=1 …"},{"index":"410222510148706304","data":"We're tweaking our new site. Would love to know if Focal Points Gallery displays w/links in your browser http://ht.ly/rBUjp   Like it?"}]