[{"index":"122652954661625856","data":"@nselby How'd it go the other day - Well, I assume?"},{"index":"1370457289","data":"My very first tweet... Hello world!"},{"index":"126102815096582144","data":"this is #gweek  http://tinyurl.com/5wghta2 "},{"index":"117687367711727616","data":"Surprise! My friend DNA: Tim is most like me. My friends are 17% single and 48% girls. Find yours: http://shoutflow.com/dna/5dd03df3e2c00a7df0531720da10b1e9 … via @shoutflow"},{"index":"12725571297484801","data":"@TeamCoco  Bad news: Conanchat is already a thing: http://www.conanchat.com/"},{"index":"1377370308","data":"Job seeking - still"},{"index":"1380324902","data":"uneventful day. yawn"},{"index":"1374847981","data":"Hi Michael!"},{"index":"1370481529","data":"Uploaded my picture..."},{"index":"1374848992","data":"Drowsing... and listening to NPR"},{"index":"1388324126","data":"Wow! Got a \"half-night's worth of sleep\" last night - things improve..."},{"index":"1443065197","data":"Wow! Twitter is a great way to have others' religions foisted upon you... ick. I guess all you have to do is click \"block\""},{"index":"1454375602","data":"@bw1 there is a twitter thingy for the Dell outlet - actually, many. Just FYI."},{"index":"1441086868","data":"@nselby Same to you nick! Still feeling my way around twitter..."},{"index":"146448918325112832","data":"@ConanOBrien Are you guys twins...? http://bit.ly/sID1U3 "},{"index":"146751328402673664","data":"@TeamCoco Separated at birth? http://bit.ly/sID1U3  #tintinMovie #coco #separatedatbirth"},{"index":"147760664788733952","data":"I've just created an infographic of my career. Check it out! http://bit.ly/tso9EZ?r=P6inqX9aBA … (via @vizualizeme)"},{"index":"148938945781178368","data":"Dorothy: http://bit.ly/sh5MQq  via @AddThis\nStreet map of songs..."},{"index":"148933287119822848","data":"Dribbble - Scales Of Wealth by kellianderson http://bit.ly/ryXFkX  via @addthis"},{"index":"156399921958887424","data":"Easier to breathe today - so far. #fb"},{"index":"157875307410493443","data":"Shrubbery attacking my house! Too windy. #fb"},{"index":"156401351239274496","data":"pic.twitter.com/LscTpKx"},{"index":"156413144066048002","data":"test #fb"},{"index":"158168778277003264","data":"Twitter / Mike Jacobsen: Ever have one of those day ... pic.twitter.com/TLJk8Rv1 via @addthis  #fb"},{"index":"158509535353516033","data":"monuments http://pinterest.com/pin/247486941992572908/ …"},{"index":"158353785746497536","data":"Truly amazing and lovely book sculptures: http://tiny.cc/cqg26  #fb"},{"index":"158397286467117056","data":"If I see one more Keep Calm Stay ___ I'll hurl. http://tiny.cc/w7h0e  #fb"},{"index":"163409664455876608","data":"http://pinterest.com/pin/247486941992634572/ … Ceiling Cat!"},{"index":"163424866400346115","data":"http://pinterest.com/pin/247486941992634828/ … Selectively Skeletonized Sycamores - Owen Mortenson"},{"index":"16356115203","data":"Rickenbacker Aquisition Syndrome strikes again.... http://twitpic.com/1ubba4"},{"index":"16358092123","data":"@suehawkins Still 3."},{"index":"16363613878","data":"@suehawkins if you want to see me with no camera presence in a video framed by a blind man making mistakes:http://tinyurl.com/2cqjzsb"},{"index":"165290035632021504","data":"@darknessactual thanks for the pink fiberglass insulation! *yum!*"},{"index":"16356447126","data":"@suehawkins Still 3."},{"index":"165424276831350786","data":"@wenk *I* have tweeted more than YOU??"},{"index":"165491238248792064","data":"@CedricLeighton Great job - love watching you on any news outlet!"},{"index":"169729045653766144","data":"@janewiedlin Hi, Jane! That is one snazzy guitar you are wieldin' in your FB profile pic!"},{"index":"169785869782355968","data":"Okay - the *real* me: I had 2 detailed dreams about maps and mapping (one involving mapping when I shouldn't be) last night. #nolife"},{"index":"179269170310025217","data":"Susan Hawkins http://lnkd.in/N8tY_v "},{"index":"179269289327599616","data":"Pls retweet my @indeed resume, help me land my dream job - http://www.indeed.com/r/4626aee159245e9f … #indeed #resume"},{"index":"185048623145431041","data":"@NYS_food_map nice! but chz curds R a big thang in Colosse NY nr Mexico, Oswego Co."},{"index":"185048888154140672","data":"@NYS_food_map Also, Grandma Brown's Baked Beans from Mexico NY!"},{"index":"185049206946402307","data":"@NYS_food_map Lastly, IMO Soda/Pop Line slightly further east, down the Oswego River. I'm serious!!  ;-)  Good map!! Love it!!"},{"index":"179715093045587969","data":"@drmartens my fave Docs: http://tiny.cc/gyu4aw  #pretty"},{"index":"184210558847942656","data":"@Flickr #myFlickrFaves"},{"index":"185049671163580416","data":"@NYS_food_map Yes, I'm originally from Oswego."},{"index":"185049605354958849","data":"@NYS_food_map Oops! Almost forgot world famous Wade's Diner & Oswego Sub Shop in Oswego - just ask Al Roker. Now I'm done."},{"index":"202242751532773376","data":"latest painting: http://www.mooneyelabs.com  pic.twitter.com/A15SimZe"},{"index":"212710822177284097","data":"Welcome to 1940s New York: NYC neighborhood profiles from 1943, based on the 1940 Census: http://bit.ly/LZLb5O "},{"index":"213856493605359617","data":"#CampusSchoolForever"},{"index":"205331285856616448","data":"I'm gonna get 1 of the FIVE LomoKinos that @makeuseof is giving away! You HAVE to join! http://www.makeuseof.com/tag/lomography-lomokino-review-and-giveaway/ …"},{"index":"217750143364112385","data":"Volcanoes, Clouds, and Swirling Winds : Image of the Day http://1.usa.gov/KLqCPH "},{"index":"251150937408827392","data":"I just saved my spot on RebelMouse. Sign up now to reserve your username https://www.rebelmouse.com/ "},{"index":"251155310922842112","data":"Here's a recent digital painting: pic.twitter.com/M2GgSdhH"},{"index":"251157449380339714","data":"Recent digital paintings: pic.twitter.com/iFFk7HjC"},{"index":"251157516464041984","data":"Recent digital paintings: pic.twitter.com/cCw2XDcW"},{"index":"251157380627312640","data":"Recent digital paintings: pic.twitter.com/dxQ7pTvq"},{"index":"251157825408081921","data":"Recent digital paintings: pic.twitter.com/uGuRVCPT"},{"index":"251157684588535809","data":"Recent digital paintings: pic.twitter.com/WrxUMThS"},{"index":"251157759637217280","data":"Recent digital paintings: pic.twitter.com/aa2H4IYP"},{"index":"244177710035910656","data":"I have created an infographic resume on re.vu http://re.vu/suehawkins  via @resumevu"},{"index":"262281423321456640","data":"*Saratoga Springs* http://suehawkins.onwander.com/posts/saratoga-springs--68cc99 … #Wander on @wander"},{"index":"262283991539916801","data":"*Saratoga Springs* http://suehawkins.onwander.com/posts/saratoga-springs--5485ab … #Wander on @wander"},{"index":"262281575549530113","data":"Just launched suehawkins's Wanderlog http://suehawkins.onwander.com  on @Wander, come explore strange new worlds with me."},{"index":"262331493995642880","data":"I've just created an infographic of my career. Check it out! http://vizualize.me/vip#.UIxq1RDxYjo.twitter?r=P6inqX9aBA … (via @vizualizeme)"},{"index":"262331596592521217","data":"Freshly freshened... http://vizualize.me/vip "},{"index":"265674466212864002","data":"Helping assess Sandy's damage by viewing the imagery collected by the Civil Air Patrol. The link is here:http://sandy.locative.us/    #sandy"},{"index":"277184858999115776","data":"Think of the cool stuff I could do with the New Lytro Camera #LytroMeTC"},{"index":"265671804935340033","data":"susan a hawkins on re.vu http://re.vu/suehawkins "},{"index":"273565328359956480","data":"Oswego kid in snowsuit #wonderbread http://bit.ly/UaqASv  via @RebelMouse"},{"index":"278518489273217024","data":"OMG! I can adjust the height of seat *&* arms of my chair  at my new work!!  Yay!"},{"index":"278847290737844225","data":"forgot to mention my swell brunch with the richetti -wilsons this weekend - thanks, guy/gals! <3"},{"index":"278970529250152448","data":"for  @andy proehl: http://en.wikipedia.org/wiki/Enclave "},{"index":"281820872933769217","data":"Someone who REALLY loves Rochester: \"Rochesterfarian\""},{"index":"285176873552601088","data":"Second Persimmon Translucence http://bit.ly/YwFhAa  via @RebelMouse"},{"index":"285176698000007169","data":"Peppers - Compare the two versions http://bit.ly/YwEUFK  via @RebelMouse"},{"index":"305537098327420928","data":"Recent Still Lifes - 10 March 2013 through 31 March 2013-**COME SEE ME! Greenwich NY** pic.twitter.com/RofJ9LdDLF"},{"index":"285177063214837761","data":"Persimmon Translucence http://bit.ly/YwFHXs  via @RebelMouse"},{"index":"311629569964769280","data":"My solo show's inventory... | Flickr - Photo Sharing! http://www.flickr.com/photos/suehawkins/8552162037/ … via @rebelmouse"},{"index":"324364232659456000","data":"St. Pancras Old Church, on which site a church has existed since the fourth century. pic.twitter.com/4XCJUFM53J"},{"index":"324364642535219200","data":"Day 2 starts today at Hampstead tube at 10.45am. Heading east to Stratford via Hampstead Heath and the Capital Ring."},{"index":"325606285666033664","data":"More tree, vicar? Now in Greensted, site of the oldest surviving wooden church in the world.* #LDNAMS pic.twitter.com/bWuJ5NGnmq"},{"index":"325606684762451968","data":"Modelling last season's 762 ammo and a LAW 90 anti-tank device pic.twitter.com/uX6BoS5sDu"},{"index":"325784322667839489","data":"@suehawkins This is new to me so if I screw up and send this someone in Brazil I hope you - and they - understand!!"},{"index":"325790901035212801","data":"@AKitz Glad everything is over now and you and yours are ok. Saw you on Today this AM. Thank you for your reporting the other night!"},{"index":"325793082232688640","data":"@ahomefas Your profile picture looks oddly familiar to me! How are you??!!"},{"index":"330984362403303424","data":"Z"},{"index":"348276217306300416","data":"@suehawkins thanks sue. xxPG"},{"index":"344873425002717184","data":"Eggplant is the meat of the vegetable world - I am the meat of the eggplant world.  :-/"},{"index":"351864126357766145","data":"@peeweeherman Greetings from one Campus Schooler to another!"},{"index":"352230007050997760","data":"A Still From The Silent Film, \"Faust\" Tinkered With Using Popsicolor http://instagram.com/p/bSM3jrN6d_/ "},{"index":"352659865988128768","data":"\"Spit & Spat\" Saratoga, 2011 #popsicolor #painttool pic.twitter.com/TPJNScpoOu"},{"index":"362270832749326336","data":"Bar Harbor Tea Co Earl Grey Extra - *extra awesome! * http://instagram.com/p/cZivwnt6Z_/ "},{"index":"353096162405912576","data":"Still from \"Metropolis\" fiddled with using #popsicolor #bestinspirationtool http://instagram.com/p/bYWqXrt6Ur/ "},{"index":"365897091702194177","data":"Wow, those codes went fast! Here's two more that came out of the oven with the others: http://tokn.co/nku7w4zd  http://tokn.co/08zgaq2f "},{"index":"368142961500237825","data":"Long Branch Park, Aug 2013. #PercolatorApp http://instagram.com/p/dDRnOEt6YS/ "},{"index":"366342873525911552","data":"Sore paws sweet tunes #percolator #painting #percolatorapp #piping @ longbranch park http://instagram.com/p/c2esvqN6RS/ "},{"index":"353190659991146496","data":"After working with maps for almost 34 years, I am finally getting down the difference between large scale & small scale. #doh"},{"index":"364221939461529601","data":"Oh hey, I posted the first images from the new app this week: http://www.flickr.com/photos/tinrocket/sets/72157634922291432/ … #iphoneography #generative #painting"},{"index":"368148667968270336","data":"Scottish Games, Syracuse. Aug 2013 #PercolatorApp http://instagram.com/p/dDUTYZt6ce/ "},{"index":"369502030114480128","data":"At my desk. @ Division of Military and Naval Affairs http://instagram.com/p/dM7gWEt6VQ/ "},{"index":"368506292807032832","data":"@WubbahGubbah 6 tweets! You are too #verbose"},{"index":"369650462481723392","data":"Just posted a photo http://instagram.com/p/dN_aImN6S-/ "},{"index":"369612622901297152","data":"Southern Cassowary @percolatorapp #percolatorapp tinrocket #painting #cassowary http://instagram.com/p/dNt6DKN6W5/ "},{"index":"369656682533507073","data":"Check out my Tangent #tangentapp pic.twitter.com/eakxRDQ67e"},{"index":"369656986952286208","data":"Armored All - Made with #tangentapp http://instagram.com/p/dOCTcFt6WF/ "},{"index":"371033425198985216","data":"Meyer Lemons • (c) 2013 suehawkins #snap-dot http://instagram.com/p/dXz-YXN6b2/ "},{"index":"371430262040584192","data":"Does anyone else find CREEPY the eHarmony ads in which the founder insinuates himself into a threesome with successfully matched couples?"},{"index":"372850852429447169","data":"@jessiepon Oh! I just found out about sweet little Wasabi-Chan. I am so sorry to hear about your loss. :-'("},{"index":"369851767309496321","data":"Kitters! http://instagram.com/p/dPa4S3t6et/ "},{"index":"375038907223912448","data":"Kitchen Snail, (c) 2012 photo + Phototropedelic http://instagram.com/p/d0Rj6Nt6SW/ "},{"index":"375039574646747136","data":"Granny Smith, 2012 http://instagram.com/p/d0SCIOt6TP/ "},{"index":"375330788126253057","data":"Warm Abstract 01, (c) 2013 sue hawkins http://instagram.com/p/d2WZgzN6UB/ "},{"index":"371034454896410624","data":"Flotilla (c) 2013 suehawkins #snapdot #ducks #lakegeorge http://instagram.com/p/dX0noBt6dA/ "},{"index":"375331171519180800","data":"Warm Abstract 02, (c) 2013 sue hawkins http://instagram.com/p/d2Wm4AN6UM/ "},{"index":"376477676011548673","data":"Mom, using the swell new #illusive from #voidworks http://instagram.com/p/d-fr85N6VZ/ "},{"index":"376019229558202368","data":"Just posted a photo http://instagram.com/p/d7Plb0t6fi/ "},{"index":"376437270925934592","data":"BBC World News - Click, Webscape: Citizen science projects   http://bbc.in/18v7F0p  #grooviosity!"},{"index":"377573668047814656","data":"Crabapple Blossoms, 2013 sue hawkins #myowndigitalpainting #portfolio http://instagram.com/p/eGSJrHt6WW/ "},{"index":"377574857330130945","data":"Raspberry Lanterns, 2013 sue hawkins #digitalpainting #portfolio http://instagram.com/p/eGS0Wit6XM/ "},{"index":"377577438278340608","data":"Guava Light, 2012 suehawkins #digitalpainting #portfolio http://instagram.com/p/eGTZ2VN6YA/ "},{"index":"378367685773774848","data":"Charlie http://instagram.com/p/eL7iIat6YW/ "},{"index":"378367479980257281","data":"Just posted a photo http://instagram.com/p/eL7eMhN6YU/ "},{"index":"378368482737676288","data":"After the #squirrels were evicted. Beautiful! http://instagram.com/p/eL7zNfN6Ys/ "},{"index":"378368094319964160","data":"Before the #squirrels were evicted http://instagram.com/p/eL7oapN6Yd/ "},{"index":"379308384744648704","data":"Door frame http://instagram.com/p/eSnSbSN6bS/ "},{"index":"378615455017365504","data":"IMG_5381361393787.jpeg http://flic.kr/p/fQfVMB "},{"index":"379400319366873088","data":"Super Brain http://instagram.com/p/eTRFNQN6WY/ "},{"index":"379364009629458432","data":"Maggie's Smile http://instagram.com/p/eTAjQ0t6bk/ "},{"index":"380178430408790016","data":"Heart of Cold, Cold Metal http://instagram.com/p/eYy4pvt6Zn/ "},{"index":"380177932758839296","data":"Traveling Feline http://instagram.com/p/eYyodrN6ZN/ "},{"index":"380191622606385152","data":"The Corner Zebra http://instagram.com/p/eY4y76t6fb/ "},{"index":"381515932885340160","data":"Doc Damask http://instagram.com/p/eiTJlQt6VQ/ "},{"index":"383787565603880960","data":"Crepuscular rays, Carter Pond http://instagram.com/p/eycADdN6Us/ "},{"index":"383211374283087872","data":"Apologies for the previous \"tweet\" someone hijacked my account briefly..."},{"index":"385554742401052672","data":"Atrium Smeary http://instagram.com/p/e-_zIKt6T6/ "},{"index":"390694586320162816","data":"Chicago cityscape rendering with new app pic.twitter.com/UreHnsr2RN"},{"index":"390728082250027008","data":"We're back, Earth! #WelcomeBackNASA pic.twitter.com/oot9b9QK6c"},{"index":"389191217319137280","data":"Challenger http://shar.es/EcUpI  via @sharethis"},{"index":"392113755833655296","data":"Hi @suehawkins."},{"index":"392146640712118272","data":"So awesome. #NACIS2013 @awoodruff pic.twitter.com/VfJfZud6Nz"},{"index":"390996185332195328","data":"Check out my @aboutdotme page - http://about.me/sue.hawkins . Get yours now before all the names are gone. http://about.me "},{"index":"390694910824701954","data":"Chicago pano rendering pic.twitter.com/HLMDcxREeL"},{"index":"392147165734137857","data":"At the top of Bristol Mountain in Canandaigua NY pic.twitter.com/gXUtx9tmmT"},{"index":"392326586458202112","data":"Kitten-02.jpg http://flic.kr/p/gRxJJV "},{"index":"392352676295753728","data":"Thing One needs a name! :-) http://instagram.com/p/fvTG1Ft6Tc/ "},{"index":"392529263100190720","data":"Thing One & Thing Two http://instagram.com/p/fwjaVFt6eS/ "},{"index":"392841728115240960","data":"@barrygrose hey stranger! How are things with you & the great big world o' art?"},{"index":"395725191101161472","data":"What are you up to? Oh, I thought you were a chicken.  (12:15am - asleep)."},{"index":"397384555042455552","data":"Sayer-Crewe House http://instagram.com/p/gTDMOlN6cP/ "},{"index":"398429038223822848","data":"Me! http://instagram.com/p/gaeDAQN6QJ/ "},{"index":"399708585497595904","data":"@barrygrose hiya! Looking for a place to show a couple of pictures. You still in NYC?"},{"index":"399734213580046337","data":"@barrygrose not right now. I'd like to show out of the area but haven't shown much here..."},{"index":"398589842197454848","data":"New #USGS map of hydrothermally altered rocks of US Basin & Range 4 exploration #gold #copper & #silver  ASTER rocks!\nhttp://pubs.usgs.gov/of/2013/1139/ "},{"index":"398430059138400256","data":"Lunch at the Florence Griswold House, Lyme CT with Susan Sayer... Lobster BLT! http://instagram.com/p/gaepcPt6Qz/ "},{"index":"398430901572759552","data":"Flying Monkey Whirlygig at the FloGris. So cool! http://instagram.com/p/gafGN2N6RK/ "},{"index":"400834326243598336","data":"\"@nbcnightlynews: Melting sea ice threatens polar bears’ survival. @annenbcnews reports: http://nbcnews.to/1eNKf8K \" #boohiss"},{"index":"401495943889309697","data":"How do you become an OB-GYN? You go to Uterus-ity! #badhumor @wenk @dovey_dee @baxterpm"},{"index":"401577101989801984","data":"Don't clean yourself out of existence."},{"index":"401578165778538496","data":"Shakespeare died of dirty dishes."},{"index":"401580533815050240","data":"Did you feel you ought to comfort the dog?"},{"index":"401579046430982144","data":"No sooner has Guy Fawkes disappeared on the horizon than the Christmas stuff stands waiting in the wings."},{"index":"401582324690976768","data":"Kustwacht: View from the beach at Scheveningen. @MykeCole Dutch coastguard cutter! Sunset Day 12. #LDNAMS #fb pic.twitter.com/N5cOkWBdQN"},{"index":"402096951929618433","data":"\"@robmapmento: RT: @JoTweedy: Stay in a real-life doghouse...http://dailym.ai/1amTo3H  pic.twitter.com/9iZeAQ8tUP”\" @wenk"},{"index":"402100968390524928","data":"Well maintained 1BR apartment available in #Derby #CT. Great location Pls RT - Thanks in advance! http://ow.ly/qM82V  #NHV #Shelton #rent"},{"index":"402096726963916800","data":"\"@robmapmento: Lovely: @poppyandarthur print of the new paper cut map of York @Cafe68Gillygate pic.twitter.com/iiHtIsBfHJ”\" #Gorgeous !"},{"index":"402101685264195585","data":"just finished reading a book that was neither a text book, nor a technical manual. must remember to do this more often."},{"index":"402630179086163968","data":"@americanuck ok HERE is the thing just made for you: http://bit.ly/1bz0W0Z  #duh"},{"index":"402647583044018176","data":"@americanuck ok HERE is the thing just made for you: http://bit.ly/1bz0W0Z  #duh"},{"index":"402646786335973377","data":"@americanuck ok HERE is the thing just made for you: http://bit.ly/1bz0W0Z  #duh"},{"index":"403001717538553856","data":"The Worst Jobs in Science and Three Awesome Ones http://ow.ly/qYT6b "},{"index":"402647806118076417","data":"@americanuck ok HERE is the thing just made for you: http://bit.ly/1bz0W0Z  #duh"},{"index":"404086451723591680","data":"Flying Monkey Whirligig installation at the FloGris Lyme, CT #windmachines http://youtu.be/pTatOIlg9KI "},{"index":"404460497380343808","data":"Just posted a photo http://instagram.com/p/hFVLdaN6XJ/ "},{"index":"404836640314490880","data":"“@OdessaAmerican: Winter weather wreaks havoc in Odessa http://fb.me/6voLCT7qV ”  #fb"},{"index":"404837044197015552","data":"Pre Villain Sketch http://instagram.com/p/hH8u1fkKBF/ "},{"index":"406626620997251072","data":"@CedricLeighton Hi Cedric! hope you had a great T-giving. :-)"},{"index":"405177349412360193","data":"“@BHPhotoVideo: “Color Coded Candy by Emily Blincoe” http://bhpho.to/1bY48a4  via @Colossal” love it #obsessivecompulsive"},{"index":"406923239290445824","data":"Shells-28 #flickstackr #waterlogue #love http://flic.kr/p/hYudi3  pic.twitter.com/qSu0j36Ht7"},{"index":"407370307352023040","data":"Camera Roll-288 #flickstackr #waterlogue #pozzuoli #napoli #fb http://flic.kr/p/i1GH2h "},{"index":"407417412619739136","data":"St botolph's #flickstackr #waterlogue @wenk #fb http://flic.kr/p/i1GLMU "},{"index":"407760405398691840","data":"@waterlogueapp #watercolor #paestum temple of #Jupiter\n#fb pic.twitter.com/hhRkWYOrKC"},{"index":"407415640647950336","data":"St botolph's #flickstackr #waterlogue @wenk #fb http://flic.kr/p/i1GLMU "},{"index":"407370832642859009","data":"St botolph's #flickstackr #waterlogue @wenk #fb http://flic.kr/p/i1GLMU "},{"index":"407412751456567296","data":"St botolph's #flickstackr #waterlogue @wenk #fb http://flic.kr/p/i1GLMU "},{"index":"407761715204325377","data":"@waterlogueapp #watercolor #pantheon #rome pic.twitter.com/uPrXe65yvX"},{"index":"407761033936109569","data":"@waterlogueapp watercolor #fb St Andrews Gt Durnford pic.twitter.com/Jc8Gjvt4NS"},{"index":"408107363267117056","data":"“@gisuser: Sanborn Map Company Purchases Visual Intelligence iOne n-Oblique Sensor System Solution… http://goo.gl/fb/zqdcL ” @WubbahGubbah"},{"index":"408766204900159488","data":"“@Medievalists: The codpiece: social fashion or medical need? http://ow.ly/ruXOC ”  #eew"},{"index":"408870516376629250","data":"“@mcgrouch: BBC's been considering how Union Jack flag would look without Scotland http://bbc.in/1ay92pM  #flags #travel #scotland”"},{"index":"408871003326918657","data":"“@LeVostreGC: Peraventure todaye shal be a Fyreflye marathon yn the Chaucer housholde.” @baxterpm"},{"index":"409204485073170432","data":"@waterlogueapp made this just for you and your \"Sample Horse\" #illustration #waterlogue #watercolor #pretty http://flic.kr/p/i8SWUL "},{"index":"409365351994908672","data":"“@HeritageDaily: Britain's lost Atlantis - Doggerland http://fb.me/3p0KWLzFj ” #fb"},{"index":"409364246548324353","data":"“@Myrmecos: It's Friday. You guys need a bright green beetle. pic.twitter.com/iDJFXRINIT” #fb"},{"index":"409365625031495680","data":"“@Gizmodo: Now you can explore gorgeous National Geographic maps with Google http://gizmo.do/WmOMi1r  pic.twitter.com/a7diV4BLie” #fb"},{"index":"409366927232872448","data":"#Stop #animation #of #our #descent #into #Orlando #Florida #for #our #Disney #Cruise #Vacation. #See… http://instagram.com/p/hoDGsdKy-1/ "},{"index":"409368746138943488","data":"“@PBSNature: Depictions of snowy owls have been found in cave paintings in Europe dating back 30,000 years. Wow! pic.twitter.com/ugRsLMcGtO”"},{"index":"409850368063848448","data":"“@onlmaps: World map of rail gauges Source http://bit.ly/J39ve6 ” @wenk"},{"index":"410249232851816449","data":"“@suehawkins: Stonington Colors #Waterlogue http://instagram.com/p/huXgrat6fw/ ” @waterlogueapp"},{"index":"410237049363783680","data":"Stonington Colors #Waterlogue http://instagram.com/p/huXgrat6fw/ "},{"index":"410929248489058304","data":"“@mcwetboy: New blog post: How to Make a Fantasy Map http://goo.gl/fb/3q7aM ” #fb"},{"index":"411028625358868480","data":"“@LeVostreGC: IM IN UR BRIGHTESTE HEAVEN OF INVENCIOUN HELPINGE UR WARLIKE HARRY ASSUME THE PORT OF MARS” @WubbahGubbah"},{"index":"410931713888768000","data":"“@LoveMeowdotcom: The cat lady starter kit has arrived! via http://imgur.com/3F2qZFh  pic.twitter.com/AryRbn9AH9” #fb"},{"index":"411035635453943808","data":"“@SueBowman1: #WaterlogueApp This is the #itstechnical setting. http://instagram.com/p/hgNTnjzOrA/ ”  Nice!"},{"index":"411352215186440192","data":"“@EmrgencyKittens: gossip reading time. http://twitter.com/EmrgencyKittens/status/411346021487505408/photo/1pic.twitter.com/rQ5gHDFXFE ” #fb"},{"index":"411036144881528832","data":"“@EmrgencyKittens: Triplets. http://twitter.com/EmrgencyKittens/status/410983641133883392/photo/1pic.twitter.com/2XNUfVBv8V ” #fb"},{"index":"411354097770840064","data":"“@DrAntithesis: I was tweetjacked at punpoint.” @baxterpm #fb"},{"index":"411358285724262400","data":"“I'm following @ETreharne because of #Beow100. Who doesn't want to hear #Beowulf in 100 tweets?” #OEAwesomeness"},{"index":"411373758868623360","data":"Mystic Bridge Structure, 2013 @ Rte. 1, Mystic, CT http://instagram.com/p/h2c_c2t6em/ "},{"index":"411374759738621952","data":"Albany NY Trestle No 1, 2013 @ Broadway, Albany NY http://instagram.com/p/h2dcmPN6e3/ "},{"index":"411379873132056576","data":"Trusses, Edinburgh 1998 @ edinburgh, UK http://instagram.com/p/h2fxXIt6Qh/ "},{"index":"411380897011994624","data":"Trestle Bridge, North Albany NY 2013 @ North Albany Bridge http://instagram.com/p/h2gPOJt6Q7/ "},{"index":"412233768997359616","data":"#Stop #animation #of #our #descent #into #Orlando #Florida #for #our #Disney #Cruise #Vacation. #See… http://instagram.com/p/hoDGsdKy-1/ "},{"index":"411389991416524801","data":"Mystic Bridge Structure 2, 2013 @ Rte. 1, Mystic, CT http://instagram.com/p/h2kX4qN6Tn/ "},{"index":"412751080083456000","data":"“@Flickr: We welcome @britishlibrary to The #Commons with over a million images for anyone to use! http://bit.ly/18LAtN3 ”” #fb"},{"index":"412811137923944448","data":"“@LateNightJimmy: We went looking for some of the worst holiday songs of the season, and we found 'em: http://ow.ly/rOgLL  @TD_Tommy"},{"index":"412819269106147328","data":"#Stop #animation #of #our #descent #into #Orlando #Florida #for #our #Disney #Cruise #Vacation. #See… http://instagram.com/p/hoDGsdKy-1/ "},{"index":"412750588909068289","data":"New Tapir! “@worldtapirday: Exciting news about the discovery of a new species of tapir in Brazil and Colombia. #fb\nhttp://fb.me/6pTY3c1kX ”"},{"index":"413425441634918402","data":"“@alloveralbany: In which Rocco shares a secret of the @DeFazios pizza crust http://alloveralbany.com/archive/2013/12/18/defazios-gets-a-tournament-of-pizza-trophy …” @wenk"},{"index":"413472578666115072","data":"“How do you know you've made it in the world? When your face is on money. Wm Marcy made it on to the $1,000 bill pic.twitter.com/lA1Ax0pkIa” #fb"},{"index":"413475300149035009","data":"“The Carolers of Night Vale. http://youtu.be/-HqRDanStKw  @NightValeFacts” #fb Jingle Hells"},{"index":"413554646855467008","data":"Oneida Lake Trees http://instagram.com/p/iF8vp_N6Zo/ "},{"index":"414485241101688832","data":"“Fun fact: Gay marriage is now legal in every state Mitt Romney owns a home.  #utahmarriage” #fb"},{"index":"413555092873568256","data":"Star Fruit http://instagram.com/p/iF88oMt6Zz/ "},{"index":"414230188956721152","data":"What does the head say? Wongawongawongawonga #fb"},{"index":"414479617383079936","data":"“@jamster83: It gets funnier the longer you look at it... pic.twitter.com/1FuEtWZj7S” #fb"},{"index":"414658100424376320","data":"@ms_peterpan Loving your historical equine portraits! Where do you find them?"},{"index":"414493513657491457","data":"“@MapHugger: Best thing ever: William Shatner explains GIS. From 1987. https://www.youtube.com/watch?v=U3Hf0qI4JLc …” #fb"},{"index":"414826392732196864","data":"“@Amazing_Maps: Lake Monsters of America (http://atlasobscura.com ) pic.twitter.com/yoObLc0eQw” Great map! #fb"},{"index":"414816396514570241","data":"“Scientists Find Hormone-Disrupting Chemicals in Water at Colorado #Fracking Sites  http://ow.ly/rXgZs ” #fb"},{"index":"414825319862763520","data":"“ This is still my favorite venn diagram: pic.twitter.com/9EgrLjpvgc” Hilarious! #fb"},{"index":"414828980219310080","data":"“ This is still my favorite venn diagram: pic.twitter.com/9EgrLjpvgc” Hilarious! #fb"},{"index":"414827229898493953","data":"Has anybody got a picture of her back legs in puffy trousers?"},{"index":"414828665684238336","data":"“@LateNightJimmy: From the #LNJF vault: The Headswap Christmas Murder Plot! https://www.youtube.com/watch?v=e9Ze0M4B8VM …” #fb"},{"index":"414972707164266496","data":"“@Medievalists: Seven Medieval #Christmas Traditions http://ow.ly/rZZTM ” #fb"},{"index":"414976106861559808","data":"“Iceland's hidden #elves delay road projects | AP The Big Story\nby Jenna Gottlieb http://bit.ly/1blflNV ” #fb"},{"index":"415338192640819200","data":"“if you are a fan of the Who Do You Think You Are? series, our friends at @TLC are airing a marathon Dec. 24th! http://ancstry.me/1c3ztUP ” #fb"},{"index":"415735702521798656","data":"“@DorsetScouser: @BBCStargazing 5 photos, stitched together, created this shot at Lulworth Cove, Dorset. pic.twitter.com/kj4tZwtY9v” #fb"},{"index":"415994000961593344","data":"“@tinrocket: The Waterlogue blog site is not quite finished yet, but I just put up the first post: http://blog.waterlogueapp.com  #fb Awesome!"},{"index":"415739121605152768","data":"Happy Christmas to all the #Beow100 followers. And you thought Santa was coming..."},{"index":"416404035164336128","data":"Snagged from: @DrBrianMay Pic from http://is.gd/Gerald_Rhemann  More HiDef pic http://is.gd/Lovejoy3D  pic.twitter.com/oikaJDkPs1 #fb"},{"index":"416405379170713600","data":"Jerseys, New Lebanon (c)2013shawkins waterlogueapp #waterlogue http://instagram.com/p/iaNG3XN6TD/ "},{"index":"415609271108124672","data":"“@EmrgencyKittens: Every cat ever. http://twitter.com/EmrgencyKittens/status/415609150295801858/photo/1pic.twitter.com/kWJVtt229M ” #fb"},{"index":"416406045557542912","data":"Stonington Harbor (c)2013 s hawkins \nwaterlogueapp #waterlogue http://instagram.com/p/iaNaRRt6TY/ "},{"index":"416422310799634433","data":"#beautiful #video #bubble #drops #the_abstract_collective… http://instagram.com/p/iaQCHFqy2F/  Hi there! This is incredible. Great job!"},{"index":"416509500703522816","data":"#beautiful #video #bubble #drops #the_abstract_collective… http://instagram.com/p/iaQCHFqy2F/  Hi there! This is incredible. Great job!"},{"index":"416795093303955457","data":"Cheap plastic space toys, crumpled paper, and a flashlight. Painted in #Waterlogue http://instagram.com/p/icuLlzRjM3/ "},{"index":"416797602298863617","data":"Cheap plastic space toys, crumpled paper, and a flashlight. Painted in #Waterlogue http://instagram.com/p/icuLlzRjM3/ "},{"index":"416711196268449792","data":"“@cartogeek: Al Obama Shakes #PoliticalBands” Thinking of Chip Davis. #fb"},{"index":"417234382030520320","data":"@MoRocca: Egypt wants its Rosetta Stone back! (The tablet, not language tapes) My report on Art Repatriation tomorrow @CBSSunday Morning #fb"},{"index":"416713925812432896","data":"Itty-bitty Thing Two playing w/ new mouse toy - electronic squeaks = organic growls. #fb"},{"index":"416714653944004609","data":"With sword, the hero struck her head, but to no avail. Grabbing her hair, he fought hand-to-hand. She threw him down & drew a knife #Beow100"},{"index":"416796302928646144","data":"“@JamieDMJ:  pic.twitter.com/Ojgeab4ZGd” Terrific info graphic of a Cricket. #Awesome #fb"},{"index":"417235957281062912","data":"“@LeVostreGC: What ys a pyrates favourite fantasye author? J Arrrrr Arrrrr Tolkien.” #fb"},{"index":"417235778159124480","data":"Tonight in Victoria's inner harbor #yyj http://instagram.com/p/ifmOUNkulK/ "},{"index":"417236360185913344","data":"More of my owl friend. #Waterlogue http://instagram.com/p/ifsFRvxjME/ "},{"index":"417237306467053568","data":"Using the @WaterlogueApp from @tinrocket  on a picture I recently took of a sunset in Mexico. Thoughts? #Waterlogue pic.twitter.com/S04h2d6Og0"},{"index":"418258895123910659","data":"Safe, ethical, caring and happy 2014 to all."},{"index":"417471879075487745","data":"So this is the \"reindeer\" I hear so much about?? @harperestelle @ChelsieGosk #education pic.twitter.com/1lSyyeX19X"},{"index":"418623261833195520","data":"“@EmrgencyKittens: Beware... of vampire cat! http://www.sulia.com/c/animals/f/49bae990-ab59-46e8-8db2-c1a1e779a2f3/?source=twitter …” #fb"},{"index":"418669211880538112","data":"The mess is me. I am the mess.  #selfie #blackandwhite #eyestrain #portrait_design #geek #artistic… http://instagram.com/p/iprWJeqyxs/ "},{"index":"418623994611261440","data":"The mess is me. I am the mess.  #selfie #blackandwhite #eyestrain #portrait_design #geek #artistic… http://instagram.com/p/iprWJeqyxs/ "},{"index":"418670452588818433","data":"“@sirthopas: Viking spare tyre pic.twitter.com/lenzHpFE0E” #fb"},{"index":"417871816158240768","data":"“@EmrgencyKittens: Being a kitten is pretty tough. http://twitter.com/EmrgencyKittens/status/417833787033395200/photo/1pic.twitter.com/VTAs1M8FMk ” #fb"},{"index":"418673647964798976","data":"“@hillaryssteps: Buck's Panorama of London, plate 5: Old Street Church to the Tower of London (1749) pic.twitter.com/xUwXqn2o5x” #fb"},{"index":"418940121765785600","data":"“Fascinating: How corpses—yes, corpses—helped shape the London Underground: http://gizmodo.com/how-corpses-helped-shape-the-london-underground-1493312117 …” #fb"},{"index":"418935322374717440","data":"“@jr_carpenter: The most overwrought storm map of the day http://bbc.in/19MBXXY  & pic.twitter.com/Rs479sL5kX” #fb"},{"index":"418941453725749250","data":"Created with @WaterlogueApp . New favourite i-Gadget app! :-) pic.twitter.com/5ykP96nF0D"},{"index":"418943791685320705","data":"@Bill_Ellsworth Terrific!"},{"index":"418943954961174528","data":"@Bill_Ellsworth Also terrific!"},{"index":"418946040860262400","data":"“@Withiphone4s: Painted in #Waterlogue pic.twitter.com/xpqDzWMUoq” Amazing image! #fb"},{"index":"418942593058082816","data":"This started as a picture of a wall of bubbles that is a feature of the French Champagne bar called Oh… http://instagram.com/p/isHvWWqyx2/ "},{"index":"419078395058614272","data":"“@Sarah_Peverley: Free online version of Doomsday Book: http://domesdaymap.co.uk ” #fb"},{"index":"419281234460962817","data":"@bill_fargo Happy tweeting!"},{"index":"418945533646868482","data":"Sunset processed with the amazing #waterlogue app by @tinrocket http://instagram.com/p/iC6HBXIRxk/ "},{"index":"419286812595453952","data":"Splendor Solis: http://www.bl.uk/catalogues/illuminatedmanuscripts/results.asp … #fb"},{"index":"419587144961646592","data":"“@instructables: iPad Carry Case http://itbl.es/1l9xiHt ” #HowTo #fb"},{"index":"419589638160781312","data":"“@PBSNature: 2 main types of ducks: \"dabblers\"  & \"divers\" - what's the difference? http://to.pbs.org/SQqhLM  pic.twitter.com/oGOXc7boLu” #fb"},{"index":"419584339584634881","data":"“@SciencePorn: pic.twitter.com/l2pb8M5Fg2” Medically hilarious! #fb"},{"index":"419762205618618368","data":"“@ http://twitter.com/EmrgencyKittens/status/419680959186096128/photo/1pic.twitter.com/aKgwyyUfmm ” Bluth’s Original Frozen Banana Cat #fb"},{"index":"117687367711727616","data":"Surprise! My friend DNA: Tim is most like me. My friends are 17% single and 48% girls. Find yours: http://shoutflow.com/dna/5dd03df3e2c00a7df0531720da10b1e9 … via @shoutflow"},{"index":"419786161226145792","data":"always liked this painting by Eleanor Fortesque Brickdale  (1871-1945 ) pic.twitter.com/KHA9GeRd1y"},{"index":"77529764876926976","data":"I'm on the Elmwood Strip in Buffalo. Strangely, it doesn't feel like Buffalo. Feels kinda west-coasty."},{"index":"122652954661625856","data":"@nselby How'd it go the other day - Well, I assume?"},{"index":"1370457289","data":"My very first tweet... Hello world!"},{"index":"126102815096582144","data":"this is #gweek  http://tinyurl.com/5wghta2 "},{"index":"12725571297484801","data":"@TeamCoco  Bad news: Conanchat is already a thing: http://www.conanchat.com/"},{"index":"1370481529","data":"Uploaded my picture..."},{"index":"1374848992","data":"Drowsing... and listening to NPR"},{"index":"1374847981","data":"Hi Michael!"},{"index":"1380324902","data":"uneventful day. yawn"},{"index":"1388324126","data":"Wow! Got a \"half-night's worth of sleep\" last night - things improve..."},{"index":"1377370308","data":"Job seeking - still"},{"index":"1441086868","data":"@nselby Same to you nick! Still feeling my way around twitter..."},{"index":"1454375602","data":"@bw1 there is a twitter thingy for the Dell outlet - actually, many. Just FYI."},{"index":"1443065197","data":"Wow! Twitter is a great way to have others' religions foisted upon you... ick. I guess all you have to do is click \"block\""},{"index":"146448918325112832","data":"@ConanOBrien Are you guys twins...? http://bit.ly/sID1U3 "},{"index":"147760664788733952","data":"I've just created an infographic of my career. Check it out! http://bit.ly/tso9EZ?r=P6inqX9aBA … (via @vizualizeme)"},{"index":"146751328402673664","data":"@TeamCoco Separated at birth? http://bit.ly/sID1U3  #tintinMovie #coco #separatedatbirth"},{"index":"156399921958887424","data":"Easier to breathe today - so far. #fb"},{"index":"148933287119822848","data":"Dribbble - Scales Of Wealth by kellianderson http://bit.ly/ryXFkX  via @addthis"},{"index":"156401351239274496","data":"pic.twitter.com/LscTpKx"},{"index":"148938945781178368","data":"Dorothy: http://bit.ly/sh5MQq  via @AddThis\nStreet map of songs..."},{"index":"157875307410493443","data":"Shrubbery attacking my house! Too windy. #fb"},{"index":"156413144066048002","data":"test #fb"},{"index":"158353785746497536","data":"Truly amazing and lovely book sculptures: http://tiny.cc/cqg26  #fb"},{"index":"158168778277003264","data":"Twitter / Mike Jacobsen: Ever have one of those day ... pic.twitter.com/TLJk8Rv1 via @addthis  #fb"},{"index":"158509535353516033","data":"monuments http://pinterest.com/pin/247486941992572908/ …"},{"index":"163424866400346115","data":"http://pinterest.com/pin/247486941992634828/ … Selectively Skeletonized Sycamores - Owen Mortenson"},{"index":"16356447126","data":"@suehawkins Still 3."},{"index":"163409664455876608","data":"http://pinterest.com/pin/247486941992634572/ … Ceiling Cat!"},{"index":"16356115203","data":"Rickenbacker Aquisition Syndrome strikes again.... http://twitpic.com/1ubba4"},{"index":"16358092123","data":"@suehawkins Still 3."},{"index":"158397286467117056","data":"If I see one more Keep Calm Stay ___ I'll hurl. http://tiny.cc/w7h0e  #fb"},{"index":"16363613878","data":"@suehawkins if you want to see me with no camera presence in a video framed by a blind man making mistakes:http://tinyurl.com/2cqjzsb"},{"index":"165424276831350786","data":"@wenk *I* have tweeted more than YOU??"},{"index":"165491238248792064","data":"@CedricLeighton Great job - love watching you on any news outlet!"},{"index":"165290035632021504","data":"@darknessactual thanks for the pink fiberglass insulation! *yum!*"},{"index":"169785869782355968","data":"Okay - the *real* me: I had 2 detailed dreams about maps and mapping (one involving mapping when I shouldn't be) last night. #nolife"},{"index":"179269170310025217","data":"Susan Hawkins http://lnkd.in/N8tY_v "},{"index":"169729045653766144","data":"@janewiedlin Hi, Jane! That is one snazzy guitar you are wieldin' in your FB profile pic!"},{"index":"184210558847942656","data":"@Flickr #myFlickrFaves"},{"index":"185048623145431041","data":"@NYS_food_map nice! but chz curds R a big thang in Colosse NY nr Mexico, Oswego Co."},{"index":"185048888154140672","data":"@NYS_food_map Also, Grandma Brown's Baked Beans from Mexico NY!"},{"index":"185049206946402307","data":"@NYS_food_map Lastly, IMO Soda/Pop Line slightly further east, down the Oswego River. I'm serious!!  ;-)  Good map!! Love it!!"},{"index":"185049605354958849","data":"@NYS_food_map Oops! Almost forgot world famous Wade's Diner & Oswego Sub Shop in Oswego - just ask Al Roker. Now I'm done."},{"index":"179269289327599616","data":"Pls retweet my @indeed resume, help me land my dream job - http://www.indeed.com/r/4626aee159245e9f … #indeed #resume"},{"index":"179715093045587969","data":"@drmartens my fave Docs: http://tiny.cc/gyu4aw  #pretty"},{"index":"205331285856616448","data":"I'm gonna get 1 of the FIVE LomoKinos that @makeuseof is giving away! You HAVE to join! http://www.makeuseof.com/tag/lomography-lomokino-review-and-giveaway/ …"},{"index":"202242751532773376","data":"latest painting: http://www.mooneyelabs.com  pic.twitter.com/A15SimZe"},{"index":"185049671163580416","data":"@NYS_food_map Yes, I'm originally from Oswego."},{"index":"212710822177284097","data":"Welcome to 1940s New York: NYC neighborhood profiles from 1943, based on the 1940 Census: http://bit.ly/LZLb5O "},{"index":"217750143364112385","data":"Volcanoes, Clouds, and Swirling Winds : Image of the Day http://1.usa.gov/KLqCPH "},{"index":"213856493605359617","data":"#CampusSchoolForever"},{"index":"244177710035910656","data":"I have created an infographic resume on re.vu http://re.vu/suehawkins  via @resumevu"},{"index":"251155310922842112","data":"Here's a recent digital painting: pic.twitter.com/M2GgSdhH"},{"index":"251150937408827392","data":"I just saved my spot on RebelMouse. Sign up now to reserve your username https://www.rebelmouse.com/ "},{"index":"251157380627312640","data":"Recent digital paintings: pic.twitter.com/dxQ7pTvq"},{"index":"251157449380339714","data":"Recent digital paintings: pic.twitter.com/iFFk7HjC"},{"index":"251157516464041984","data":"Recent digital paintings: pic.twitter.com/cCw2XDcW"},{"index":"251157684588535809","data":"Recent digital paintings: pic.twitter.com/WrxUMThS"},{"index":"251157759637217280","data":"Recent digital paintings: pic.twitter.com/aa2H4IYP"},{"index":"251157825408081921","data":"Recent digital paintings: pic.twitter.com/uGuRVCPT"},{"index":"262281423321456640","data":"*Saratoga Springs* http://suehawkins.onwander.com/posts/saratoga-springs--68cc99 … #Wander on @wander"},{"index":"262331493995642880","data":"I've just created an infographic of my career. Check it out! http://vizualize.me/vip#.UIxq1RDxYjo.twitter?r=P6inqX9aBA … (via @vizualizeme)"},{"index":"262281575549530113","data":"Just launched suehawkins's Wanderlog http://suehawkins.onwander.com  on @Wander, come explore strange new worlds with me."},{"index":"262331596592521217","data":"Freshly freshened... http://vizualize.me/vip "},{"index":"262283991539916801","data":"*Saratoga Springs* http://suehawkins.onwander.com/posts/saratoga-springs--5485ab … #Wander on @wander"},{"index":"265671804935340033","data":"susan a hawkins on re.vu http://re.vu/suehawkins "},{"index":"265674466212864002","data":"Helping assess Sandy's damage by viewing the imagery collected by the Civil Air Patrol. The link is here:http://sandy.locative.us/    #sandy"},{"index":"277184858999115776","data":"Think of the cool stuff I could do with the New Lytro Camera #LytroMeTC"},{"index":"273565328359956480","data":"Oswego kid in snowsuit #wonderbread http://bit.ly/UaqASv  via @RebelMouse"},{"index":"278518489273217024","data":"OMG! I can adjust the height of seat *&* arms of my chair  at my new work!!  Yay!"},{"index":"278970529250152448","data":"for  @andy proehl: http://en.wikipedia.org/wiki/Enclave "},{"index":"278847290737844225","data":"forgot to mention my swell brunch with the richetti -wilsons this weekend - thanks, guy/gals! <3"},{"index":"285176698000007169","data":"Peppers - Compare the two versions http://bit.ly/YwEUFK  via @RebelMouse"},{"index":"281820872933769217","data":"Someone who REALLY loves Rochester: \"Rochesterfarian\""},{"index":"305537098327420928","data":"Recent Still Lifes - 10 March 2013 through 31 March 2013-**COME SEE ME! Greenwich NY** pic.twitter.com/RofJ9LdDLF"},{"index":"311629569964769280","data":"My solo show's inventory... | Flickr - Photo Sharing! http://www.flickr.com/photos/suehawkins/8552162037/ … via @rebelmouse"},{"index":"285176873552601088","data":"Second Persimmon Translucence http://bit.ly/YwFhAa  via @RebelMouse"},{"index":"285177063214837761","data":"Persimmon Translucence http://bit.ly/YwFHXs  via @RebelMouse"},{"index":"324364232659456000","data":"St. Pancras Old Church, on which site a church has existed since the fourth century. pic.twitter.com/4XCJUFM53J"},{"index":"325606285666033664","data":"More tree, vicar? Now in Greensted, site of the oldest surviving wooden church in the world.* #LDNAMS pic.twitter.com/bWuJ5NGnmq"},{"index":"325784322667839489","data":"@suehawkins This is new to me so if I screw up and send this someone in Brazil I hope you - and they - understand!!"},{"index":"324364642535219200","data":"Day 2 starts today at Hampstead tube at 10.45am. Heading east to Stratford via Hampstead Heath and the Capital Ring."},{"index":"325606684762451968","data":"Modelling last season's 762 ammo and a LAW 90 anti-tank device pic.twitter.com/uX6BoS5sDu"},{"index":"325790901035212801","data":"@AKitz Glad everything is over now and you and yours are ok. Saw you on Today this AM. Thank you for your reporting the other night!"},{"index":"325793082232688640","data":"@ahomefas Your profile picture looks oddly familiar to me! How are you??!!"},{"index":"330984362403303424","data":"Z"},{"index":"344873425002717184","data":"Eggplant is the meat of the vegetable world - I am the meat of the eggplant world.  :-/"},{"index":"351864126357766145","data":"@peeweeherman Greetings from one Campus Schooler to another!"},{"index":"352230007050997760","data":"A Still From The Silent Film, \"Faust\" Tinkered With Using Popsicolor http://instagram.com/p/bSM3jrN6d_/ "},{"index":"348276217306300416","data":"@suehawkins thanks sue. xxPG"},{"index":"352659865988128768","data":"\"Spit & Spat\" Saratoga, 2011 #popsicolor #painttool pic.twitter.com/TPJNScpoOu"},{"index":"353096162405912576","data":"Still from \"Metropolis\" fiddled with using #popsicolor #bestinspirationtool http://instagram.com/p/bYWqXrt6Ur/ "},{"index":"362270832749326336","data":"Bar Harbor Tea Co Earl Grey Extra - *extra awesome! * http://instagram.com/p/cZivwnt6Z_/ "},{"index":"353190659991146496","data":"After working with maps for almost 34 years, I am finally getting down the difference between large scale & small scale. #doh"},{"index":"365897091702194177","data":"Wow, those codes went fast! Here's two more that came out of the oven with the others: http://tokn.co/nku7w4zd  http://tokn.co/08zgaq2f "},{"index":"366342873525911552","data":"Sore paws sweet tunes #percolator #painting #percolatorapp #piping @ longbranch park http://instagram.com/p/c2esvqN6RS/ "},{"index":"364221939461529601","data":"Oh hey, I posted the first images from the new app this week: http://www.flickr.com/photos/tinrocket/sets/72157634922291432/ … #iphoneography #generative #painting"},{"index":"368506292807032832","data":"@WubbahGubbah 6 tweets! You are too #verbose"},{"index":"368142961500237825","data":"Long Branch Park, Aug 2013. #PercolatorApp http://instagram.com/p/dDRnOEt6YS/ "},{"index":"368148667968270336","data":"Scottish Games, Syracuse. Aug 2013 #PercolatorApp http://instagram.com/p/dDUTYZt6ce/ "},{"index":"369502030114480128","data":"At my desk. @ Division of Military and Naval Affairs http://instagram.com/p/dM7gWEt6VQ/ "},{"index":"369612622901297152","data":"Southern Cassowary @percolatorapp #percolatorapp tinrocket #painting #cassowary http://instagram.com/p/dNt6DKN6W5/ "},{"index":"369650462481723392","data":"Just posted a photo http://instagram.com/p/dN_aImN6S-/ "},{"index":"369656682533507073","data":"Check out my Tangent #tangentapp pic.twitter.com/eakxRDQ67e"},{"index":"369656986952286208","data":"Armored All - Made with #tangentapp http://instagram.com/p/dOCTcFt6WF/ "},{"index":"369851767309496321","data":"Kitters! http://instagram.com/p/dPa4S3t6et/ "},{"index":"371033425198985216","data":"Meyer Lemons • (c) 2013 suehawkins #snap-dot http://instagram.com/p/dXz-YXN6b2/ "},{"index":"371430262040584192","data":"Does anyone else find CREEPY the eHarmony ads in which the founder insinuates himself into a threesome with successfully matched couples?"},{"index":"372850852429447169","data":"@jessiepon Oh! I just found out about sweet little Wasabi-Chan. I am so sorry to hear about your loss. :-'("},{"index":"371034454896410624","data":"Flotilla (c) 2013 suehawkins #snapdot #ducks #lakegeorge http://instagram.com/p/dX0noBt6dA/ "},{"index":"375038907223912448","data":"Kitchen Snail, (c) 2012 photo + Phototropedelic http://instagram.com/p/d0Rj6Nt6SW/ "},{"index":"375039574646747136","data":"Granny Smith, 2012 http://instagram.com/p/d0SCIOt6TP/ "},{"index":"375330788126253057","data":"Warm Abstract 01, (c) 2013 sue hawkins http://instagram.com/p/d2WZgzN6UB/ "},{"index":"375331171519180800","data":"Warm Abstract 02, (c) 2013 sue hawkins http://instagram.com/p/d2Wm4AN6UM/ "},{"index":"376019229558202368","data":"Just posted a photo http://instagram.com/p/d7Plb0t6fi/ "},{"index":"376477676011548673","data":"Mom, using the swell new #illusive from #voidworks http://instagram.com/p/d-fr85N6VZ/ "},{"index":"377573668047814656","data":"Crabapple Blossoms, 2013 sue hawkins #myowndigitalpainting #portfolio http://instagram.com/p/eGSJrHt6WW/ "},{"index":"377574857330130945","data":"Raspberry Lanterns, 2013 sue hawkins #digitalpainting #portfolio http://instagram.com/p/eGS0Wit6XM/ "},{"index":"378367479980257281","data":"Just posted a photo http://instagram.com/p/eL7eMhN6YU/ "},{"index":"377577438278340608","data":"Guava Light, 2012 suehawkins #digitalpainting #portfolio http://instagram.com/p/eGTZ2VN6YA/ "},{"index":"378367685773774848","data":"Charlie http://instagram.com/p/eL7iIat6YW/ "},{"index":"376437270925934592","data":"BBC World News - Click, Webscape: Citizen science projects   http://bbc.in/18v7F0p  #grooviosity!"},{"index":"378368094319964160","data":"Before the #squirrels were evicted http://instagram.com/p/eL7oapN6Yd/ "},{"index":"378368482737676288","data":"After the #squirrels were evicted. Beautiful! http://instagram.com/p/eL7zNfN6Ys/ "},{"index":"379308384744648704","data":"Door frame http://instagram.com/p/eSnSbSN6bS/ "},{"index":"378615455017365504","data":"IMG_5381361393787.jpeg http://flic.kr/p/fQfVMB "},{"index":"379400319366873088","data":"Super Brain http://instagram.com/p/eTRFNQN6WY/ "},{"index":"380177932758839296","data":"Traveling Feline http://instagram.com/p/eYyodrN6ZN/ "},{"index":"379364009629458432","data":"Maggie's Smile http://instagram.com/p/eTAjQ0t6bk/ "},{"index":"380178430408790016","data":"Heart of Cold, Cold Metal http://instagram.com/p/eYy4pvt6Zn/ "},{"index":"381515932885340160","data":"Doc Damask http://instagram.com/p/eiTJlQt6VQ/ "},{"index":"383211374283087872","data":"Apologies for the previous \"tweet\" someone hijacked my account briefly..."},{"index":"380191622606385152","data":"The Corner Zebra http://instagram.com/p/eY4y76t6fb/ "},{"index":"383787565603880960","data":"Crepuscular rays, Carter Pond http://instagram.com/p/eycADdN6Us/ "},{"index":"389191217319137280","data":"Challenger http://shar.es/EcUpI  via @sharethis"},{"index":"385554742401052672","data":"Atrium Smeary http://instagram.com/p/e-_zIKt6T6/ "},{"index":"390694586320162816","data":"Chicago cityscape rendering with new app pic.twitter.com/UreHnsr2RN"},{"index":"390694910824701954","data":"Chicago pano rendering pic.twitter.com/HLMDcxREeL"},{"index":"390996185332195328","data":"Check out my @aboutdotme page - http://about.me/sue.hawkins . Get yours now before all the names are gone. http://about.me "},{"index":"390728082250027008","data":"We're back, Earth! #WelcomeBackNASA pic.twitter.com/oot9b9QK6c"},{"index":"392113755833655296","data":"Hi @suehawkins."},{"index":"392146640712118272","data":"So awesome. #NACIS2013 @awoodruff pic.twitter.com/VfJfZud6Nz"},{"index":"392147165734137857","data":"At the top of Bristol Mountain in Canandaigua NY pic.twitter.com/gXUtx9tmmT"},{"index":"392326586458202112","data":"Kitten-02.jpg http://flic.kr/p/gRxJJV "},{"index":"392352676295753728","data":"Thing One needs a name! :-) http://instagram.com/p/fvTG1Ft6Tc/ "},{"index":"392529263100190720","data":"Thing One & Thing Two http://instagram.com/p/fwjaVFt6eS/ "},{"index":"392841728115240960","data":"@barrygrose hey stranger! How are things with you & the great big world o' art?"},{"index":"397384555042455552","data":"Sayer-Crewe House http://instagram.com/p/gTDMOlN6cP/ "},{"index":"398429038223822848","data":"Me! http://instagram.com/p/gaeDAQN6QJ/ "},{"index":"398430059138400256","data":"Lunch at the Florence Griswold House, Lyme CT with Susan Sayer... Lobster BLT! http://instagram.com/p/gaepcPt6Qz/ "},{"index":"395725191101161472","data":"What are you up to? Oh, I thought you were a chicken.  (12:15am - asleep)."},{"index":"398430901572759552","data":"Flying Monkey Whirlygig at the FloGris. So cool! http://instagram.com/p/gafGN2N6RK/ "},{"index":"399708585497595904","data":"@barrygrose hiya! Looking for a place to show a couple of pictures. You still in NYC?"},{"index":"399734213580046337","data":"@barrygrose not right now. I'd like to show out of the area but haven't shown much here..."},{"index":"398589842197454848","data":"New #USGS map of hydrothermally altered rocks of US Basin & Range 4 exploration #gold #copper & #silver  ASTER rocks!\nhttp://pubs.usgs.gov/of/2013/1139/ "},{"index":"401495943889309697","data":"How do you become an OB-GYN? You go to Uterus-ity! #badhumor @wenk @dovey_dee @baxterpm"},{"index":"400834326243598336","data":"\"@nbcnightlynews: Melting sea ice threatens polar bears’ survival. @annenbcnews reports: http://nbcnews.to/1eNKf8K \" #boohiss"},{"index":"401577101989801984","data":"Don't clean yourself out of existence."},{"index":"401578165778538496","data":"Shakespeare died of dirty dishes."},{"index":"401579046430982144","data":"No sooner has Guy Fawkes disappeared on the horizon than the Christmas stuff stands waiting in the wings."},{"index":"401580533815050240","data":"Did you feel you ought to comfort the dog?"},{"index":"402100968390524928","data":"Well maintained 1BR apartment available in #Derby #CT. Great location Pls RT - Thanks in advance! http://ow.ly/qM82V  #NHV #Shelton #rent"},{"index":"401582324690976768","data":"Kustwacht: View from the beach at Scheveningen. @MykeCole Dutch coastguard cutter! Sunset Day 12. #LDNAMS #fb pic.twitter.com/N5cOkWBdQN"},{"index":"402096726963916800","data":"\"@robmapmento: Lovely: @poppyandarthur print of the new paper cut map of York @Cafe68Gillygate pic.twitter.com/iiHtIsBfHJ”\" #Gorgeous !"},{"index":"402096951929618433","data":"\"@robmapmento: RT: @JoTweedy: Stay in a real-life doghouse...http://dailym.ai/1amTo3H  pic.twitter.com/9iZeAQ8tUP”\" @wenk"},{"index":"402101685264195585","data":"just finished reading a book that was neither a text book, nor a technical manual. must remember to do this more often."},{"index":"402630179086163968","data":"@americanuck ok HERE is the thing just made for you: http://bit.ly/1bz0W0Z  #duh"},{"index":"402647583044018176","data":"@americanuck ok HERE is the thing just made for you: http://bit.ly/1bz0W0Z  #duh"},{"index":"403001717538553856","data":"The Worst Jobs in Science and Three Awesome Ones http://ow.ly/qYT6b "},{"index":"402647806118076417","data":"@americanuck ok HERE is the thing just made for you: http://bit.ly/1bz0W0Z  #duh"},{"index":"402646786335973377","data":"@americanuck ok HERE is the thing just made for you: http://bit.ly/1bz0W0Z  #duh"},{"index":"404460497380343808","data":"Just posted a photo http://instagram.com/p/hFVLdaN6XJ/ "},{"index":"404086451723591680","data":"Flying Monkey Whirligig installation at the FloGris Lyme, CT #windmachines http://youtu.be/pTatOIlg9KI "},{"index":"404837044197015552","data":"Pre Villain Sketch http://instagram.com/p/hH8u1fkKBF/ "},{"index":"405177349412360193","data":"“@BHPhotoVideo: “Color Coded Candy by Emily Blincoe” http://bhpho.to/1bY48a4  via @Colossal” love it #obsessivecompulsive"},{"index":"404836640314490880","data":"“@OdessaAmerican: Winter weather wreaks havoc in Odessa http://fb.me/6voLCT7qV ”  #fb"},{"index":"406626620997251072","data":"@CedricLeighton Hi Cedric! hope you had a great T-giving. :-)"},{"index":"406923239290445824","data":"Shells-28 #flickstackr #waterlogue #love http://flic.kr/p/hYudi3  pic.twitter.com/qSu0j36Ht7"},{"index":"407370307352023040","data":"Camera Roll-288 #flickstackr #waterlogue #pozzuoli #napoli #fb http://flic.kr/p/i1GH2h "},{"index":"407417412619739136","data":"St botolph's #flickstackr #waterlogue @wenk #fb http://flic.kr/p/i1GLMU "},{"index":"407370832642859009","data":"St botolph's #flickstackr #waterlogue @wenk #fb http://flic.kr/p/i1GLMU "},{"index":"407760405398691840","data":"@waterlogueapp #watercolor #paestum temple of #Jupiter\n#fb pic.twitter.com/hhRkWYOrKC"},{"index":"407412751456567296","data":"St botolph's #flickstackr #waterlogue @wenk #fb http://flic.kr/p/i1GLMU "},{"index":"407415640647950336","data":"St botolph's #flickstackr #waterlogue @wenk #fb http://flic.kr/p/i1GLMU "},{"index":"407761033936109569","data":"@waterlogueapp watercolor #fb St Andrews Gt Durnford pic.twitter.com/Jc8Gjvt4NS"},{"index":"408107363267117056","data":"“@gisuser: Sanborn Map Company Purchases Visual Intelligence iOne n-Oblique Sensor System Solution… http://goo.gl/fb/zqdcL ” @WubbahGubbah"},{"index":"407761715204325377","data":"@waterlogueapp #watercolor #pantheon #rome pic.twitter.com/uPrXe65yvX"},{"index":"408766204900159488","data":"“@Medievalists: The codpiece: social fashion or medical need? http://ow.ly/ruXOC ”  #eew"},{"index":"408870516376629250","data":"“@mcgrouch: BBC's been considering how Union Jack flag would look without Scotland http://bbc.in/1ay92pM  #flags #travel #scotland”"},{"index":"408871003326918657","data":"“@LeVostreGC: Peraventure todaye shal be a Fyreflye marathon yn the Chaucer housholde.” @baxterpm"},{"index":"409364246548324353","data":"“@Myrmecos: It's Friday. You guys need a bright green beetle. pic.twitter.com/iDJFXRINIT” #fb"},{"index":"409365625031495680","data":"“@Gizmodo: Now you can explore gorgeous National Geographic maps with Google http://gizmo.do/WmOMi1r  pic.twitter.com/a7diV4BLie” #fb"},{"index":"409365351994908672","data":"“@HeritageDaily: Britain's lost Atlantis - Doggerland http://fb.me/3p0KWLzFj ” #fb"},{"index":"409850368063848448","data":"“@onlmaps: World map of rail gauges Source http://bit.ly/J39ve6 ” @wenk"},{"index":"409368746138943488","data":"“@PBSNature: Depictions of snowy owls have been found in cave paintings in Europe dating back 30,000 years. Wow! pic.twitter.com/ugRsLMcGtO”"},{"index":"410237049363783680","data":"Stonington Colors #Waterlogue http://instagram.com/p/huXgrat6fw/ "},{"index":"410249232851816449","data":"“@suehawkins: Stonington Colors #Waterlogue http://instagram.com/p/huXgrat6fw/ ” @waterlogueapp"},{"index":"410929248489058304","data":"“@mcwetboy: New blog post: How to Make a Fantasy Map http://goo.gl/fb/3q7aM ” #fb"},{"index":"410931713888768000","data":"“@LoveMeowdotcom: The cat lady starter kit has arrived! via http://imgur.com/3F2qZFh  pic.twitter.com/AryRbn9AH9” #fb"},{"index":"409204485073170432","data":"@waterlogueapp made this just for you and your \"Sample Horse\" #illustration #waterlogue #watercolor #pretty http://flic.kr/p/i8SWUL "},{"index":"411035635453943808","data":"“@SueBowman1: #WaterlogueApp This is the #itstechnical setting. http://instagram.com/p/hgNTnjzOrA/ ”  Nice!"},{"index":"411028625358868480","data":"“@LeVostreGC: IM IN UR BRIGHTESTE HEAVEN OF INVENCIOUN HELPINGE UR WARLIKE HARRY ASSUME THE PORT OF MARS” @WubbahGubbah"},{"index":"409366927232872448","data":"#Stop #animation #of #our #descent #into #Orlando #Florida #for #our #Disney #Cruise #Vacation. #See… http://instagram.com/p/hoDGsdKy-1/ "},{"index":"411354097770840064","data":"“@DrAntithesis: I was tweetjacked at punpoint.” @baxterpm #fb"},{"index":"411036144881528832","data":"“@EmrgencyKittens: Triplets. http://twitter.com/EmrgencyKittens/status/410983641133883392/photo/1pic.twitter.com/2XNUfVBv8V ” #fb"},{"index":"411358285724262400","data":"“I'm following @ETreharne because of #Beow100. Who doesn't want to hear #Beowulf in 100 tweets?” #OEAwesomeness"},{"index":"411374759738621952","data":"Albany NY Trestle No 1, 2013 @ Broadway, Albany NY http://instagram.com/p/h2dcmPN6e3/ "},{"index":"411352215186440192","data":"“@EmrgencyKittens: gossip reading time. http://twitter.com/EmrgencyKittens/status/411346021487505408/photo/1pic.twitter.com/rQ5gHDFXFE ” #fb"},{"index":"411380897011994624","data":"Trestle Bridge, North Albany NY 2013 @ North Albany Bridge http://instagram.com/p/h2gPOJt6Q7/ "},{"index":"411373758868623360","data":"Mystic Bridge Structure, 2013 @ Rte. 1, Mystic, CT http://instagram.com/p/h2c_c2t6em/ "},{"index":"411379873132056576","data":"Trusses, Edinburgh 1998 @ edinburgh, UK http://instagram.com/p/h2fxXIt6Qh/ "},{"index":"412750588909068289","data":"New Tapir! “@worldtapirday: Exciting news about the discovery of a new species of tapir in Brazil and Colombia. #fb\nhttp://fb.me/6pTY3c1kX ”"},{"index":"412233768997359616","data":"#Stop #animation #of #our #descent #into #Orlando #Florida #for #our #Disney #Cruise #Vacation. #See… http://instagram.com/p/hoDGsdKy-1/ "},{"index":"412751080083456000","data":"“@Flickr: We welcome @britishlibrary to The #Commons with over a million images for anyone to use! http://bit.ly/18LAtN3 ”” #fb"},{"index":"411389991416524801","data":"Mystic Bridge Structure 2, 2013 @ Rte. 1, Mystic, CT http://instagram.com/p/h2kX4qN6Tn/ "},{"index":"412819269106147328","data":"#Stop #animation #of #our #descent #into #Orlando #Florida #for #our #Disney #Cruise #Vacation. #See… http://instagram.com/p/hoDGsdKy-1/ "},{"index":"413425441634918402","data":"“@alloveralbany: In which Rocco shares a secret of the @DeFazios pizza crust http://alloveralbany.com/archive/2013/12/18/defazios-gets-a-tournament-of-pizza-trophy …” @wenk"},{"index":"413475300149035009","data":"“The Carolers of Night Vale. http://youtu.be/-HqRDanStKw  @NightValeFacts” #fb Jingle Hells"},{"index":"413554646855467008","data":"Oneida Lake Trees http://instagram.com/p/iF8vp_N6Zo/ "},{"index":"413472578666115072","data":"“How do you know you've made it in the world? When your face is on money. Wm Marcy made it on to the $1,000 bill pic.twitter.com/lA1Ax0pkIa” #fb"},{"index":"413555092873568256","data":"Star Fruit http://instagram.com/p/iF88oMt6Zz/ "},{"index":"414230188956721152","data":"What does the head say? Wongawongawongawonga #fb"},{"index":"414485241101688832","data":"“Fun fact: Gay marriage is now legal in every state Mitt Romney owns a home.  #utahmarriage” #fb"},{"index":"412811137923944448","data":"“@LateNightJimmy: We went looking for some of the worst holiday songs of the season, and we found 'em: http://ow.ly/rOgLL  @TD_Tommy"},{"index":"414493513657491457","data":"“@MapHugger: Best thing ever: William Shatner explains GIS. From 1987. https://www.youtube.com/watch?v=U3Hf0qI4JLc …” #fb"},{"index":"414658100424376320","data":"@ms_peterpan Loving your historical equine portraits! Where do you find them?"},{"index":"414816396514570241","data":"“Scientists Find Hormone-Disrupting Chemicals in Water at Colorado #Fracking Sites  http://ow.ly/rXgZs ” #fb"},{"index":"414827229898493953","data":"Has anybody got a picture of her back legs in puffy trousers?"},{"index":"414826392732196864","data":"“@Amazing_Maps: Lake Monsters of America (http://atlasobscura.com ) pic.twitter.com/yoObLc0eQw” Great map! #fb"},{"index":"414825319862763520","data":"“ This is still my favorite venn diagram: pic.twitter.com/9EgrLjpvgc” Hilarious! #fb"},{"index":"414828665684238336","data":"“@LateNightJimmy: From the #LNJF vault: The Headswap Christmas Murder Plot! https://www.youtube.com/watch?v=e9Ze0M4B8VM …” #fb"},{"index":"414828980219310080","data":"“ This is still my favorite venn diagram: pic.twitter.com/9EgrLjpvgc” Hilarious! #fb"},{"index":"414479617383079936","data":"“@jamster83: It gets funnier the longer you look at it... pic.twitter.com/1FuEtWZj7S” #fb"},{"index":"415338192640819200","data":"“if you are a fan of the Who Do You Think You Are? series, our friends at @TLC are airing a marathon Dec. 24th! http://ancstry.me/1c3ztUP ” #fb"},{"index":"414976106861559808","data":"“Iceland's hidden #elves delay road projects | AP The Big Story\nby Jenna Gottlieb http://bit.ly/1blflNV ” #fb"},{"index":"415609271108124672","data":"“@EmrgencyKittens: Every cat ever. http://twitter.com/EmrgencyKittens/status/415609150295801858/photo/1pic.twitter.com/kWJVtt229M ” #fb"},{"index":"414972707164266496","data":"“@Medievalists: Seven Medieval #Christmas Traditions http://ow.ly/rZZTM ” #fb"},{"index":"415739121605152768","data":"Happy Christmas to all the #Beow100 followers. And you thought Santa was coming..."},{"index":"415735702521798656","data":"“@DorsetScouser: @BBCStargazing 5 photos, stitched together, created this shot at Lulworth Cove, Dorset. pic.twitter.com/kj4tZwtY9v” #fb"},{"index":"416406045557542912","data":"Stonington Harbor (c)2013 s hawkins \nwaterlogueapp #waterlogue http://instagram.com/p/iaNaRRt6TY/ "},{"index":"416405379170713600","data":"Jerseys, New Lebanon (c)2013shawkins waterlogueapp #waterlogue http://instagram.com/p/iaNG3XN6TD/ "},{"index":"416509500703522816","data":"#beautiful #video #bubble #drops #the_abstract_collective… http://instagram.com/p/iaQCHFqy2F/  Hi there! This is incredible. Great job!"},{"index":"416422310799634433","data":"#beautiful #video #bubble #drops #the_abstract_collective… http://instagram.com/p/iaQCHFqy2F/  Hi there! This is incredible. Great job!"},{"index":"416711196268449792","data":"“@cartogeek: Al Obama Shakes #PoliticalBands” Thinking of Chip Davis. #fb"},{"index":"415994000961593344","data":"“@tinrocket: The Waterlogue blog site is not quite finished yet, but I just put up the first post: http://blog.waterlogueapp.com  #fb Awesome!"},{"index":"416713925812432896","data":"Itty-bitty Thing Two playing w/ new mouse toy - electronic squeaks = organic growls. #fb"},{"index":"416404035164336128","data":"Snagged from: @DrBrianMay Pic from http://is.gd/Gerald_Rhemann  More HiDef pic http://is.gd/Lovejoy3D  pic.twitter.com/oikaJDkPs1 #fb"},{"index":"416714653944004609","data":"With sword, the hero struck her head, but to no avail. Grabbing her hair, he fought hand-to-hand. She threw him down & drew a knife #Beow100"},{"index":"416795093303955457","data":"Cheap plastic space toys, crumpled paper, and a flashlight. Painted in #Waterlogue http://instagram.com/p/icuLlzRjM3/ "},{"index":"416796302928646144","data":"“@JamieDMJ:  pic.twitter.com/Ojgeab4ZGd” Terrific info graphic of a Cricket. #Awesome #fb"},{"index":"416797602298863617","data":"Cheap plastic space toys, crumpled paper, and a flashlight. Painted in #Waterlogue http://instagram.com/p/icuLlzRjM3/ "},{"index":"417235778159124480","data":"Tonight in Victoria's inner harbor #yyj http://instagram.com/p/ifmOUNkulK/ "},{"index":"417235957281062912","data":"“@LeVostreGC: What ys a pyrates favourite fantasye author? J Arrrrr Arrrrr Tolkien.” #fb"},{"index":"417234382030520320","data":"@MoRocca: Egypt wants its Rosetta Stone back! (The tablet, not language tapes) My report on Art Repatriation tomorrow @CBSSunday Morning #fb"},{"index":"417236360185913344","data":"More of my owl friend. #Waterlogue http://instagram.com/p/ifsFRvxjME/ "},{"index":"417471879075487745","data":"So this is the \"reindeer\" I hear so much about?? @harperestelle @ChelsieGosk #education pic.twitter.com/1lSyyeX19X"},{"index":"417871816158240768","data":"“@EmrgencyKittens: Being a kitten is pretty tough. http://twitter.com/EmrgencyKittens/status/417833787033395200/photo/1pic.twitter.com/VTAs1M8FMk ” #fb"},{"index":"418623261833195520","data":"“@EmrgencyKittens: Beware... of vampire cat! http://www.sulia.com/c/animals/f/49bae990-ab59-46e8-8db2-c1a1e779a2f3/?source=twitter …” #fb"},{"index":"418258895123910659","data":"Safe, ethical, caring and happy 2014 to all."},{"index":"418623994611261440","data":"The mess is me. I am the mess.  #selfie #blackandwhite #eyestrain #portrait_design #geek #artistic… http://instagram.com/p/iprWJeqyxs/ "},{"index":"417237306467053568","data":"Using the @WaterlogueApp from @tinrocket  on a picture I recently took of a sunset in Mexico. Thoughts? #Waterlogue pic.twitter.com/S04h2d6Og0"},{"index":"418670452588818433","data":"“@sirthopas: Viking spare tyre pic.twitter.com/lenzHpFE0E” #fb"},{"index":"418669211880538112","data":"The mess is me. I am the mess.  #selfie #blackandwhite #eyestrain #portrait_design #geek #artistic… http://instagram.com/p/iprWJeqyxs/ "},{"index":"418940121765785600","data":"“Fascinating: How corpses—yes, corpses—helped shape the London Underground: http://gizmodo.com/how-corpses-helped-shape-the-london-underground-1493312117 …” #fb"},{"index":"418935322374717440","data":"“@jr_carpenter: The most overwrought storm map of the day http://bbc.in/19MBXXY  & pic.twitter.com/Rs479sL5kX” #fb"},{"index":"418673647964798976","data":"“@hillaryssteps: Buck's Panorama of London, plate 5: Old Street Church to the Tower of London (1749) pic.twitter.com/xUwXqn2o5x” #fb"},{"index":"418941453725749250","data":"Created with @WaterlogueApp . New favourite i-Gadget app! :-) pic.twitter.com/5ykP96nF0D"},{"index":"418942593058082816","data":"This started as a picture of a wall of bubbles that is a feature of the French Champagne bar called Oh… http://instagram.com/p/isHvWWqyx2/ "},{"index":"418943954961174528","data":"@Bill_Ellsworth Also terrific!"},{"index":"419078395058614272","data":"“@Sarah_Peverley: Free online version of Doomsday Book: http://domesdaymap.co.uk ” #fb"},{"index":"418946040860262400","data":"“@Withiphone4s: Painted in #Waterlogue pic.twitter.com/xpqDzWMUoq” Amazing image! #fb"},{"index":"418945533646868482","data":"Sunset processed with the amazing #waterlogue app by @tinrocket http://instagram.com/p/iC6HBXIRxk/ "},{"index":"419281234460962817","data":"@bill_fargo Happy tweeting!"},{"index":"418943791685320705","data":"@Bill_Ellsworth Terrific!"},{"index":"419584339584634881","data":"“@SciencePorn: pic.twitter.com/l2pb8M5Fg2” Medically hilarious! #fb"},{"index":"419587144961646592","data":"“@instructables: iPad Carry Case http://itbl.es/1l9xiHt ” #HowTo #fb"},{"index":"419286812595453952","data":"Splendor Solis: http://www.bl.uk/catalogues/illuminatedmanuscripts/results.asp … #fb"},{"index":"419589638160781312","data":"“@PBSNature: 2 main types of ducks: \"dabblers\"  & \"divers\" - what's the difference? http://to.pbs.org/SQqhLM  pic.twitter.com/oGOXc7boLu” #fb"},{"index":"419762205618618368","data":"“@ http://twitter.com/EmrgencyKittens/status/419680959186096128/photo/1pic.twitter.com/aKgwyyUfmm ” Bluth’s Original Frozen Banana Cat #fb"},{"index":"419786161226145792","data":"always liked this painting by Eleanor Fortesque Brickdale  (1871-1945 ) pic.twitter.com/KHA9GeRd1y"},{"index":"77529764876926976","data":"I'm on the Elmwood Strip in Buffalo. Strangely, it doesn't feel like Buffalo. Feels kinda west-coasty."}]