[{"index":"106084054952198145","data":"¿Necesitas aprender o mejorar tu Inglés? - Ingles Intensivo en Septiembre : http://viadeo.com/s/aKgE1 "},{"index":"111357137728442368","data":"Por si les interesa mejorar o aprender Ingles...., esta promocion solo dura 13 hs mas!!!! - -  http://www.groupon.es/in/,807384 "},{"index":"111384800690053120","data":"Por si les interesa mejorar o aprender Ingles...., esta promoción solo dura 1 hs mas!!!! - - http://viadeo.com/s/MDFtC2?affiliate=14&utm_source=Viadeo-Twitter-back&utm_medium=Twitter_sync&utm_term=MB&utm_campaign=Social_networks …"},{"index":"106062869413642240","data":"Ingles Intensivo (40hs) en Torrent (VLC) - http://viadeo.com/s/MmOrD "},{"index":"111386303647588352","data":"Por si les interesa mejorar o aprender Ingles...., esta promocion solo dura 13 hs mas!!!! - - http://www.groupon.es/in/,807384 "},{"index":"119714700979212288","data":"\"En la mayoría de los colegios enseñan spanglish, no inglés\" | Kallejeo Torrent http://torrent.kallejeo.com/sociedad-en-torrent/entrevista/entrevista-academia-ingles-nativo-central-point-metodo-directo-callan-torrent-marcela-mattenet … via @k_torrent"},{"index":"14225742025","data":"Networking @ día de las personas emprendedora"},{"index":"119872360324136960","data":"He publicado una foto nueva en Facebook http://fb.me/Lqtk31eW "},{"index":"131813898948055040","data":"Os cuento que Central Point esta participando en un Projecto Europeo Leonardo Da Vince, para crear un curso... http://fb.me/1fby5FlSm "},{"index":"15423401728","data":"hay alguien que entienda Joomblo por valencia??? necesito un poco de ayuda mm@centralpoint.es"},{"index":"13262644522","data":"Visite NETWORKING DIA DE LA PERSONA EMPRENDEDORA DE LA COMUNIDAD VALENCIANA en amiando en http://www.amiando.com/tw/BHHAGUT/271214709"},{"index":"15423502470","data":"Necesito ayuda con joombla hay alguien que me pueda ayudar?? mm@centralpoint.es"},{"index":"15860418708","data":"http://www.facebook.com/photo.php?pid=210061&l=1710e9d3d3&id=128476260507099"},{"index":"1577378962","data":"Busco empresas que puedan estar interesadas en nuestros servicios Linguisticos y de traduccion."},{"index":"15862549285","data":"I posted 16 photos on Facebook in the album \"Clases de repaso\" http://fb.me/vwnJQXXc"},{"index":"15862876864","data":"I posted 9 photos on Facebook in the album \"Clases Ingles Callan (adultos)\" http://fb.me/ADxWRiJJ"},{"index":"15863096309","data":"I posted 6 photos on Facebook in the album \"Clases de Español como segunda lengua\" http://fb.me/zbN91pZs"},{"index":"15863294150","data":"I posted 6 photos on Facebook in the album \"Nuestra Inaguracion  Enero 2005\" http://fb.me/zeJbZf8a"},{"index":"15864968540","data":"http://www.facebook.com/photo.php?pid=210128&l=06d6cfb8f8&id=128476260507099"},{"index":"15865015963","data":"http://www.facebook.com/photo.php?pid=210129&l=5b87c752e8&id=128476260507099"},{"index":"162863752314757120","data":"LinkedIn Events: Ingles A1 Intensivo - Los Sábados de Febrero a Junio en Torrent http://linkd.in/y78YCa "},{"index":"15866956776","data":"<fb:comments numposts=\"10\" width=\"550\"></fb:comments> http://fb.me/BS0aCa5S"},{"index":"162614439873478657","data":"Quieres aprender o mejorar tu ingles? Aprovecha y se el primero en apuntarte!!!!!... http://fb.me/1rs0g9mfl "},{"index":"162882574748893184","data":"Ingles A1 - Intensivo - Sabados de Febrero a Junio - En Torrent  - http://viadeo.com/s/21yLO "},{"index":"162882750821564417","data":"Ingles A1 - Intensivo - Sabados de Febrero a Junio - En Torrent  - http://viadeo.com/s/87ERU "},{"index":"162882280048689152","data":"Ingles A1 - Intensivo - Sabados de Febrero a Junio - En Torrent  - http://viadeo.com/s/TSplF "},{"index":"16312602024","data":"No te pierdas Ingles Callan intensivo en Julio a 290€ - Informate 96109667"},{"index":"164335613603094528","data":"recomienda http://www.xing.com/events/861594  en XING. Quedan muy pocos días para apuntarte al curso intensivo de Ingles de los Sábados. ..."},{"index":"16790232327","data":"Check out this site: Sailing on Condor -- http://bit.ly/blGFt0"},{"index":"17324533780","data":"I'm attending 2nd InterNations Get-Together in Valencia  - http://www.internations.org/events/view/8693"},{"index":"17259396445","data":"I'm attending 2nd InterNations Get-Together in Valencia  - http://www.internations.org/events/view/8693"},{"index":"17645630750","data":"Wondering why people think that studying a second language is a luxury and not a necessity, especially nowadays that we all are European…."},{"index":"177001671040303105","data":"¿Estas pensando en aprender ingles en Inglaterra? si es así ven a vernos, te organizamos todo para que vayas como... http://fb.me/1wzeIRQPg "},{"index":"18056142930","data":"Fancy sailing in Denia this summer?? http://sailingoncondor.blogspot.com"},{"index":"18101722948","data":"Fancy sailing in Denia (Spain) this summer?? Sail with us: http://sailingoncondor.blogspot.com"},{"index":"184365340136964096","data":"¡¡¡Ya estamos justo frente al metro Torrent Avenguda!!! A partir de hoy estamos en un punto mas accesible para... http://fb.me/1aP8yR7k1 "},{"index":"20013320690","data":"SEPTIEMBRE - Curso Intensivo de Ingles Nivel 2 - En Torrent - de Lunes a Jueves de 1930 a 2130hs - 290€ - Informate: info@centralpoint.es"},{"index":"213231389745745920","data":"#Evento interesante en #Torrent: Ingles Intensivo Julio (66hs) o Septiembre (60hs)  en Torrent - http://xing.com/r/Z1NZS  Aprovecha el ver..."},{"index":"192584860181868545","data":"Aun hay tiempo para apuntarse a Ingles o a clases de repaso si es lo que necesitas - Estamos justo al frente del... http://fb.me/1xQ6QLp7r "},{"index":"213259516261842944","data":"¿Necesitas aprender o mejorar tu Inglés?\n\nAprovecha el mes de Julio o Septiembre para hacer un curso Intensivo... http://fb.me/xKhuKZBH "},{"index":"213254149435961344","data":"He publicado 6 fotos en Facebook en el álbum \"\". http://fb.me/1HAukj7ZS "},{"index":"21663435167","data":"Looking for a Native English Teacher, mondays to Friday 17 to 19hs - Classes in TORRENT. Please mail CV info@centralpoint.es"},{"index":"220836606171561986","data":"Tenemos la visita de los Socios Europeos del Proyecto Leonardo y mucho trabajo! http://www.correspond.eu "},{"index":"21485877098","data":"SEPTIEMBRE - Curso Intensivo de Ingles Nivel 2 - En Torrent - de Lunes a Jueves de 1930 a 2130hs - 290€ - Informate: info@centralpoint."},{"index":"222665699959640064","data":"Valencia Community: First a Building Spree, Now the Ax Is Falling - Pittsburgh Post-Gazette http://www.post-gazette.com/stories/news/world/first-a-building-spree-now-the-ax-is-falling-643970/ … via @pittsburghpg"},{"index":"223699066712887298","data":"Los 4 grupos de ingles intensivo están trabajando y aprendiendo muy bien!! Vamos chicos que solo falta medio mes y ya termináis!!!"},{"index":"243652989649309696","data":"Las clases ya han empezado esta semana, no dejes para mas tarde el apuntarte que los grupos son reducidos!"},{"index":"245558433481383937","data":"¿Qué es el Método Callan?\nTu método para aprender inglés en tres pasos\n\n1.º Escucha y habla\n\n2.º Repasa y... http://fb.me/2msviFCQa "},{"index":"243665978955808768","data":"Las clases de Ingles ya han empezado esta semana, no dejes para mas tarde el apuntarte que los grupos son reducidos!"},{"index":"238221140915539968","data":"He publicado una foto nueva en Facebook http://fb.me/KSvgapzo "},{"index":"245578219334557696","data":"CALLAN METHOD http://fb.me/1RCoerNov "},{"index":"245127601176338432","data":"El 17 comenzamos las clases de los niños y jóvenes. No olvidéis que los niños de 3 años vienen gratis!"},{"index":"24644628756","data":"Aprenda ingles con el mejor Metodo Directo - Callan, para clases informate 961097667 - www.centralpoint.es"},{"index":"245830926586753024","data":"¿Necesitas prepararte para el B1 (PET)? Las clases son los martes y jueves de 19.30 a 20.30. Podrás dar el examen... http://fb.me/25jefMTFD "},{"index":"245578440101748737","data":"Opinon de un alumno Español estudiando ingles con el Metodo Callan en Londres http://fb.me/20qBnB1Cm "},{"index":"248841423657525251","data":"Central Point Academia http://www.vulka.es/empresa/central-point-academia_1462060.html …"},{"index":"253203502774505472","data":"¿Estas buscando clases de Aleman, Frances u otros idiomas? Llámanos que te informamos de nuestros cursos."},{"index":"250602021630115841","data":"Para los que nos han preguntado sobre los grupos de conversación en Ingles: \n- Comienza en Octubre \n- gratuito... http://fb.me/13exezO4U "},{"index":"268641751126904832","data":"L´HORTA SUD . L´Horta : La Academia de inglés ‘Central Point’, una realidad gracias al asesoramiento http://fb.me/Mfw7n5cQ "},{"index":"268642098071367681","data":"La Academia de inglés ‘Central Point’, una realidad gracias al asesoramiento prestado por la Mancomu http://fb.me/1IE7zxTpX "},{"index":"248843713202237440","data":"Marcela Mattenet: \"En la mayoría de los colegios enseñan spanglish, no inglés\" http://fb.me/XAdHVRFa "},{"index":"281100243561484288","data":"Resolucion de año nuevo..\"Sacarme el B1\" http://fb.me/vljF9X2X "},{"index":"285103102984613888","data":"Si estas pensando en estudiar o trabajar en Inglaterra esto es para ti! http://fb.me/2s9vTLFNO "},{"index":"286874341503811584","data":"Decite a sacar el B1, nosotros te ayudamos a prepararlo con un curso intesivo de 1 mes. Comienza todos los meses. Informate: 96 109767"},{"index":"288019612174524416","data":"Preparate para sacar el B1 http://fb.me/1UjUfAiNc "},{"index":"287173877757521922","data":"Si tu resolucion de año nuevo es sacarte el B1...no te lo piences mas y aprovecha nuestros cursos intensivos... http://fb.me/1ua5xrAyP "},{"index":"294078879549771776","data":"Ofrecemos la oportunidad de hacer este curso de E-Learning GRATUITO a aquellas empresas de Torrent que quieren... http://fb.me/1wPeI9Uv1 "},{"index":"291559113392013313","data":"La crisis y el paro apremian a los españoles a estudiar por fin inglés http://fb.me/tMtf8eVc "},{"index":"291906086263480320","data":"Y me pregunto...¿que dicen las estadisticas sobre la Comunidad Valenciana? http://fb.me/28ah6GTCF "},{"index":"295963141433597952","data":"¡Importantísimo el aprendizaje de idiomas! http://fb.me/1v6pZRYgz "},{"index":"296744068103426048","data":"Ya son 16 las personas apuntadas! http://fb.me/VRsGC1TF "},{"index":"294087668889944065","data":"Ofrecemos la oportunidad de hacer este curso de E-Learning GRATUITO a aquellas empresas que quieren vender sus... http://fb.me/1R051KxiU "},{"index":"298174277339979776","data":"¿Estas pensando en estudiar y trabajar en el Reino Unido? http://fb.me/1vIBpAvL0 "},{"index":"298147613570637824","data":"http://www.laguiadetorrent.com/la-gu%C3%ADa/oportunidades/140-central-point/160-preparaci%C3%B3n-para-el-examen-b1 …"},{"index":"29920051083608064","data":"La cuesta de enero se parece a la subida al himalaya!!"},{"index":"298179253277696002","data":"¿Estas pensando en estudiar y trabajar en el Reino Unido? http://fb.me/2edQGTaFA "},{"index":"302119320018894848","data":"¡¡COMENZAMOS EL MIRCOLES!! http://fb.me/2uVYpmdPC "},{"index":"305430936365965312","data":"http://fb.me/2acfPg3Yw "},{"index":"306092006088773632","data":"Estamos preparando para el sabado los juegos y actividades en Ingles http://fb.me/2cEtT9aDm "},{"index":"31336692442992640","data":"Que nos pasa que no miramos al mercado exterior como posiblidad de expandir nuestros negocios? No sera por no hablar ingles????"},{"index":"316627434504069121","data":"He publicado una foto nueva en Facebook http://fb.me/2jIQBLWBv "},{"index":"320821135333801984","data":"http://www.vlcnews.es/secciones/opinion …"},{"index":"308891852717826048","data":"Via @nprnews: Speaking More Than One Language Could Prevent Alzheimer's http://n.pr/10iY1dd "},{"index":"320154464201875456","data":"He publicado una foto nueva en Facebook http://fb.me/OM61C5VU "},{"index":"328892388103835648","data":"He publicado una foto nueva en Facebook http://fb.me/RY3Iw8aD "},{"index":"329267008980008960","data":"He publicado una foto nueva en Facebook http://fb.me/210kA9Tl2 "},{"index":"332064339790004225","data":"No pierdas la oportunidad de sacarte el B1!!  Las clases empiezan mañana jueves...apuntate. http://fb.me/2ffbWDpBK "},{"index":"332135628529614850","data":"Find out what will stop the next Bangladesh factory collapse - and how @hm & @gap can make it happen https://secure.avaaz.org/en/crushed_to_make_our_clothes_pop/?wrieHab …"},{"index":"330439863906226176","data":"http://fb.me/BtHF0NrW "},{"index":"342693219324280832","data":"Si tu Ingles sigue sin mejorar..... no te lo pienses mas y aprovecha nuestros intensivos de verano! http://fb.me/19GAr6uNN "},{"index":"337595634175598593","data":"En respuesta a las nuevas directrices de FACEBOOK: por la presente declaro que mis derechos de autor son todos... http://fb.me/24YzvyvAD "},{"index":"351428985470713856","data":"Comienzan esta semana!!! http://fb.me/DuJvBf5X "},{"index":"372366843173797889","data":"Hola a tod@s ! Ya casi llega Septiembre..es tiempo de nuevo retos ! ¿te apuntas para aprender o perfeccionar tu inglès?"},{"index":"372786062441320448","data":"Podemos crear un futuro muy favorable para nuestro País: proporcionando a nuestros hijos las mejores formaciones... http://fb.me/6kkEKU48b "},{"index":"379672050459484160","data":"¿Buscas clases de Aleman? ya tenemos nivel 1 & 2. Informate 961097667"},{"index":"373918133431451648","data":"http://fb.me/1CGhYrVeD "},{"index":"374948798055084032","data":"¿Tienes todo listo ya para la vuelta al cole? y , ¿el apoyo escolar? Pregunta a Central Point como puedes ayudar a... http://fb.me/Sn1FyCbY "},{"index":"345535191672037377","data":"The Islamic future of Britain - The Commentator: http://www.thecommentator.com/article/3770/the_islamic_future_of_britain#.UbscNhFtb_4.twitter … via @TheCommentator"},{"index":"379719053411356672","data":"En este folleto puedes consultar las primeras informaciones para el apoyo escolar. Después de leerlo llama... http://fb.me/2DjS5BaaH "},{"index":"379719700164640768","data":"Y aquí más informaciones prácticas para cada objetivo pedagógico . Ven a comentarnos tus objetivos y te guiaremos... http://fb.me/L5ahUj7o "},{"index":"381718465544867841","data":"¡Aprende, piensa y habla Inglés de forma rápida y divertida con el Método Callan! ***Aprendizaje garantizado**** http://fb.me/374GrBdHO "},{"index":"379955847658766336","data":"¿sabías que en Central Point puedes también aprender o perfeccionar el francés? Es decir la 2ª lengua más... http://fb.me/XHt6J1po "},{"index":"383572733654999040","data":"¿Sabes qué es el método Callan?  Este método es prácticamente oral, con preguntas y respuestas guiadas que se van... http://fb.me/MjyQuYWR "},{"index":"382844431541350400","data":"No te olvides que estamos abiertos de 10 a 14 y 16 a 20 hs para darte toda la informacion que necesites sobre... http://fb.me/142evNBUI "},{"index":"383974020841869312","data":"Como parte de un proyecto de formacion Leonardo da Vinci de la Union Europea, Central Point junto a sus socios de... http://fb.me/UImZnyM7 "},{"index":"383974789024477184","data":"Como parte de un proyecto de formacion Leonardo da Vinci de la Union Europea, Central Point junto a sus socios de... http://fb.me/2S7n5JkYn "},{"index":"392206171123511296","data":"Central Point es una entidad organizadora de acciones sujetas al sistema de bonificaciones de la Fundación... http://fb.me/OJfayWwo "},{"index":"397754158683394048","data":"http://www.expansion.com/2013/11/04/emprendedores-empleo/1383603405.html?a=1b1bbfc191af2654c117c207c0d7ef2b&t=1383 …... http://fb.me/2s3I4sfDX "},{"index":"384667260893536256","data":"Gracias a todas las personas que están indicando que les gusta Central Point. Con vuestra ayuda podemos ir... http://fb.me/2WGCP3xst "},{"index":"404220737445056513","data":"Buscamos gente que quiera participar con una mesa en la Feria de Navidad del International Women's Club,... http://fb.me/2RyGrwe04 "},{"index":"397751295450181633","data":"Intersante articulo: http://cincodias.com/cincodias/2013/05/17/mercados/1368818715_157616.html?rel=rosEP … http://fb.me/1K2Jfdn5U "},{"index":"404222435085414401","data":"Educación valida títulos no oficiales de inglés para atender la enseñanza trilingüe http://fb.me/2Ii6CipyS "},{"index":"5216841836269568","data":"I have a friend's son in London looking to do a month (till  22nd dec) of work experience in any company. He is studding business managemen…"},{"index":"5558959725","data":"Looking for an English (Native) teacher immediately start for children classes (every day) in Torrent.. email your CV, info@centralpoint.es"},{"index":"414096786953748480","data":"He publicado una foto nueva en Facebook http://fb.me/PV0PFTMg "},{"index":"5622486054","data":"I might found a teacher!!!"},{"index":"418827920207908864","data":"ÉSTA SÍ DEBERÍA SER UNA DE ESAS CADENAS QUE NO SE DEBE ROMPER, PORQUE SÓLO NOSOTROS PODEMOS PONERLE REMEDIO A... http://fb.me/1b6hsmJSu "},{"index":"414096486884835329","data":"He publicado una foto nueva en Facebook http://fb.me/2ySKHbOoc "},{"index":"6108535251","data":"I love them! mainly use them when doing driving. Which ones?? well...when in UK I get then in the charity shops so its pop luck!"},{"index":"6117811581","data":"Looking for more translation/simultaneous translation work!!"},{"index":"6341315273","data":"This Saturday CHRISTMAS FAYRE (12pm ‘till 8pm) at the Bar de los Jubilados (next to Ayuntamiento) in PEDRALBA. More info Susan: 606 517 656"},{"index":"70141698394685440","data":"Aprender Inglés este julio o durante todo el año en Londres, Pincha: http://www.centralpoint.es/phplist/uploadimages/Colonia%20Oxford.jpeg"},{"index":"78766539746189312","data":"He sincronizado mis cuentas Twitter y Viadeo http://viadeo.com/s/pMbhh"},{"index":"85357156857163777","data":"¿Necesitas aprender o mejorar tu Inglés?\nAprovecha el mes de Julio para hacer un curso Intensivo (40hs)\nMetodo... http://fb.me/YyeFD4Ll"},{"index":"6427408153","data":"Necesito gente que quiere practicar su ingles con nativos. Los intercambios son los miercoles de 19 a 20.30hs en Torrent. mm@centralpoint.es"},{"index":"85358822167810051","data":"Colonia para niñ@s en Inglaterra http://fb.me/T6s2ZkAw"},{"index":"74540591207292928","data":"Me pregunto...si la contribution como autonomo fuese menos de 100€ all mes habria menos economia sumergida??"},{"index":"85373151453786113","data":"He publicado una foto nueva en Facebook http://fb.me/QdtqHxbk"},{"index":"85374494163746816","data":"Taller de Verano en Ingle para niños de 4 a 12 años http://fb.me/15cKvjTum"},{"index":"9581594502","data":"I's looking for a software for mass mailing, any suggestions???"},{"index":"85974507185127424","data":"Quieres retomar el Ingles que aprendistes en el colegio y mejorarlo??? APuntate a nuestro CURSO INTENSIVO EN JULIO... http://fb.me/IHgQ77JT"},{"index":"8849588388","data":"19th feb, 1st InterNations in Valencia get together event! Interested? www.internations.com, join in & look for Valencia group & events."},{"index":"8962327530","data":"Organizando el  1er evento de www.internations.com en Vlc. El 19, ¿te interesa? apuntate en la web, busca el grupo Valencia y luego eventos."},{"index":"97729651694243840","data":"¿Necesitas aprender o mejorar tu Inglés?  - http://viadeo.com/s/7kM3Y"},{"index":"98429565537492992","data":"He ganado en Viadeo un mes gratis Premium por invitar"}]