[{"index":"180508001923366912","data":"@AP: UCLA professor wins $250K computing prize for AI. http://apne.ws/FORfer%0A "},{"index":"179544795901997056","data":"AT&T Expands LTE Coverage To New Orleans, Cleveland, More http://pulse.me/s/6VcP1 "},{"index":"177471904507117568","data":"Updated Version Of iOS Shipping Today With New Languages For Siri http://www.businessinsider.com/ios-siri-japanese-2012-3?utm_source=twbutton&utm_medium=social&utm_campaign=tools … via @sai_tools"},{"index":"180252588824993794","data":"“@VolokhConspirac: (Sasha Volokh) http://bit.ly/xysHxV ” [An entertaining way to remember Pi]"},{"index":"179182903530504192","data":"Sign language 'turned into text' http://pulse.me/s/6SxAS  (Braille conversion next?)"},{"index":"180640843248578561","data":"The Navy Is Getting Its Forces Ready For Iran In The Strait Of Hormuz http://www.businessinsider.com/the-navy-is-getting-its-forces-ready-for-iran-in-the-strait-of-hormuz-2012-3?utm_source=twbutton&utm_medium=social&utm_campaign=defense … via @BI_Defense"},{"index":"181849493040414720","data":"Draw Something Is Pummeling Zynga's Top Mobile Game http://www.businessinsider.com/chart-of-the-day-words-with-friends-2012-3?utm_source=twbutton&utm_medium=social&utm_campaign=sai … via @sai"},{"index":"181049798814744576","data":"Military Industrial Complex  http://www.businessinsider.com/top-25-us-defense-companies-2012-2?op=1 …"},{"index":"181848524433006592","data":"Here Are The Amazing Kiva Robots That Amazon Just Bought For $775 Million http://www.businessinsider.com/here-are-the-amazing-kiva-robots-that-amazon-just-bought-for-775-million-2012-3?utm_source=twbutton&utm_medium=social&utm_campaign=sai … via @sai"},{"index":"182222218057625600","data":"I said LIFTED off... There were no floats involved. RT @rrayyye \"I don't think Atlantis sank...I think it...floated off\"-Giorgio @tsoukalos"},{"index":"184287387097116672","data":"Asia Is Undergoing One Of The Fastest Military Buildup On The Planet http://www.businessinsider.com/military-spending-in-southeast-asia-is-skyrocketing-2012-3?utm_source=twbutton&utm_medium=social&utm_campaign=defense … via @BI_Defense"},{"index":"182799001500913664","data":"REPORT: The Next iPhone Will Have A Larger 4.6-Inch Display http://www.businessinsider.com/report-the-next-iphone-will-have-a-larger-46-inch-display-2012-3?utm_source=twbutton&utm_medium=social&utm_campaign=tools … via @sai_tools"},{"index":"185490435295289345","data":"11 Disgusting Ingredients You Eat Every Day That Food Companies Don't Talk About http://www.businessinsider.com/11-disgusting-ingredients-that-arent-advertised-in-food-2012-3?utm_source=twbutton&utm_medium=social&utm_campaign=advertising … via @BI_Advertising"},{"index":"185223492797603840","data":"House Votes Against Facebook Password Amendment http://pulse.me/s/7vb42 "},{"index":"187248798425288704","data":"These Are The Best Countries In The World http://www.businessinsider.com/these-are-the-best-countries-in-the-world-2012-4?utm_source=twbutton&utm_medium=social&utm_campaign=bi … via @businessinsider"},{"index":"187304198424104960","data":"5th Circuit Court Dares Obama's Justice Department To Answer Whether Courts Can Strike Down Laws http://www.businessinsider.com/5th-circuit-court-dares-obamas-justice-department-to-answer-whether-courts-can-strike-down-laws-2012-4?utm_source=twbutton&utm_medium=social&utm_campaign=politics … via @bi_politics"},{"index":"187582958171979777","data":"IT'S REAL: Check Out What It's Like Using Google's Crazy Computerized Glasses http://www.businessinsider.com/check-out-what-its-like-using-googles-crazy-computerized-glasses-2012-4?utm_source=twbutton&utm_medium=social&utm_campaign=tools … via @sai_tools"},{"index":"187654457763442688","data":"Most police track phones' locations without warrants - http://frommobile.cnn.com/3ZfyTK "},{"index":"187588189412802561","data":"Apple retains master decryption key for iCloud http://pulse.me/s/7LYyV "},{"index":"187695642947239936","data":"There's Ammonia In Plenty Of Food, Not Just Pink Slime http://www.businessinsider.com/theres-ammonia-in-plenty-of-food-not-just-pink-slime-2012-4?utm_source=twbutton&utm_medium=social&utm_campaign=warroom-contributor … via @bi_contributors"},{"index":"188122694561181696","data":"I just unlocked the Level 2 \"JetSetter\" badge on @foursquare! In it to win it! http://4sq.com/HrQGsi "},{"index":"188286756821540865","data":"Here's Why Employers Can Get Away With Firing Pregnant Women http://www.businessinsider.com/employers-can-legally-fire-pregnant-women-2012-4?utm_source=twbutton&utm_medium=social&utm_campaign=careers … via @BI_Careers"},{"index":"188126045482921984","data":"@Reuters: Internal NBC News probe determined \"seasoned\" producer to blame for misleading clip of Sanford 911 call http://reut.rs/IaIAHW "},{"index":"188484309374611456","data":"News from @AP: Calif. artist Thomas Kinkade dies at age 54. http://apne.ws/HwOv6J%0A "},{"index":"188792091072147457","data":"These Pantry Items Are Most Likely To Be Total Frauds  http://www.businessinsider.com/guess-which-item-in-your-pantry-is-most-likely-to-be-fraudulent-2012-4?utm_source=twbutton&utm_medium=social&utm_campaign=yourmoney … via @BIYourMoney"},{"index":"188522455655133184","data":"Facebook And Dropbox Apps Vulnerable To Security Hole http://pulse.me/s/7TjJl "},{"index":"188917874079969280","data":"Checkout AppBundle for iPhone! Get 200+ Apps in 1, Including Games, Utilities, Camera and Entertainment Apps. http://tiny.cc/appbundle "},{"index":"189229253198495744","data":"Facebook and Dropbox iOS Apps to Get Security Fixes http://pulse.me/s/7Vre7 "},{"index":"188912260113121280","data":"Disruptor Technology Alert! Meet Siri's Less Popular Sister: Trap.it http://www.businessinsider.com/trapit-personalized-news-reader-grew-out-of-same-program-that-created-siri-2012-4?utm_source=twbutton&utm_medium=social&utm_campaign=sai … via @sai"},{"index":"189040820211564544","data":"News from @AP: Mike Wallace, '60 Minutes' star interviewer, dies. http://apne.ws/HnyK2w%0A "},{"index":"189232878167654401","data":"Five Best Bluetooth Headsets [Hive Five] http://pulse.me/s/7XkE1 "},{"index":"189230984032563201","data":"Hotel Caught Injecting Banner Ads on “Complimentary” Wi-Fi Network http://pulse.me/s/7X7DJ "},{"index":"189237925756674050","data":"29 Easter eggs in your iPhone.  http://www.businessinsider.com/iphone-tips-and-tricks-2012-4 …"},{"index":"189373379411853312","data":"Amazon's Security System Is Making It Easy To Use Stolen Credit Cards http://www.businessinsider.com/amazons-security-system-makes-it-easy-to-use-a-stolen-credit-card-2012-4?utm_source=twbutton&utm_medium=social&utm_campaign=yourmoney-contributor … via @bi_contributors"},{"index":"189329498813104129","data":"US Navy deploys 2nd aircraft carrier to Gulf amid Iran nuke tensions http://pulse.me/s/7YvnP "},{"index":"189374909967892481","data":"USA has highest teen pregnancy.  http://www.businessinsider.com/why-there-are-so-many-teen-moms-in-the-us-2012-4 …"},{"index":"189403673825255424","data":"Facebook buys Instagram  http://cnet.co/IaJqao "},{"index":"189474765231235072","data":"Why College Isn't for Everyone - Businessweek via @BW http://buswk.co/HuVOSF "},{"index":"190195901623578624","data":"\"Twisting\" Signals Could Mean Nearly Infinite Wireless Spectrum [Wireless] http://pulse.me/s/6y0yF "},{"index":"190196192670531584","data":"The United States Army Rolls Out Custom App Marketplace for iPhone!  http://pulse.me/s/7om1s "},{"index":"190215593788571649","data":"Report: UC Davis Police should not have pepper-sprayed protesters http://usnews.msnbc.msn.com/_news/2012/04/11/11146298-report-uc-davis-police-should-not-have-pepper-sprayed-protesters?lite#.T4YPdgxSyGY.twitter … via @msnbc_us"},{"index":"189851599668125697","data":"“@SAI: The Best Hackers In The World All Come From One Country by @boonspoon http://read.bi/I0Mcsk ”  (yes, top 10 are from China)"},{"index":"190496992521224194","data":"What You Need to Know About the New Google Plus Design http://pulse.me/s/83tYA "},{"index":"190211713738608641","data":"Breathe Life Into Your Electric Car’s Quiet Motor With XLR8 http://pulse.me/s/840YK "},{"index":"190514590063398912","data":"Non-Programmers May Soon Be Able To Create Apps Too http://pulse.me/s/86o4q "},{"index":"190497567245737986","data":"What if the government rejects the Constitution? http://pulse.me/s/861ef "},{"index":"190622358254526464","data":"Antibiotic Resistant Bacteria Found In A Four Million-Year-Old Cave http://www.businessinsider.com/antibiotic-resistant-bacteria-has-been-found-in-a-four-million-year-old-cave-2012-4?utm_source=twbutton&utm_medium=social&utm_campaign=main-contributor … via @bi_contributors"},{"index":"191256803449913344","data":"The Secret Service Prostitution Scandal Is The 'Biggest In History' http://www.businessinsider.com/secret-service-prostitution-scandal-is-the-biggest-in-history-2012-4?utm_source=twbutton&utm_medium=social&utm_campaign=politics … via @bi_politics"},{"index":"190497978593710080","data":"Android gives 'no permissions' apps access to sensitive info http://pulse.me/s/84Jbe "},{"index":"191257994334453760","data":"Groupon's App Has Disappeared From Apple's App Store http://www.businessinsider.com/groupons-app-has-disappeared-from-apples-app-store-2012-4?utm_source=twbutton&utm_medium=social&utm_campaign=sai … via @sai"},{"index":"191258468760567808","data":"AT&T Wasn't Doing Enough To Stop iPhone Thefts, Alleges Lawsuit http://www.businessinsider.com/att-lawsuit-alleges-company-wasnt-doing-enough-to-stop-phone-thefts-2012-4?utm_source=twbutton&utm_medium=social&utm_campaign=sai … via @sai"},{"index":"191995146349449216","data":"Apple Asks iPhone Owners for Security Info on Home Screen http://pulse.me/s/8cRA0 "},{"index":"191434359889342464","data":"Plasma fusion energy potential is two-thirds of the way there. http://rt.com/usa/news/plasma-fusion-energy-nuclear-080/ …"},{"index":"192207597380698112","data":"Huge Spike In Number Of Teens Dying From Prescription Drug Abuse: Study http://pulse.me/s/8fflb "},{"index":"192014662408208385","data":"So great to have @camanpour back on @cnn! Her new show began today on CNNI!"},{"index":"192216623229317120","data":"Ala. judge orders man to jail for sagging pants http://pulse.me/s/83RXH "},{"index":"192208466897666048","data":"US taxes cost some expatriates their citizenship http://pulse.me/s/8eMuN "},{"index":"192219956547567616","data":"Rumor: iPad Mini coming this fall priced at $249-299 http://pulse.me/s/8eL0o  (So will the original be called the MaxiPad?)"},{"index":"192220986098188289","data":"@jpbrubaker Make it a McWorkout."},{"index":"192842768924680192","data":"Misleading App Tops Charts, Highlights Apple’s Inattention To Details http://pulse.me/s/8loZN "},{"index":"192962485345718274","data":"Landmark breast cancer study finds 10 strains, revolutionizes treatment options http://pulse.me/s/8lTgR "},{"index":"192965379717468161","data":"Scientists: Fish are sick where BP's oil spill hit http://pulse.me/s/8lzIs "},{"index":"193203692172881921","data":"How Mobile Technologies Are Shaping a New Generation http://pulse.me/s/8krQt "},{"index":"192356984576688130","data":"Verizon expands LTE coverage through New York state, Georgia, and elsewhere http://pulse.me/s/8gSbF "},{"index":"193344808822116352","data":"Silent Hives http://pulse.me/s/8o6uW  Pesticides are killing bees and the FDA has failed to take action."},{"index":"193348871022321665","data":"Instapaper vs Pocket vs Readability: Read later app for iPhone shootout! http://pulse.me/s/8n68t "},{"index":"193895393153646592","data":"Is There Any Hope For Yahoo? http://pulse.me/s/8s564 "},{"index":"193896879157809153","data":"Things The Facebook Generation Will Not Buy http://pulse.me/s/8qyIx "},{"index":"193898170273628160","data":"MIT Hagelstein Cold Fusion Demonstration has been producing excess heat for two months straight http://pulse.me/s/8plO7 "},{"index":"193898433743036418","data":"Apple pushing the iPhone to business with new ‘iPhone at Work’ webpage via @iMore http://www.imore.com/2012/04/21/apple-pushing-iphone-business-iphone-work-webpage/ … pic.twitter.com/mAPQunna"},{"index":"193897778479513600","data":"Brain stem cell discovery could change treatment of brain injury http://pulse.me/s/8rugV "},{"index":"193899330795618304","data":"Next generation iPhone rumored to use new in-cell touch panel displays via @iMore http://www.imore.com/2012/04/20/generation-iphone-rumored-incell-touch-panel-displays/ … pic.twitter.com/xgqGa952"},{"index":"194150709556559872","data":"Today’s Apps Gone Free: Parking Lot, Sketch Maker, Qvoid, And More http://pulse.me/s/8rQDS "},{"index":"194448197970698243","data":"The Next iPhone: What In-Cell Touch Panel Technology Means http://pulse.me/s/8vjdC "},{"index":"194277523968892929","data":"Vatican crackdown on U.S. Catholic nuns http://pulse.me/s/8rKTg "},{"index":"194150983079690241","data":"Wal-Mart covered up bribe campaign in Mexico, report says http://pulse.me/s/8soA5 "},{"index":"194277005418708992","data":"Boy's soccer ball lost in tsunami, found in Alaska http://pulse.me/s/8uHSU "},{"index":"194453103678992384","data":"iPhone & iPad theft in NY up 44% since last YR (via @iMore). IME lockout is long overdue! http://www.imore.com/2012/04/23/iphone-ipad-theft-york-44-year/ … pic.twitter.com/puw4MBZI"},{"index":"194494749061824513","data":"Romnye's Budget Plan: More For War, Cuts For The Poor http://pulse.me/s/8tqQt "},{"index":"194493034921074689","data":"1 In 2 New Graduates Are Jobless Or Underemployed http://pulse.me/s/8tp2k "},{"index":"194496348207333377","data":"Microsoft sells AOL patents on to Facebook http://pulse.me/s/8vHhb "},{"index":"194493748317650944","data":"Brain fog: Ways to combat short term memory loss http://pulse.me/s/8v0vR "},{"index":"194884397525254144","data":"MT Former BP Engineer Charged in Gulf Spill for deleting text msgs http://on.wsj.com/I7gyQd  via @WSJ"},{"index":"194886052903788544","data":"I had a dream that I was dating Emma Watson. WHY DID I HAVE TO WAKE UP"},{"index":"195176629327241216","data":"With A New Educational Platform, TED Gives Teachers The Keys To A Flipped Classroom http://pulse.me/s/8yG9Z  via @techcrunch"},{"index":"195175684002426880","data":"Napolitano faces questions on Secret Service http://pulse.me/s/8zxck  She has no business running Homeland Security"},{"index":"195138683224076289","data":"The Most Violent States In America http://pulse.me/s/8xB7p "},{"index":"195178123908751360","data":"What Your Klout Score Really Means http://pulse.me/s/8ynp9 "},{"index":"195178723484499968","data":"Microsoft Security Essentials Updates with Better Performance, Virus Detection, and Interface Changes [Microsoft ... http://pulse.me/s/8A5q1 "},{"index":"195240130817167361","data":"Klout Goes Mobile With New iPhone App http://pulse.me/s/8Azwi "},{"index":"195179250905657344","data":"Creating Innovators: Why America's Education System Is Obsolete http://pulse.me/s/8A8xR "},{"index":"195240313814654976","data":"Today’s Apps Gone Free: Wee Sing And Learn ABC, Dummy Defense, Holidays Plus, And More http://pulse.me/s/8A3LG "},{"index":"195678277803839489","data":"iPhone apps gone free. http://appadvice.com/appnn/2012/04/todays-apps-gone-free-smash-cops-icolorama-loom-photomosaic-builder-and-more …"},{"index":"195675484317683714","data":"As House Passes CISPA, The Fight Is Just Beginning - Forbes http://shar.es/21ZPY  via @sharethis"},{"index":"195241088653590530","data":"Comparing Five Of The Top Web-Based Storage Solutions http://pulse.me/s/8AbWX "},{"index":"195680759841951744","data":"“@VolokhConspirac: Legalizing Spousal Necrophilia in Egypt?: Al Arabiya rpts:\nEgypt’s Nat'l Council for Women http://bit.ly/IskHcX ” BIZARRE!"},{"index":"195267910363648001","data":"Google increases Gmail to 10GB of free storage — double what Google Drive gets via @iMore http://www.imore.com/2012/04/24/google-increases-gmail-10gb-free-storage-double-google-drive/ … pic.twitter.com/0ULsbjyJ"},{"index":"195976591757680640","data":"A Story About Just How Bizarre Apple’s App Approval Process Has Become http://pulse.me/s/8ERWW "},{"index":"195989722676465664","data":"Cringe At the Ugliest Cameras Ever Made [Cameras] http://pulse.me/s/8F0yC "},{"index":"195986242448531456","data":"Today’s Apps Gone Free: Postale, Cycle Tracker Pro, Raccoon Rising, And More http://pulse.me/s/8EmQs "},{"index":"197120009728831489","data":"I'm at TRX (Bay Village, Ohio) http://4sq.com/JYgiBu "},{"index":"197118860208517121","data":"New Skype Version Brings Unique Feature Along With Assorted Minor Fixes http://pulse.me/s/8L37q "},{"index":"197152063224942592","data":"Number of US newborns with drug withdrawal triples http://pulse.me/s/8KRhq "},{"index":"197150963260325888","data":"SUPERSIZE PRICE TAG: America's Growing Obesity Sends Costs Soaring http://pulse.me/s/8Ko7D "},{"index":"197153956768649216","data":"Itsy-bitsy teeny cell towers are coming http://pulse.me/s/8Kwo6 "},{"index":"197154502246273026","data":"The $7 trillion fiscal cliff coming in 2013 http://pulse.me/s/8JBwi "},{"index":"197434430141378561","data":"The Thought-Patterns of Success http://pulse.me/s/8JQCf "},{"index":"197433760894042112","data":"Chocolate Toothpaste? New Product Rethinks 'Sweet Tooth' http://pulse.me/s/8LojQ "},{"index":"197440852455473152","data":"Lawmakers: Demarco Hid Key Information On Principal Reduction http://pulse.me/s/8Mtvt "},{"index":"197171003997167616","data":"Now you can block retweets from individual users with Tweetbot 2.3 for iPhone and iPad via @iMore pic.twitter.com/93j88izG"},{"index":"197574212741898240","data":"30% of the Gorilla Genome Contradicts the Supposed Evolutionary Phylogeny of Humans and Apes - Evolution http://shar.es/22pKr  via @sharethis"},{"index":"197945713286578176","data":"Today’s Apps Gone Free: Quicky, AdSenseZen, Silly Owls, And More http://pulse.me/s/8PDIu "},{"index":"197575053666291713","data":".@hminetree actually, on second reference it's Mr. Look it up, and stop being so rude."},{"index":"198099271445266435","data":"From @appadvice: Updated: Could The Next iPhone Arrive In June? http://appadvice.com/appnn/2012/05/the-story-behind-the-story-could-the-next-iphone-arrive-in-june/ …"},{"index":"198166426891194370","data":"Chen Says U.S. Officials Lied to Speed His Exit http://pulse.me/s/8QnCJ "},{"index":"198169880879575040","data":"You'll Be Afraid Of Older Generations After You See These Charts http://pulse.me/s/8RWnm "},{"index":"198170859670745088","data":"Fed Up With Sluggish Neutrinos, Scientists Force Light To Move Faster Than Its Own Speed Limit http://pulse.me/s/8S7ci  via @PopSci"},{"index":"198171772816867328","data":"New iPhone to feature 4-inch display, metal case, smaller dock connector, fall release http://pulse.me/s/8QPuI "},{"index":"198163340848148480","data":"4 DAYS OF HELL: Man Reveals Horrific Details Of Prison Experience http://pulse.me/s/8QWx8 "},{"index":"198443163281657858","data":"Apple Is Rejecting Apps That Use Dropbox http://www.businessinsider.com/apple-is-rejecting-apps-that-use-dropbox-2012-5?utm_source=twbutton&utm_medium=social&utm_campaign=sai … via @sai"},{"index":"198517834043760640","data":"Nine Dangerous Things You Were Taught In School (119 points) http://pulse.me/s/8Q92l "},{"index":"198804199897702400","data":"From @appadvice: Smoking iPhone 4S In Australia Reminds Us Of The Importance Of Authorized Repairs http://appadvice.com/appnn/2012/05/smoking-iphone-4s-in-australia-reminds-us-of-the-importance-of-authorized-repairs/ …"},{"index":"198849165252501505","data":"Twitter rumored to have talked about acquiring iOS app Camera+ via @iMore http://www.imore.com/2012/05/03/twitter-rumored-talk-acquiring-ios-app-camera/ … pic.twitter.com/GRxbJwXz"},{"index":"198517307344027648","data":"Tablets Quickly Becoming the Portable PC of Choice http://pulse.me/s/8SQ7P "},{"index":"198835458225078272","data":"Here's Where To Learn About The Future Of Social Commerce http://pulse.me/s/8RL9s "},{"index":"199725906363813888","data":"Email Is Like Stress in a Bottle, Study Shows [Email] http://pulse.me/s/8ZXi8 "},{"index":"199983578023591938","data":"From @appadvice: MIT Students Develop Ridiculously Cool Way To Transfer Data With A Finger Swipe http://appadvice.com/appnn/2012/05/mit-students-develop-ridiculously-cool-way-to-transfer-data-with-a-finger-swipe/ …"},{"index":"199726684176527361","data":"The 10 Best Digital Cameras http://pulse.me/s/2yB4X "},{"index":"199953366191837184","data":"Apple details security updates covered in iOS 5.1.1 update via @iMore http://www.imore.com/2012/05/08/apple-details-security-updates-covered-ios-511-update/ … pic.twitter.com/ixRd4J7x"},{"index":"200020623571947520","data":"A set of top Computer Science blogs (202 points) http://pulse.me/s/91ECA "},{"index":"200021291850416131","data":"10 Incredibly Useful Travel Websites http://pulse.me/s/91ImH "},{"index":"200024738179977216","data":"DOJ official: Warrant requirement for location data 'cripples' law enforcement http://www.technolog.msnbc.msn.com/technology/technolog/doj-official-warrant-requirement-location-data-cripples-law-enforcement-758793 … via @msnbc"},{"index":"199985114594295808","data":"From @appadvice: Finally A Great Idea From AT&T: Family Data Plans http://appadvice.com/appnn/2012/05/finally-a-great-idea-from-att-family-data-plans/ …"},{"index":"200023905384153088","data":"Twitter protects Occupy protester's privacy http://pulse.me/s/91yur "},{"index":"200734994937819139","data":"Fannie Mae Is Off the Dole: Sign of a Housing Bottom? http://pulse.me/s/93PKX "},{"index":"200734679333208064","data":"Coming Soon: A Meaner, Nastier, Even Less Effective Congress http://pulse.me/s/951V1 "},{"index":"200734564694491137","data":"Obama Loses 40% of West Virginia Vote to an Inmate http://pulse.me/s/94EpT "},{"index":"200737263255171074","data":"U.S. Postal Service Loses $3.2 Billion. Time to scrap this monopoly.  http://pulse.me/s/96lNi "},{"index":"200736880038395905","data":"Chevron Brazil Spill Shows Transocean Ltd still can't get it right  http://pulse.me/s/97oo5 "},{"index":"201318075751088129","data":"Feel like I'm in an NYC night club while at LAX airport. Water is more than 5 bucks."},{"index":"201177965143404545","data":"Facebook Co-Founder May Have Sidestepped Taxes By Dropping Citizenship http://pulse.me/s/98Oop "},{"index":"201322446484291584","data":"If you're not registered for @klout, check it out! Sign up today and let's see how we compare! http://klout.com/?n=tw&v=invite_tw_button …"},{"index":"201324145772994560","data":"According to @klout, my Klout score is 52. How influential are you? http://klout.com/#/JDoughtry?n=tw&v=klout_score …"},{"index":"201340938797326339","data":"From @appadvice: Apple Now Approving Apps Using [revised] Dropbox SDK http://appadvice.com/appnn/2012/05/apple-now-approving-apps-using-dropbox-sdk/ …"},{"index":"201354128117612546","data":"17% of cancer cases caused by infections.  http://ohsonline.com/articles/2012/05/12/infections-cause-1-in-6-cancer-cases-worldwide.aspx …"},{"index":"201358713540444160","data":"Getting the old eyes taken care of. (@ LensCrafters) http://4sq.com/J7mES2 "},{"index":"201359082911834112","data":"Digg'n Cleveland weather today #SunKissedSkin"},{"index":"201357398152200193","data":"Op-Ed: N. America's radiation threat: another mainstream news blackout http://www.digitaljournal.com/article/324272  via @digitaljournal"},{"index":"202434238920925184","data":"12 year old explains how government and banking system defrauds the citizens. http://www.goldismoney2.com/showthread.php?32594-12-Year-Old-Attacks-Banking-System-in-Econ-Lesson-Video-of-the-Year&s=eb106d4ab0cccd86e7bb9d6a9e67a1e7 …"},{"index":"202150435421818880","data":"Facebook Boosts Mobile App With Bigger Photos in Your News Feed http://pulse.me/s/9fffD "},{"index":"202730606331830272","data":"RAVN social media for events is shutting down according to their distributed email."},{"index":"202599445840412674","data":"Jesse Jackson paid to keep quiet? Known voter fraud in OH & PA in '08 election? And more? http://www.westernjournalism.com/wikileaks-obama-team-stole-election-bribed-jesse-jackson-and-took-russian-money-in-2008/ …"},{"index":"202740248755707906","data":"From @appadvice: AppAdvice Daily: Chrome For iOS Coming Soon? http://appadvice.com/appnn/2012/05/appadvice-daily-chrome-for-ios-free-apps-and-a-free-download/ …"},{"index":"203211592798699520","data":"From @appadvice: Today's Apps Gone Free: Feed Me Oil, Mountain Bike Pro Cycling Computer, Converter, and More http://appadvice.com/appnn/2012/05/todays-apps-gone-free-feed-me-oil-mountain-bike-pro-cycling-computer-converter-and-more/ …"},{"index":"203213428934975488","data":"From @appadvice: Facebook Pages Manager Coming Soon to USA.  http://getapp.cc/app/US/514643583 …"},{"index":"203319533715460097","data":"Teen Finds Human Finger In Arby's Sandwich http://pulse.me/s/9loZz "},{"index":"203320745693163522","data":"Natural gas prices drop on rising supplies http://pulse.me/s/9lXZZ "},{"index":"203320275511676930","data":"Reports: HP poised to eliminate up to 30,000 jobs http://pulse.me/s/9m8jU "},{"index":"203321707375755264","data":"Egypt’s Coptic Christians to shun Islamists in next week’s presidential vote http://pulse.me/s/9kjoR "},{"index":"203320985351487488","data":"Commercial rocket will fly to the space station http://pulse.me/s/9loYq "},{"index":"203530236355280896","data":"From @appadvice: Today's Apps Gone Free: PicShop HD, Blosics, Blast Ball, And More http://appadvice.com/appnn/2012/05/todays-apps-gone-free-picshop-hd-blosics-blast-ball-and-more/ …"},{"index":"203641279203131392","data":"Get some popcorn, grab a drink,  I'm about to go on @Jeopardy!"},{"index":"203968457388195841","data":"Blooms! http://instagr.am/p/K0vvZiwyyr/ "},{"index":"204047924701831168","data":"More evidence for a 7.85-inch \"iPad-mini\" this fall http://pulse.me/s/9lz2p "},{"index":"204052682212782081","data":"Day After IPO, Mark Zuckerberg Marries Longtime Girlfriend Priscilla Chan http://pulse.me/s/9qllY  via @techcrunch"},{"index":"204050477212635136","data":"Top 10 Pervasive Tech Myths That Are Only Wasting Your Time [Lifehacker Top 10] http://pulse.me/s/9pw4L "},{"index":"204241450655948800","data":"SpaxeX's Historic ISS Cargo Ferry Launch Aborted at the Last Second http://pulse.me/s/9pOJ0  via @PopSci"},{"index":"204239917033857024","data":"From @appadvice: Today's Apps Gone Free: Checklist Again, Piatto, Locationizer, And More http://appadvice.com/appnn/2012/05/todays-apps-gone-free-events-map-piatto-locationizer-and-more/ …"},{"index":"203641851754975232","data":"Total Workday Control-excellent OutLook system,-(once I refused to use OutLook,now I enjoy it) http://pinterest.com/pin/223843043949530507/ … via @pinterest"},{"index":"204242069978488832","data":"Italy Earthquake Leaves Six Dead, 50 Hurt http://pulse.me/s/9rlay "},{"index":"204248318551928833","data":"Polymaths are flexible thinkers. http://pulse.me/s/9nGR3 "},{"index":"204246203909681152","data":"The TSA Needs to Adapt http://pulse.me/s/9o1MG "},{"index":"204378082059108352","data":"From @appadvice: Today's Apps Gone Free: Bills On Your Table HD, Super Lemonade Factory, My Cashflow, And More http://appadvice.com/appnn/2012/05/todays-apps-gone-free-bills-on-your-table-hd-super-lemonade-factory-my-cashflow-and-more/ …"},{"index":"204535760278396928","data":"iOS 5.1.1 Untethered Jailbreak ‘Absinthe 2.0′ To Drop This Week [Jailbreak] http://pulse.me/s/9rGzG "},{"index":"204536811710709760","data":"Don't Write Windows Phone's Obituary Just Yet, Samsung's New Focus 2 Is A Winner [REVIEW] (T, MSFT) http://pulse.me/s/9rXfa "},{"index":"204768727365984258","data":"From @appadvice: Today's Apps Gone Free: Fruit Tumble, Bouncy Seed, Ringtone Maker Plus Silent Sound, And More http://appadvice.com/appnn/2012/05/todays-apps-gone-free-fruit-tumble-bouncy-seed-ringtone-maker-plus-silent-sound-and-more/ …"},{"index":"204533296636502016","data":"Why You Should Read Engagement Marketing http://pulse.me/s/9sF9a "},{"index":"204770802560811010","data":"From @appadvice: Updated: Preparing For The iOS 5.1.1 Jailbreak http://appadvice.com/appnn/2012/05/preparing-for-the-ios-5-1-1-jailbreak/ …"},{"index":"204990647864786944","data":"From @appadvice: Today's Apps Gone Free: Ducky's Coffee, 2 Days, GPlayer, And More http://appadvice.com/appnn/2012/05/todays-apps-gone-free-duckys-coffee-2-days-gplayer-and-more/ …"},{"index":"205472382952017921","data":"'Frequent and severe' sexual violence alleged at women's prison in Alabama http://pulse.me/s/9ybK3 "},{"index":"205436079858388993","data":"From @appadvice: Today's Apps Gone Free: Anodia, Necktie Deluxe, Trial Xtreme 2 Winter Edition, And More http://appadvice.com/appnn/2012/05/todays-apps-gone-free-anodia-necktie-deluxe-trial-xtreme-2-winter-edition-and-more/ …"},{"index":"205473277538344961","data":"Birther Theories Debunked Again As Hawaii Verifies Records http://pulse.me/s/9wVi9 "},{"index":"205474009893175297","data":"California nuke trouble could prompt rule review http://pulse.me/s/9zkzH "},{"index":"205474506519752704","data":"Jury deals blow to Oracle in case vs. Google http://pulse.me/s/9yFSI "},{"index":"205474628188114945","data":"Facebook, banks sued over pre-IPO analyst calls http://pulse.me/s/9xWBl "},{"index":"205503704990879744","data":"Military-grade scopes and apps for iPhone and iPad boast geotagging and nightvision via @iMore http://www.imore.com/2012/05/23/militarygrade-scopes-apps-iphone-ipad-boast-geotagging-nightvision/ … pic.twitter.com/gkT5rcRc"},{"index":"205619470729871360","data":"World News - Pakistan jails doctor who helped CIA find Osama bin Laden http://worldnews.msnbc.msn.com/_news/2012/05/23/11827022-pakistan-jails-doctor-who-helped-cia-find-osama-bin-laden?lite …"},{"index":"206159000247611393","data":"From @appadvice: Gizmon's Clip-On Camera Accessories For iPhone Stand Out From The Competition http://appadvice.com/appnn/2012/05/gizmons-clip-on-camera-accessories-for-iphone-stand-out-from-the-competition/ …"},{"index":"206159143327895552","data":"From @appadvice: Today's Apps Gone Free: Photo Slice, Carmen, Unstoppaball DX, And More http://appadvice.com/appnn/2012/05/todays-apps-gone-free-photo-slice-carmen-unstoppaball-dx-and-more/ …"},{"index":"206457013402746880","data":"From @appadvice: Today's Apps Gone Free: Easy 5K With Jeff Galloway, Splashtop CamCam, Kitchenator, And More http://appadvice.com/appnn/2012/05/todays-apps-gone-free-easy-5k-with-jeff-galloway-splashtop-camcam-kitchenator-and-more/ …"},{"index":"206566604404817922","data":"How Facebook's Timeline is like genital herpes http://pulse.me/s/9F4eN "},{"index":"206163352723013632","data":"Update: Unthethered jailbreak for iOS 5.1.1 available for download http://pulse.me/s/9DmSr "},{"index":"206782444739899392","data":"From @appadvice: Absinthe \"Lockdown\" Error Fortunately Has A Quick, Easy Fix http://appadvice.com/appnn/2012/05/absinthe-lockdown-error-fortunately-has-a-quick-easy-fix/ …"},{"index":"206789170729975809","data":"SpaceX Capsule Has 'New Car' Smell : Discovery News http://news.discovery.com/space/astronauts-spacex-120526.html …"},{"index":"206882384711397377","data":"From @appadvice: Today's Apps Gone Free: Compulse, Go There Square: A Stella And Sam Adventure, Superimpose, And More http://appadvice.com/appnn/2012/05/todays-apps-gone-free-compulse-go-there-square-a-stella-and-sam-adventure-superimpose-and-more/ …"},{"index":"206905149262794752","data":"Vatican faces widening of leaks scandal http://pulse.me/s/9G6vy "},{"index":"206905759043297282","data":"Why America Is Slouching Towards Third World Status http://pulse.me/s/9H3lZ "},{"index":"206906397466697728","data":"Postal Service offers $15,000 buyouts to 45,000 mail handlers http://pulse.me/s/9DwoE "},{"index":"206906862149447680","data":"Everything You Need to Know About Sunscreen http://pulse.me/s/9Gw3W "},{"index":"206969795294396416","data":"Facebook once again rumored to be making a phone, this time with iPhone talent via @iMore http://www.imore.com/2012/05/27/facebook-rumored-making-phone-time-iphone-talent/ … pic.twitter.com/qwgsfu6U"},{"index":"206974554499842048","data":"Adonit Jot Pro stylus for iPad review via @iMore http://www.imore.com/2012/05/09/adonit-jot-pro-stylus-review/ … pic.twitter.com/Kv3L8W6h"},{"index":"207263817607024640","data":"From @appadvice: Report: Apple Integrated TV Begins Trial Production http://appadvice.com/appnn/2012/05/report-apple-integrated-tv-begins-trial-production/ …"},{"index":"207263892689260544","data":"From @appadvice: Today's Apps Gone Free: #Todo, Bead It, Gears, And More http://appadvice.com/appnn/2012/05/todays-apps-gone-free-todo-bead-it-gears-and-more/ …"},{"index":"207264293861851136","data":"From @appadvice: The Chronic Dev Team Updates Absinthe Jailbreak Tool http://appadvice.com/appnn/2012/05/chronic-dev-team-updates-absinthe-adds-support-for-iphone-4s-new-build-of-ios-5-1-1/ …"},{"index":"207264494383144960","data":"From @appadvice: Facebook Tapping Apple Engineers For Its Upcoming Smartphone http://appadvice.com/appnn/2012/05/facebook-tapping-apple-engineers-for-its-upcoming-smartphone/ …"},{"index":"207513459351494656","data":"Cool and useful gadgets for the savvy iPhone road warrior http://pulse.me/s/9KHIS "},{"index":"207592917710290945","data":"From @appadvice: Today's Apps Gone Free: Screenshot Journal, Fotor, MovBeats, And More http://appadvice.com/appnn/2012/05/todays-apps-gone-free-screenshot-journal-fotor-movbeats-and-more/ …"},{"index":"207600162523193346","data":"World's most sophisticated cyber weapon burns computers in Middle East http://pulse.me/s/9JApR "},{"index":"207592603699523584","data":"From @appadvice: Leaked Images Suggest A Completely Redone iPhone http://appadvice.com/appnn/2012/05/the-next-iphone/ …"},{"index":"207601295555702784","data":"Radioactive traces found in fish off Calif. http://pulse.me/s/9JMDR "},{"index":"207604953039110144","data":"10 Undeniable Reasons Why You Should Exercise Your Self-Awareness (And How to Start) http://pulse.me/s/9Jqyd "},{"index":"207790940411277312","data":"From @appadvice: Jailbreak Only: MyWi Updated - Adds Support For iOS 5.1.1 http://appadvice.com/appnn/2012/05/jailbreak-only-mywi-updated-adds-support-for-ios-5-1-1/ …"},{"index":"207796622732693504","data":"Mining Legacy: Tale of a Toxic Town http://pulse.me/s/9KWm0 "},{"index":"207605171277148162","data":"INFOGRAPHIC: A Crystal Clear Breakdown Of How The US Economy Uses 5 Major Forms Of Energy http://pulse.me/s/9LbdF "},{"index":"207603109743173632","data":"1,600-year-old mosaic at Israeli synagogue damaged http://pulse.me/s/9KRPT "},{"index":"208328713845227520","data":"From @appadvice: Today's Apps Gone Free: Loopseque Kids, Snapseed, Light The Night And More http://appadvice.com/appnn/2012/05/todays-apps-gone-free-loopseque-kids-snapseed-light-the-night-and-more/ …"},{"index":"208521853160001536","data":"JUDGE: Dear Oracle, You're Not Getting A Dime From Google Over Android (ORCL, GOOG) http://pulse.me/s/9PbCo "},{"index":"208523237439700993","data":"2 New Elements Named on Periodic Table http://pulse.me/s/9PqRX "},{"index":"208527252802121728","data":"Is there no limit to gov’t power? Apparently not. http://m.wired.com/threatlevel/2012/05/warrantless-spying-challenge/ …"},{"index":"208613045746941953","data":"Obama Ordered Wave of Cyberattacks Against Iran http://pulse.me/s/9PGqo "},{"index":"208153133627613186","data":"From @appadvice: Today's Apps Gone Free: Movie360, Charadium II, ColorManager And More http://appadvice.com/appnn/2012/05/todays-apps-gone-free-movie360-charadium-ii-colormanager-and-more/ …"},{"index":"208615980610498560","data":"From @appadvice: Today's Apps Gone Free: Dream:scape, Hotel Dash: Suite Success, ReconBot And More http://appadvice.com/appnn/2012/06/todays-apps-gone-free-dreamscape-hotel-dash-suite-success-reconbot-and-more/ …"},{"index":"208737513894985728","data":"The Data's In: Honesty Really Does Start at the Top http://pulse.me/s/9R2Ld "},{"index":"208734409367629826","data":"AT&T announces new data roaming packages via @iMore http://www.imore.com/2012/06/01/att-announces-data-roaming-packages/ … pic.twitter.com/onLA9dur"},{"index":"208745461463519234","data":"Scientific American Reader: 'Old Person Smell' Is Real, but Not Necessarily Offensive http://goo.gl/mag/JRv6M "},{"index":"209336800773275649","data":"From @appadvice: Today's Apps Gone Free: Tea, AirMusic, Sky Gnomes And More http://appadvice.com/appnn/2012/06/todays-apps-gone-free-tea-airmusic-sky-gnomes-and-more/ …"},{"index":"209344907264004097","data":"iPhone 5 rumored to be getting low power, Wi-Fi Direct enabled chipset... and AirDrop? via @iMore pic.twitter.com/F3cq4CNI"},{"index":"208978506258984960","data":"From @appadvice: Today's Apps Gone Free: Hector: Badge Of Carnage, Eye Illusions, Scramblies And More http://appadvice.com/appnn/2012/06/todays-apps-gone-free-hector-badge-of-carnage-eye-illusions-scramblies-and-more/ …"},{"index":"209611640994410498","data":"MRT @RawStory: Bolivia's Pres. Morales talks of nationalizing natural resources. http://goo.gl/B7q0D  Watch LiIon battery $ climb."},{"index":"209807689310670848","data":"From @appadvice: Today's Apps Gone Free: Prioritask, iMoodJournal, Little Things And More http://appadvice.com/appnn/2012/06/todays-apps-gone-free-prioritask-imoodjournal-little-things-and-more/ …"},{"index":"209820531829116928","data":"Facebook comments, ads don't sway most users: poll http://pulse.me/s/9Y44V "},{"index":"209821556208185344","data":"Wal-Mart's proxy vote shows dissent against execs http://pulse.me/s/9XlPM "},{"index":"209821325634699265","data":"Bad News Piles Up for China's Economy http://pulse.me/s/9ThoD "},{"index":"209822198867828736","data":"The Xbox 360, Now A True Cable Box Killer http://pulse.me/s/9XCtD  via @techcrunch"},{"index":"209834699047178241","data":"Microsoft's SmartGlass to turn your iPhone and iPad into secondary Xbox screens via @iMore http://www.imore.com/2012/06/04/microsofts-smartglass-turn-iphone-ipad-secondary-xbox-screens/ … pic.twitter.com/ZHmSqUCk"},{"index":"209835074605170688","data":"Budget airline using iPads to reduce aircraft's weight, fuel consumption and running costs via @iMore pic.twitter.com/SkJ2WAW6"},{"index":"209354162129997825","data":"Apple may announce iOS 6 June 11, including new maps, camera, and photo apps http://pulse.me/s/9SovV "},{"index":"210091516482433024","data":"From @appadvice: Today's Apps Gone Free: Sonic & SEGA All-Stars Racing, Starry Sky, UniqBoard And More http://appadvice.com/appnn/2012/06/todays-apps-gone-free-sonic-sega-all-stars-racing-starry-sky-uniqboard-and-more/ …"},{"index":"210213587153719296","data":"The Internet Changes Wednesday, But Most People Won’t Notice http://pulse.me/s/a0eFO "},{"index":"210214226642468865","data":"Viral ‘Privacy Notice’ On Facebook Is Fake http://pulse.me/s/9ZTDn "},{"index":"210220470270824448","data":"New Firefox 13 supports more secure browsing http://pulse.me/s/9ZHDM "},{"index":"210523649994801152","data":"From @appadvice: Discover The Even More Efficient iCalendar, Plus A Chance To Win A Copy http://appadvice.com/appnn/2012/06/discover-the-even-more-efficient-icalendar-plus-a-chance-to-win-a-copy/ …"},{"index":"210865146388680704","data":"From @appadvice: Camera+ Sells Eight Millionth Copy On Second Anniversary"},{"index":"210865571951157250","data":"From @appadvice: Today’s Apps Gone Free: Monsters Ate My Condo, Part, Paranormal Agency And More"},{"index":"210212599885860864","data":"Apple bringing the Google battle to Maps in iOS 6 via @iMore http://www.imore.com/2012/06/05/apple-bringing-google-battle-maps-ios-6/ … pic.twitter.com/0mZ3T3nW"},{"index":"210524048768245760","data":"From @appadvice: Today's Apps Gone Free: Bag It, Runner's Log, Turtle Rescue And More http://appadvice.com/appnn/2012/06/todays-apps-gone-free-bag-it-runners-log-turtle-rescue-and-more/ …"},{"index":"210214026075045891","data":"Facebook Engagement Dips: 34% Spend Less Time on Site [STUDY] http://pulse.me/s/9ZSMc "},{"index":"211284962949861376","data":"From @appadvice: Report: Apple To Unveil New App Called Organize http://appadvice.com/appnn/2012/06/report-apple-to-unveil-new-app-called-organize/ …"},{"index":"211100929380990976","data":"From @appadvice: Facebook App Center Launches With Over 600 Facebook-Connected Apps http://appadvice.com/appnn/2012/06/facebook-app-center-launches-with-over-600-facebook-connected-apps/ …"},{"index":"211456276243296257","data":"Ex-Miss Pennsylvania will 'continue to pursue the truth' about pageant http://pulse.me/s/a4jzu "},{"index":"211285120198520832","data":"From @appadvice: Today's Apps Gone Free: Quotes Folder, Calorie Counter And Diet Tracker, Dollar Origami And More http://appadvice.com/appnn/2012/06/todays-apps-gone-free-quotes-folder-calorie-counter-and-diet-tracker-dollar-origami-and-more/ …"},{"index":"211469611441459200","data":"Secret Ways to Fascinate Anyone http://pulse.me/s/a5tbU "},{"index":"211553033748889600","data":"San Francisco mounts security cameras that try to predict the future behavior of people http://pulse.me/s/a5Sfm "},{"index":"211583131176812545","data":"“@JDoughtry: @alwysactv Nice, eh? #ClevelandWeather” Soakn it up while it lasts! #Fickle"},{"index":"211574397570514945","data":"Foreclosure Nightmare uncovers fraud http://pulse.me/s/a6TKM "},{"index":"211581716383547392","data":"From @appadvice: Today's Apps Gone Free: Dracula: The Official Stoker Family Edition, Learn Spanish, Snabbit And More http://appadvice.com/appnn/2012/06/todays-apps-gone-free-dracula-the-official-stoker-family-edition-learn-spanish-snabbit-and-more/ …"},{"index":"212001696174448640","data":"10 things that you need to know about sex: http://pulse.me/s/a99Tw "},{"index":"211552562493657089","data":"Why 3D Printing is About to Transform Our World http://pulse.me/s/a0llR "},{"index":"212003010405076993","data":"10 things you need to know to be happier: http://pulse.me/s/a8VQP "},{"index":"211553736319967232","data":"MAULDIN: A Dysfunctional Nation [Greece] http://pulse.me/s/a7Lc9 "},{"index":"212005892965662721","data":"iOS 6 to be announced Monday at WWDC http://pulse.me/s/a7CGe "},{"index":"212290376671838208","data":"iOS 6 to catch up and leap ahead. \nhttp://www.businessinsider.com/ios-6-key-features-2012-6?op=1 …"},{"index":"212227662658273280","data":"From @appadvice: Today's Apps Gone Free: Vidify, Boost 2, Toca Robot Lab, And More http://appadvice.com/appnn/2012/06/todays-apps-gone-free-vidify-boost-2-toca-robot-lab-and-more/ …"},{"index":"211897788198428672","data":"From @appadvice: Today's Apps Gone Free: My Food Reminder Pro, Sparks - Campfire For iOS, Visuic And More http://appadvice.com/appnn/2012/06/todays-apps-gone-free-my-food-reminder-pro-sparks-campfire-for-ios-visuic-and-more/ …"},{"index":"212336904069332992","data":"iOS 6 GM expected in early September ahead of new iPhone http://lnkd.in/w3kubi "},{"index":"212741020088152064","data":"From @appadvice: Today's Apps Gone Free: Cut The Buttons, Real Piano Pro, Spring Cleaning And More http://appadvice.com/appnn/2012/06/todays-apps-gone-free-cut-the-buttons-real-piano-pro-spring-cleaning-and-more/ …"},{"index":"213247954511872002","data":"Vodafone creates a signal-boosting, solar-charging umbrella to juice your cellphone whatever the weather http://pulse.me/s/afQuH "},{"index":"213249001254957056","data":"BRUTAL: Nokia Will Axe 10,000 Jobs (NOK) http://pulse.me/s/agbuY "},{"index":"212990889520406529","data":"ITC rejects Google patents in HTC's legal dispute aganist Apple http://pulse.me/s/aeGCq "},{"index":"213251086482542594","data":"Nokia Stock Down By More Than 10% On Massive Overhaul: Revised Forecasts, Exec Changes, Vertu Gone, Scalado Acquired http://pulse.me/s/agiyi "},{"index":"213011937628389376","data":"The big list of iOS 6 features via @iMore http://www.imore.com/2012/06/13/big-list-ios-6-features/ … pic.twitter.com/zAlXmCHD"},{"index":"213367970141966336","data":"From @appadvice: Today's Apps Gone Free: Flight Control Rocket, SPY Mouse, Multi Measures And More http://appadvice.com/appnn/2012/06/todays-apps-gone-free-flight-control-rocket-spy-mouse-multi-measures-and-more/ …"},{"index":"213366730276352002","data":"From @appadvice: Microsoft Updates My Xbox LIVE App - Control Your Xbox With Your iPhone http://appadvice.com/appnn/2012/06/microsoft-updates-my-xbox-live-app-control-your-xbox-with-your-iphone/ …"},{"index":"213367512283348992","data":"From @appadvice: Updated Fuze Join App Brings Video Conferencing To The iPhone 4/4s (free!) http://appadvice.com/appnn/2012/06/updated-fuze-join-app-brings-video-conferencing-to-the-iphone/ …"},{"index":"213413403065200640","data":"China vows to probe 'forced abortion photo' http://pulse.me/s/ag3dx "},{"index":"213413079541760000","data":"More Americans Blame Bush, Not Obama, For Economic Woes: Poll http://pulse.me/s/agQYL "},{"index":"213785867662270464","data":"From @appadvice: Today's Apps Gone Free: Lock 'N' Load, Magic Ink - The Wonderful Wizard Of Oz, Crash And More http://appadvice.com/appnn/2012/06/todays-apps-gone-free-lock-n-load-magic-ink-the-wonderful-wizard-of-oz-crash-and-more/ …"},{"index":"214137627769704448","data":"From @appadvice: Today's Apps Gone Free: Primo Do, Ballistic SE, Tower Of Fortune And More http://appadvice.com/appnn/2012/06/todays-apps-gone-free-primo-do-ballistic-se-tower-of-fortune-and-more/ …"},{"index":"215048700177813504","data":"Time for a typewriter renaissance? http://pulse.me/s/appir "},{"index":"215051235592650752","data":"7 Layout Secrets of the Big Retail Chains http://pulse.me/s/aoOMt "},{"index":"214417157210124289","data":"From @appadvice: Pocket Gets Updated With Improved Reading Options And A Handful Of Fixes http://appadvice.com/appnn/2012/06/pocket-gets-updated-with-improved-reading-options-and-a-handful-of-fixes/ …"},{"index":"214874208730222593","data":"From @appadvice: Today's Apps Gone Free: Project 83113, Blobster, Solids Elementary HD And More http://appadvice.com/appnn/2012/06/todays-apps-gone-free-project-83113-blobster-solids-elementary-hd-and-more/ …"},{"index":"215127513800773632","data":"From @appadvice: Flipboard Becomes 'Trusted' Google+ Partner http://appadvice.com/appnn/2012/06/flipboard-becomes-trusted-google-partner/ …"},{"index":"215274805337931778","data":"Stunning Blade Runner Animation Made With 3000 Watercolors http://m.wired.com/underwire/2012/06/blade-runner-animation-watercolor/ …"},{"index":"215126887117234176","data":"From @appadvice: Today's Apps Gone Free: Grim Joggers, Verde, Monster Shooter: The Lost Levels And More http://appadvice.com/appnn/2012/06/todays-apps-gone-free-grim-joggers-verde-monster-shooter-the-lost-levels-and-more/ …"},{"index":"215480775137689602","data":"From @appadvice: Today's Apps Gone Free: Cloth, Smart Notes, PalmPEDi And More http://appadvice.com/appnn/2012/06/todays-apps-gone-free-cloth-smart-notes-palmpedi-and-more/ …"},{"index":"215603744803528704","data":"@andersoncooper Wife said “He seems like a nice guy.” I told her that you were down to earth. Did I make your day? :)"},{"index":"215602852284993536","data":"Hon Hai Chairman Tells World To Wait For iPhone 5, Fall Of Samsung http://appadvice.com/appnn/2012/06/hon-hai-chairman-tells-world-to-wait-for-iphone-5-fall-of-samsung/ …. Wow! Racism or is it truth?"},{"index":"215613339827568640","data":"House Panel Votes to Sanction Holder http://pulse.me/s/asQiF  via @WSJ  Take THAT Obama!"},{"index":"215777150891065345","data":"Hamas scion turned Christian and Israeli spy making film on Islam http://pulse.me/s/as9yl "},{"index":"215614822329491457","data":"Oil prices slide to 8-month low.  So why are pump prices not 25% lower!? http://pulse.me/s/atIXA "},{"index":"216200391694630913","data":"From @appadvice: Flipboard Adds Google+ And YouTube Integration http://appadvice.com/appnn/2012/06/flipboard-adds-google-and-youtube-integration/ …"},{"index":"216573241446236161","data":"From @appadvice: Today's Apps Gone Free: FUUSIO, iSlash HD, Fast Remote Desktop And More http://appadvice.com/appnn/2012/06/todays-apps-gone-free-fuusio-islash-hd-fast-remote-desktop-and-more/ …"},{"index":"216921135923728384","data":"Small U.S. Manufacturers Give Up on 'Made in China' http://pulse.me/s/ayi3H "},{"index":"216278402607489025","data":"From @appadvice: Today's Apps Gone Free: League Of Evil, OSnap!, TinyWallet And More http://appadvice.com/appnn/2012/06/todays-apps-gone-free-league-of-evil-osnap-tinywallet-and-more/ …"},{"index":"216973157117067264","data":"From @appadvice: Today's Apps Gone Free: Banca, PomodoroPro, Draw Along With Stella And Sam And More http://appadvice.com/appnn/2012/06/todays-apps-gone-free-banca-pomodoropro-draw-along-with-stella-and-sam-and-more/ …"},{"index":"217393485257515008","data":"From @appadvice: Tweetbot's Super Secret Settings Are A Secret No More http://appadvice.com/appnn/2012/06/tweetbots-super-secret-settings-are-a-secret-no-more/ …"},{"index":"216924184452927492","data":"Woman Claims Citi Wrongly Forcibly Evicted Her From Her Home http://pulse.me/s/ayKuw "},{"index":"218113032629387265","data":"Android Getting Crushed By iOS In App Retention http://pulse.me/s/aIxqd "},{"index":"217294787055857664","data":"From @appadvice: Today's Apps Gone Free: Hearts Tournament, Easy Calendar, Toy Defense And More http://appadvice.com/appnn/2012/06/todays-apps-gone-free-hearts-tournament-easy-calendar-toy-defense-and-more/ …"},{"index":"217757001185361922","data":"From @appadvice: Today's Apps Gone Free: Marvel KAPOW!, Pocket Check-Up, Band Together And More http://appadvice.com/appnn/2012/06/todays-apps-gone-free-marvel-kapow-pocket-check-up-band-together-and-more/ …"},{"index":"218165289043492864","data":"Apparently Chinese culture considers talking about human rights abuse to outsiders is treason.  http://pulse.me/s/aHE0x  via @WSJ"},{"index":"218166937836990465","data":"Barclays to pay $400M-plus to settle LIBOR charges http://pulse.me/s/aHGS1  Will we ever see the end of banking corruption?"},{"index":"218312989810495489","data":"Apple Planning Major Overhaul of iTunes to Emphasize iCloud and Sharing http://pulse.me/s/aITML "},{"index":"218311263657275392","data":"Facebook Just Fixed One Of The Biggest Complaints Users Have About Its iPhone App (FB) http://pulse.me/s/aJsMt "},{"index":"218673699816095745","data":"Flash won't be supported in Android 4.1, new installs to be disabled on August 15th http://pulse.me/s/aLrYg "},{"index":"218673918435803138","data":"Analyst: RIM's New BlackBerry Operating System 'May Never See The Light Of Day' http://pulse.me/s/aL9Eq "},{"index":"219400224001626112","data":"For your chance to win Means http://itunes.apple.com/us/app/means/id517240785?mt=8 … click here: http://www.facebook.com/appadvice/app_211922635540356 …; we're running a giveaway! pic.twitter.com/xWycTeEU"},{"index":"219565257104953345","data":"PSA: if you sync contacts with Facebook, then you might be sending E-Mails to the @facebook.com address http://pulse.me/s/aPQH1 "},{"index":"219223990479241217","data":"By exposing themselves as ignorant, uneducated fools in front of THOUSANDS of people? LET THEM get my attention. (cont) http://tl.gd/i3pui5 "},{"index":"219440166069223424","data":"Follow AppAdvice on Twitter and Facebook for your chance to win iOS apps! http://www.facebook.com/appadvice?sk=app_211922635540356 …"},{"index":"219222691645898752","data":"@spanner please read our last few tweets - servers are down, not on our end. We cannot fix, only wait. :("},{"index":"219916117731319808","data":"What Multitasking Does To Our Brains [Productivity] http://pulse.me/s/aRFfX "},{"index":"219918115956461568","data":"Bankers constantly lying, defrauding; most still not in jail http://pulse.me/s/aR25y "},{"index":"220264998696521730","data":"MRT @AppAdvice: Hello to the iPad \"mini\" http://apadv.co/OjhwKq  I just hope it’s not named “The MiniPad”."},{"index":"222498437562769408","data":"We’re destroying the seas http://pulse.me/s/b540g "},{"index":"222498890342088705","data":"Adolescent angst: 5 facts about the teen brain http://pulse.me/s/b5w0l "},{"index":"221333940995239936","data":"From @appadvice: AT&T To Activate Database Of Stolen Handsets Tuesday http://appadvice.com/appnn/2012/07/att-to-activate-database-of-stolen-handsets-tuesday/ …"},{"index":"221360221531017217","data":"Act as if You're a Certain Type of Person to Become that Person [Mind Hacks] http://pulse.me/s/b00mW "},{"index":"222506938615861249","data":"The Public Sector Vs. The Private Sector In One Colossal Chart http://pulse.me/s/b6ykw "},{"index":"222509371358322689","data":"Your Cell Phone Is Under More Surveillance Than Ever [Privacy] http://pulse.me/s/b605W "},{"index":"223068174768279552","data":"When economy gets bad, women dress to impress? http://pulse.me/s/b94c2 "},{"index":"222511177782149120","data":"Next Twitter for iPhone Version to Bring Interactive Tweet View http://pulse.me/s/b58pC "},{"index":"224244720593944576","data":"Clue to why human body can't fight HIV discovered http://pulse.me/s/bebHJ "},{"index":"224251452095344640","data":"Extreme Drought Spreads Across More Than Half Of The US http://pulse.me/s/bfWbC "},{"index":"226361223350976513","data":"@Rock1chef Just heard on WKSU that they'll be airing an interview with you!"},{"index":"226082463271776256","data":"From @appadvice: If The Cops Get Your Smartphone, They're Free To Impersonate You http://appadvice.com/appnn/2012/07/if-the-cops-get-your-smartphone-theyre-free-to-impersonate-you/ …  http://appadvice.com/appnn/2012/07/if-the-cops-get-your-smartphone-theyre-free-to-impersonate-you/ …"},{"index":"224234198720978944","data":"Three weeks with no #topgear on BBC. Hitting a marathon tonight."},{"index":"226544248873422848","data":"Wall Street Professionals Admit: Yes, Lots of Us Are Corrupt http://pulse.me/s/bua1H "},{"index":"226545861667196928","data":"The Financial Crisis Was Foreseeable … Thousands of Years Ago http://pulse.me/s/bsACC "},{"index":"227523122612551680","data":"The circle of madness is closing. A blogger's thoughts on the Aurora shootings. http://pulse.me/s/btpCc "},{"index":"226688436055207936","data":"Australian Airline Qantas to supply an iPad for every passenger on its 767 flights via @iMore http://www.imore.com/australian-airline-quantas-supply-ipad-every-passenger-its-767-flights … pic.twitter.com/SSnf8nNi"},{"index":"229354828374093824","data":"Blossom Music to hear Beethoven's grand 5th Symphony. http://pnr.ma/azFCjI "},{"index":"230636599254319106","data":"Assault Rifle Made With a 3-D Printer. Where there's a will, there's a way. http://pulse.me/s/bDimG  via @PopSci"},{"index":"228885306353528833","data":"Affordable Care Act Reduces Fund for Uninsured, Worrying Hospitals http://pulse.me/s/bDbKw "},{"index":"230824432439009281","data":"The First Shirt That Lowers Your Body Temperature http://pulse.me/s/bP3x1  via @PopSci"},{"index":"231158128228593666","data":"@AThay2012: “personality test I took during a…workshop…told me that I am an introvert. This is news to me” No waaay! :)"},{"index":"231159161080143872","data":"MRT @science: Scientists drilling deep into edge of Antarctica found evidence that palm trees once grew there http://bbc.in/Remgn3 "},{"index":"230632924922392576","data":"Boy or Girl? Does the Mother Control Outcome? http://pulse.me/s/bMEm1 "},{"index":"232676756753092608","data":"Congress Shelves Cybersecurity Bill http://pulse.me/s/bY567 "},{"index":"231401345909915648","data":"September 12 release of iPhone 5. http://m.blogs.computerworld.com/smartphones/20768/iphone-5-release-date-september-12-reports-claim?source=CTWNLE_nlt_wktop10_2012-08-03 …"},{"index":"231400194464419840","data":"IRS pays billions in refunds to identity thieves http://pulse.me/s/bR4Mi "},{"index":"233539725066121216","data":"Surprise! iOS and Android printing gotchas | Mobile technology - InfoWorld http://pulse.me/s/c3Tm5 "},{"index":"233369525352017921","data":"Rare New Form of Procrastination Identified http://pulse.me/s/c0hfJ  via @Inc"},{"index":"235720915890102272","data":"11 More Wonderful Words With No English Equivalent http://zite.to/SeSPgK  via @zite"},{"index":"236153616078077953","data":"University of Georgia newspaper staff quits after non-student named editorial director http://zite.to/Ns60hX  via @zite"},{"index":"234905327655583745","data":"Today’s Apps Gone Free: Unstoppable Fist, eSonar Pro, File Manager And More http://pulse.me/s/caH4l "},{"index":"233540421110861824","data":"Review: 6 AirPrint solutions for iPhones and iPads (and Android) - InfoWorld http://pulse.me/s/c3IQi "},{"index":"233768775076417536","data":"It was later in life when I learned it was ok to put down a book if it doesn't hold interest - Maybe why I have 6 or more on the nightstand"},{"index":"236583490420883456","data":"Android malware threats triple to almost 15,000 in Q2 http://zite.to/OthZGf  via @zite"},{"index":"236510521359233024","data":"From @appadvice: SMS Security Hole Uncovered, One Not Fixed In iOS 6 http://appadvice.com/appnn/2012/08/sms-security-hole-uncovered-one-not-fixed-in-ios-6/ …"},{"index":"236973950838665216","data":"A Major Secret Of The Brain Discovered http://zite.to/OCKmHB  via @zite"},{"index":"237020509911527424","data":"War on Health: The FDA's Cult of Tyranny by Gary Null http://zite.to/NSa6y7  via @zite"},{"index":"236974077208850432","data":"Cannabis and the Adolescent Brain http://zite.to/MDQf6c  via @zite"},{"index":"236585392512565249","data":"Ten hidden controls of the iPhone headphones http://zite.to/OCr19n  via @zite"},{"index":"237019723831836673","data":"Swap Your Soap, Save Your Heart? http://zite.to/Nc7ffl  via @zite"},{"index":"237023996279934976","data":"10 Detachable iPhone Lenses for Mobile Photographers http://zite.to/PAN28F  via @zite #iPhone"},{"index":"237952870715101184","data":"Oovoo for Android and iPhone gains simultaneous four-way video chat http://www.theverge.com/2012/8/21/3256958/oovoo-android-iphone-simultaneous-four-way-video-chat-update …"},{"index":"238080977694519297","data":"What You Might Not Know About Your iPhone and iPad http://zite.to/OOKmii  via @zite"},{"index":"237063014044557313","data":"App Store iOS Deals & Free Applications For August 18, 2012 http://zite.to/PnAY9L  via @zite"},{"index":"237024737430208513","data":"iPhone 5 Specs Outed http://pulse.me/s/colYD  #iPhone"},{"index":"238329064715350016","data":"The Real Reason America's Schools Stink http://pulse.me/s/cq00Q "},{"index":"237685145887444993","data":"Study: Less religious states give less to charity http://pulse.me/s/cqIwt  via @AP"},{"index":"238678095454957569","data":"11worst companies to work for in the USA.  http://jobs.aol.com/articles/2012/08/14/the-11-worst-companies-to-work-for-in-america/?a_dgi=aolshare_linkedin …"},{"index":"238834520542027776","data":"60 Years of American Economic History, Told in 1 Graph - Atlantic Mobile http://zite.to/PFuh0d  via @zite"},{"index":"241152386020823040","data":"10 Great Salary Calculators to Save you Time http://lnkd.in/ia-pFW "},{"index":"239139674742980608","data":"Samsung to owe over $1 Billion to Apple over patent violations. http://appadvice.com/appnn/2012/08/jury-reaches-verdict-in-samsung-vs-apple-trial/ …"},{"index":"241979719485116417","data":"Why Are Trace Chemicals Showing Up in Umbilical Cord Blood? http://zite.to/NDNN1b  via @zite"},{"index":"242226139161047041","data":"Apple and Google are in talks to settle patent issues: Reuters http://www.theverge.com/2012/8/30/3280125/apple-google-tim-cook-larry-page-patent-talks …"},{"index":"241157040851013632","data":"Is it time for a major industry shift?\nhttp://lnkd.in/ynUFw2 "},{"index":"243041750422274049","data":"From @appadvice: Why Did The FBI Have 12 Million Apple UDIDs On One Laptop? http://appadvice.com/appnn/2012/09/why-did-the-fbi-have-12-million-apple-udids-on-one-laptop/ …"},{"index":"243187235359453184","data":"12 Million Apple User IDs Nabbed http://pulse.me/s/cYVTe  #FBI"},{"index":"244473237491302400","data":"Thieves cash in on mobile fraud http://www.bbc.co.uk/news/technology-19519065 … http://www.bbc.co.uk/news/technology-19519065 …"},{"index":"245647067001798656","data":"Broken on Purpose: Why Getting It Wrong Pays More Than Getting It Right http://prsm.tc/5qdxtW  via @prismatic"},{"index":"246389426790494209","data":"What's Different About Apple's EarPods? http://pulse.me/s/dgHs3 "},{"index":"246413502745554945","data":"Apple says Lightning to HDMI and Lightning to VGA adapters are on the way | The Verge http://pulse.me/s/dhAZ7 "},{"index":"246414642698670080","data":"'Innocence of Muslims' producer's identity in question; actors say they were duped, overdubbed http://pulse.me/s/dfRTF "},{"index":"246415098397200384","data":"California man confirms role in production of anti-Islam film blamed for protests http://pulse.me/s/dfKRJ "},{"index":"245668497907146755","data":"Columbus economy ranked 7th in U.S. http://www.bizjournals.com/columbus/news/2012/09/10/columbus-economy-ranked-7th-in-us.html?ana=twt …"},{"index":"247473325100654592","data":"And Now Let Us Gasp In Astonishment At What Just Happened To The Newspaper Business http://pulse.me/s/dkz0n  via @businessinsider"},{"index":"247471735098720256","data":"The iPhone 5 Outscores the Galaxy S III [Benchmarks] http://pulse.me/s/dm9TH "},{"index":"247473709177249792","data":"BII REPORT: How Our Mobile Behavior Is Evolving http://pulse.me/s/diVIh  via @businessinsider"},{"index":"247478234227290112","data":"These PCs [from China] Come Pre-Installed With All Your Favorite Malware [Malware] http://pulse.me/s/dkj77 "},{"index":"247817299262857218","data":"The Warp Drive Could Become Science Fact : Discovery News http://zite.to/Pt5bCH  via @zite"},{"index":"251303899783372800","data":"Seattle cancer study: DNA can pass into woman's body from foetus before reaching brain http://bit.ly/QGiiQi  via @MailOnline"},{"index":"251306479234207744","data":"Want better results in face-to-face discussions with others? Put your cell phone out of sight. \nhttp://lnkd.in/gUCuTW "},{"index":"247674531316129793","data":"Europe Gets Lightning to Micro USB Adapter [for iPhone 5] http://pulse.me/s/diMFz "},{"index":"258041414275964928","data":"FBI issues Android warning http://prsm.tc/Io32CS  via @prismatic"},{"index":"257911962602729473","data":"New In iOS 6: Create An Email Signature With Custom Clickable Links\n\nhttp://appadvice.com/appnn/2012/10/new-in-ios-6-create-an-email-signature-with-custom-clickable-links/ … http://appadvice.com/appnn/2012/10/new-in-ios-6-create-an-email-signature-with-custom-clickable-links/ …"},{"index":"260215857756635136","data":"Incredible CSI-Like \"Enhance!\" App Fixes Your Unfocused Photos http://pulse.me/s/ewi3E "},{"index":"263070947790163968","data":"Google’s Chrome Remote Desktop Screen Sharing Service Comes Out Of Beta, Adds Real-Time Audio For Windows http://prsm.tc/3GlhW0 "},{"index":"256982818876432384","data":"iOS 6 Tracks iPhone Users http://pulse.me/s/eg15G \nHere's how to stop it."},{"index":"261448708749676544","data":"Cyberattack on Saudi Oil Firm Disquiets U.S. http://prsm.tc/fUwPRC  via @prismatic"},{"index":"281190211357138944","data":"Finally, some good news. http://fb.me/1scZo9kYs "},{"index":"287257942997217281","data":"Five MIT Students Have Solved A Universally Annoying Problem http://pulse.me/s/gW825 "},{"index":"287056871880286208","data":"Hey #PhoneReports a cool new name for the app would be Tweeet."},{"index":"287265647778492416","data":"Confessions of a Hotel Insider http://pulse.me/s/gTDkN "},{"index":"299872734572318720","data":"I wonder when #mailbox will support IBM AS/400 #Irrelevant #Friday #BeingSilly"},{"index":"294134804264407041","data":"Most parents 'lie to children' http://pulse.me/s/hFO4I \n(And we wonder why kids learn to distrust their parents?)"},{"index":"296783162598629378","data":"Hey @PhoneReports a cool new name for the app would be Squeeter. (look up in Urban Dict.) :-)"},{"index":"298226755670507522","data":"Strong observations. As the economy improves, I expect to see mass migrations. \nhttp://lnkd.in/Wsuv3r "},{"index":"300330944026533888","data":"Enjoying #mailbox app. If ability for rules based folder destination added, I’d never use Outlook again, @mailbox !"},{"index":"308634098627379203","data":"Why my shared links are no longer being seen by most of you. http://pulse.me/s/j9kjs "},{"index":"301872204046536704","data":"I have nothing to say. #hashtag"},{"index":"309109510834896896","data":"Flowers for no reason...my husband knows how to make me smile! @jva15 http://instagr.am/p/WftCbOk0k6/ "},{"index":"307176537222963200","data":"Holy Crap, This Insane 300 Foot Rope Swing Looks Like Heart Stopping Fun http://pulse.me/s/j0bNk "},{"index":"309109750145118208","data":"falling asleep at my desk and my wife just reminded me our trainer is here for bootcamp....   #awesome"},{"index":"309360971879698432","data":"College is 6X higher today than in 1990. http://read.bi/WuVdYK "},{"index":"310168335859978240","data":"Department On Aging = DOA. Other acronyms to avoid. http://theweek.com/article/index/240787/10-acronyms-with-unintended-double-meanings …"},{"index":"310164154856136705","data":"Does crime drop when immigrants move in? http://www.npr.org/2013/03/08/173642807/does-crime-drop-when-immigrants-move-in …"},{"index":"312027535678533632","data":"Just saw preview for new G.I. Joe movie. Noticed they used #Nero ‘s #Doomsday track from #Welcome_Reality CD as backdrop music."},{"index":"311812130007547904","data":"RT Fascinating story of CEO who dodged 9/11 tragedy and survived 2004 tsunami | http://bloom.bg/ZHTduX "},{"index":"311453522422026241","data":"LinkedIn to Buy Pulse Newsreader for More Than $50M http://pulse.me/s/jruU4 "},{"index":"312696878091337728","data":"RT FBI can't demand confidential customer records from telecommunication companies: federal judge | http://bloom.bg/YeyyhA  Civil rights!"},{"index":"313379295630356481","data":"Top 10 Jankiest Life Hacks That Actually Work Wonders http://pulse.me/s/jAZfv "},{"index":"315495024844480512","data":"Standard Chartered (as many other financial firms have shown) continue to ignore ethics -  http://mobilebeta.reuters.com/stanchart-told-to-say-sorry-over-us-sanctions …"},{"index":"315531857087307779","data":"The Shocking Revelations About Secret Government TrapWire Spying Are [Apparently] True - http://pulse.me/s/jP5Q8 "},{"index":"315530237108695040","data":"Yet another reminder that privacy is a bygone civil right thanks to the \"Patriot\" Act. Paranoid Government. http://pulse.me/s/jNThL "},{"index":"313053064280035328","data":"Would have loved to sleep on a little today but I couldn't because young children."},{"index":"318057436688830465","data":"I love Dropbox because 1. iCloud Sync sux. 2. More iOS apps are integrated with it. 3. Easy to use. 4. Flexible. http://db.tt/HlEAZDVW "},{"index":"319114096119255040","data":"How to Be a 50-Plus Brain 'SuperAger' http://zite.to/10j7sWz  via @zite"},{"index":"321418950191771649","data":"Obama's neglect of Civil Rights or Gov't accountability continues to haunt him. http://pulse.me/s/kpc5x "},{"index":"319118392529387520","data":"Nearly Every Mass Shooting In The Last 20 Years Shares One Thing In Common, & It's NOT Weapons http://zite.to/Zy30jh  via @zite"},{"index":"318757321654276098","data":"How A Tool For Perfect Human Vision Grew From One Of NASA's Greatest Blunders http://pulse.me/s/k10VJ "},{"index":"322168477446201344","data":"Skimming the Surface: The Return of Tesla's Surface Waves http://pulse.me/s/kpLD4 "},{"index":"320910434205052928","data":"A high efficiency 23-phase motor could revolutionize industry. http://www.drives.co.uk/fullstory.asp?id=3804 …"},{"index":"323512191661789184","data":"These Are The Last Words Of Another Kid Who Just Killed Himself By Texting While Driving http://pulse.me/s/kCvul "},{"index":"326028930228314112","data":"Can US Gov't block inventions that can disrupt the economy? Like maybe new energy saving devices? Maybe so.  http://cir.ca/story/us-patents-stalled-by-secrecy-orders/all …"},{"index":"325816096743632896","data":"Newly Discovered Android Malware Was Downloaded Millions Of Times http://prsm.tc/8OMfFY  via @prismatic"},{"index":"328023475862245376","data":"18 Drawings You'll Swear Are Actual Photographs http://pulse.me/s/kZeNa "},{"index":"331152478613667840","data":"A 6-inch tall, 6-year-old skeleton confuses Stanford researchers and UFO conspiracists alike http://pulse.me/s/llPlw "},{"index":"327460095350943745","data":"The Most Well-Read Cities In America, According To Amazon (AMZN) http://pulse.me/s/l0nXY  Congrats, Cincinnati, you're #8!"},{"index":"326028394833772547","data":"High levels of lead found in imported rice from China.  http://cir.ca/story/us-rice-imports-contain-lead/all …"},{"index":"331153240366387200","data":"Four Cybersecurity Breaches That Could Rattle The World http://pulse.me/s/lk0jb "},{"index":"333907641153753089","data":"Another Facebook Trojan. Beware! - Microsoft warns of new Trojan hijacking Facebook accounts http://pulse.me/s/lAl9S "},{"index":"332004622443094017","data":"The lying liars who lie about psychiatry http://zite.to/13gSzWY  via @zite"},{"index":"334343327778500609","data":"From @appadvice: BlackBerry Messenger Finally Coming To iOS And Android This Summer -- AppAdvice http://appadvice.com/appnn/2013/05/blackberry-messenger-finally-coming-to-ios-and-android-this-summer …"},{"index":"334469938007900160","data":"Nestle recalls DiGiorno, California Pizza Kitchen frozen pizzas http://cir.ca/s/7mV  via @Circa"},{"index":"334471317304791040","data":"Lipsticks found with carcinogens http://cir.ca/s/9mV  via @Circa"},{"index":"339145490669137920","data":"Shortcuts every iPhone user needs to know.  - 13 Secret Features Hidden In Your iPhone (AAPL) http://pulse.me/s/m5q1L "},{"index":"337425006357258240","data":"High Fructose Corn Syrup Addictive Like Cocaine, Says Researcher http://zite.to/10U9sms  via @zite"},{"index":"337975392059158528","data":"From @appadvice: AT&T subtlety increases customer phone charge.  http://appadvice.com/appnn/2013/05/att-wants-customers-to-dig-a-little-deeper-each-month-for-phone-service …"},{"index":"337794217545969664","data":"Scientists discover compound in marijuana that stops cancer. http://www.huffingtonpost.com/mobileweb/2012/09/19/marijuana-and-cancer_n_1898208.html …"},{"index":"339185032667217920","data":"Drug company pleads guilty to giving kickbacks to doctors http://cir.ca/s/uoW  via @Circa"},{"index":"339185460750475264","data":"Even roaches avoid corn syrup fructose. ;) http://cir.ca/s/voW  via @Circa"},{"index":"339503946928365569","data":"Study Links Exposure To Bug and Weed Killers and Higher Risk For Parkinson’s http://zite.to/13gDoLP  via @zite"},{"index":"342970590283587584","data":"Fracking companies block data on health effects by sealing lawsuit settlements http://cir.ca/s/KrX  via @Circa"},{"index":"342840015648333825","data":"Google explains more details than the NSA will admit.  - http://pulse.me/s/mvbnv "},{"index":"343514815123296256","data":"Give the Feds an inch, and they'll always take a mile. Every time, history has shown this.  http://www.technologyreview.com/news/515861/nsa-surveillance-reflects-a-broader-interpretation-of-the-patriot-act/?ref=rss&utm_medium=referral&utm_source=pulsenews …"},{"index":"343484951817252864","data":"Reusable colonoscopy tools are unclean 3 out of 20 times http://cir.ca/s/7xX  via @Circa"},{"index":"344560495195480065","data":"@drjekyll17 you’ve been hacked. Your account sent me SMS as well."},{"index":"344230868354727938","data":"Once again FDA ignores food safety, allows outrageous amounts of radiation in milk and meats. West Coast in trouble. http://www.forbes.com/sites/jeffmcmahon/2011/04/14/why-does-fda-tolerate-more-radiation-than-epa/ …"},{"index":"334343920249085954","data":"Say goodbye to the Home Button on iPhone 6. http://appadvice.com/appnn/2013/05/saying-goodbye-to-apples-iconic-home-button …"},{"index":"343485246483869696","data":"As hepatitis A outbreak spreads, Costco offers free vaccine http://cir.ca/s/8xX  via @Circa"},{"index":"345901515791278080","data":"Graphs shows when major Online media companies were added to PRISM. http://www.wired.com/threatlevel/2013/06/yahoo-failed-fisa-fight/ …"},{"index":"347775301549449216","data":"Yep. pic.twitter.com/NvM2kdN7RT"},{"index":"348514119462289408","data":"NSA wire taps anyone they want; even Obama.  - http://pulse.me/s/n0MdG "},{"index":"351392266889338880","data":"Germany is furious of US wiretapping of EU offices.  - http://pulse.me/s/nE05R "},{"index":"351494831383650304","data":"The NSA Has Processed 1 TRILLION Pieces Of Internet Metadata. Another source speaks out. http://read.bi/112eEuf "},{"index":"348877733943721984","data":"\"Legal\" doesn't mean \"constitutional\". - http://pulse.me/s/n6pB2 "},{"index":"351175672552620033","data":"Following an estimated 50,000 dead bumblebees, Oregon state officials temporarily restrict pesticide. http://cir.ca/s/pkZ "},{"index":"352563739016437760","data":"Two senators challenge NSA claimed effectiveness. http://www.businessinsider.com/wyden-and-udall-dont-believe-intelligence-officials-2013-7 …"},{"index":"351822076069421057","data":"Facebook for Android sends your cell number to FB without even logging in.  - http://pulse.me/s/nE8sq "},{"index":"352822978196676611","data":"The beginning of the fall of ethical capitalism began in 1970. http://www.forbes.com/sites/stevedenning/2013/06/26/the-origin-of-the-worlds-dumbest-idea-milton-friedman/ …"},{"index":"352575209783562240","data":"Military Sonar Is Causing Mass Whale Strandings http://read.bi/1cSbd9n "},{"index":"352576653253283840","data":"35 Science 'Facts' That Are Totally Wrong http://read.bi/1cRPDSn "},{"index":"353564611473195008","data":"AT&T will start selling your smartphone browsing history if you don't Opt Out.  http://m.techcrunch.com/2013/07/05/att-considers-selling-your-browsing-history-location-and-more-to-advertisers-heres-how-to-opt-out/ …?"},{"index":"352853002056511488","data":"Intelligence chief apologizes to Congress for lying. http://cir.ca/s/67Z "},{"index":"353194729858531329","data":"Vice President Joe Biden Railed Against NSA Domestic Spying In 2006 http://read.bi/18ASYYO "},{"index":"353585952226148354","data":"WARNING: Samsung's Spyware App used to deliver JayZ tunes.  http://appleinsider.com/articles/13/07/05/samsungs-free-jay-z-album-delivered-via-android-spyware-app …"},{"index":"354803455170326528","data":"Drinking cow milk may do more harm than good to people's health. http://drhyman.com/blog/2013/07/05/got-proof-lack-of-evidence-for-milks-benefits/ …"},{"index":"355493716854718464","data":"AT&T will start selling your smartphone browsing information. To opt out, go here: https://cprodx.att.com/cmp/cmpa/manage.jsp …"},{"index":"354756328717156352","data":"Former FISA judge slams FISA for approving blanket NSA surveillance.  - http://pulse.me/s/nUV13 "},{"index":"355850291918278656","data":"TV Station Makes Excruciating Error, Reads 4 Wrong Names Of Asiana Crash Pilots Including 'Sum Ting Wong' And 'Ho Lee Fuk'"},{"index":"352827001532465153","data":"Number of governments supporting domestic spying growing | http://bloom.bg/18y3mjS "},{"index":"356954551787593728","data":"Yahoo wants to release info on how they lost against NSA. Where's the Supreme Court on this Constitutional issue?! - http://pulse.me/s/o9pQN "},{"index":"358410970005118977","data":"Cashiers, NC. http://instagram.com/p/b-IOpQuck_/ "},{"index":"356978409072631808","data":"World's oldest lunar calendar found in Scotland, 10,000 years old. http://cir.ca/s/w2a "},{"index":"360352387799588865","data":"Google’s $35 Chromecast lets you beam video from ‘any device’ to your TV | VentureBeat http://venturebeat.com/2013/07/24/chromecast-lets-you-beam-video-from-android-and-ios-to-your-tv/#.UfEDxoAcqrM.twitter …"},{"index":"359000638836838401","data":"750 million cell phones may have outdated SIM card security that could lead to stolen identities and false char... - http://pulse.me/s/omU8K "},{"index":"354400049091977218","data":"Privacy does not need to be sacrificed for protection. Big Brother FAIL. - http://pulse.me/s/nSYw7 "},{"index":"360795095416569856","data":"Feds want your passwords? Where's the search warrant? - http://pulse.me/s/ozQbh "},{"index":"370946651772293121","data":"Man comes back to life after flatlining for 45 minutes http://cir.ca/s/HQe "},{"index":"362242967399968768","data":"The Coming Global Revolution http://www.youtube.com/watch?v=aKsfuHt1EXg&sns=tw … via @youtube"},{"index":"372692822060974082","data":"The Link Between Narcissism And Wealth? http://read.bi/12KqGXM "},{"index":"370948983666921472","data":"Autism risk linked to induced and augmented labor. http://cir.ca/s/KQe "},{"index":"370948634835025920","data":"Oldest rock art in North America found in Nevada by archaeologists, dating more than 10,000 years. http://cir.ca/s/JQe "},{"index":"374662773135114241","data":"The DEA Pays AT&T For Real-Time Access To 26 Years Of Phone Records http://read.bi/15yp9RG "},{"index":"375759856734859264","data":"The world's Big Brother has arrived.  - http://pulse.me/s/pQq8H "},{"index":"380911166568288256","data":"QuickOffice is FREE! - Google makes QuickOffice free  gives away 10 GB in Drive storage http://pulse.me/s/qsZV7 "},{"index":"376106077055885312","data":"BlackBerry Messenger for iOS coming soon? A little too late, BlackBerry. - http://pulse.me/s/q1Inf "},{"index":"375760124549537792","data":"Give them an inch and they always take a mile.  - PATRIOT Act Author  The NSA Is Actively Violating The Law http://pulse.me/s/q03u2 "},{"index":"381437527988920320","data":"Some new iOS 7 features. - Top 10 Secret Features of iOS 7 http://pulse.me/s/qwyLu "},{"index":"381655539618693120","data":"In 1961  the US almost detonated two nuclear bombs over North Carolina by accident http://pulse.me/s/qxmpt "},{"index":"383441020983468032","data":"Haunted House Reactions Are Back   and Funnier Than Ever http://pulse.me/s/qPEeT "},{"index":"383561384593989632","data":"This Magic Projection Box Will Melt Your Brain http://pulse.me/s/qR2kl "},{"index":"388054184714858496","data":"http://www.imore.com/top-5-secret-ios-7-gestures-how-get-more-done-faster …"},{"index":"388692866199199744","data":"Facebook Removing Option To Be Unsearchable By Name  Highlighting Lack Of Universal Privacy Controls http://pulse.me/s/rQMWM "},{"index":"388432432552480768","data":"Money Saving Phone Calls  How to Negotiate Down Your APR http://pulse.me/s/rIcht "},{"index":"374993636284715008","data":"Almost seems state corruption grade is proportional to closeness to D.C. http://read.bi/19fI9bM "},{"index":"393158319189553152","data":"Excellent trend charts across 7 centuries. http://www.businessinsider.com/700-years-of-data-in-12-must-see-charts-2013-10?utm_content=buffer4c52c&utm_source=buffer&utm_medium=facebook&utm_campaign=Buffer …"},{"index":"391340079701975041","data":"Moo. pic.twitter.com/jjz6uH9zYI"},{"index":"393775248405180416","data":"http://www.businessinsider.com/easy-ways-to-lose-weight-2013-10?utm_source=buffer&utm_campaign=Buffer&utm_content=bufferd5c3b&utm_medium=facebook …"},{"index":"396708629447188481","data":"Who makes your fav beer? - Who Actually Owns Your Favorite Beers http://pulse.me/s/vzmDV "},{"index":"404320441869037568","data":"http://www.buzzfeed.com/peggy/mind-blowing-tricks-every-iphone-and-ipad-user-should-kno …"},{"index":"408940906948341760","data":"Flashlight app caught collecting and selling user data http://pulse.me/s/IgSqs "},{"index":"409370359885230080","data":"http://blogs.hbr.org/2013/12/whos-hiring-and-who-isnt-in-five-charts/ …"},{"index":"412116378121150465","data":"China successfully lands spacecraft on Moon http://pulse.me/s/Jqahk "},{"index":"412732425534730240","data":"Samsung's secret weapons for the Galaxy S5 have been exposed -- this is going to be a MONSTER smartphone... http://pulse.me/s/JjByH "},{"index":"400828413276999681","data":"China Is Openly Discussing How To Nuke The US http://www.businessinsider.com/china-wants-to-nuke-the-us-2013-11 … via @bi_contributors"},{"index":"412741647890665472","data":"Millions of Plastic Microbeads from Specialty Soap Have Contaminated the Great Lakes and Damaging Health. http://pulse.me/s/Jr5Vv "},{"index":"415556436597276672","data":"Accurate comparison of healthcare costs is complex, but the facts indicate Americans are being gouged.  http://www.upworthy.com/his-first-4-sentences-are-interesting-the-5th-blew-my-mind-and-made-me-a-little-sick-2?c=reccon1 …"},{"index":"417432189144285184","data":"The NSA Actually Intercepted Packages to Put Backdoors in Electronics http://pulse.me/s/JJQNM "},{"index":"417432572071649280","data":"NSA reportedly intercepting laptops purchased online to install spy malware http://pulse.me/s/JIny4 "}]