[{"index":"112250908288626688","data":"Did anybody else feel a bit queezzy ....earthquake?"},{"index":"101795328327561216","data":"Jumbo Sweet...yup!  http://yfrog.com/kjujwltj"},{"index":"105018763094654976","data":"Its a Goats day satursay at Goat's Pride Dairy. Liittle kids are ever so cute!!  http://yfrog.com/h4ut1lkj "},{"index":"107656744364290048","data":"I think I'm sitting behind Rupert Murdoch at a Michael Franti convcert. Am I Right?  http://yfrog.com/kh4kpjjj "},{"index":"102425871087960064","data":"My year with the Telegraph and its Ghouls in this here New Statesman  \nhttp://www.newstatesman.com/comedy/2011/08/column-telegraph-writing-knew …"},{"index":"121739215976407041","data":"Suddenly, the bright star at the center of Silicon Valley's universe has gone out. Indeed. Thank you Steve Jobs for making Silicon Valley."},{"index":"12580643446","data":"Vancouver is the kind of place, on a rainy morning, there's someone handing out free umbrellas!!"},{"index":"12606033984","data":"And in the afternoon the sun shines!!"},{"index":"123205710107512833","data":"Dog #1842, my hero! Strays in Athens tagged, collared & vaccinated, not destroyed, so they may demonstrate 4 freedom!  http://shar.es/bb2ar "},{"index":"1338977424","data":"Staring out the window"},{"index":"148789920188727296","data":"Bravo Marty, saw #Hugo the first good 3D movie. Loved the Little Tramp ref. Perfect casting of a  #Doberman!  And it's a  #Digitizers movie!"},{"index":"144868579630792704","data":"Interesting interview with MOA Archivist telling the story of a project I got to work on  CBC.ca North by Northwest: http://bit.ly/uQMvRh "},{"index":"153309867220799490","data":"Happy New Year, happy new gadget! Oooh got a spiraling grater, it makes beets fun. pic.twitter.com/Uimsk5ti"},{"index":"150244617361694720","data":"This is definitely going to be me this afternoon. A new Christmas eve eve tradition. Now, where's the snow? http://www.youtube.com/watch?v=7Bcq7CC7R74&sns=tw …"},{"index":"154619391001100288","data":"Some bodys birthday today xx  Happy day @PaulBAdams"},{"index":"153310185891434497","data":"We know how to roll on NYE. Veggie rice bowls all around. pic.twitter.com/rRIrcV3G"},{"index":"159752168935669760","data":"http://tgam.ca/DQ7d  /via @globeandmail US rejects Keystone Pipeline.  Yay!!!"},{"index":"159752547396104192","data":"@DamonLindelof Betty White is a Canadian National Treasure."},{"index":"160055807671676928","data":"Just passed @thekilling_amc filming on Abbott and Pender Sts. Looks cool! pic.twitter.com/Qwx2vHn8"},{"index":"16795348521","data":"Paradise is not wallpapered with idiots. In fact there is no wallpaper."},{"index":"163705971863068673","data":"Chinese parade going past my window!! Hung hay fat choy! pic.twitter.com/0OdscHUw"},{"index":"163312819209633792","data":"The fact that I am aware I can't pull off wearing one of those cool people beanie/stocking hats makes the world a far better place."},{"index":"167991616563453952","data":"Oh Google, you are the Skynet come to life...so post-human. Google's Driverless Autonomous Vehicles  at Symposium: http://nyti.ms/Aljh0V "},{"index":"171251401538797568","data":"RIBA the robot bear nurse  lifts one human at a time in Japan http://shar.es/gbcpm   But really, why do I love these robot stories so much!?"},{"index":"174905367657062404","data":"Wow. Lee Brain gives powerful testimony at pipeline joint review panel http://thetyee.ca/Video/2012/02/23/Oil-Man-Son/ … via @thetyee"},{"index":"176329836850196481","data":"Wow. The overwhelming presence of Tokyo Sky Tree. Paul Virilio would have much to say on this http://mdn.mainichi.jp/features/news/20120303p2a00m0na002000c.html … @eurogradschool"},{"index":"176456988170010624","data":"This is so me....Richmond Review - Wanted: Food blogger to eat at a restaurant a day: http://bit.ly/A5pgtk  via @AddThis"},{"index":"17667050607","data":"MadMen...Season 4 starts in 22 days...'its time to start a new tab.'"},{"index":"176688626191695873","data":"MOOCs, Large Courses Open to All, Topple Campus Walls: http://nyti.ms/AxlsUq  90,000 students"},{"index":"175253173987061762","data":"so cool! “@MOA_UBC: Our newest blog post is written by Dustin Rivers, an intern working at MOA. Read his story about.. http://fb.me/1qnVpCyvP ”"},{"index":"181055039001993216","data":"Sustainable Japanese Hand-Crank Vending Machine  http://www.youtube.com/watch?v=kDaQR4NudKw&sns=tw … via @youtube If only the drinks were free after all that cranking!"},{"index":"177775439828357121","data":"Sharing the Video Metadata Love: http://blogs.archives.gov/online-public-access/?p=7458#.T1jNtBgX9RM.twitter …"},{"index":"182611179993178113","data":"Going to see Jiro Deams of Sushi, then going to Shuraku Sushi Bar for my own sushi dreaming. #Vancouver #sushi"},{"index":"182479962522140672","data":"Read read so hard, yeah! *Viewer discretion advised* B*tches in Bookshops. Read so hard librarians tryin’ ta... http://fb.me/1CkGSWdI5 ”"},{"index":"186095222776795137","data":"#Community @nbccommunity is a bad influence....  on my internal humour sensor."},{"index":"186094066637869056","data":"Words.  Sticky words in my head. 'Cool. Cool cool. Cool, cool, cool.'"},{"index":"186181105832038402","data":"Yay!! “@Rove: Rove LA coming to U.S. screens from July!  http://latimesblogs.latimes.com/showtracker/2012/03/tv-guide-network-rove-la-standup-stiletto.html …”"},{"index":"186182887928901632","data":"You're sad “@Dave_T_Dickson: #EarthHour tonight? C'mon. The #FinalFour is on & #Canucks vs. And next you'll want us to turn off...#nochance”"},{"index":"186474244690034688","data":"Inebriates tipping news stands till 4am! Big sports nite? How's that progress since last year? let's give em a downtown party @MayorGregor"},{"index":"190463315154190337","data":"My kind a place  “@chillwinston: If you are looking to escape the rain and the game..”"},{"index":"189934379345248258","data":"Indian Man Single-Handedly Plants a 1,360 Acre Forest http://www.treehugger.com/natural-sciences/man-single-handedly-plants-entire-forest.html … via @TreeHugger"},{"index":"187553818379157504","data":"Yay. @Rove: Made by a mate and his mates RT @SuperDingoHero He's a battler. He's a hero. He's bionic. He's SUPER DINGO! http://youtu.be/rAlugcmkx-U "},{"index":"193365952019177472","data":"Visual effects artists complain they're often employed in electronic sweatshops http://www.latimes.com/business/la-fi-ct-visual-effects-workers-20120420,0,563491.story …"},{"index":"193368015922933760","data":"NYTimes Lense:  Conjoined 11 yrd old Twins by Annabel Clark: http://nyti.ms/I922lo "},{"index":"193347197901873153","data":"“@michaelidov: When in Rome, right? pic.twitter.com/6St69U0u”. Too right!"},{"index":"186547598784606208","data":"Oh you British Library, you are Hilarrrious! “@britishlibrary: Unicorn Cookbook found at #BritishLibrary http://bit.ly/HA2YCP ”"},{"index":"207137203082641408","data":"To all those people who faced this wet Monday start of @bikingToWork Week ... I salute you!"},{"index":"198061784505131009","data":"Oh how I miss Australia. “@COFAartdesmedia: \"i'm so drunk\" \"me too\" *pause* \"so what class do we have now?\" #cofashuttlebusoverheard”"},{"index":"208250908323217409","data":"This is a bit subversive, but I like it!!  http://www.theglobeandmail.com/news/arts/celebrity-photos/celebrity-photos-of-the-week-may-30/article2446691/ …"},{"index":"208220309357199361","data":"Oh, Ouch. “@DamonLindelof: So it begins! \n\"Reading the reviews. Seems like you screwed up Prometheus with your crappy writing. Good job.”"},{"index":"209486766779011072","data":"@CBCVancouver what is all that stuff floating around in the air downtown?"},{"index":"210025010356686848","data":"Intentionally using extra dishes just so I can turn on the mostly empty dish washer this week. Missing @PaulBAdams"},{"index":"210231343190249473","data":"“Perfect companion, we are having, soup poured, new friends welcomed, exper  @ Chill Winston http://instagr.am/p/LgVMtnPs-x/ ” #stillwinterweather"},{"index":"214034945050546176","data":"It's the perfect weekend of you're shooting @TheKillingAMC in #Vancouver pic.twitter.com/WoW2kqgp"},{"index":"204633869343932416","data":"“@ShannonLaBelle: Congrats! @CloudscapeComic: Whoo! We made it to our goal of $3000 and still going!  http://www.indiegogo.com/Giants-of-Main-Street?c=home …” Well done!"},{"index":"2137552498","data":"Working towards getting a twitter certificate"},{"index":"216360206412681216","data":"Keeping it reul #5pinbowling yo pic.twitter.com/M4vclUDZ"},{"index":"216168430125072384","data":"Nice night for a stroll, despite the chill.  http://instagr.am/p/MK9Q2XjDjA/ "},{"index":"216547970554937345","data":"“@ShannonLaBelle: BLOG: Cycling on Sea Island and Iona Island: http://carfreevancouver.com/2012/06/22/cycling-on-sea-island-and-iona-island/ … #RichmondBC #bikeyvr” Very cool!"},{"index":"216158935156129792","data":"It's Mai Tai time @disney #aulani resort @gohawaii  @ Aulani Beach Cove http://instagr.am/p/MKLeAeKnKL/ "},{"index":"219457736511991808","data":"Saw #MoonriseKingdom yesterday. Loved it. Thank you rainy day Vancouver, oh ... and Wes Anderson."},{"index":"219449536635084800","data":"@ShannonLaBelle can your studies explain this? RT “@GreatDismal: http://www.youtube.com/watch?v=2kCqkVOkDbE …\n「こびと劇場」予告編 !!!”"},{"index":"219544107167645696","data":"@TheatreTerrific yay! Water is fantastic. Thanks for making my neighborhood inspiring. pic.twitter.com/9CTn9WGK"},{"index":"219498406782050304","data":"At the Art? Gallery at Canada Place #CanadaDay pic.twitter.com/VKckD0LL"},{"index":"219544328815648768","data":"Also nice to have the park free of drug dealers for the afternoon,"},{"index":"227211717883613184","data":"Word! “@MelissaStetten: The only person who enjoys the sound of a motorcycle is the asshole riding it.”"},{"index":"224173087090933760","data":"@MargaretAtwood at ComicCon...too much. Remember when it was just sweaty storm troopers: Hangin' out with the Klingons http://twitpic.com/a7bs81 ”"},{"index":"227267225126572032","data":"So are we. 10th anniv. It gets better “@chris_e_simpson: Watching Firefly. Not terribly impressed... Bit like red dwarf without the humour”"},{"index":"229249637213675520","data":"Archives catalogue state of Canadiana as collection set to move into new home http://thetyee.ca/CanadianPress/2012/07/28/Library-Moves-19554017/ … via @thetyee"},{"index":"232143464148635651","data":"F$&:k no! “@GammaCounter: “David Beckham underwear ad projected onto the White Cliffs of Dover,” is just mental. http://bit.ly/OBFot7 ”"},{"index":"221670033795977216","data":"Getting ready for a weekend BBQ, this time with no rain contingency plan! #Vancouver"},{"index":"235231422657482752","data":"Tonight a very special dinner at @MikuRestaurant. So looking forward to it!"},{"index":"242767078749245441","data":"Oh Snap! “@BreakingBad_AMC: \"To my other favorite W.W. It’s an honour working with you. Fondly, G.B\""},{"index":"234437717155528704","data":"Tonight a very special dinner at @MikuRestaurant. So looking forward to it!"},{"index":"243729538431975424","data":"“@IanMartin: On a train. Just bought a fizzy drink and giant Mars bar off the trolley. I am fifty fucking nine years old. #selfloathetweet”"},{"index":"237552076371136512","data":"Congrats! So exciting!! “@PaulBAdams: #Writing milestone: completed first draft treatment of new screenplay @ParkRoad. Celebrating ..."},{"index":"250782023961178112","data":"Designated Community needs definition. Preserving for who? OAIS"},{"index":"250926884953681920","data":"Thrilled 2b@ #mwda2012 Memory of the World in Digital Age @UNESCO http://www.unesco.org/new/en/communication-and-information/events/calendar-of-events/events-websites/the-memory-of-the-world-in-the-digital-age-digitization-and-preservation/ … #digitalpreservation #archives #libraries” Vancouver"},{"index":"251679226577686528","data":"Loved #mwda2012 #MotW2012 Thank you UNESCO & Luciana Duranti UBC for bringing together such a experience & knowledge. Amazing conference!"},{"index":"252778481698623488","data":"Also saw @Loopermovie, finally an excellent, original film! “@LillyLyle: @greatdismal Just got back from LOOPER, definitely the REAL DEAL.”"},{"index":"253545717480706048","data":"World Information Architecture Day 2013 Seeks Local Coordinators. World IA Day is February, 2013 http://iainstitute.org/news/001381.php "},{"index":"252520487979200512","data":"Where? Where is this? I want to go! “@JaneEspenson: Omg!  Making my own s'mores at the table! pic.twitter.com/foAmKztO”"},{"index":"251687189677735936","data":"Visited @ShawnHunt opening Archetypes. Magnificent, confronting, opulent, & even tender. Macaulay gallery, Vancouver http://dlvr.it/2DX8NJ "},{"index":"254435926892220416","data":"“@GreatDismal: Saw Looper matinee. Digestion in progress.” Always the sign of a good movie. Lingers."},{"index":"254590224728985600","data":"If the calculations of Paglen’s team are correct, his little archive will survive longer than people http://www.artnews.com/2012/09/27/engravings-for-the-e-t-in-all-of-us/ …"},{"index":"254669962285821952","data":"Yay #VIFF  #Hipstamatic #JohnS #Pistil pic.twitter.com/W0iqKIGk"},{"index":"26367437581","data":"Disappointed the tweet from my new iPhone4 didn't work on Friday...when got to shake Vince Gilligan's hand. Albuquerque survivors!"},{"index":"266915540604420098","data":"This job ad is whack! Where's the kool-aide? - @lululemon is hiring a Social Media Educator: http://ow.ly/f8w3d ”"},{"index":"26673441077","data":"Counting the days now...until a Niçoise Bouillabaisse with the accompanying croutons and rouille!"},{"index":"266916737155473408","data":"Amazon knows @lizpadilla: \"box set of 'The Wire', bottle of Veuve Clicquot, and wool socks.\" Looks like I'll be seeing you in the spring!"},{"index":"269086118421606400","data":"About collusion. @theCurrentCBC Radio interview w Jacques Duchesneau on  Corruption in Government vs Democracy http://www.cbc.ca/thecurrent/episode/2012/11/14/jacques-duchesneau-on-ending-quebec-corruption/ …"},{"index":"268003974517506048","data":"Stories we tell ourselves. Story telling in the Digital Age http://matadornetwork.com/life/the-importance-of-storytelling-in-the-digital-age/ …"},{"index":"270537946384461824","data":"Downtown too! “@News1130radio: No school today at @BCIT  due to job action. @Jesse_Johnston reports from the #Burnaby BCIT campus this AM.”"},{"index":"270537478635655169","data":"Yup! “@News1130radio: RT @Jesse_Johnston: Teachers & staff picketing @ the BCIT campus in #Burnaby. Ugly weather! pic.twitter.com/pIhFZhNW”"},{"index":"27259662373","data":"Tibetan monks shopping in Harrods, why not?  http://yfrog.com/459i4qj"},{"index":"271633380972589058","data":"Just how long did you have to wait for this one? #punchlinewaitingtimes “@DamonLindelof: Been there.  Done that.   http://bbc.in/RWaPPm ”"},{"index":"27189113186","data":"Long sleep-deprived shadows in Regents Park.  http://yfrog.com/f7j00jj"},{"index":"262569711433297920","data":"@Slate: The past is not dead. In fact, it's suing: http://slate.me/Sei0ny  #ClassicSlateHeadlines  Misquoting authors, how important are words?"},{"index":"27343332455","data":"At last, on the M25. Muscles relaxing, jaw unclenching, knuckles releasing their white grip. Till Monday, London. http://yfrog.com/myfk6ej"},{"index":"27338969192","data":"Yet another tunnel out of London. The Thames is a windy lady,  http://yfrog.com/2o709iuj"},{"index":"27338285895","data":"Get me out of London! 1 hour of traffic, oh why? http://yfrog.com/2szj2uj"},{"index":"27338496092","data":"So many tunnels, how do we know we're actually not going in underground circles? http://yfrog.com/0ylnsbj"},{"index":"27537000739","data":"Next life, I want to come back as a little dog, with an owner who takes me along to the cafe for a bacon sandwich. http://yfrog.com/e6z71nj"},{"index":"274145814513844226","data":"Capturing traces of time. Photographic Paper, Decades Past Its Expiration Date | American Photo http://www.americanphotomag.com/photo-gallery/2012/11/photographic-paper-decades-past-its-expiration-date … via @AmericanPhoto"},{"index":"27442966457","data":"Very yummy pub lunch in Winchelsea,  lovely spot! But no wireless, can't have everything. http://yfrog.com/4wtgsj"},{"index":"27720314348","data":"So long London town, till we stress again.  http://yfrog.com/j6453yj  enough said."},{"index":"27760963355","data":"Bien arrive! Our first night in Nice. Ou, tres jolie!  http://yfrog.com/j542ecj"},{"index":"27538172493","data":"Oh Hastings, who says you're a bit rough? Yes those are al fresco mens urinals. Not for the shy ... http://yfrog.com/756mnoj"},{"index":"27830794855","data":"Le Cote D'Azur.  Wow!  The colour of the water is indescribably beautiful.  http://yfrog.com/7e69pbj"},{"index":"27942345824","data":"Paul fait cuire notre dîner ce soir du potage de poulet en notre appartement.  http://yfrog.com/77sr3hj"},{"index":"27814105879","data":"Rioting on the streets of Nice. Ok, a small group of students, followed by 6 police cars. Nice is for of oldies.  http://yfrog.com/muy5ctj"},{"index":"28670152031","data":"Après petit dejeuner and due coupe de Champsies  http://yfrog.com/4chzhpj wow!"},{"index":"28014615784","data":"The trains only ran to Monte Carlo today. So we must slum it - it's a dogs life.  http://yfrog.com/nejypkj"},{"index":"28670283474","data":"@lizpadilla Happy 50th birthday mon cherie!"},{"index":"28668099825","data":"It's good to be 50! Breakfast at the Carlton  http://yfrog.com/ncmn8lj"},{"index":"287204687076286465","data":"Happy Birthday @PaulBAdams - Hope all your wishes come true! pic.twitter.com/yf31FufF"},{"index":"28867130065","data":"Morning in Menton. Not breakfast at the Carlton, it's better!  http://yfrog.com/3v7hsvj  and Italy just steps away."},{"index":"28765470581","data":"Mmmm, what a special day, how lucky I am. And how grateful for each new day  http://yfrog.com/55draocj"},{"index":"28869379568","data":"Menton, welcome to the land of Limoncello, de Citron, Vert et Mandarin! Mmmm  http://yfrog.com/07qgkdj"},{"index":"30748775802740737","data":"Todays Perugina Bacio wisdom : a true friend knows all there is to know about you yet still likes you.  :)"},{"index":"29077202431","data":"Last day in the Sud. Its gorgeous sun. Lovely, but also looking forward to being home in Vancity.  http://yfrog.com/6z3zhhj"},{"index":"31065539606482946","data":"Are you ever too old for cold pizza for breakfast?  Not if I splash a bit of white truffle oil on. Maintenant, où sont les  pomme frites?"},{"index":"29195410234","data":"Its all rainbows and sunburst at london heathrow now its time to go.  http://yfrog.com/j4vmzhj"},{"index":"29292102397","data":"Im back baby!  Sunday morning coffee on Granvillle Island, its good to be home!  http://yfrog.com/j4g7qoj"},{"index":"33234792237502465","data":"Happy new Rabbit year!!!  Fangs and claws are put away for another 11 years, yeah! Bye bye puss."},{"index":"3646119616","data":"spending sunday morning creating an MadMen avatar, and I like it."},{"index":"34110328656625664","data":"Godard's 'Every Man for Himself', wow, thumbs up, right up, way the heck up there, \"ah eh hey!\""},{"index":"378185977971212288","data":"@TransLink huge line at metro town for BCIT 130. Already more than 1 bus worth.  4 SFU/UBC buses already passed! Why not serve this line!"},{"index":"35814862210727936","data":"Reading 'The Slap' by Christos Tsiolkas. I am transported to a breathless Melbourne summer, gasping for a breeze on the tram to St. Kilda."},{"index":"38313205478461441","data":"Styled my profile with a sweet theme using Themeleon by @COLOURlovers http://clrlv.rs/newthemeleon Love it?"},{"index":"39733188590960640","data":"Learning French, and trying to understand Cricket....why do I do these things?!?"},{"index":"38318891314716672","data":"Today I am itemizing my expenses for taxes...or......there must be some socks that need folding!?!"},{"index":"38316020208893952","data":"In Albuquerque, going to the set of Breaking Bad in a few minutes. Fanboyishly excited."},{"index":"39733242886230017","data":"Team le Canada a bien bowled jusqu'à ce que les 25ème over, mais effondré à des 210-run humiliants."},{"index":"40837827642138624","data":"Easy to recognize love at first sight...lucky oranghutan!  Love means sharing your monkey biscuits!  http://shar.es/3dZuF "},{"index":"41886015362838528","data":"Woke to a winter wonderland pt2 this morning.  To all of the humble oscar noms...winnings not everything, its an honour to be nominated."},{"index":"41909786203127808","data":"Word of the day, asinine (with descriptive photo) http://yfrog.com/h278655382j"},{"index":"41923733543321602","data":"Not too many people made it to the Winteruption Fest at Granville Island. Winter interupted... http://yfrog.com/h49b7uoj"},{"index":"42341744402108416","data":"I wanna be an Astrophotographer...but I don't have a back yard. Maybe I can mock it up in my condo?\nhttp://legault.perso.sfr.fr/STS-133.html"},{"index":"42643199801565184","data":"IGN's Top Sci-Fi TV shows of all time.  Agree...but #Lost?... Good TV, but sci-fi? http://tv.ign.com/articles/114/1143800p5.html … (Jonesing for some real sci-fi on tv)"},{"index":"43373680822202368","data":"Bring it on!  Making College Free, Online http://thetyee.ca/Mediacheck/2011/03/01/MakingCollegeFreeOnline/ … via @thetyee"},{"index":"43699834758234112","data":"Oohh, love a good dystopic reading. YA but story sounds good. Matched by Ally Condle http://myfavouritebooks.blogspot.com/2010/12/matched-by-ally-condle.html?spref=tw …"},{"index":"43356235407425536","data":"Oh Cricket: Why does this seem so sad...\n\"Can you help us reach 500 followers by the end of the World Cup? Please RT #cricket #cwc2011\""},{"index":"43464377243930624","data":"Went to Granville Islamd to get some artichokes from the artichoke lady. No lady today, just Tom Cruise and the Mission Implausable 3."},{"index":"44431956087291904","data":"The book is dead, long live the book. Authors are writing their own stories in the brave new e-world http://tinyurl.com/49u9h78"},{"index":"45113451877638145","data":"Charlie fired from 2 1/2 Men.  Producers are gonna have a hard time finding a drug addled, porn-friendly, narcissistic replacement in LA."},{"index":"45907729709150208","data":"I could bid £146.00 to have Jon Snow follow me on Twitter...would I have to wear clown socks?  http://bit.ly/Twitrelief"},{"index":"48414734730539008","data":"Guess I picked the wrong week to watch That Mitchell and Webb Look S3!  Remain Indoors Quiz Broadcast  http://www.youtube.com/watch?v=ga_rCnueID8 … via @youtube"},{"index":"49145653921726464","data":"$200,000 for an android replica? That seems a bargain.  The Geminoid DK  http://tinyurl.com/4q2lf26"},{"index":"45217716474347520","data":"Utility Construction - Shaughnessy http://ow.ly/1bFD6g"},{"index":"45913115778486272","data":"Here is a link.  http://goo.gl/F798w A BBC lawyer says I cannot tell you what the link is about. I have stepped through the looking glass"},{"index":"5054403883","data":"This concludes Autumn Watch for today. As the days grow shorter, I hope you'll join us for more indoor skive watching."},{"index":"51014349967466496","data":"Yup, this is too good!  http://yfrog.com/hs5ocmgj"},{"index":"51019420247670784","data":"I am the modern BoardBisMan tucking into my slimy okra and toro rice bowl at the lunch counter at Kingyo.  http://yfrog.com/h0vk1ywj"},{"index":"51012585230827520","data":"Having a Kingyo lunch moment. Basking in the specialness. i even get a whole pot of tea!  http://yfrog.com/h8s16btj"},{"index":"53116750589460480","data":"\"Freedom of the press is guaranteed only to those who own one.\"\nGE pays zero tax on 2010 profits of $14.2 billion  http://yhoo.it/gqFJx4"},{"index":"52189241626734592","data":"The only thing better than Sunday lunch, is Sunday lunch plus lemon merangue pie!!! http://yfrog.com/gzuabij"},{"index":"5339562671","data":"They predicted rain all weekend, and it didn't. yeah!"},{"index":"5341370294","data":"Sipping my JJ Beans, and remembering why I love Granville Island"},{"index":"53488841578917888","data":"Right on Sydney Girls High School Astronomy Club for finding the most aesthetically pleasing astronomical target!!  http://shar.es/3SaMH "},{"index":"5396900885","data":"@zizekspeaks  and this is why I love Twitter, its like having visible thought bubbles... too bad dogs can't twitter."},{"index":"56005470808317952","data":"I like it... might counteract the Microsoft shouting pwd reminder...or could be amusing with sys ads if I forget my pwd http://weyume.com/2011/04/05/passfirmations/ …"},{"index":"5484139486","data":"Pane au Chocolat and a good coffee make everything right."},{"index":"5568811813","data":"Drying out after a stroll in pouring rain...still, makes a change from staying indoors watching the pouring rain."},{"index":"5463931011","data":"I love going to lunch, but now I need a nap. Doesn't help that its dark outside at 3:47pm"},{"index":"56010959537455104","data":"Dont watch unless you want to break out into a spontaneous \"There beneath the blue suburban skies...' all day.... http://www.youtube.com/watch?v=7sCeyqDPViE&feature=share …"},{"index":"56124118789128192","data":"I feel very sanctimoneous tuning up my bike and riding in the sunny fresh air to the Granville Island market! Harumph!"},{"index":"56071187750596608","data":"Space 1st : Australians (duh!) perfect beer in space  http://media.smh.com.au/technology/tech-talk/an-aussie-space-first-beer-2293426.html"},{"index":"56127210058293249","data":"Er, sanctimonious.  http://yfrog.com/h4tdrfuj"},{"index":"5621762011","data":"@Rove1974 We are all happy you're here to remind us and you are happy too!! Thanks for sharing!"},{"index":"5627076303","data":"knee deep in flash, why does vacuuming the house sound like more fun?"},{"index":"57136536059256832","data":"Saw #Limitless yesterday. Loved the cinematography, liked the story and ideas.   Made me think, after.  Sign of a good film!!"},{"index":"5664028334","data":"Who wants to play Mad Men season 4 -  I'll start.  SCDP gets a new client...IBM ?!"},{"index":"57566504962621440","data":"FBI memo alleges aliens did in fact land in New Mexico http://yhoo.it/dPsVHR    New Mexico, been there... some of us managed to escape."},{"index":"5772284833","data":"This is Monday on the northwest coast ... http://pic.gd/a5ed0d"},{"index":"57841517796130816","data":"Brilliant...except for the decapitated zombie bodies. Yikes! @simonblackwell Extraordinarily detailed .. of St Paul's.: http://bit.ly/dZwsbW"},{"index":"58558492025434112","data":"Vancouverites must've been moved by French language Canadian Federal #elxn41 Debate last night!  They were shouting & cheering all night!"},{"index":"5893795643","data":"Vancouver fashion: rubber pancho, leggings, booties, dinosaur tuque, hoop earrings, plunger coffee mug. http://pic.gd/31ce85"},{"index":"6017324926636032","data":"Watching the snow fall, from bed, with a nice hot coffee!! Its good to be home! http://yfrog.com/75uyywj"},{"index":"58344577010106369","data":"Getting very loud outside Rogers Arena! Peut-être la discussion political en français est terminée ?"},{"index":"60333192611250177","data":"\"We all travel the Milky Way together, trees and men.\" \n— John Muir (The Mountains of California)"},{"index":"6085477260","data":"What a beautiful day. It's as iif someone cut a hole in the clouds over False Creeck to let the sun in. Thank you."},{"index":"61443435395158017","data":"Property rights for Animals:  http://www.smh.com.au/environment/animals/give-animals-property-rights-uni-lecturer-20110422-1dr79.html#poll … \"Why would somebody give animals more rights than humans?\" Yet we do to corporations!"},{"index":"60858670925361152","data":"Oh Vancouver! I picker the wrong day for a quick errand to Granville St....it was BLAZZIN! Contact high!"},{"index":"63618189132705792","data":"Chaser's Letter To The Queen http://www.smh.com.au/lifestyle/royal-wedding/abc-not-amused-as-royals-ban-chaser-threaten-coverage-20110427-1dwyd.html …  Royals demand ABC cancel the Chaser, as #royalwedding commentators, or lose video feeds.."},{"index":"63646009808527360","data":"Nice window display at BlackberryBooks Granville Island. www poetryIsDead.ca  http://yfrog.com/hsushdvj"},{"index":"61524999260999680","data":"Another winner, thanks to @tripadvisor. Burger 55, Penticton. Yum!  http://yfrog.com/h3cu6swj   http://yfrog.com/h31egxyj"},{"index":"65082731465416705","data":"10 years later, two wars ongoing, $900US billion spent, 6000 soldiers died, 42,000 soldiers injured. Iraqi Refugees + 2.1 mil. @BarackObama"},{"index":"65478777811116032","data":"digitally freshen up : or...update one's avatar because #MadMen season 5 is not available till early 2012!"},{"index":"65994395966636032","data":"Paul is reading my copy of Superman #900...I'm trying to hold back the spoilers. What a couple of nerds."},{"index":"65450482985996289","data":"digitally freshen up : A term used to excuse oneself from face-time company for reasons of a burning desire to check email & social media."},{"index":"66614334503137280","data":"Good weeks work...its Finally Friday! yeah!  If only the weather would cooperate and supply some Sun day."},{"index":"66998064010895360","data":"Okay, torrential rain and hail now in #Vancouver. When the going gets tough, we go 10-pin #bowling !! http://yfrog.com/gzoq4dkj"},{"index":"67088996693585920","data":"@ShannonLaBelle you are so on! Hope you enjoyed your first #DOXA2011 \nMight go on Thursday."},{"index":"66925141719924736","data":"Neurowear: \"Just imagine if we have organs that doesn’t exist, moreover we can control that new body?\" http://neurowear.net/?p=81   #ThankYou Japan!"},{"index":"67608439626539008","data":"@DamonLindelof Right on Vancouver!"},{"index":"69802961668276224","data":"A bit wet at Granville Island. Not fit for man or gull. Still #oyamasausage still a draw, worth the soggy visit. http://yfrog.com/gytzpyej"},{"index":"67092117108965376","data":"@CWWRyan @photoclassic Pair of Golden Eagles are resident at the Museum of Anthropology at the University of BC in Vancouver. Just saw one."},{"index":"72705519139291136","data":"Signs of spring  ... False Creek Canada Geese (Branta canadensis) and goslings Too Cute! http://hpstm.tc/p/gg2d #hipstamatic"},{"index":"74558970953605120","data":"@ShannonLaBelle take/post pictures if you can. Would love to see them. I bet you even got sun in #halifax , lucky you."},{"index":"72707246248837120","data":"Did you guys see the new Torchwood trailer? Hooray!  http://bit.ly/lJpz3g"},{"index":"74559944120217600","data":"I'll be on the Tonight Show with @jayleno tonight, along with @ParisHilton and INXS.  http://yfrog.com/h65vzfcj"},{"index":"76299388913319936","data":"Consider honey http://gu.com/p/2pe6x/tw  Nice article in the @guardian The simplest resources are the best. Clean air, water, and bees."},{"index":"76322151342424064","data":"Yeah! The Official STAR TREK Convention: 45th Anniversary in VANCOUVER, BC. June 10-12  http://www.creationent.com/cal/stvan.htm#events … Don't miss the Klingon Breakfast"},{"index":"76068585079967744","data":"I sound like those people who move near an airport...I know it's the Stanley Cup and all, but will the masses outside Roger's Arena...sshhh."},{"index":"78242697592320001","data":"Finally watched #Firefly sci-fi series from Joss Whedon via #Netfix.  Enjoyed the originality of the story  and the world.  Joss rocks!!"},{"index":"77213848117059584","data":"Saw a group of women wearing hockey jerseys, with baby strollers outside Rogers Arena. You know what they were don't you? Mother Canuckers"},{"index":"7989170871","data":"I think I saw Liza Minelli on the 44 Express bus this morning. Yes?"},{"index":"79962855104970752","data":"Information / Futurist consorts, watch & enjoy #Mailer & #McLuhan Debate the Electronic Age 1968 http://shar.es/HYPJr  #Digital @thomgillespie"},{"index":"8033520956","data":"Lots of people are asking whether Peep Show is coming back. It is! Series 7 will be filmed later this year & transmitted, well, even later."},{"index":"80663003397234688","data":"Can photo albums survive the digital age? http://gu.com/p/2qp55/tw  via @guardian"},{"index":"81193445846302721","data":"Yeah Hockey is over. now everyone please go home, quietly and quickly. See you in a few weeks when the hockey starts up again."},{"index":"81147824888217600","data":"And so it begins #Vancouver. Good luck to all #stanleycup  #Canucks  Just hope everyone gets home healthy, esp the players!,"},{"index":"81464044648796160","data":"It's getting dark in the car park. Might go to the room. Oh God. http://yfrog.com/kit9ldqj "},{"index":"82826803751825409","data":"There is nothing but the journey. #VadeMecum"},{"index":"82161070067826688","data":"Indeed. #Vancouver  http://hpstm.tc/p/kwss #hipstamatic"},{"index":"82218482908934144","data":"Walked across our beautiful downtown #vancouver today. Not a single #Canucks jersey in sight. They cant use them to hide behind anymore."},{"index":"84257374990372864","data":"British Library & Google 'There is no doubt that #digitization will greatly benefit the research process.'  http://gu.com/p/3v2j7/tw . 150m works"},{"index":"84268835145924609","data":"Sense-Roid jacket lets you cuddle yourself (Wired UK) http://www.wired.co.uk/news/archive/2011-06/22/sense-roid-self-hugging-jacket …. the ideal haptic communication partner..Domo arigato Japan!"},{"index":"82834592767279104","data":"Interesting. Carrying written tweets by train from San Fran to D.C., route of the 1st transcontinental telegram (1861) http://creativetime.org/programs/archive/2011/tweets/?p=118 …"},{"index":"86924668027682816","data":"Wishing everyone a happy and fun Canada Day!!  http://yfrog.com/hs6jqdkej from Steveston."},{"index":"8594071615","data":"Is it fair to make an interview candidate wait 15 minutes?"},{"index":"85488144048328704","data":"Have you seen a foreign film with an American villain (pref. played by Yank actor) in the last 10 years? Drop me a line, I'm making a list."},{"index":"87957546194833411","data":"Had A Glorious Morning Hike In Whistler. So Green And Quiet, With The Sweet Smells Of Earth.  http://hpstm.tc/p/pj2x"},{"index":"8913471274","data":"If only my iphone could take a picture of itself, watching Mad Max on the iphone. Does it get any better?...sweet!!!!"},{"index":"88242695272808448","data":"Re: Cemetery Discovery Day @ShannonLaBelle \"Why not bring a picnic.\" Really?! That's a find."},{"index":"89717557426262016","data":"Excellent talk by MIT's Sherry Turkle who spent 15 years exploring our lives on the #digitalterrain. Alone Together: http://bit.ly/ngw84H "},{"index":"90642834830532608","data":"Awesome iPhoto pic of last Space Shuttle Launch Captured from an Airplane Window Seat by 18 yr old http://www.petapixel.com/2011/07/08/last-space-shuttle-launch-captured-from-an-airplane-window-seat/ … via @petapixel #NASA"},{"index":"8914539229","data":"Don't write off the Goose till you see the box going into the hole."},{"index":"91186496907911168","data":"Nous finissons par faire de la vitesse elle-même le symbole de l'innovation?  Paul #Virilio vitesse ARTE: http://www.arte.tv/fr/2151166,CmC=2395272.html#.Th3G0ihu9ik.tweet … #Digitization"},{"index":"91939147798945792","data":"slideshow Community Supported Fishery (CSF ) trip Nass River BC,  canneries & Alert Bay http://flic.kr/s/aHsjvjLSry  http://www.wildbcsalmon.org  @ocean_wise"},{"index":"92270958185938944","data":"Enjoying the rain at #Vancouver West End Farmers Market.  #bummersummer cant keep this beautiful produce away  http://yfrog.com/khcn6yjj"},{"index":"91187818331779072","data":"Speaking of digitization, new from Digitalism - Forrest Gump http://www.youtube.com/watch?v=JT5gotTnoDg&feature=share … via @youtube  schön schön wunderbar! @digitalismMusic"},{"index":"92657757790023680","data":"IN SHOCK: just got off phone call with my technophobe 86 year old mother who informs me she is about to buy an #iPad"},{"index":"94100379347849217","data":"It's pouring rain, and sunny with patches of blue sky in #Vancouver. Some more words for 'rain' are needed. Its prainshining   #bummersummer"},{"index":"9310792950","data":"Sipping a Granville Island IPA, after the 1.5 hr long customs inspection. I bet Donald Sutherland didnt have to wait. He's very tall!"},{"index":"94073346320379904","data":"Been struggling with it all morning too. This is what it must be like to be in deep space with no gravity...@TheKRF RE: #OSX reversing mouse"},{"index":"94829682876358658","data":"So long #AmyWinehouse  Such an amazing voice, a true jazz - worthy style. But such a mess. Drugs suck."},{"index":"96965149231038465","data":"Orions Reflection, where new stars are forming inside the dense nebula.  So beautiful  http://on.natgeo.com/nd1AGy  via @NatGeo"},{"index":"101795328327561216","data":"Jumbo Sweet...yup!  http://yfrog.com/kjujwltj"},{"index":"102425871087960064","data":"My year with the Telegraph and its Ghouls in this here New Statesman  \nhttp://www.newstatesman.com/comedy/2011/08/column-telegraph-writing-knew …"},{"index":"105018763094654976","data":"Its a Goats day satursay at Goat's Pride Dairy. Liittle kids are ever so cute!!  http://yfrog.com/h4ut1lkj "},{"index":"92683268993978369","data":"\"And so the beauty of lilies falls on angels and men, bears and squirrels, wolves and sheep, birds and bees..\" John Muir"},{"index":"112250908288626688","data":"Did anybody else feel a bit queezzy ....earthquake?"},{"index":"94159294223745024","data":"What's your fave LIVING female SF writer (besides Le Guin)? Somebody's looking for them... help..."},{"index":"9582581097","data":"Clean fresh air. I love Vancouver!"},{"index":"121739215976407041","data":"Suddenly, the bright star at the center of Silicon Valley's universe has gone out. Indeed. Thank you Steve Jobs for making Silicon Valley."},{"index":"123205710107512833","data":"Dog #1842, my hero! Strays in Athens tagged, collared & vaccinated, not destroyed, so they may demonstrate 4 freedom!  http://shar.es/bb2ar "},{"index":"12580643446","data":"Vancouver is the kind of place, on a rainy morning, there's someone handing out free umbrellas!!"},{"index":"12606033984","data":"And in the afternoon the sun shines!!"},{"index":"1338977424","data":"Staring out the window"},{"index":"144868579630792704","data":"Interesting interview with MOA Archivist telling the story of a project I got to work on  CBC.ca North by Northwest: http://bit.ly/uQMvRh "},{"index":"148789920188727296","data":"Bravo Marty, saw #Hugo the first good 3D movie. Loved the Little Tramp ref. Perfect casting of a  #Doberman!  And it's a  #Digitizers movie!"},{"index":"153310185891434497","data":"We know how to roll on NYE. Veggie rice bowls all around. pic.twitter.com/rRIrcV3G"},{"index":"150244617361694720","data":"This is definitely going to be me this afternoon. A new Christmas eve eve tradition. Now, where's the snow? http://www.youtube.com/watch?v=7Bcq7CC7R74&sns=tw …"},{"index":"107656744364290048","data":"I think I'm sitting behind Rupert Murdoch at a Michael Franti convcert. Am I Right?  http://yfrog.com/kh4kpjjj "},{"index":"153309867220799490","data":"Happy New Year, happy new gadget! Oooh got a spiraling grater, it makes beets fun. pic.twitter.com/Uimsk5ti"},{"index":"159752168935669760","data":"http://tgam.ca/DQ7d  /via @globeandmail US rejects Keystone Pipeline.  Yay!!!"},{"index":"154619391001100288","data":"Some bodys birthday today xx  Happy day @PaulBAdams"},{"index":"159752547396104192","data":"@DamonLindelof Betty White is a Canadian National Treasure."},{"index":"160055807671676928","data":"Just passed @thekilling_amc filming on Abbott and Pender Sts. Looks cool! pic.twitter.com/Qwx2vHn8"},{"index":"163312819209633792","data":"The fact that I am aware I can't pull off wearing one of those cool people beanie/stocking hats makes the world a far better place."},{"index":"16795348521","data":"Paradise is not wallpapered with idiots. In fact there is no wallpaper."},{"index":"163705971863068673","data":"Chinese parade going past my window!! Hung hay fat choy! pic.twitter.com/0OdscHUw"},{"index":"174905367657062404","data":"Wow. Lee Brain gives powerful testimony at pipeline joint review panel http://thetyee.ca/Video/2012/02/23/Oil-Man-Son/ … via @thetyee"},{"index":"175253173987061762","data":"so cool! “@MOA_UBC: Our newest blog post is written by Dustin Rivers, an intern working at MOA. Read his story about.. http://fb.me/1qnVpCyvP ”"},{"index":"167991616563453952","data":"Oh Google, you are the Skynet come to life...so post-human. Google's Driverless Autonomous Vehicles  at Symposium: http://nyti.ms/Aljh0V "},{"index":"171251401538797568","data":"RIBA the robot bear nurse  lifts one human at a time in Japan http://shar.es/gbcpm   But really, why do I love these robot stories so much!?"},{"index":"176329836850196481","data":"Wow. The overwhelming presence of Tokyo Sky Tree. Paul Virilio would have much to say on this http://mdn.mainichi.jp/features/news/20120303p2a00m0na002000c.html … @eurogradschool"},{"index":"176456988170010624","data":"This is so me....Richmond Review - Wanted: Food blogger to eat at a restaurant a day: http://bit.ly/A5pgtk  via @AddThis"},{"index":"17667050607","data":"MadMen...Season 4 starts in 22 days...'its time to start a new tab.'"},{"index":"176688626191695873","data":"MOOCs, Large Courses Open to All, Topple Campus Walls: http://nyti.ms/AxlsUq  90,000 students"},{"index":"182479962522140672","data":"Read read so hard, yeah! *Viewer discretion advised* B*tches in Bookshops. Read so hard librarians tryin’ ta... http://fb.me/1CkGSWdI5 ”"},{"index":"181055039001993216","data":"Sustainable Japanese Hand-Crank Vending Machine  http://www.youtube.com/watch?v=kDaQR4NudKw&sns=tw … via @youtube If only the drinks were free after all that cranking!"},{"index":"182611179993178113","data":"Going to see Jiro Deams of Sushi, then going to Shuraku Sushi Bar for my own sushi dreaming. #Vancouver #sushi"},{"index":"186094066637869056","data":"Words.  Sticky words in my head. 'Cool. Cool cool. Cool, cool, cool.'"},{"index":"186095222776795137","data":"#Community @nbccommunity is a bad influence....  on my internal humour sensor."},{"index":"177775439828357121","data":"Sharing the Video Metadata Love: http://blogs.archives.gov/online-public-access/?p=7458#.T1jNtBgX9RM.twitter …"},{"index":"186182887928901632","data":"You're sad “@Dave_T_Dickson: #EarthHour tonight? C'mon. The #FinalFour is on & #Canucks vs. And next you'll want us to turn off...#nochance”"},{"index":"186547598784606208","data":"Oh you British Library, you are Hilarrrious! “@britishlibrary: Unicorn Cookbook found at #BritishLibrary http://bit.ly/HA2YCP ”"},{"index":"186474244690034688","data":"Inebriates tipping news stands till 4am! Big sports nite? How's that progress since last year? let's give em a downtown party @MayorGregor"},{"index":"187553818379157504","data":"Yay. @Rove: Made by a mate and his mates RT @SuperDingoHero He's a battler. He's a hero. He's bionic. He's SUPER DINGO! http://youtu.be/rAlugcmkx-U "},{"index":"190463315154190337","data":"My kind a place  “@chillwinston: If you are looking to escape the rain and the game..”"},{"index":"193347197901873153","data":"“@michaelidov: When in Rome, right? pic.twitter.com/6St69U0u”. Too right!"},{"index":"193365952019177472","data":"Visual effects artists complain they're often employed in electronic sweatshops http://www.latimes.com/business/la-fi-ct-visual-effects-workers-20120420,0,563491.story …"},{"index":"189934379345248258","data":"Indian Man Single-Handedly Plants a 1,360 Acre Forest http://www.treehugger.com/natural-sciences/man-single-handedly-plants-entire-forest.html … via @TreeHugger"},{"index":"198061784505131009","data":"Oh how I miss Australia. “@COFAartdesmedia: \"i'm so drunk\" \"me too\" *pause* \"so what class do we have now?\" #cofashuttlebusoverheard”"},{"index":"186181105832038402","data":"Yay!! “@Rove: Rove LA coming to U.S. screens from July!  http://latimesblogs.latimes.com/showtracker/2012/03/tv-guide-network-rove-la-standup-stiletto.html …”"},{"index":"193368015922933760","data":"NYTimes Lense:  Conjoined 11 yrd old Twins by Annabel Clark: http://nyti.ms/I922lo "},{"index":"208220309357199361","data":"Oh, Ouch. “@DamonLindelof: So it begins! \n\"Reading the reviews. Seems like you screwed up Prometheus with your crappy writing. Good job.”"},{"index":"207137203082641408","data":"To all those people who faced this wet Monday start of @bikingToWork Week ... I salute you!"},{"index":"204633869343932416","data":"“@ShannonLaBelle: Congrats! @CloudscapeComic: Whoo! We made it to our goal of $3000 and still going!  http://www.indiegogo.com/Giants-of-Main-Street?c=home …” Well done!"},{"index":"209486766779011072","data":"@CBCVancouver what is all that stuff floating around in the air downtown?"},{"index":"208250908323217409","data":"This is a bit subversive, but I like it!!  http://www.theglobeandmail.com/news/arts/celebrity-photos/celebrity-photos-of-the-week-may-30/article2446691/ …"},{"index":"210025010356686848","data":"Intentionally using extra dishes just so I can turn on the mostly empty dish washer this week. Missing @PaulBAdams"},{"index":"2137552498","data":"Working towards getting a twitter certificate"},{"index":"216168430125072384","data":"Nice night for a stroll, despite the chill.  http://instagr.am/p/MK9Q2XjDjA/ "},{"index":"210231343190249473","data":"“Perfect companion, we are having, soup poured, new friends welcomed, exper  @ Chill Winston http://instagr.am/p/LgVMtnPs-x/ ” #stillwinterweather"},{"index":"216158935156129792","data":"It's Mai Tai time @disney #aulani resort @gohawaii  @ Aulani Beach Cove http://instagr.am/p/MKLeAeKnKL/ "},{"index":"214034945050546176","data":"It's the perfect weekend of you're shooting @TheKillingAMC in #Vancouver pic.twitter.com/WoW2kqgp"},{"index":"216360206412681216","data":"Keeping it reul #5pinbowling yo pic.twitter.com/M4vclUDZ"},{"index":"216547970554937345","data":"“@ShannonLaBelle: BLOG: Cycling on Sea Island and Iona Island: http://carfreevancouver.com/2012/06/22/cycling-on-sea-island-and-iona-island/ … #RichmondBC #bikeyvr” Very cool!"},{"index":"219449536635084800","data":"@ShannonLaBelle can your studies explain this? RT “@GreatDismal: http://www.youtube.com/watch?v=2kCqkVOkDbE …\n「こびと劇場」予告編 !!!”"},{"index":"219498406782050304","data":"At the Art? Gallery at Canada Place #CanadaDay pic.twitter.com/VKckD0LL"},{"index":"219457736511991808","data":"Saw #MoonriseKingdom yesterday. Loved it. Thank you rainy day Vancouver, oh ... and Wes Anderson."},{"index":"219544328815648768","data":"Also nice to have the park free of drug dealers for the afternoon,"},{"index":"221670033795977216","data":"Getting ready for a weekend BBQ, this time with no rain contingency plan! #Vancouver"},{"index":"219544107167645696","data":"@TheatreTerrific yay! Water is fantastic. Thanks for making my neighborhood inspiring. pic.twitter.com/9CTn9WGK"},{"index":"227267225126572032","data":"So are we. 10th anniv. It gets better “@chris_e_simpson: Watching Firefly. Not terribly impressed... Bit like red dwarf without the humour”"},{"index":"229249637213675520","data":"Archives catalogue state of Canadiana as collection set to move into new home http://thetyee.ca/CanadianPress/2012/07/28/Library-Moves-19554017/ … via @thetyee"},{"index":"232143464148635651","data":"F$&:k no! “@GammaCounter: “David Beckham underwear ad projected onto the White Cliffs of Dover,” is just mental. http://bit.ly/OBFot7 ”"},{"index":"227211717883613184","data":"Word! “@MelissaStetten: The only person who enjoys the sound of a motorcycle is the asshole riding it.”"},{"index":"234437717155528704","data":"Tonight a very special dinner at @MikuRestaurant. So looking forward to it!"},{"index":"224173087090933760","data":"@MargaretAtwood at ComicCon...too much. Remember when it was just sweaty storm troopers: Hangin' out with the Klingons http://twitpic.com/a7bs81 ”"},{"index":"235231422657482752","data":"Tonight a very special dinner at @MikuRestaurant. So looking forward to it!"},{"index":"237552076371136512","data":"Congrats! So exciting!! “@PaulBAdams: #Writing milestone: completed first draft treatment of new screenplay @ParkRoad. Celebrating ..."},{"index":"242767078749245441","data":"Oh Snap! “@BreakingBad_AMC: \"To my other favorite W.W. It’s an honour working with you. Fondly, G.B\""},{"index":"243729538431975424","data":"“@IanMartin: On a train. Just bought a fizzy drink and giant Mars bar off the trolley. I am fifty fucking nine years old. #selfloathetweet”"},{"index":"250926884953681920","data":"Thrilled 2b@ #mwda2012 Memory of the World in Digital Age @UNESCO http://www.unesco.org/new/en/communication-and-information/events/calendar-of-events/events-websites/the-memory-of-the-world-in-the-digital-age-digitization-and-preservation/ … #digitalpreservation #archives #libraries” Vancouver"},{"index":"250782023961178112","data":"Designated Community needs definition. Preserving for who? OAIS"},{"index":"251679226577686528","data":"Loved #mwda2012 #MotW2012 Thank you UNESCO & Luciana Duranti UBC for bringing together such a experience & knowledge. Amazing conference!"},{"index":"251687189677735936","data":"Visited @ShawnHunt opening Archetypes. Magnificent, confronting, opulent, & even tender. Macaulay gallery, Vancouver http://dlvr.it/2DX8NJ "},{"index":"252520487979200512","data":"Where? Where is this? I want to go! “@JaneEspenson: Omg!  Making my own s'mores at the table! pic.twitter.com/foAmKztO”"},{"index":"252778481698623488","data":"Also saw @Loopermovie, finally an excellent, original film! “@LillyLyle: @greatdismal Just got back from LOOPER, definitely the REAL DEAL.”"},{"index":"254435926892220416","data":"“@GreatDismal: Saw Looper matinee. Digestion in progress.” Always the sign of a good movie. Lingers."},{"index":"254590224728985600","data":"If the calculations of Paglen’s team are correct, his little archive will survive longer than people http://www.artnews.com/2012/09/27/engravings-for-the-e-t-in-all-of-us/ …"},{"index":"262569711433297920","data":"@Slate: The past is not dead. In fact, it's suing: http://slate.me/Sei0ny  #ClassicSlateHeadlines  Misquoting authors, how important are words?"},{"index":"254669962285821952","data":"Yay #VIFF  #Hipstamatic #JohnS #Pistil pic.twitter.com/W0iqKIGk"},{"index":"253545717480706048","data":"World Information Architecture Day 2013 Seeks Local Coordinators. World IA Day is February, 2013 http://iainstitute.org/news/001381.php "},{"index":"26367437581","data":"Disappointed the tweet from my new iPhone4 didn't work on Friday...when got to shake Vince Gilligan's hand. Albuquerque survivors!"},{"index":"26673441077","data":"Counting the days now...until a Niçoise Bouillabaisse with the accompanying croutons and rouille!"},{"index":"266915540604420098","data":"This job ad is whack! Where's the kool-aide? - @lululemon is hiring a Social Media Educator: http://ow.ly/f8w3d ”"},{"index":"266916737155473408","data":"Amazon knows @lizpadilla: \"box set of 'The Wire', bottle of Veuve Clicquot, and wool socks.\" Looks like I'll be seeing you in the spring!"},{"index":"269086118421606400","data":"About collusion. @theCurrentCBC Radio interview w Jacques Duchesneau on  Corruption in Government vs Democracy http://www.cbc.ca/thecurrent/episode/2012/11/14/jacques-duchesneau-on-ending-quebec-corruption/ …"},{"index":"268003974517506048","data":"Stories we tell ourselves. Story telling in the Digital Age http://matadornetwork.com/life/the-importance-of-storytelling-in-the-digital-age/ …"},{"index":"270537478635655169","data":"Yup! “@News1130radio: RT @Jesse_Johnston: Teachers & staff picketing @ the BCIT campus in #Burnaby. Ugly weather! pic.twitter.com/pIhFZhNW”"},{"index":"27189113186","data":"Long sleep-deprived shadows in Regents Park.  http://yfrog.com/f7j00jj"},{"index":"27259662373","data":"Tibetan monks shopping in Harrods, why not?  http://yfrog.com/459i4qj"},{"index":"271633380972589058","data":"Just how long did you have to wait for this one? #punchlinewaitingtimes “@DamonLindelof: Been there.  Done that.   http://bbc.in/RWaPPm ”"},{"index":"270537946384461824","data":"Downtown too! “@News1130radio: No school today at @BCIT  due to job action. @Jesse_Johnston reports from the #Burnaby BCIT campus this AM.”"},{"index":"27338285895","data":"Get me out of London! 1 hour of traffic, oh why? http://yfrog.com/2szj2uj"},{"index":"27338496092","data":"So many tunnels, how do we know we're actually not going in underground circles? http://yfrog.com/0ylnsbj"},{"index":"27338969192","data":"Yet another tunnel out of London. The Thames is a windy lady,  http://yfrog.com/2o709iuj"},{"index":"27343332455","data":"At last, on the M25. Muscles relaxing, jaw unclenching, knuckles releasing their white grip. Till Monday, London. http://yfrog.com/myfk6ej"},{"index":"27442966457","data":"Very yummy pub lunch in Winchelsea,  lovely spot! But no wireless, can't have everything. http://yfrog.com/4wtgsj"},{"index":"274145814513844226","data":"Capturing traces of time. Photographic Paper, Decades Past Its Expiration Date | American Photo http://www.americanphotomag.com/photo-gallery/2012/11/photographic-paper-decades-past-its-expiration-date … via @AmericanPhoto"},{"index":"27537000739","data":"Next life, I want to come back as a little dog, with an owner who takes me along to the cafe for a bacon sandwich. http://yfrog.com/e6z71nj"},{"index":"27538172493","data":"Oh Hastings, who says you're a bit rough? Yes those are al fresco mens urinals. Not for the shy ... http://yfrog.com/756mnoj"},{"index":"27760963355","data":"Bien arrive! Our first night in Nice. Ou, tres jolie!  http://yfrog.com/j542ecj"},{"index":"27814105879","data":"Rioting on the streets of Nice. Ok, a small group of students, followed by 6 police cars. Nice is for of oldies.  http://yfrog.com/muy5ctj"},{"index":"27830794855","data":"Le Cote D'Azur.  Wow!  The colour of the water is indescribably beautiful.  http://yfrog.com/7e69pbj"},{"index":"27720314348","data":"So long London town, till we stress again.  http://yfrog.com/j6453yj  enough said."},{"index":"27942345824","data":"Paul fait cuire notre dîner ce soir du potage de poulet en notre appartement.  http://yfrog.com/77sr3hj"},{"index":"28014615784","data":"The trains only ran to Monte Carlo today. So we must slum it - it's a dogs life.  http://yfrog.com/nejypkj"},{"index":"28668099825","data":"It's good to be 50! Breakfast at the Carlton  http://yfrog.com/ncmn8lj"},{"index":"28670152031","data":"Après petit dejeuner and due coupe de Champsies  http://yfrog.com/4chzhpj wow!"},{"index":"287204687076286465","data":"Happy Birthday @PaulBAdams - Hope all your wishes come true! pic.twitter.com/yf31FufF"},{"index":"28765470581","data":"Mmmm, what a special day, how lucky I am. And how grateful for each new day  http://yfrog.com/55draocj"},{"index":"28670283474","data":"@lizpadilla Happy 50th birthday mon cherie!"},{"index":"28869379568","data":"Menton, welcome to the land of Limoncello, de Citron, Vert et Mandarin! Mmmm  http://yfrog.com/07qgkdj"},{"index":"28867130065","data":"Morning in Menton. Not breakfast at the Carlton, it's better!  http://yfrog.com/3v7hsvj  and Italy just steps away."},{"index":"29077202431","data":"Last day in the Sud. Its gorgeous sun. Lovely, but also looking forward to being home in Vancity.  http://yfrog.com/6z3zhhj"},{"index":"29195410234","data":"Its all rainbows and sunburst at london heathrow now its time to go.  http://yfrog.com/j4vmzhj"},{"index":"29292102397","data":"Im back baby!  Sunday morning coffee on Granvillle Island, its good to be home!  http://yfrog.com/j4g7qoj"},{"index":"30748775802740737","data":"Todays Perugina Bacio wisdom : a true friend knows all there is to know about you yet still likes you.  :)"},{"index":"33234792237502465","data":"Happy new Rabbit year!!!  Fangs and claws are put away for another 11 years, yeah! Bye bye puss."},{"index":"31065539606482946","data":"Are you ever too old for cold pizza for breakfast?  Not if I splash a bit of white truffle oil on. Maintenant, où sont les  pomme frites?"},{"index":"34110328656625664","data":"Godard's 'Every Man for Himself', wow, thumbs up, right up, way the heck up there, \"ah eh hey!\""},{"index":"35814862210727936","data":"Reading 'The Slap' by Christos Tsiolkas. I am transported to a breathless Melbourne summer, gasping for a breeze on the tram to St. Kilda."},{"index":"3646119616","data":"spending sunday morning creating an MadMen avatar, and I like it."},{"index":"378185977971212288","data":"@TransLink huge line at metro town for BCIT 130. Already more than 1 bus worth.  4 SFU/UBC buses already passed! Why not serve this line!"},{"index":"38313205478461441","data":"Styled my profile with a sweet theme using Themeleon by @COLOURlovers http://clrlv.rs/newthemeleon Love it?"},{"index":"38316020208893952","data":"In Albuquerque, going to the set of Breaking Bad in a few minutes. Fanboyishly excited."},{"index":"38318891314716672","data":"Today I am itemizing my expenses for taxes...or......there must be some socks that need folding!?!"},{"index":"39733188590960640","data":"Learning French, and trying to understand Cricket....why do I do these things?!?"},{"index":"39733242886230017","data":"Team le Canada a bien bowled jusqu'à ce que les 25ème over, mais effondré à des 210-run humiliants."},{"index":"41886015362838528","data":"Woke to a winter wonderland pt2 this morning.  To all of the humble oscar noms...winnings not everything, its an honour to be nominated."},{"index":"40837827642138624","data":"Easy to recognize love at first sight...lucky oranghutan!  Love means sharing your monkey biscuits!  http://shar.es/3dZuF "},{"index":"41909786203127808","data":"Word of the day, asinine (with descriptive photo) http://yfrog.com/h278655382j"},{"index":"42341744402108416","data":"I wanna be an Astrophotographer...but I don't have a back yard. Maybe I can mock it up in my condo?\nhttp://legault.perso.sfr.fr/STS-133.html"},{"index":"43356235407425536","data":"Oh Cricket: Why does this seem so sad...\n\"Can you help us reach 500 followers by the end of the World Cup? Please RT #cricket #cwc2011\""},{"index":"41923733543321602","data":"Not too many people made it to the Winteruption Fest at Granville Island. Winter interupted... http://yfrog.com/h49b7uoj"},{"index":"42643199801565184","data":"IGN's Top Sci-Fi TV shows of all time.  Agree...but #Lost?... Good TV, but sci-fi? http://tv.ign.com/articles/114/1143800p5.html … (Jonesing for some real sci-fi on tv)"},{"index":"43373680822202368","data":"Bring it on!  Making College Free, Online http://thetyee.ca/Mediacheck/2011/03/01/MakingCollegeFreeOnline/ … via @thetyee"},{"index":"43699834758234112","data":"Oohh, love a good dystopic reading. YA but story sounds good. Matched by Ally Condle http://myfavouritebooks.blogspot.com/2010/12/matched-by-ally-condle.html?spref=tw …"},{"index":"44431956087291904","data":"The book is dead, long live the book. Authors are writing their own stories in the brave new e-world http://tinyurl.com/49u9h78"},{"index":"45113451877638145","data":"Charlie fired from 2 1/2 Men.  Producers are gonna have a hard time finding a drug addled, porn-friendly, narcissistic replacement in LA."},{"index":"45217716474347520","data":"Utility Construction - Shaughnessy http://ow.ly/1bFD6g"},{"index":"45907729709150208","data":"I could bid £146.00 to have Jon Snow follow me on Twitter...would I have to wear clown socks?  http://bit.ly/Twitrelief"},{"index":"48414734730539008","data":"Guess I picked the wrong week to watch That Mitchell and Webb Look S3!  Remain Indoors Quiz Broadcast  http://www.youtube.com/watch?v=ga_rCnueID8 … via @youtube"},{"index":"45913115778486272","data":"Here is a link.  http://goo.gl/F798w A BBC lawyer says I cannot tell you what the link is about. I have stepped through the looking glass"},{"index":"49145653921726464","data":"$200,000 for an android replica? That seems a bargain.  The Geminoid DK  http://tinyurl.com/4q2lf26"},{"index":"43464377243930624","data":"Went to Granville Islamd to get some artichokes from the artichoke lady. No lady today, just Tom Cruise and the Mission Implausable 3."},{"index":"5054403883","data":"This concludes Autumn Watch for today. As the days grow shorter, I hope you'll join us for more indoor skive watching."},{"index":"51012585230827520","data":"Having a Kingyo lunch moment. Basking in the specialness. i even get a whole pot of tea!  http://yfrog.com/h8s16btj"},{"index":"51014349967466496","data":"Yup, this is too good!  http://yfrog.com/hs5ocmgj"},{"index":"51019420247670784","data":"I am the modern BoardBisMan tucking into my slimy okra and toro rice bowl at the lunch counter at Kingyo.  http://yfrog.com/h0vk1ywj"},{"index":"53116750589460480","data":"\"Freedom of the press is guaranteed only to those who own one.\"\nGE pays zero tax on 2010 profits of $14.2 billion  http://yhoo.it/gqFJx4"},{"index":"52189241626734592","data":"The only thing better than Sunday lunch, is Sunday lunch plus lemon merangue pie!!! http://yfrog.com/gzuabij"},{"index":"5339562671","data":"They predicted rain all weekend, and it didn't. yeah!"},{"index":"5341370294","data":"Sipping my JJ Beans, and remembering why I love Granville Island"},{"index":"53488841578917888","data":"Right on Sydney Girls High School Astronomy Club for finding the most aesthetically pleasing astronomical target!!  http://shar.es/3SaMH "},{"index":"5396900885","data":"@zizekspeaks  and this is why I love Twitter, its like having visible thought bubbles... too bad dogs can't twitter."},{"index":"5484139486","data":"Pane au Chocolat and a good coffee make everything right."},{"index":"5568811813","data":"Drying out after a stroll in pouring rain...still, makes a change from staying indoors watching the pouring rain."},{"index":"56005470808317952","data":"I like it... might counteract the Microsoft shouting pwd reminder...or could be amusing with sys ads if I forget my pwd http://weyume.com/2011/04/05/passfirmations/ …"},{"index":"56010959537455104","data":"Dont watch unless you want to break out into a spontaneous \"There beneath the blue suburban skies...' all day.... http://www.youtube.com/watch?v=7sCeyqDPViE&feature=share …"},{"index":"5463931011","data":"I love going to lunch, but now I need a nap. Doesn't help that its dark outside at 3:47pm"},{"index":"56124118789128192","data":"I feel very sanctimoneous tuning up my bike and riding in the sunny fresh air to the Granville Island market! Harumph!"},{"index":"56127210058293249","data":"Er, sanctimonious.  http://yfrog.com/h4tdrfuj"},{"index":"5621762011","data":"@Rove1974 We are all happy you're here to remind us and you are happy too!! Thanks for sharing!"},{"index":"56071187750596608","data":"Space 1st : Australians (duh!) perfect beer in space  http://media.smh.com.au/technology/tech-talk/an-aussie-space-first-beer-2293426.html"},{"index":"5664028334","data":"Who wants to play Mad Men season 4 -  I'll start.  SCDP gets a new client...IBM ?!"},{"index":"5627076303","data":"knee deep in flash, why does vacuuming the house sound like more fun?"},{"index":"57566504962621440","data":"FBI memo alleges aliens did in fact land in New Mexico http://yhoo.it/dPsVHR    New Mexico, been there... some of us managed to escape."},{"index":"57136536059256832","data":"Saw #Limitless yesterday. Loved the cinematography, liked the story and ideas.   Made me think, after.  Sign of a good film!!"},{"index":"57841517796130816","data":"Brilliant...except for the decapitated zombie bodies. Yikes! @simonblackwell Extraordinarily detailed .. of St Paul's.: http://bit.ly/dZwsbW"},{"index":"5772284833","data":"This is Monday on the northwest coast ... http://pic.gd/a5ed0d"},{"index":"58558492025434112","data":"Vancouverites must've been moved by French language Canadian Federal #elxn41 Debate last night!  They were shouting & cheering all night!"},{"index":"58344577010106369","data":"Getting very loud outside Rogers Arena! Peut-être la discussion political en français est terminée ?"},{"index":"5893795643","data":"Vancouver fashion: rubber pancho, leggings, booties, dinosaur tuque, hoop earrings, plunger coffee mug. http://pic.gd/31ce85"},{"index":"6017324926636032","data":"Watching the snow fall, from bed, with a nice hot coffee!! Its good to be home! http://yfrog.com/75uyywj"},{"index":"6085477260","data":"What a beautiful day. It's as iif someone cut a hole in the clouds over False Creeck to let the sun in. Thank you."},{"index":"60858670925361152","data":"Oh Vancouver! I picker the wrong day for a quick errand to Granville St....it was BLAZZIN! Contact high!"},{"index":"61443435395158017","data":"Property rights for Animals:  http://www.smh.com.au/environment/animals/give-animals-property-rights-uni-lecturer-20110422-1dr79.html#poll … \"Why would somebody give animals more rights than humans?\" Yet we do to corporations!"},{"index":"60333192611250177","data":"\"We all travel the Milky Way together, trees and men.\" \n— John Muir (The Mountains of California)"},{"index":"61524999260999680","data":"Another winner, thanks to @tripadvisor. Burger 55, Penticton. Yum!  http://yfrog.com/h3cu6swj   http://yfrog.com/h31egxyj"},{"index":"63618189132705792","data":"Chaser's Letter To The Queen http://www.smh.com.au/lifestyle/royal-wedding/abc-not-amused-as-royals-ban-chaser-threaten-coverage-20110427-1dwyd.html …  Royals demand ABC cancel the Chaser, as #royalwedding commentators, or lose video feeds.."},{"index":"63646009808527360","data":"Nice window display at BlackberryBooks Granville Island. www poetryIsDead.ca  http://yfrog.com/hsushdvj"},{"index":"65082731465416705","data":"10 years later, two wars ongoing, $900US billion spent, 6000 soldiers died, 42,000 soldiers injured. Iraqi Refugees + 2.1 mil. @BarackObama"},{"index":"65478777811116032","data":"digitally freshen up : or...update one's avatar because #MadMen season 5 is not available till early 2012!"},{"index":"65994395966636032","data":"Paul is reading my copy of Superman #900...I'm trying to hold back the spoilers. What a couple of nerds."},{"index":"65450482985996289","data":"digitally freshen up : A term used to excuse oneself from face-time company for reasons of a burning desire to check email & social media."},{"index":"66614334503137280","data":"Good weeks work...its Finally Friday! yeah!  If only the weather would cooperate and supply some Sun day."},{"index":"66998064010895360","data":"Okay, torrential rain and hail now in #Vancouver. When the going gets tough, we go 10-pin #bowling !! http://yfrog.com/gzoq4dkj"},{"index":"66925141719924736","data":"Neurowear: \"Just imagine if we have organs that doesn’t exist, moreover we can control that new body?\" http://neurowear.net/?p=81   #ThankYou Japan!"},{"index":"67092117108965376","data":"@CWWRyan @photoclassic Pair of Golden Eagles are resident at the Museum of Anthropology at the University of BC in Vancouver. Just saw one."},{"index":"67608439626539008","data":"@DamonLindelof Right on Vancouver!"},{"index":"67088996693585920","data":"@ShannonLaBelle you are so on! Hope you enjoyed your first #DOXA2011 \nMight go on Thursday."},{"index":"72705519139291136","data":"Signs of spring  ... False Creek Canada Geese (Branta canadensis) and goslings Too Cute! http://hpstm.tc/p/gg2d #hipstamatic"},{"index":"74558970953605120","data":"@ShannonLaBelle take/post pictures if you can. Would love to see them. I bet you even got sun in #halifax , lucky you."},{"index":"69802961668276224","data":"A bit wet at Granville Island. Not fit for man or gull. Still #oyamasausage still a draw, worth the soggy visit. http://yfrog.com/gytzpyej"},{"index":"72707246248837120","data":"Did you guys see the new Torchwood trailer? Hooray!  http://bit.ly/lJpz3g"},{"index":"74559944120217600","data":"I'll be on the Tonight Show with @jayleno tonight, along with @ParisHilton and INXS.  http://yfrog.com/h65vzfcj"},{"index":"76068585079967744","data":"I sound like those people who move near an airport...I know it's the Stanley Cup and all, but will the masses outside Roger's Arena...sshhh."},{"index":"78242697592320001","data":"Finally watched #Firefly sci-fi series from Joss Whedon via #Netfix.  Enjoyed the originality of the story  and the world.  Joss rocks!!"},{"index":"7989170871","data":"I think I saw Liza Minelli on the 44 Express bus this morning. Yes?"},{"index":"76299388913319936","data":"Consider honey http://gu.com/p/2pe6x/tw  Nice article in the @guardian The simplest resources are the best. Clean air, water, and bees."},{"index":"76322151342424064","data":"Yeah! The Official STAR TREK Convention: 45th Anniversary in VANCOUVER, BC. June 10-12  http://www.creationent.com/cal/stvan.htm#events … Don't miss the Klingon Breakfast"},{"index":"79962855104970752","data":"Information / Futurist consorts, watch & enjoy #Mailer & #McLuhan Debate the Electronic Age 1968 http://shar.es/HYPJr  #Digital @thomgillespie"},{"index":"8033520956","data":"Lots of people are asking whether Peep Show is coming back. It is! Series 7 will be filmed later this year & transmitted, well, even later."},{"index":"77213848117059584","data":"Saw a group of women wearing hockey jerseys, with baby strollers outside Rogers Arena. You know what they were don't you? Mother Canuckers"},{"index":"81147824888217600","data":"And so it begins #Vancouver. Good luck to all #stanleycup  #Canucks  Just hope everyone gets home healthy, esp the players!,"},{"index":"81193445846302721","data":"Yeah Hockey is over. now everyone please go home, quietly and quickly. See you in a few weeks when the hockey starts up again."},{"index":"80663003397234688","data":"Can photo albums survive the digital age? http://gu.com/p/2qp55/tw  via @guardian"},{"index":"82161070067826688","data":"Indeed. #Vancouver  http://hpstm.tc/p/kwss #hipstamatic"},{"index":"81464044648796160","data":"It's getting dark in the car park. Might go to the room. Oh God. http://yfrog.com/kit9ldqj "},{"index":"82826803751825409","data":"There is nothing but the journey. #VadeMecum"},{"index":"82834592767279104","data":"Interesting. Carrying written tweets by train from San Fran to D.C., route of the 1st transcontinental telegram (1861) http://creativetime.org/programs/archive/2011/tweets/?p=118 …"},{"index":"82218482908934144","data":"Walked across our beautiful downtown #vancouver today. Not a single #Canucks jersey in sight. They cant use them to hide behind anymore."},{"index":"84268835145924609","data":"Sense-Roid jacket lets you cuddle yourself (Wired UK) http://www.wired.co.uk/news/archive/2011-06/22/sense-roid-self-hugging-jacket …. the ideal haptic communication partner..Domo arigato Japan!"},{"index":"84257374990372864","data":"British Library & Google 'There is no doubt that #digitization will greatly benefit the research process.'  http://gu.com/p/3v2j7/tw . 150m works"},{"index":"86924668027682816","data":"Wishing everyone a happy and fun Canada Day!!  http://yfrog.com/hs6jqdkej from Steveston."},{"index":"85488144048328704","data":"Have you seen a foreign film with an American villain (pref. played by Yank actor) in the last 10 years? Drop me a line, I'm making a list."},{"index":"8594071615","data":"Is it fair to make an interview candidate wait 15 minutes?"},{"index":"88242695272808448","data":"Re: Cemetery Discovery Day @ShannonLaBelle \"Why not bring a picnic.\" Really?! That's a find."},{"index":"8913471274","data":"If only my iphone could take a picture of itself, watching Mad Max on the iphone. Does it get any better?...sweet!!!!"},{"index":"87957546194833411","data":"Had A Glorious Morning Hike In Whistler. So Green And Quiet, With The Sweet Smells Of Earth.  http://hpstm.tc/p/pj2x"},{"index":"8914539229","data":"Don't write off the Goose till you see the box going into the hole."},{"index":"90642834830532608","data":"Awesome iPhoto pic of last Space Shuttle Launch Captured from an Airplane Window Seat by 18 yr old http://www.petapixel.com/2011/07/08/last-space-shuttle-launch-captured-from-an-airplane-window-seat/ … via @petapixel #NASA"},{"index":"89717557426262016","data":"Excellent talk by MIT's Sherry Turkle who spent 15 years exploring our lives on the #digitalterrain. Alone Together: http://bit.ly/ngw84H "},{"index":"91186496907911168","data":"Nous finissons par faire de la vitesse elle-même le symbole de l'innovation?  Paul #Virilio vitesse ARTE: http://www.arte.tv/fr/2151166,CmC=2395272.html#.Th3G0ihu9ik.tweet … #Digitization"},{"index":"91939147798945792","data":"slideshow Community Supported Fishery (CSF ) trip Nass River BC,  canneries & Alert Bay http://flic.kr/s/aHsjvjLSry  http://www.wildbcsalmon.org  @ocean_wise"},{"index":"91187818331779072","data":"Speaking of digitization, new from Digitalism - Forrest Gump http://www.youtube.com/watch?v=JT5gotTnoDg&feature=share … via @youtube  schön schön wunderbar! @digitalismMusic"},{"index":"92270958185938944","data":"Enjoying the rain at #Vancouver West End Farmers Market.  #bummersummer cant keep this beautiful produce away  http://yfrog.com/khcn6yjj"},{"index":"92657757790023680","data":"IN SHOCK: just got off phone call with my technophobe 86 year old mother who informs me she is about to buy an #iPad"},{"index":"94100379347849217","data":"It's pouring rain, and sunny with patches of blue sky in #Vancouver. Some more words for 'rain' are needed. Its prainshining   #bummersummer"},{"index":"92683268993978369","data":"\"And so the beauty of lilies falls on angels and men, bears and squirrels, wolves and sheep, birds and bees..\" John Muir"},{"index":"94159294223745024","data":"What's your fave LIVING female SF writer (besides Le Guin)? Somebody's looking for them... help..."},{"index":"94073346320379904","data":"Been struggling with it all morning too. This is what it must be like to be in deep space with no gravity...@TheKRF RE: #OSX reversing mouse"},{"index":"9582581097","data":"Clean fresh air. I love Vancouver!"},{"index":"94829682876358658","data":"So long #AmyWinehouse  Such an amazing voice, a true jazz - worthy style. But such a mess. Drugs suck."},{"index":"96965149231038465","data":"Orions Reflection, where new stars are forming inside the dense nebula.  So beautiful  http://on.natgeo.com/nd1AGy  via @NatGeo"},{"index":"9310792950","data":"Sipping a Granville Island IPA, after the 1.5 hr long customs inspection. I bet Donald Sutherland didnt have to wait. He's very tall!"}]