[{"index":"385427754491342848","data":"Twitter M’activa http://bit.ly/GzPPw5  8.000 followers. Què m’aporta twitter?(bloc)"},{"index":"385416598284402688","data":"A twitter  M’enxarxo http://bit.ly/GzPPw5  8.000 followers. Què m’aporta twitter?(bloc)"},{"index":"385690796025847809","data":"New Post. 8.000 followers. ¿Qué me aporta twitter? http://bit.ly/1byGnUM "},{"index":"385383341442101249","data":"New Post. 8.000 followers. Què m’aporta twitter? http://bit.ly/18OgBM1 "},{"index":"386113288377237504","data":"#ff promoure #28s #donesdecidim @Jesskeyring @stercanete @montse56 @anza72 @OlgaReyesH @bertalopezr @dretavortament"},{"index":"389645590671667200","data":"Tweets Awards: un reconocimiento a los mejores tuiteros http://ow.ly/pMiBh  vía @TICbeat #twitter"},{"index":"386543203044057088","data":"Joan Güell fa goig! comerç al carrer #lescorts #fmlescorts #bcn #barcelona #igers #igersbcn… http://instagram.com/p/fGAvmdmCpM/ "},{"index":"389050849257086976","data":"Dinar #fmlescorts del @psclescorts Parc Infantes #lescorts fem barri! #barcelona #igers #igersbcn… http://instagram.com/p/fX1M4QGCgh/ "},{"index":"391687781405437952","data":"19 d’octubre: 3r aniversari. Felicitats XIP! http://ow.ly/pYWZE  enhorabona! @XarxaIP #ogov #bongovern"},{"index":"393106966375313408","data":"#mujeres & #tic IGF 2013: How does gender intersect with internet governance? http://j.mp/1aGpcOb "},{"index":"393441606629462017","data":"New Post. #SOSsalut cordons sanitaris a Barcelona http://bit.ly/1c0HwEe "},{"index":"395641539151790080","data":"Assamblea #sosbarris 30 barris amb mes necessitats de #barcelona #igers #igersbcn #igersbarcelona… http://instagram.com/p/gGqXMNGCmV/ "},{"index":"396247154626691072","data":"#ff  @lourdesmunoz   @rangeltarres: @tatarlak @MainatJM @PSCupdates @nuriaparlon @NuriaVentura @magdacas #tatarlak"},{"index":"397478364685934592","data":"#ErasmusRIP Jo ja he signat. I tu? http://www.change.org/es/peticiones/ministerio-de-educaci%C3%B3n-que-se-mantengan-las-becas-erasmus-para-universitarios-que-no-reciben-la-beca-general-erasmusrip?share_id=VVzXwDZmJk …"},{"index":"401421277380231168","data":"#wifiabierto #Open Wireless Movement: por un wifi global abierto http://www.eldiario.es/_bae6d03 "},{"index":"405114188197941248","data":"moltes gràcies per publicar article #25n @FraykinJavier @ComIgualtatPSC @mujeresenred @FeministesCAT @Pere_Joan_3000 @DonesCompromeses"},{"index":"399906633444524032","data":".@lourdesmunoz pendiente de que nos escribas algo en el blog sobre como ha quedado la parte #SociedadInformacion en la #CP2013PSOE"},{"index":"403802538996408320","data":"#ff @rangeltarres  @MainatJM @PSCPremsa @lourdesmunoz @PSCupdates @nuriaparlon  @NuriaVentura @magdacas"},{"index":"408262830375178240","data":"New Post. Activitats octubre 2013 http://bit.ly/1kaNV2j "},{"index":"409774510511230977","data":"The New York Times + Open Knowledge Foundation el 16/12/13 @okfn_spain @cccblab @fcblanquerna http://ow.ly/rz7LO  de @kpeiro #open"},{"index":"409343346176708608","data":"Mercat #lescorts #inspirabcn  #igersbarcelona #inspiralescorts #barcelona #city #raconsbcn #bcnfotodeldia http://instagram.com/p/hoBWvnmCns/ "},{"index":"405334410456993792","data":"#agenda #dones RT @MostraDones: Facebook http://on.fb.me/17TI7dk  programa Mostra als @BolicheCinemes Aquest dj28/20h Zur Person Hannah Arendt"},{"index":"410714181231706112","data":"Conociendo a fondo Metropolis #women internacional network #mujeres #redes http://ow.ly/i/3Zor3 "},{"index":"411503694056673280","data":"@JoanatTorres @isaparici @JoanQueralt @pacobrunet @SandraGimeno @coma_monts @malangahervida @GuineuPirineu #ff per promoure #MANGO40"},{"index":"390115362521378817","data":"New Post. Activitats setembre 2013 http://bit.ly/1cRwCV4 "},{"index":"413006615223099392","data":"New Post. Actes novembre 2013 http://bit.ly/JDNH96 "},{"index":"417007182069391360","data":"Curious, para aprender y crear lecciones interactivas http://ow.ly/s7hz5  vía @wwwhatsnew"},{"index":"417671000063758336","data":"Resumen #2013 vuestras preferidas #instagood #igers #igersbcn #igerscatalunya #memostatigram #imagenes… http://instagram.com/p/ijL9kbGCqn/ "},{"index":"422498314659975168","data":"Conclusiones Sociedad del Conocimiento y el nuevo paradigma de la #Educación  #sociedadred http://ow.ly/svCxW "},{"index":"415514432803201024","data":"Os deseo una feliz navidad #tatarlak  http://twitter.com/tatarlak/status/414398503247306752/photo/1pic.twitter.com/J6vsb4GFzP  @NuriaVentura  @MainatJM @PSCPremsa @lourdesmunoz @nuriaparlon"},{"index":"385383341442101249","data":"New Post. 8.000 followers. Què m’aporta twitter? http://bit.ly/18OgBM1 "},{"index":"385416598284402688","data":"A twitter  M’enxarxo http://bit.ly/GzPPw5  8.000 followers. Què m’aporta twitter?(bloc)"},{"index":"420188335676862465","data":"Retrospectiva del meu any #2013 ( segons facebook) Moments, imatges, idees per un any molt intens http://on.fb.me/1klSo7J "},{"index":"385427754491342848","data":"Twitter M’activa http://bit.ly/GzPPw5  8.000 followers. Què m’aporta twitter?(bloc)"},{"index":"423576129669464065","data":"Cristalleries planells #raconsbcn bcn_lescorts #bcn http://instagram.com/p/jNJU1MROVG "},{"index":"385690796025847809","data":"New Post. 8.000 followers. ¿Qué me aporta twitter? http://bit.ly/1byGnUM "},{"index":"425691180324511744","data":"New Post. Xat sobre #primariesobertesbcn http://bit.ly/KzwRbA "},{"index":"389050849257086976","data":"Dinar #fmlescorts del @psclescorts Parc Infantes #lescorts fem barri! #barcelona #igers #igersbcn… http://instagram.com/p/fX1M4QGCgh/ "},{"index":"389645590671667200","data":"Tweets Awards: un reconocimiento a los mejores tuiteros http://ow.ly/pMiBh  vía @TICbeat #twitter"},{"index":"390115362521378817","data":"New Post. Activitats setembre 2013 http://bit.ly/1cRwCV4 "},{"index":"386543203044057088","data":"Joan Güell fa goig! comerç al carrer #lescorts #fmlescorts #bcn #barcelona #igers #igersbcn… http://instagram.com/p/fGAvmdmCpM/ "},{"index":"386113288377237504","data":"#ff promoure #28s #donesdecidim @Jesskeyring @stercanete @montse56 @anza72 @OlgaReyesH @bertalopezr @dretavortament"},{"index":"393106966375313408","data":"#mujeres & #tic IGF 2013: How does gender intersect with internet governance? http://j.mp/1aGpcOb "},{"index":"393441606629462017","data":"New Post. #SOSsalut cordons sanitaris a Barcelona http://bit.ly/1c0HwEe "},{"index":"397478364685934592","data":"#ErasmusRIP Jo ja he signat. I tu? http://www.change.org/es/peticiones/ministerio-de-educaci%C3%B3n-que-se-mantengan-las-becas-erasmus-para-universitarios-que-no-reciben-la-beca-general-erasmusrip?share_id=VVzXwDZmJk …"},{"index":"395641539151790080","data":"Assamblea #sosbarris 30 barris amb mes necessitats de #barcelona #igers #igersbcn #igersbarcelona… http://instagram.com/p/gGqXMNGCmV/ "},{"index":"391687781405437952","data":"19 d’octubre: 3r aniversari. Felicitats XIP! http://ow.ly/pYWZE  enhorabona! @XarxaIP #ogov #bongovern"},{"index":"403802538996408320","data":"#ff @rangeltarres  @MainatJM @PSCPremsa @lourdesmunoz @PSCupdates @nuriaparlon  @NuriaVentura @magdacas"},{"index":"396247154626691072","data":"#ff  @lourdesmunoz   @rangeltarres: @tatarlak @MainatJM @PSCupdates @nuriaparlon @NuriaVentura @magdacas #tatarlak"},{"index":"401421277380231168","data":"#wifiabierto #Open Wireless Movement: por un wifi global abierto http://www.eldiario.es/_bae6d03 "},{"index":"399906633444524032","data":".@lourdesmunoz pendiente de que nos escribas algo en el blog sobre como ha quedado la parte #SociedadInformacion en la #CP2013PSOE"},{"index":"405114188197941248","data":"moltes gràcies per publicar article #25n @FraykinJavier @ComIgualtatPSC @mujeresenred @FeministesCAT @Pere_Joan_3000 @DonesCompromeses"},{"index":"409343346176708608","data":"Mercat #lescorts #inspirabcn  #igersbarcelona #inspiralescorts #barcelona #city #raconsbcn #bcnfotodeldia http://instagram.com/p/hoBWvnmCns/ "},{"index":"409774510511230977","data":"The New York Times + Open Knowledge Foundation el 16/12/13 @okfn_spain @cccblab @fcblanquerna http://ow.ly/rz7LO  de @kpeiro #open"},{"index":"405334410456993792","data":"#agenda #dones RT @MostraDones: Facebook http://on.fb.me/17TI7dk  programa Mostra als @BolicheCinemes Aquest dj28/20h Zur Person Hannah Arendt"},{"index":"410714181231706112","data":"Conociendo a fondo Metropolis #women internacional network #mujeres #redes http://ow.ly/i/3Zor3 "},{"index":"411503694056673280","data":"@JoanatTorres @isaparici @JoanQueralt @pacobrunet @SandraGimeno @coma_monts @malangahervida @GuineuPirineu #ff per promoure #MANGO40"},{"index":"413006615223099392","data":"New Post. Actes novembre 2013 http://bit.ly/JDNH96 "},{"index":"408262830375178240","data":"New Post. Activitats octubre 2013 http://bit.ly/1kaNV2j "},{"index":"415514432803201024","data":"Os deseo una feliz navidad #tatarlak  http://twitter.com/tatarlak/status/414398503247306752/photo/1pic.twitter.com/J6vsb4GFzP  @NuriaVentura  @MainatJM @PSCPremsa @lourdesmunoz @nuriaparlon"},{"index":"417671000063758336","data":"Resumen #2013 vuestras preferidas #instagood #igers #igersbcn #igerscatalunya #memostatigram #imagenes… http://instagram.com/p/ijL9kbGCqn/ "},{"index":"420188335676862465","data":"Retrospectiva del meu any #2013 ( segons facebook) Moments, imatges, idees per un any molt intens http://on.fb.me/1klSo7J "},{"index":"417007182069391360","data":"Curious, para aprender y crear lecciones interactivas http://ow.ly/s7hz5  vía @wwwhatsnew"},{"index":"423576129669464065","data":"Cristalleries planells #raconsbcn bcn_lescorts #bcn http://instagram.com/p/jNJU1MROVG "},{"index":"425691180324511744","data":"New Post. Xat sobre #primariesobertesbcn http://bit.ly/KzwRbA "},{"index":"422498314659975168","data":"Conclusiones Sociedad del Conocimiento y el nuevo paradigma de la #Educación  #sociedadred http://ow.ly/svCxW "}]