[{"index":"166365409178681344","data":"Best ad: I'd vote for Clint."},{"index":"166363683415523329","data":"Treat it like your 'best' paper! “@diazf_y: last few hours before paper submission deadline: read the whole thing...  at least four times.”"},{"index":"165171148462632960","data":"Meeting faculty @Penn: Fox, Foster and Ungar. And having lunch w/ WiCS and dinner w/ SWE students. Love being on campus! #yahoolabs"},{"index":"164772094285058048","data":"The culture you join: make sure it's a match. “@beki70: Collegiality in the Workplace http://wp.me/phSsV-Sl ”"},{"index":"165434415453966339","data":"#accessibility “@yahooaccess: Check out updated Voice Search app for iPhone from @YahooSearch, now with awesome...: http://itunes.apple.com/us/app/yahoo!-search/id361071600?mt=8 …”"},{"index":"166614124036505600","data":"Scientific leadership: “@YahooJobs: 2 of 5 Best Paper nominations at WSDM2012 go to #yahoolabs http://bit.ly/wRyIT0   #WSDM2012”"},{"index":"166609653122338816","data":"#yahoo a proud sponsor! “@SCSatCMU: What the hack: CMU students seek hackers at this weekend's #TartanHacks, http://bit.ly/yybYDg ”"},{"index":"168048653821427712","data":"Accessibility an issue for Gdocs: Columbia University excludes Google Docs http://www.zdnet.com/blog/igeneration/columbia-university-excludes-google-docs/15155 …"},{"index":"166632887943311361","data":"Still has great promise: “@MIT_CSAIL: What do you think about the future of AI? http://ow.ly/8UniN ”"},{"index":"167646094208147456","data":"#hacku In your spare time... “@egoodman: Berkeley History needs help breaking a code in a Civil War-era diary. Do it. http://bit.ly/wMlxXN ”"},{"index":"169224188429746176","data":"In CA for Science Week - attending workshops and talks by brilliant #yahoolabs scientists."},{"index":"168077760550539264","data":"\"@informor: Nice move, Yahoo!, show some value, communicate huge traction. http://visualize.yahoo.com/core/  (via @ayman, @fkschmidt)\";-)"},{"index":"168065542966616065","data":"Yahoo!'s Content Optimization and Relevance Engine (C.O.R.E.) creates 13 million story combos a day. http://visualize.yahoo.com/core/  #Yvisualized"},{"index":"169227609228574720","data":"Hey @Predictalot: When will Elections markets be open?"},{"index":"170513935689203712","data":"#hacku “@ydn: RT @bluesmoon: The source for yslow is open on github: http://yhoo.it/zOpKXm  Thanks Marcel and team.  #wpo #performance”"},{"index":"170514659181465601","data":"“@ayman: Nice, more neat data fun: http://clues.yahoo.com/ ” #hacku #bigdata #yahoolabs"},{"index":"171604515022307329","data":"I'm about to talk with All Things Considered about my #cscw2012 paper! Should air this afternoon. :-)"},{"index":"170546380413222915","data":"#accessibility “@gvucenter: BrailleTouch Helps Visually Impaired Users http://fb.me/QzeewznO ”"},{"index":"171610207858864130","data":"Looking forward to flying this! “@CBSNews: Boeing's 787 Dreamliner: Flying the friendlier skies (via @CBSSunday) http://bit.ly/Atqphe ”"},{"index":"171614817784832002","data":"Sounds like #yahoolabs :-) “@yardi: ... + social scientists... :) RT @fortnow: Why the world needs computer scientists http://bit.ly/Ac1GBl ”"},{"index":"171700548876242944","data":"Made me look ;-) “@pennockd: I have to admit the #BMW takeover ad on http://yahoo.com  right now is pretty awesome”"},{"index":"171621097282879488","data":"John Nash to NSA: \"As ciphers become more sophisticated.. cipher breaking by skilled teams <goes away>\" I wish. http://www.nsa.gov/public_info/_files/nash_letters/nash_letters1.pdf …"},{"index":"171638021609889792","data":"Read the Wiki article, signed the petition. Bad bill. Oppose HR3699, the Research Works Act http://wh.gov/K25 "},{"index":"171739484923248640","data":"@eegilbert finds a decoder ring for email rank graph Via @nprnews: Researcher Decodes Workplace Rank From Emails http://n.pr/xnBXzv "},{"index":"171933701565980672","data":"TV on the web: Yahoo leading with data-based programming. http://online.wsj.com/article/SB10001424052970204883304577223630028525366.html?mod=WSJ_hp_LEFTTopStories …"},{"index":"172043542116581378","data":"Cool. @yahooaccessibility, see: “@asbruckman: Accessibility chair for #cscw2013 will be @derrickcogburn! Send ideas, we'll be accessible!”"},{"index":"172352976684466176","data":"#hacku #yahoo “@gtcomputing: Come to the Yahoo! @hacku Kickoff Thurs, 6-8 pm in Klaus 1443  http://ow.ly/9dPdT  via @gtacm” @gtcomputing"},{"index":"171617815902695424","data":"hofman++ http://flic.kr/p/bwBhtM "},{"index":"172353601912586240","data":"Congrats Etsy! “@chaddickerson: huge welcome to @rasmus, who is joining the @etsy engineering team full-time.”"},{"index":"172468375900004352","data":"In ATL for visit to  @gtcomputing. Faculty meetings and our great #HackU  event. Bring it!"},{"index":"173159552819273729","data":"And we're off! #HackU underway at @gtcomputing with 20+ teams. Go Jackets: Go! Hack! Win!"},{"index":"173166056242823168","data":"And, on the other side of the pond: “@ydn: RT @andycobley: Many thanks to @ydn for kicking off #HackU at @DundeeUniv, briliant job !”"},{"index":"173182699102670848","data":"You can't hack on an empty stomach - Chik-Fil-A is served in KACB 2443. Come and get it! #hacku @gtcomputing"},{"index":"173181451708268544","data":"Hey #hacku hackers: can you fix this? “@TechCrunch:New Android Malware Uses Facebook To Spread http://tcrn.ch/xfTyc2  by @sarahintampa”"},{"index":"173194962807177216","data":"Twitter is the perfect muse for a hack idea. Spend 20 minutes drinking from the firehose, grab a Red Bull and start coding! #hacku @gtacm"},{"index":"173178015906398209","data":"Hacking Jackets. Just getting started - great minds at work! #hacku #gtcomputing pic.twitter.com/nCxbnIRD"},{"index":"173433957520642049","data":"I have a black Nike golf cap w/ Yahoo! logo - will trade for a Google or Facebook cap. @gtacm See me in Klaus 1116 before 11:30am. #hacku"},{"index":"173439583818760193","data":"It's #hacku Hadiku time. Best haiku posted by @gtcomputing hacker in Klaus 1116 before noon gets a cool pair of Yahoo! earbuds."},{"index":"173547032617811970","data":"@fkschmidt it was great meeting you at @gtcomputing. Hope to see you again soon! #hacku"},{"index":"173448487646674944","data":"Hey @gtacm hackers - when you finish your hacks, be sure to check out our internship openings: http://bit.ly/Aq5lmn  #hacku #gtcomputing"},{"index":"173504974939107328","data":"We're up to 21 hacks and counting as we count down the final half hour of @gtcomputing #hacku 2012!"},{"index":"173441133895094272","data":"My BurmaShave ode to #hacku. Got a cool idea... That'll change the world... Just one damn bug... Let's give it a whirl. HackU"},{"index":"173884635770654722","data":"Opportunity for AI, or any intelligence. “@danariely: United States' economy: Over-regulated America http://econ.st/wNWWWQ ”"},{"index":"174134702389735424","data":"Key is focus on people. Takes commitment, vision, passion. “@WittedNote:long-horizon research require monopoly? http://nyti.ms/wigq59 ”"},{"index":"174156574049312768","data":"Congrats to the #hacku winners from @gtcomputing! Full list: http://developer.yahoo.com/hacku/show/2012/feb/gt … CodeBook by Daniel Hooper took the top prize. More soon!"},{"index":"174608036533501955","data":"So true: networking and reputation rule. “@YahooJobs: Your Reputation Is Your Résumé http://bit.ly/A6wSRv   #resume #careers #edu”"},{"index":"174312196782833664","data":"Yahoo! on Campus - a blog is born. Here's the opening post, with many more since. http://shar.es/gYALp "},{"index":"175277236851716096","data":"At UMass CS talk by @5harad from #yahoolabs on Computational Social Science. A full house! pic.twitter.com/0GT90rcz"},{"index":"175610206384947202","data":"As one of the first #ofoto users, this is sad. But here we go, Shutterfly. “@news999: Kodak Sells Online Business... http://yhoo.it/wp0jHG ”"},{"index":"176479265708195840","data":"Great talk Monday @UMD: \"No Free Lunch in Data Privacy\",Ashwin Machanavajjhala - Yahoo! Research, 11am 4172 AVW."},{"index":"176743899560284165","data":"@yardi @eegilbert please do + you are welcome to stay for early dinner with us! (we'll go somewhere Rutgers-special)."},{"index":"177043951663067136","data":"Congrats to all the hackers.! “@Yahoo_On_Campus: New blog post: Hack U™ 2012 at Georgia Tech http://www.yoncampusblog.com/blog/2012/03/06/hack-u-2012-at-georgia-tech/ …”"},{"index":"176791075581739009","data":"Attention grad students: Proposals due Friday! Yahoo! Key Scientific Challenges Program 2012 http://shar.es/gEy3w "},{"index":"177212872986865664","data":"Working to connect great scientists with remarkable research. Looking for unique opportunities."},{"index":"178210364872339456","data":"Duke InCube Students Visit Yahoo! http://shar.es/gTFF4  Thanks @jhubert and team!"},{"index":"178480235245871104","data":"Data science needs media mgmt “@pennmkse: Why open science failed after the gulf oil spill http://goo.gl/mag/2oxCe  - zives”"},{"index":"177058194592501760","data":"Still my fave. “@Yahoo: Happy 100th birthday, Oreo! http://yhoo.it/yvEcGE  ...created March 6, 1912 in a Manhattan bakery.”"},{"index":"179388297754312704","data":"The Yahoo! purple truck is going to roll at UCLA Tuesday – Y!STAR donation and reception http://shar.es/p1Iec "},{"index":"179541414294732800","data":"Some friends of mine get to play the prisioners delimma. What would Nash do?"},{"index":"179611320918880256","data":"Hack was at Yahoo! before FB was. Ref: @chaddickerson Facebook, hackathons for advertisers too http://bit.ly/AF43Ls  via @FortuneMagazine"},{"index":"179908365705687041","data":"Big data + Sports: Matheletes rule: In Relentless Jocks-Nerds War, Hope For Peace Through Analytics  via @FastCompany"},{"index":"179756338639945728","data":"#pennapps “@ted_drake: Hack the Change: Solve real problems this weekend in Philadelphia  http://hackthechange.com/  @YDN @RandomHacks #HackU #in”"},{"index":"179910645221834752","data":"“@GTRI: Hey...it's Pi day everyone!  3.14” So, go run the Pi Mile at Tech @gtcomputing"},{"index":"179685721664270336","data":"Some truck! “@Yahoo_On_Campus: New blog post: Y!STAR donation at UCLA - happening now http://www.yoncampusblog.com/blog/2012/03/13/ystar-donation-at-ucla-happening-now/ …”"},{"index":"180420277384130560","data":"To Hack Master @jhubert: Good luck and keep in touch! #hacku"},{"index":"180466743842586624","data":"Cool, @jhubert. More great #hacku on campus coming up!"},{"index":"182117415956660224","data":"You will be missed. Keep the research light aglow. “@WittedNote: Farewell @YahooLabs it was a fantastic ride. Hello @google”"},{"index":"182096104337313793","data":"“@duncanjwatts: Social contagion: What do we really know?: http://poptech.org/e1_duncan_watts  via @AddThis” #yahoolabs"},{"index":"182173374754201601","data":"Spreading some purple cheer: Yahoo! Visits With Berkeley Women In Business http://yhoo.it/zRveEL  via @ydn"},{"index":"181758211156750336","data":"Creative people (that includes coders) have to push through initial ineptness. Thoughtful post: http://www.raptitude.com/2012/03/why-your-work-disappoints-you/ … via @jellyfish"},{"index":"182175955970826243","data":"Congratulations! “@yardi: new GaTech Interactive Computing and CS School Chairs are Annie Antón and @fortnow. http://bit.ly/GBgWo8 ”"},{"index":"182999273825247236","data":"#hacku at @UTCompSci this weekend. Cool ideas will come to life.  https://mobile.twitter.com/Yahoo_On_Campus/status/182916809559785473?photo=1 …"},{"index":"182882667774226433","data":"“@UTCompSci: UTCS Students- @Yahoo! 24 hour #HackU competition begins tomorrow at 12:30pm. Prizes! Food! Giveaways! http://bit.ly/yah032312 ”"},{"index":"183183668502732800","data":"@gtcomputing Hey, what's the good word? “@YahooJobs: Front end Engineer for our #Atlanta Campus http://bit.ly/GIetnk ”"},{"index":"183189715653103616","data":"@yahoo is hacking with students @UTCompSci and @HackUindia this weekend. “@saurabhsahni giving a talk on Y! BOSS at #HackU, #IITKGP”"},{"index":"183199489882988545","data":"Hack should bridge, not divide. “@catehstn: Fantastic article on the whole squoot thing - women are not perks - http://dld.bz/bfZ4Y ”"},{"index":"183954054001602561","data":"Honoring a great mind. “@CSNewsUpdate: David L. Waltz, Computer Science Pioneer, Dies at 68 - New York Times http://bit.ly/GZj9Zs ”"},{"index":"185000019319980032","data":"Live to code: Hacker Culture: The Key To Future Prosperity? http://techcrunch.com/2012/03/25/hacker-culture-the-key-to-future-prosperity/ … via @techcrunch"},{"index":"183992988203098112","data":"@landay of interest? “@FreeTheFeross: GLIIMPSE, a smooth transition between markup code and rendered documents http://j.mp/GOrFtS ”"},{"index":"184403125845757953","data":"Not your grandma's craft: Sewing evolves from home-ec into home engineering. http://boingboing.net/2012/03/22/sewing.html …"},{"index":"185045746012270592","data":"Never give up - inspiring TED talk. Regina Dugan: From mach-20 glider to humming bird drone http://on.ted.com/B9Iq  #TED"},{"index":"185084946287824896","data":"Nice video. Impressive. #accessibility “@google: Our friend Steve takes a memorable test ride in a self-driving car http://goo.gl/OuFEM ”"},{"index":"185801359944192002","data":"A little mental exercise before vegging out on the weekend: How to multiply numbers in your head: http://www.decisionsciencenews.com/2012/03/29/how-to-multiply-numbers-in-your-head/ … #funwithmath"},{"index":"185359401916436482","data":"“@Yahoo_On_Campus: Attn Rutgers students: @YahooLabs Research Scientist @ayman Shamma speaks 4/4. pic.twitter.com/ZHFqL1o6 #YRSMS #yahoo #fb ”"},{"index":"185410186909986816","data":"Good stuff! @pennapps @gtcomputing “@ydn: Hack Event Survival Guide by @Ted_Drake  http://www.tdrake.net/hack-event-survival-guide/ … @RandomHacks”"},{"index":"187200852941996033","data":"Yahoo! Labs: On Campus, all the time... “@ayman: Heading to @DrewUniversity today to give a talk to the CS Department!”"},{"index":"187223907433062401","data":"Duncan Watts speaking at CMU to a full house. Topic: \"Doing Social Science on the Web\" #yahoolabs pic.twitter.com/KfXeazld"},{"index":"187634128391389184","data":"@ayman speaking at Rutgers #YRSMS seminar to a SRO packed room. Thanks @informor! pic.twitter.com/F9pn5AKh"},{"index":"187201134102970369","data":"New fuel for mobile app developers and hackers: “@ydn: Yahoo!’s Mojito is Now Open Source: http://yhoo.it/HDTtA3 ”"},{"index":"188049786753134593","data":"<rush rush, scramble scramble>"},{"index":"191137138488770560","data":"Bubba. The Natural: Is Bubba Watson's Secret No Lessons? http://on.wsj.com/HSkwKe "},{"index":"189831881624264706","data":"Brilliance Blazing on Campus: Congratulations to the 2012 Yahoo! Labs Key Scientific Challenge Award Recipients http://www.yoncampusblog.com/blog/2012/04/10/yahoo-honors-future-thought-leaders-through-key-scientific-challenges-program/ …"},{"index":"191302902755762176","data":"Hackathon @ Tufts. Good to see the hack fun spreading  http://www.tuftsdaily.com/mobile/tufts-computer-science-students-to-host-university-s-first-hackathon-1.2729202 …"},{"index":"193071041059373056","data":"Way to go Eric! MT “@gtcomputing: Professor @eegilbert tries to transcend #socialmedia “Slacktivism” http://dthin.gs/J9nPLq  via @GeorgiaTech”"},{"index":"191323294299979776","data":"@inaudiblewords looks like a hack for LinkedIn. Agree the title is unfortum"},{"index":"195124233343479808","data":"Go @gtcomputing! Hacking for security - cool. Students chow down on cyber security weaknesses http://wp.me/p1zvth-1Ss  #hacku"},{"index":"194176694393913344","data":"Air Graffiti mentioned here. Invented in late 90s in @ronbrachman lab. \"AT&T Aims to Avoid Opening ...\"  http://allthingsd.com/20120419/att-aims-to-avoid-opening-can-of-worms-as-it-opens-up-its-network/?mod=atdtweet …"},{"index":"195168702889603072","data":"At Penn for great Machine Learning symposium honoring Vapnik. Talks by Kearns, Scapire, Jordan. Stimulating!"},{"index":"195846720536580096","data":"Beam me up Scottie! “@mashabletech: Space Shuttle Enterprise to Fly to NYC Today - http://on.mash.to/ICyelo  via @spacedotcom”"},{"index":"195680563481415682","data":"Good stuff. I like #8! 8 Core Beliefs of Extraordinary Bosses http://www.inc.com/geoffrey-james/8-core-beliefs-of-extraordinary-bosses.html … via @Inc"},{"index":"196926261845688322","data":"A pretty goid catch, indeed. #goodnews http://espn.go.com/espn/story/_/id/7849214/rockies-pitcher-twitter-friendship …"},{"index":"196923618956029952","data":"Onto the next thing... http://dthin.gs/Knzd62 "},{"index":"197425714176335872","data":"Pearls from Crockford, including \"I think every programmer should work in customer support for [their] product.\" http://coding.smashingmagazine.com/2012/04/27/yahoos-doug-crockford-on-javascript/ …"},{"index":"197498584004956161","data":"Attn @UCIbrenICS Hear @YahooLabs scientist Lihong Li talk Mon 5/7 1pm, Bren 4011. Snacks? Sure. Science? You bet! http://bit.ly/IxbsgP "},{"index":"199488550390079489","data":"#yahoolabs scientist Elad Yom-Tov speaks at Xerox PARC 5/17 on using the internet for medical research. http://www.parc.com/event/1711/why-the-internet-is-sometimes-better-than-the-real-world-for-medical-research.html …"},{"index":"199153298362740736","data":"And the original: #hacku http://developer.yahoo.com/hacku  Best Practices for Hackathon Demo Days http://techcrunch.com/2012/05/05/putting-plans-to-work-best-practices-for-hackathon-demo-days/ … via @techcrunch"},{"index":"199489733842317313","data":"Today @UCIbrenICS hear #YahooLabs scientist Lihong Li speak on Machine Learning, 1pm, Bren 4011"},{"index":"200960701769068544","data":"Attention UW Students: @YahooLabs scientist Ricardo Baeza-Yates speaks Monday 5/14 at 3:30pm, CSE 405 @csenews"},{"index":"199534527998197761","data":"@fkschmidt Thanks!!  How are things with you? -- I've been hearing about changes at Yahoo, NY."},{"index":"199520262419517440","data":"Heading north! http://levreyzin.blogspot.com/2012/05/atlanta-northward.html …"},{"index":"201072624195993600","data":"Proud of our Emily as she graduates from @DukeMEMPCareer with her MEM degree. Onward!"},{"index":"201288740893761536","data":"Awesome tribute to a Mom on this Mother's Day weekend.  http://online.wsj.com/article/SB10001424052702304070304577398062395398318.html?mod=e2tw …"},{"index":"202042114987659265","data":"@fkschmidt: Attention UW Students: @YahooLabs scientist Ricardo Baeza-Yates speaks today at 3:30pm, CSE 405 @csenews"},{"index":"206066003346591744","data":"Great opportunities for research scientists to create new science with big data. @YahooLabs is hiring - it's a new world!"},{"index":"206091655084916737","data":"Preview: @YahooLabs looking for Research Scientists and Postdoctoral Researchers in new Mobile Innovations Group. Job ad link coming."},{"index":"207492802014216193","data":"@bitly @hmason Congratulations to bit.ly. Lots of new features in this release - much more than 'just a coat of paint'!"},{"index":"207570743758831618","data":"“@EPrinceton: FCC names members of its Open Internet Advisory Committee, including Jen Rexford http://www.broadcastingcable.com/article/485192-Comcast_Exec_Among_FCC_s_Open_Internet_Monitors.php …” Congrats Jen!"},{"index":"207578553468989440","data":"Talk @Stanford 5/30: Social Computing and User Generated Content: A Game-theoretic Approach, Arpita Ghosh, 4:30PM, Y2E2, room 101"},{"index":"199114045402525696","data":"UMass CS annual outstanding achievement each year build community across generations. This year I am honored by their …http://lnkd.in/bt6vT2 "},{"index":"186475115222016000","data":"An important conference coming up in Beijing. Really. http://nfc03.nokiaresearch.com/CRAP2012/cfp.pdf …"},{"index":"207883278013825025","data":"TODAY Talk @Stanford: Social Computing and User Generated Content: A Game-theoretic Approach, Arpita Ghosh, 4:30PM, Y2E2, room 101"},{"index":"208010788013748224","data":"Congrats all! “@benbendc: BIG NEWS! Nick @Feamster and Marshini Chetty @ineffablicious are joining #UMD faculty in CS and #i_UMD #HCIL”"},{"index":"209743180407640064","data":"@Miraglia Congratulations!"},{"index":"208172908999217152","data":"The next big thing? Higher Education's Online Revolution http://on.wsj.com/LHzn8l "},{"index":"210489454660562944","data":"It's D Day. Nothing on the news during the day - why? Remember the fallen, thank a Vet."},{"index":"210710384439607296","data":"“@sympapadopoulos: Great talk by @ayman A fresh look into social signals as a means to understand content #ICMR2012 @YahooLabs ”"},{"index":"210904665989197824","data":"Same here, way to go! “@arnabdotorg: @winteram congrats!”"},{"index":"211118827910606848","data":"Great year for UW CSE hiring - latest news: Ben Taskar to join Dept.  Combined with Carlos Guestrin, this really ramps our ML expertise..."},{"index":"210772637587214336","data":"Cool job! “@YahooJobs: front end Engineer for #flickr  http://bit.ly/L7Ja8F  & work with @ysaw @rossharmes & @schill  #javascript #html5”"},{"index":"212185207921577985","data":"Nice, what's next? “@gvucenter: Enron e-mail study by @eegilbert shows how gossip flows in cyberspace. Video: http://ow.ly/buI0P ”"},{"index":"212606430354739202","data":"This field created by @yahoolabs in '08: “@techreview: The New Science of Computational Advertising http://techre.vu/N9JdqH ”"},{"index":"201314127531081729","data":"R"},{"index":"213274152294031363","data":"Webinar - TODAY! “@YahooJobs: MT @yuilibrary: Open Hours Thursday with @caridy and @ekashida talking about Y! Axis, http://bit.ly/M3Zp5D ”"},{"index":"212249796273127424","data":"Ah. The 5th screen is a reality. “@TechCrunch: Siri ... Gets 'Eyes Free' Car Integration http://tcrn.ch/LE7Biq  by @chrisvelazco”"},{"index":"214033159535345664","data":"My college notes, books and Algol numerical methods printouts head to the recycle bin. #fb #in pic.twitter.com/2eqIhCaP"},{"index":"216283095236739073","data":"Clever little machine. MT @UTCompSci: Google will release a new Doodle for Alan Turing's 100th birthday on Saturday. http://www.google.com.au/ .”"},{"index":"217285641631825921","data":"Great jobs, fun culture still @yahoo “@YahooJobs: Summer 2012 Intern Welcome Event!    http://bit.ly/LoB7rD  it was a great event”"},{"index":"217685509810569217","data":"@YahooLabs is looking for big thinkers: Machine Learning Applied Scientist https://tas-yahoo.taleo.net/careersection/yahoo_global_cs/jobdetail.ftl … @YahooJobs"},{"index":"217333698180296704","data":"Listening to Sir Roger Penrose's invited talk at the Alan Turing Centenary Conference in Manchester, UK http://www.turing100.manchester.ac.uk/index.php/conference/conference/livestream … #turing100"},{"index":"217959333135269888","data":"@YahooLabs job: Applied Scientist, Pricing/Marketplaces. Come create new internet marketplaces https://tas-yahoo.taleo.net/careersection/yahoo_global_cs/jobdetail.ftl … @YahooJobs"},{"index":"218310556375990272","data":"From the career services office to social media: 35% students use LinkedIn for job search.  http://blog.linkedin.com/2012/06/27/top-companies-students/ …"},{"index":"218313312490881025","data":"Great advice for great leaders.  http://m.inc.com/?incid=42834 "},{"index":"224971634027675649","data":"“@arnabdotorg: Signing off from Twitter for the next day while my entire stream talks about nothing but Marissa Mayer.”"},{"index":"221222959958867969","data":"Pentagon Digs In on Cyberwar Front http://on.wsj.com/M7Z1ob "},{"index":"226293006184112128","data":"Mike Krzyzewski for his country: 'The ultimate honor' http://usat.ly/OKKuib  via USA TODAY \"There are times when you have to feel.\""},{"index":"224673368828428288","data":"Wow - our daughter just completed the Seattle-to-Portland event... On a mountain bike.  Way to go, Carlee!"},{"index":"223509996279828480","data":"Large Yahoo security breach: http://bits.blogs.nytimes.com/2012/07/12/yahoo-breach-extends-beyond-yahoo-to-gmail-hotmail-aol-users/?hp … (aaroth)"},{"index":"228470617110876160","data":"Explanation of the great recession of 2018: Jeb Hensarling: Dodd-Frank's Unhappy Anniversary http://on.wsj.com/OjNSEk "},{"index":"228484639113760768","data":"Might be a good time to sign up for Yahoo! Instant Messenger “@mashabletech: Google Talk Is Down For Most Users - http://on.mash.to/MIj42c ”"},{"index":"228242120278941696","data":"About time some truth came out on this. Vint Cerf tells Internet history revisionists to shove it http://news.yahoo.com/vint-cerf-tells-internet-history-revisionists-shove-210542455.html … via @YahooNews"},{"index":"230379912886906880","data":"7 reasons to file your expense reports from your phone - http://on.mash.to/MQ2r4F "},{"index":"233178974400950274","data":"Smooth-Talking Hacker Remote-Wipes Reporter's iPad, MacBook http://lnkd.in/bQwecz "},{"index":"235142367718567936","data":"Achint Thomas gives a talk to Yahoo! Interns http://shar.es/vFfTP  via @sharethis"},{"index":"233202778397347841","data":"Add this to #intonow. End of Channel Surfing? http://on.wsj.com/OI29J2 "},{"index":"236255935490838529","data":"@yahoolabs is hiring! Applied Scientist, Pricing & Marketplaces https://tas-yahoo.taleo.net/careersection/jobdetail.ftl?job=34781&lang=en&sns_id=twitter#.UC2OASTHFFR.twitter …"},{"index":"228574179354632192","data":"Well said: \"It's the students and the cards\": @beki70: On Not Leaving Academia http://wp.me/phSsV-VR ”"},{"index":"236448270673653760","data":"Yahoo! Labs: actively hiring research scientists. Here's one of many openings in NL, NLP, Statistics, Mobile, Systems …http://lnkd.in/4gsBDW "},{"index":"236447525983363072","data":"@yahoolabs is hiring: Research Scientist, HCI Research group https://tas-yahoo.taleo.net/careersection/jobdetail.ftl?job=32101&lang=en&sns_id=twitter#.UC5ASEVusjU.twitter … #li"},{"index":"236873358665449473","data":"Also @yahoolabs, with scientist openings around the world. Exciting future! “@ydn: .@Yahoo is hiring!  http://bit.ly/RklhTD  via @YUILibrary”"},{"index":"237911355888381953","data":"Come grow with us! @YahooLabs: Research Scientist, Machine Learning https://tas-yahoo.taleo.net/careersection/yahoo_global_cs/jobdetail.ftl?job=1247352 …"},{"index":"237714287819362304","data":"Come join the quest @yahoolabs: Research Scientist, Machine Learning https://tas-yahoo.taleo.net/careersection/jobdetail.ftl?job=36579&lang=en&sns_id=more …"},{"index":"236302086617300995","data":"email from my aunt: \"If we’re not happy with google, yahoo, or bing, what do we use??\" HAHA"},{"index":"237708042169360385","data":"Great article. Congrats colleagues! “@MSFTResearch: The Big Apple's Big Data advantage... http://tech.fortune.cnn.com/2012/08/20/the-big-apples-big-data-advantage/ … via @FortuneMagazine”"},{"index":"237980986640588800","data":"@YahooLabs has openings for Research Engineers in the US: http://bit.ly/PAYHRi  and in Haifa: http://bit.ly/O1pl4r  . Check it out!"},{"index":"238070488914591744","data":"Gotta be BigDog #ipto RT @DARPA: #DARPA Big Dog nominated for @RobotHallofFame. Which robot will you vote for? http://ow.ly/d7xzW "},{"index":"238046070649802754","data":"Moving into our new home. “@YahooLabs: Mimosa Monday in Yahoo! Labs Sunnyvale! pic.twitter.com/pBuWapZ1”"},{"index":"238266945818996737","data":"Hack @PennApps today, build @Yahoo tomorrow! MT This Fall's PennApps is Sept 14-16. Make sure to sign up! http://fb.me/C7FwQ4Ze  #ydn #hacku"},{"index":"238083478695067648","data":"Sleep? RT @mheadd: Eat. Sleep. Code. @PennApps is back. http://2012f.pennapps.com/  #Philly #Hacking #OpenData #hacku"},{"index":"238270030582800384","data":"@YahooLabs is hiring scientists around the world. Researching, creating and building cool products! http://bitly.com/bundles/o_3oarn3v6oh/1 …"},{"index":"239036987519143936","data":"Hey I think I meant #datascience! #datescience #notsamething #notsamathing #practicing (see my prev tweet if you want to hire one)"},{"index":"238742820570136577","data":"@Yahoo will be there! RT @GTRI: Join us for the Hungry, Hungry Hackers cyber security competition Aug. 25 http://www.hungryhungryhackers.org "},{"index":"240092741235798016","data":"@YahooLabs has the science, solutions and insights to create new products. And we are hiring: http://bit.ly/SIAImm "},{"index":"240193589253128193","data":"CRA's Grad Cohort: great event for female PhD students who are just starting. https://www.facebook.com/groups/58020017457/ … @YahooLabs proud to sponsor!"},{"index":"240095156882243586","data":"We need a word for: Someone notorious for not replying to email, but when you mail them about something THEY want, answers almost instantly."},{"index":"240839353394421762","data":"MT @gtcomputing: Photo: ...student creation in the student org's room http://on.fb.me/PQoxRo  Another creative use for @Yahoo faceplant balls"},{"index":"240210716257300482","data":"More great news... RT @allthingsd: Yahoo Hires Former Amazon Exec Kathy Savitt as Marketing Head -by @triciad http://dthin.gs/SKiHnQ "},{"index":"240461415301935104","data":"So true! MT @benbendc Kleinberg: \"I realized computer science is not just about technology, it is also a human topic\" http://www.nature.com/news/computational-social-science-making-the-links-1.11243 …"},{"index":"242948919288557572","data":"Great Labor Day Manifesto. \"We strive to: http://edgeperspectives.typepad.com/edge_perspectives/2012/09/the-labor-day-manifesto-of-the-passionate-creative-worker.html …\""},{"index":"240927559540420608","data":"Great advice. RT @FastCoDesign: Finally: A superclean bike light that attaches with magnets http://bit.ly/SRZO3S "},{"index":"243052365610098690","data":"Research Scientist openings at Yahoo! Labs - come invent the future in ML, NLP, MM, Mobile, Systems and more! http://bitly.com/bundles/o_3oarn3v6oh/2 …"},{"index":"243520282382438401","data":"@YahooLabs has the science, solutions and insights to create new products. And we are hiring: http://bit.ly/SIAImm "},{"index":"243376614082220032","data":"@YahooLabs is hiring: Applied Scientist, Pricing & Marketplaces https://tas-yahoo.taleo.net/careersection/jobdetail.ftl?job=34781&lang=en&sns_id=twitter#.UEd1pmP0Mwk.twitter …"},{"index":"244076151646068737","data":"Yahoo! Labs: Seeking Great Scientists http://lnkd.in/SNY-Jh  http://lnkd.in/bGiNXJ "},{"index":"244109461420138496","data":"OK, props to the creators of today's Google doodle. Beam me up, Scottie!"},{"index":"245280640281477120","data":"Yahoo! Labs: We're hiring! These are for Content and Personalization. http://bit.ly/S4TcJS , http://bit.ly/Rz0ZF4 "},{"index":"245536714666409984","data":"A cool, clear, calm morning in NJ. Exactly as it was 11 years ago. Remember the fallen, comfort the survivors. Never forget"},{"index":"246040817519702017","data":"Hey @PennApps - @Yahoo is stoked to see so many coming to Philly this weekend. What will you build using YUI, YDN?  http://yhoo.it/SFIWP0 "},{"index":"246074723056877569","data":"Yahoo! Labs: Seeking Great Scientists http://shar.es/u78dH  via @sharethis"},{"index":"245209974970671105","data":"In memory of the fallen on 9/11. Never forget: Twin Towers: Their legacy in New York City signs http://flic.kr/s/aHsjw8yEy1 "},{"index":"246272701856116737","data":"When you're done with @PennApps, head over to #HackRU at Rutgers on October 13th. It's going to be awesome! http://hackru.org/  @ru_usacs"},{"index":"246589912755867648","data":"How to run the  best hackathon. By @PennApps. Most awesome! Final Day Logistics http://tmblr.co/ZPVkJuTMS4JV "},{"index":"246596140609462273","data":"Nothing new to #cameroncrazies @dukeblueplanet MT @WSJ: Ever heard of 'tifo'? Well, it's spreading in America. http://on.wsj.com/PyJumz "},{"index":"246743687982366720","data":"Hearing demos from 15+ API providers @PennApps Over 12 universities from VA to MI to MA plus local. 300+ hackers. #hacku"},{"index":"247400485747826688","data":"Let the hack demos begin. Over 90 of them. Awesome! @PennApps #hacku @ydn"},{"index":"246754986862727169","data":"Full house @PennApps for API demos. pic.twitter.com/x1LHfo72"},{"index":"247400766615191555","data":"MT@PennApps: For those not in Hall of Flags - #PennApps livestream is up at http://www.ustream.tv/channel/pennapps-demos … - check it out! #hacku @ydn"},{"index":"247452428553842688","data":"@yahoo award for best mobile hack @PennApps goes to Perimeter. I want that! #hacku"},{"index":"247455505902084097","data":"@PennApps winners of \"Best Mobile Hack\" - Perimeter from @umich Congrats! pic.twitter.com/0XHUqr2S"},{"index":"247673538868293632","data":"This Electioneering hack is well done and timely - and gets  the @yahoo runner up prize: cool swag. #PennApps #hacku http://www.electioneering.us/ "},{"index":"248080539628732416","data":"MT @PennApps: PennApps Winners - The list of all winners is below (you can see the list of proj… http://tmblr.co/ZPVkJuTdH-qg  #hacku #pennapps"},{"index":"248754106049650689","data":"Happy Belated Birthday, Smiley! 9/19, the Emoticon Turns 30 :-) - The Atlantic http://www.theatlantic.com/technology/archive/2012/09/today-the-emoticon-turns-30/262571/#.UFsFuyc3Hdg.twitter …"},{"index":"247814265199796224","data":"This Electioneering hack is well done and timely - and gets  the @yahoo runner up prize: cool swag. #PennApps #hacku http://www.electioneering.us/ "},{"index":"248249174280261632","data":"I just wrote: Hey Yahoo, You’re Optimizing the Wrong Thing http://bit.ly/NzOass "},{"index":"248857647405727744","data":"@paytango @pennapps mention: “@mashabletech: Swipe no more? @Venmo's Andrew @Kortina talks mobile payments - http://on.mash.to/S7U6cV ”"},{"index":"249297807310196736","data":"The new @Yahoo weather app? I want that! Only in Android now? Rats - get the iOS app out!"},{"index":"249183253913821185","data":"From India: \"Yahoo! Internship program – what makes it so popular?\" http://blog.internshala.com/2012/08/internship-yahoo-tip/ …"},{"index":"250227030476607489","data":"@YahooLabs scientist @mounialalmas keynote talk @TPDL2012: \"User Engagement in the Digital World\" It's much more than page views!"},{"index":"249314219470761984","data":"@JJTopsparks Hi - congrats to team Perimeter @PennApps! Are you interested in @YahooJobs this summer? We'd like to know!"},{"index":"250623357622575104","data":"@pennapps prep for next hackathon MT @ydn: Check out bottle, an HTML5 framework for mobile UI components. http://bit.ly/PgNENl  #YUI"},{"index":"250582238608105472","data":"“@YahooLabs: Recruiting at the MobileHCI conference in beautiful San Francisco! pic.twitter.com/jGUvLNxo” We're hiring: http://bit.ly/ToSlbc "},{"index":"250773315843674112","data":"And congrats on the @Yahoo Mobile Mention Award! MT @MaxScheiber: http://www.thedp.com/article/2012/09/max-scheiber-missing-sleep-in-mcclelland … - what I learned from two @PennApps all-nighters.”"},{"index":"251750797979815936","data":"All of a sudden, I have 5 PhD students! Ack, how did that happen?"},{"index":"252412915104243712","data":"Interesting comparison of global supply, demand, and government/industry investment. http://lnkd.in/aEjJPk "},{"index":"252002033882759168","data":"Can U.S. Universities Stay on Top? http://on.wsj.com/Uz7sN0 "},{"index":"251765639792967680","data":"@Yahoo is hiring, seen here @gtcomputing: GATechCareerFair081 http://flic.kr/p/de8Kwt  Check out the openings: http://bit.ly/PLcCpm "},{"index":"260345127971717120","data":"A great week @YahooLabs - Beverly Harrison accepted our offer to join the Mobile Experiences team led by Lars Erik Holmquist."},{"index":"260734708487450625","data":"@marissamayer: \"Companies are all about people, and the companies with the best talent win.\" Come win with us. @YahooJobs @YahooLabs"},{"index":"260512747782021120","data":"Speed Mentoring with @Yahoo Women in Tech http://yhoo.it/VdBxSv  via @ydn How to support and encourage leadership development."},{"index":"261094505703411712","data":"Barely made Tokyo flight.... Had to beg past 1 hr check-in rule... Want new Retina MacBook.... Still a bit heavy..."},{"index":"264094139866558464","data":"Calling all hackers! MT @ydn: RT @esuhonen: Join @ydn: Community Moderator, Evangelist & Architect, Outreach Mgr, more http://bit.ly/SwzMCE "},{"index":"268130827425165312","data":"Back from 2 weeks of no power thanks to Hurricane Sandy - and catching up on things. DM me anything I missed."},{"index":"263775090062282752","data":"Check with @isbellHFh for info on cobot#1 MT “@SCSatCMU: RT @heatherknight: Cobot is reverse trick-o-treating...: http://bit.ly/YodS5n ”"},{"index":"259404224398508032","data":"A great week @YahooLabs - Beverly Harrison accepted our offer to join the Mobile Experiences team led by Lars Erik Holmquist. Watch us grow!"},{"index":"270294131249643521","data":"And @yahoo intern! MT @georgiatech: Congrats to alumnus Joy Buolamwini (CS '12) - 2013 #Rhodes Scholar! http://www.gatech.edu/newsroom/release.html?nid=171801 … @GTComputing"},{"index":"268156070051057664","data":"Yahoo! Labs announces 2012 Faculty Research and Engagement Recipients. Congratulations! http://www.yoncampusblog.com/ "},{"index":"268805267167260672","data":"Announcing Yahoo! Labs ACE Awards: http://www.yoncampusblog.com/blog/2012/11/14/yahoo-announces-the-2012-ace-award-recipients/ …"},{"index":"273449095471955969","data":"@yahoolabs on campus: MT@FrancescoBonchi: Yesterday a busy day at CMU. Today University of Maryland, then heading to California"},{"index":"273129975354359810","data":"For the sports nut on your shopping list: greatest gift is letting them in on how great @yahoo #sportstacular app is. Fast, focused and fun!"},{"index":"273633279188561920","data":"@YahooLabs scientist @jofish talk at Stanford CS547 Friday 12/7: \"Comfortable, Communal and Creative Computing\" http://hci.stanford.edu/courses/cs547/speaker.php?date=2012-12-07 …"},{"index":"273623788304863233","data":"Francesco Bonchi, @YahooLabs scientist, spoke today @UMD on \"Mining Propagation Data (in Social Networks)\" https://talks.cs.umd.edu/talks/232 "},{"index":"270900455025033217","data":"Great perspective on why internal VC operations are sub-optimal at best: http://wp.me/p1NyQx-GU  via @richde"},{"index":"273848476792672257","data":"Talk @UCIBrenICS 12/3 Francesco Bonchi, Sr Research Scientist, @YahooLabs: Mining Progagation Data (in Social Networks) http://cml.ics.uci.edu/?page=events&subPage=aiml …"},{"index":"274195683593052160","data":"University R&D Is Threatened by the #FiscalCliff http://techre.vu/V85T8C  (via @TechReview). This is more important than #My2K. Fix it now."},{"index":"275598393684942848","data":"Today! @UCIBrenICS Francesco Bonchi, Sr Research Scientist, @YahooLabs Mining Progagation Data (in Social Networks) http://cml.ics.uci.edu/?page=events&subPage=aiml …"},{"index":"273978946566115328","data":"MT “@reid: My CEO at the White House with the President. Purple folder? Check. (via @ysaw) http://flic.kr/p/dx2FLr ”"},{"index":"275989054057771009","data":"Hal, I'm feeling sick...Technology will replace 80% of what doctors do http://tech.fortune.cnn.com/2012/12/04/technology-doctors-khosla/ … via @FortuneMagazine"},{"index":"275964510425198593","data":"@YahooLabs proud to help sponsor CRA-W's Grad Cohort in Boston 4/5/13. Application form: https://computingresearch.wufoo.com/forms/k7w0p5/ "},{"index":"276020569609207810","data":"@YahooLabs paper MT @mounialalmas: #wsdm2013 Absence time and user engagement: Evaluating Ranking Functions http://www.dcs.gla.ac.uk/~mounia/Papers/wsdm2013.pdf … w/ @gdupret"},{"index":"276452375378673664","data":"@YahooLabs has 2013 summer internship openings for strong PhD students in CS, Stats, Design. http://labs.yahoo.com . Come grow with us!"},{"index":"278574381721075714","data":"Great talk by @ericries on making innovation real. Appropriate as @Yahoo innovates for growth. Love \"innovation accounting\"."},{"index":"276669980999815168","data":"@YahooLabs job opening: Research Scientist, Systems https://tas-yahoo.taleo.net/careersection/jobdetail.ftl?job=39503&lang=en&sns_id=twitter#.UMCUe6Pdz14.twitter …"},{"index":"278966152997249025","data":"It's not quite a digital day, but #121212 has a nice ring to it."},{"index":"277042027735183361","data":"A tune to memorialize December 7. http://www.youtube.com/watch_popup?feature=player_embedded&v=x2ml2wWBCm8 …"},{"index":"279002554132725760","data":"@YahooLabs has intern openings for PhD students: real-world problems, tons of data and opportunities to publish http://y.ahoo.it/uhMpv "},{"index":"279238668923834368","data":"@YahooLabs has intern openings for PhD students: real-world problems, tons of data and opportunities to publish http://y.ahoo.it/uhMpv "},{"index":"279261591885709313","data":"@arnabdotorg yahoo labs still exists?"},{"index":"279021435505229824","data":"Great talk @hmason - thanks for visiting @yahoo today."},{"index":"280806466246565888","data":"More @YahooLabs intern openings: User study/prototype on perceptions of local recs & environment, potential paper. http://y.ahoo.it/uhMpv "},{"index":"281213188480061441","data":"Intern jobs @YahooLabs Haifa: Content quality insight and experiments; NLP aspects in Answers; User engagement. http://y.ahoo.it/uhMpv "},{"index":"281482683534696448","data":"Intern jobs @YahooLabs Haifa in: Exotic recomend settings, Algo advancements, Innovative features, Platform/System design, Web experiences"},{"index":"281213005650341888","data":"@YahooLabs Haifa Intern openings: Content quality insight and experiments; NLP aspects in Answers; User engagement. http://y.ahoo.it/uhMpv "},{"index":"280765760803057664","data":"#demandaplan “@YahooTicket: House to observe a moment of silence to honor #Newtown victims: http://yhoo.it/12kDNOj ”"},{"index":"280769016694468608","data":"@YahooLabs #internship eg: Ph.D student, qualitative/ethnographic research from iSchool, informatics, HCI, STS http://y.ahoo.it/uhMpv "},{"index":"281785944640745474","data":"More! Intern jobs @YahooLabs Silicon Valley: Content/sentiment understanding in UGC; User behavioral understanding http://y.ahoo.it/uhMpv "},{"index":"281786909225803777","data":"Intern jobs @YahooLabs Silicon Valley: Search Vertical Ranking; Email anti spam; Search Assist and Query Suggestion http://y.ahoo.it/uhMpv "},{"index":"281843056561500160","data":"Congrats Magda! “@csenews: New post from UW CSE News: Magda Balazinska:  As American as apple pie http://is.gd/d2w0i9 ”"},{"index":"281740599500107779","data":"Awesome idea. Tiny Bluetooth Stickers Ensure You'll Never Lose Anything Ever Again http://www.businessinsider.com/snapnfind-indiegogo-project-2012-12?0=tools … http://www.indiegogo.com/sticknfind "},{"index":"286917087476203521","data":"Wanted: Big Data Intern @YahooLabs NYC to script/code/model new algorithms. PhD CS/Stats,strong coding+stat-ML skills http://y.ahoo.it/uhMpv "},{"index":"282139781461336065","data":"@YahooLabs among organizers of \"Workshop on Web Search Click Data\" @wsdm2013 http://www.wsdm2013.org/ "},{"index":"285038561948995584","data":"Noonan: Hats off to Obama's Internet savvy campaign. About Those 2012 Political Predictions http://on.wsj.com/U4hfwC "},{"index":"288336541200314368","data":"From @YahooLabs Webscope: MT @sinanaral: Get Our Data!  http://bit.ly/4qbync  G7 Yahoo Property & IM Data... http://bit.ly/bKM5p7 "},{"index":"291541306017193984","data":"Just in time for @PennApps MT @caridy: mojito 0.5.2 is now in npm: 2x fast, 1/2 memory footprint and 1/2 startup: https://github.com/yahoo/mojito/wiki/ReleaseNotes0_5_2 …"},{"index":"291604020370501633","data":"POP for @PennApps - Design Your App on Paper, Animate It With Your iPhone Camera http://www.fastcodesign.com/node/1671490  via @FastCoDesign"},{"index":"291546607973978112","data":"Get Your Hack On – Yahoo! Is Back @PennApps http://shar.es/4UD0J  Come have a Cocktail with us!"},{"index":"291623509212405760","data":"@YahooJobs Bad bit.ly URL, please resend."},{"index":"291937243466194945","data":"Oh, Snap! Flickr Takes on Instagram. http://dthin.gs/13G3xnV  You've gotta get this Flickr app!"},{"index":"291671119818264576","data":"Hey @PennApps hackers - tutorial on @Yahoo Mojito: http://y.ahoo.it/KnjkD  And more: http://y.ahoo.it/7v1OQ . See you at Friday's API talk!"},{"index":"289585837736357888","data":"@YahooLabs Congratulations @hsmcramer - Mattias Rost, Louise Barkhuus, Henriette Cramer, Barry Brown got a CSCW Best Paper Nomination"},{"index":"292293235513114626","data":"Get Your Hack On – Yahoo! proud to sponsor Best Mobile Hack @PennApps http://shar.es/4UD0J  Come have a Cocktail with us!"},{"index":"292410693477609473","data":"At #pennapps with the awesome @Yahoo team. 500 hackers from 40 schools. Let the fun begin! pic.twitter.com/ia1kZ7S9"},{"index":"292297857975857152","data":"Catch @YahooMobile Cocktails API talk by @diervo at #PennApps tonite! Here's a preview: http://y.ahoo.it/iQ21q "},{"index":"292434751233589248","data":"@diervo presenting @yahoo Mojitos demo at #pennapps - $500 prize for best mobile hack! pic.twitter.com/2NdHuuOr"},{"index":"292646214946652161","data":"#pennapps @temiri Yahoo! Best Mobile Hack winners get a paid trip to NYC to interview for this job!  Mobile  Engineer, http://bit.ly/11zZACJ "},{"index":"293165152495341568","data":"If it feels like Friday but tomorrow is Monday, then I must have been @PennApps - and can't wait till the next hackathon. Nice job, all!"},{"index":"292676476359303168","data":"Awesome posts from @temiri, bringing the hacks to life “@PennApps: Who's Hacking What: Merge http://tmblr.co/ZPVkJuc7fnRm ”"},{"index":"293733567886938114","data":"Congratulations to @zan2434 & Mosaic team from MIT/Pitt, winners of the @Yahoo sponsored Best Mobile Hack #PenApps  http://y.ahoo.it/YtBVb "},{"index":"297073560558649344","data":"Great meeting @mtdukes here: // Discussing journalism’s computational future http://www.reporterslab.org/computation-journalism-symposium/ … via @ReportersLab"},{"index":"297092363048853507","data":"The Sports Graph mentioned at Comp+Journalism panel. Something to add to the @yahoo #Sportstacular app. #CompJ"},{"index":"296067982956822530","data":"What does it mean to be a good Campus Relationship Manager? Trust, technical depth and attention to detail at a minimum. Is that you?"},{"index":"297098411658866690","data":"Nicolas Lemann, Columbia: Journalism is like big data: acquire, analyze and display the essence of a story. #CompJ"},{"index":"297373067443834880","data":"Coders create tools, writers use to tell stories MT @DioniLWise: @albertocairo Do all journalists need to learn code? #CompJ”"},{"index":"297353914154618881","data":"@eegilbert from @gtcomputing mentions @yahoolabs' @ayman work in second order effects in #twitter analysis at #CompJ Symposium"},{"index":"299891678498660352","data":"Today is a day when I miss Champaign."},{"index":"300049172172795904","data":"Eric Bax, Research Scientist @YahooLabs, speaking at UC Irvine's AI/ML seminar Mon, Feb 11 in Bren Hall 4011 at 1pm. Food too! @UCIbrenICS"},{"index":"300258588377616384","data":"Run Your Family Like a Business http://on.wsj.com/Z0PpqE  - Use agile techniques to ease household stress? Or common sense?"},{"index":"300005945365393408","data":"“@YahooJobs: Yahoo ranks number 8 as best place to work http://read.bi/WMFWNx    #yahoo  #bestplace” And we're hiring!"},{"index":"295351192064778240","data":"The stars aligned today as all three of my daughters' teams won! Go #villanova #duke #gatech"},{"index":"301042924936912896","data":"TODAY! Eric Bax, Research Scientist @YahooLabs, speaking at UC Irvine's AI/ML seminar Feb 11 in Bren Hall 4011 at 1pm. Food too! @UCIbrenICS"},{"index":"301691074223689729","data":"@PennApps runner up for @Yahoo Best Mobile Hack are visiting our NYC mobile engender team today!"},{"index":"301308799078244353","data":"Internship opportunities @yahoojobs - a chance to grow and have fun! http://m.facebook.com/story.php?story_fbid=273424632789034&id=833404&_rdr …"},{"index":"302555140748087296","data":"Great reflection piece to start the weekend: \"9 Unconventional Habits of Extraordinary Success\" http://www.marcandangel.com/2013/02/08/9-unconventional-habits-of-extraordinary-success/ … via @marcandangel"},{"index":"304320760380530688","data":"@YahooLabs Tarun Bhatia on panel at #RPSummit13 - what's your favorite ad tech algo? pic.twitter.com/ndVAL7Ru"},{"index":"304325069985943552","data":"Key techie take-away from Tarun: we need to make algorithms exciting, effective and expressive. #RPSummit13 @YahooLabs"},{"index":"304203215203876865","data":"@YahooLabs congratulates NYU on new Center for Data Science initiative #bigdata  http://datascience.nyu.edu/about/ "},{"index":"305056666032947200","data":"@YahooJobs Rocking the Penn Career Fair! pic.twitter.com/VsNLeuMMVf"},{"index":"305698102407462913","data":"Artful post, great comments. \"Why you should always ask a question at an academic talk\": http://blogs.cornell.edu/danco/2013/02/18/on-asking-questions-and-academic-love/ …"},{"index":"306086080912977920","data":"@YahooLabs Sponsors NYU Center for Data Science w/ servers, seminar: http://cds.nyu.edu/yahoo-labs-a-founding-sponsor-of-nyu-initiative-data-science-and-statistics-and-center-for-data-science/ … #datascience"},{"index":"305693227288248322","data":"I'm flying from Raleigh-Durham to London. On a direct flight. Yes you heard that right."},{"index":"306496554947190784","data":"Is this snappy enough? MT @gtcomputing: @eegilbert & @cjhutto find that happy, snappy tweets gain most followers http://bit.ly/13QZFig "},{"index":"306496825609842688","data":"True or False? \"The Adventures of Rin Tin Tin\" is a #TVShow (http://bit.ly/V68sNX )"},{"index":"306502755357437952","data":"Congress Should Listen To @MarissaMayer (stay in DC and collaborate!) http://techcrunch.com/2013/02/26/congress-should-listen-to-marissa-mayer/ … via @techcrunch"},{"index":"306508690335358976","data":"@YahooLabs Sponsors NYU Center for Data Science w/ servers, seminar: http://cds.nyu.edu/yahoo-labs-a-founding-sponsor-of-nyu-initiative-data-science-and-statistics-and-center-for-data-science/ … #datascience"},{"index":"306532795646373888","data":"Imagining how I’d like my devices to communicate with me during my daily habits… http://www.fastcompany.com/node/3005262  via @FastCompany"},{"index":"307649331748560897","data":"“@munmun10: Nice, useful resource! MT @yahoolabs @danielequercia some of the talks i attended at #cscw2013 http://bit.ly/13tTCo3 ”"},{"index":"307535727141466113","data":"@YahooLabs Sponsors NYU Center for Data Science w/ servers, seminar: http://cds.nyu.edu/yahoo-labs-a-founding-sponsor-of-nyu-initiative-data-science-and-statistics-and-center-for-data-science/ … #datascience"},{"index":"307104031455719424","data":"Taking aim at Google, the largest social network wants a database describing as many things as possible. http://techre.vu/XDuuHo "},{"index":"307110761963077632","data":"A paper co-authored by Yahoo! Labs Research Scientist, Henriette Cramer, received a Best Paper Nomination at CSCW’13! http://www.yoncampusblog.com/ "},{"index":"309704027480915968","data":"Recognizing patent awards @yahoolabs Science Week. Congratulations inventors! pic.twitter.com/zbFOJ9DOdW"},{"index":"312162380475953152","data":"Happy Pi Day! Is our love of Pi irrational? (Ouch!)"},{"index":"312203972482064386","data":"@BillGates posts @jakehofman talk about how things go viral. Nice!  http://www.youtube.com/watch?v=wSwOszoHuoI&feature=youtu.be …"},{"index":"312213798108942336","data":"Jason Gay scores a 10 with this amazing story.\nhttp://lnkd.in/yq4mtr "},{"index":"312204670284210176","data":"It's all about personalization. MT @hmason: Sometimes I want to follow people. Or topics. Or content sources. Why not all in one place?"},{"index":"313343706986057732","data":"Do you love connecting brilliant people at top universities, helping grad students and spinning up new research collaborations? We need you!"},{"index":"312611315380281346","data":"Congrats Munmun! MT @MSFTResearch: Profiles of women in computing. Meet Munmun De Choudhury, researcher @MSFTResearch http://twitpic.com/cblcce "},{"index":"314829260747583488","data":"Master Inventors honored @YahooLabs http://us.careers.yahoo.com/lifeatyahoo/content/1331/lang/en …"},{"index":"313667773194698754","data":"Congratulations to Bob Kahn! Respect for the silent genius behind TCP/IP MT ... Share UK Engineering Prize http://dthin.gs/XUhP5Y "},{"index":"316194279284424704","data":"Onward! RT @FastCompany: As Google Reader dies, Marissa Mayer makes a move: Yahoo! is buying Summly http://trib.al/qKl0ZrE "},{"index":"316226941793484800","data":"@mounialalmas presenting \"Measuring Web User Engagement\" at Women in Science and Engineering Workshop (WISE) on 3/28 http://events.inf.ed.ac.uk/wise2013/ "},{"index":"316358470024691712","data":"4/3 talk @Stanford: Anirban Dasgupta, @YahooLabs, \"Mechanism For Crowdsourced Judgement Elicitation\", noon, Y2E2 101 http://rain.stanford.edu/ "},{"index":"316897930885873664","data":"Morning @todayshow"},{"index":"316313595191373824","data":"@nickdaloisio: “Definitely with the approach they are taking at the moment — they’re moving at light speed, ...\" http://gigaom.com/2013/03/25/summlys-teenaged-founder-says-he-wants-to-help-make-yahoo-great-again/ …"},{"index":"317013138610466816","data":"Love working with brilliant people, helping grad students and spinning up new research collaborations? We're hiring! @Yahoo_On_Campus"},{"index":"317014071683723264","data":"Talk 3/28 by @YahooLabs @mounialalmas: \"Measuring Web User Engagement\" http://events.inf.ed.ac.uk/wise2013/  #wise2013"},{"index":"316943044349919232","data":"Please! I need this! MT @WSJCorpIntel: Ford: $50K prize for better mobile app to go with its hybrid cars: http://on.wsj.com/Yfjzoh  #hacku"},{"index":"317386090375938050","data":"I'm interested in ideas on how to measure return on innovation...anyone has any ideas to share?"},{"index":"319475527905845248","data":"@YahooLabs'Suju Rajan will speak @umasscs Machine Learning and Friends Lunch\"The Internet Ordered For You\" 4/4/13 https://people.cs.umass.edu/~mlfriend/pmwiki/pmwiki.php …"},{"index":"319518387149619202","data":"@YahooLabs' Anirban Dasgupta's talk @Stanford RAIN Seminar noon TODAY, Y2E2 101: \"Eliciting and aggregating information from the crowd\""},{"index":"319474588264325121","data":"@YahooLabs proud to sponsor UMass CS Graduate and Undergraduate Awards, our future scientific leaders https://www.cs.umass.edu/news/latest-news/2013-outstanding-achievement-and-advocacy-awards-recipients-announced … @umasscs"},{"index":"319849243240194049","data":"Suju Rajan, Research Manager @YahooLabs presenting @umasscs on Machine Learning applied to Personalization pic.twitter.com/LISJATzFff"},{"index":"319851624027803648","data":"Congratulations! MT @eugeneAgichtein: #sigir2013 paper: \"Predicting Search Result Relevance from Touch...on Mobile Devices\" ."},{"index":"323068940878229504","data":"Here's a great NLP problem: create a rules interpreter for the @USGA"},{"index":"319556819724926976","data":"What was your first mobile phone like? Describe it w/ #1stcellphone. We'll RT some responses. http://on.wsj.com/16xaKbo "},{"index":"324378589640421378","data":"Poetry from Jason Gay: \"The gracious duel that will be the brilliant memory.\" Thumbs Up to a Great Masters Duel http://on.wsj.com/138GmlB "},{"index":"322699055555833856","data":"@yahoolabs We live in a data sandbox - and we are hiring. \"Data Science: The Numbers of Our Lives\" http://nyti.ms/16UkquO  #datascience"},{"index":"321604801093857280","data":"Still think Michigan in seven."},{"index":"325679217100595200","data":"OK, where do I sign up? RT @mounialalmas: For my @YahooLabs colleagues :-) RT @nicholasritchey Human Foosball! pic.twitter.com/ag29qqrUrS"},{"index":"325940024325582848","data":"A Sunday reflection on steering the moral ship: The Meaning of the Gosnell Trial http://on.wsj.com/10okZQC "},{"index":"326469810479329280","data":"In case you missed it: @YahooLabs Eric Bax presented \"Pricing Information and Validating Network Classifiers\" today @UCSDJacobs"},{"index":"327078846962733056","data":"@YahooLabs Sponsors the AMPLab, and Donates Servers to Help University Research http://shar.es/JR2Uu "},{"index":"327063752396644353","data":"Come to @yahoolabs for both. RT @HarvardBiz: To Work with Data, You Need a Lab and a Factory http://s.hbr.org/10cZBXb "},{"index":"327202434780917761","data":"@inaudiblewords see this? MT A cheap way to alter ammonium nitrate fertilizer renders it unusable in IEDs http://techre.vu/11CYGnc "},{"index":"327931106085187586","data":"A great event - will you be there? RT @nickdaloisio: Excited for Yahoo! Hack Day Europe which starts tomorrow!!!!"},{"index":"329068315492380672","data":"\"The Most Important Part of Your Hackathon? Your Sponsors.\" by @temiri - hackathon addict. http://tessrinearson.com/blog/?p=661 "},{"index":"331411221104455680","data":"@YahooLabs scientist Eric Bax talk \"Validating Network Classifiers and Pricing Information\" 5/7, UW CSE http://www.cs.washington.edu/research/ml/seminars/ … @csenews"},{"index":"329072249019719680","data":"\"The Most Important Part of Your Hackathon? Your Sponsors.\" by @temiri - hackathon addict. http://tessrinearson.com/blog/?p=661 "},{"index":"331430084823089152","data":"Nice pic! MT It’s been one year since the opening of @MSFTResearch #NYC. Happy first birthday! http://bit.ly/132YLRy  pic.twitter.com/07EUFJ1eIh"},{"index":"330038351098937344","data":"You meet some impressive people on this job. #usa pic.twitter.com/5k6drRCMg5"},{"index":"331757992645099522","data":"MT @Limosineproject: Keynote by Dr. Gianmarco De Francisci @YahooLabs A Platform for Mining Big Data Streams http://ow.ly/kM9x7  #www2013"},{"index":"331760757349941248","data":"Nice! @syardi, @cjhutto and @eegilbert paper at #chi2013 \"A Longitudinal Study of Follow Predictors on Twitter\" http://bit.ly/17JA5Q4 "},{"index":"331823247358296064","data":"TODAY at noon! @YahooLabs Eric Bax talk: \"Validating Network Classifiers and Pricing Information\", UW CSE http://www.cs.washington.edu/research/ml/seminars/ …"},{"index":"331530466073120768","data":"How can big data power industry/university collaborations? via @nycmedialab #BigData Now I'm wondering who donates the most data 2 science?"},{"index":"332530008918749185","data":"Welcome to 40th St.! RT @YahooInc: The talented @Milewise team joined our NY mobile hub today. Welcome to Yahoo! http://bit.ly/ZRKeZ3 "},{"index":"332276762560057344","data":"@YahooLabs scientist Ron Lavi talk 5/21, UW Theory Seminar: \" Conditional Equilibrium Outcomes via Ascending Price Processes...\" @csenews"},{"index":"333940590146367489","data":"@yahoolabs MT @danielequercia: In rio for #www2013 workshop keynote tomorrow afternoon. Presentation on Friday."},{"index":"332855635223920641","data":"Class act. MT @CBSNews Moving photos of Prince Harry's visit to @ArlingtonNatl including hand-written note to fallen pic.twitter.com/kL9jwoBI53"},{"index":"332854009612361728","data":"Watch Live at 9:40 a.m. ET: Prince Harry lays wreath at Tomb of the Unknowns at Arlington National Cemetery http://cbsn.ws/VOMjU4 "},{"index":"333974561274073088","data":"MT @YahooLabs: Frank Bentley @bentley79 joins our Sunnyvale Lab! Excited to have the MIT/Moto guru aboard! http://linkd.in/10IrRHm "},{"index":"334057304330747904","data":"Congrats! MT @danielequercia: proud to be in @YahooLabs: 5 #kdd2013 papers accepted! ;) RT @FrancescoBonchi: results:  4 papers accepted"},{"index":"334265082143985664","data":"Today at #www2013: Keynote by @YahooLabs' Gianmarco Morales: \"SAMOA: A Platform for Mining Big Data Streams\" http://www.ramss.ws/2013/program/ "},{"index":"333972954771771392","data":"We're growing - come join us! RT @YahooLabs Sunnyvale welcomes Yandong Liu to the team! http://www.linkedin.com/pub/yandong-liu/7/8a2/a87 …"},{"index":"334038378469289984","data":"@cu_wics Enjoyed lunch with Columbia's WiCS leaders. Great ideas for next academic year: speakers, sponsorships, more pic.twitter.com/e9pT2Vmhwq"},{"index":"334767244389277696","data":"Google+'s new bigger images recognizes that diluting quality hurts future use, something Flickr already does well: http://www.fastcompany.com/3006481/flickrs-secret-weapon-photo-sharing-wars-future …"},{"index":"335347471859466243","data":"Yahoo! Labs continues its tradition of excellence - 8 accepted papers at  KDD2013.  Congrats to Francesco Bonchi, co-author on 4!  #KDD2013"},{"index":"334292168216829952","data":"@YahooLabs presents TODAY at #www2013: (Big) Usage Data in Web Search, by Ricardo Baeza-Yates and Yoelle Maarek http://www2013.org/program/big-usage-data-in-web-search/ …"},{"index":"334652566510116864","data":"\"Measuring User Engagement\" - Excellent #www2013 tutorial http://www.slideshare.net/mounialalmas/measuring-userengagement … via @denisparra"},{"index":"335351168718999552","data":"MT@nicolastorzec: More data to play with: Yahoo partners w/ Twitter to bring tweets directly into the @Yahoo newsfeed http://bit.ly/12xX2DJ "},{"index":"335546588330082304","data":"Headed to Pittsburgh tomorrow to celebrate our Bill Wysocki's MS degree from CMU's INI. Great things await Bill and Libby!"},{"index":"336139093450846208","data":"At CMU commencement, congratulations to Bill Wysocki and other graduates! pic.twitter.com/eleiOeN9Em"},{"index":"336867733645979649","data":"@YahooLabs scientist Ron Lavi talk TODAY at UW Theory Seminar: \" Conditional Equilibrium Outcomes via Ascending Price Processes...\" @csenews"},{"index":"337164931717804032","data":"@jasonWSJ just saw your Monday column. Beautiful. Congrats, Dad!"},{"index":"342012438796976128","data":"Christos Faloutsos talk @YahooLabs 6/6 11am. \"Large Graph Mining – Patterns, Tools and Cascade Analysis\" http://labs.yahoo.com/event/big-thinker-christos-faloutsos-at-yahoo/ …"},{"index":"342040457917890561","data":"CMU's Jason Hong giving a Tea Talk for @YahooLabs scientists \"HCI and Smartphone Data at Scale\" @SCSatCMU pic.twitter.com/oXYNy6PMmL"},{"index":"336674460696465408","data":"On Google Glass and Gargoyles: a Call to Action http://wp.me/pMtBi-iN "},{"index":"342283160467415041","data":"Blog post on measuring how users engage with the web: http://wp.me/p3teg2-3C  via @mounialalmas @yahoolabs #science"},{"index":"342396639497039872","data":"Tomorrow @yahoolabs Christos Faloutsos' Big Thinker talk: Large Graph Mining – Patterns, Tools and Cascade Analysis pic.twitter.com/aGQY8G69j3"},{"index":"342660785752899584","data":"Today @yahoolabs Big Thinker Christos Faloutsos talk on Large Graph Mining pic.twitter.com/vEBJTM9pYa"},{"index":"344559623178690560","data":"Know anyone who loves building relationships between academia and industrial labs, connecting brilliant people and enabling new research?  …"},{"index":"345369458216411138","data":"Headed to #ICML2013 in Hotlanta next week w/ @YahooLabs scientists. Stop by our table!"},{"index":"343183884621606912","data":"Could you please give me some examples of creative works?"},{"index":"345656824319574016","data":"Check this out! RT @IntoNow: Twitter sharing is now working!   Thanks everybody! http://into.tv/i/cvMN "},{"index":"345694238832484352","data":"@ydn launches Pure - A set of small, responsive CSS modules that you can use in every web project.http://purcss.io  #hacku @PennApps"},{"index":"346321158439841793","data":"Headed to @ICML2013, found Emily Fox and David Mimno in the waiting lounge at EWR."},{"index":"346333866967052289","data":"Headed to @ICML2013, found Emily Fox and David Mimno in the waiting lounge at EWR."},{"index":"335096785485852673","data":"Tweet that News! RT @YahooInc: .@yahoo delivers #bestoftheweb http://bit.ly/12xX2DJ  by @marissamayer"},{"index":"346611180753809411","data":"We're at #ICML2013 - ya'll stop by and visit! @YahooLabs pic.twitter.com/dmN0pir9o5"},{"index":"346638283771637761","data":"Check this out: RT @IntoNow: Twitter sharing is now working!   Thanks everybody! http://into.tv/i/cvMN "},{"index":"346612360582160385","data":"@YahooLabs is at #ICML2013. @pchalisani and other scientists will be there. Stop by our table for info on our people, problems, data, jobs"},{"index":"346750949777371136","data":"@YahooLabs scientists @pchalasani, Na Dai and Zohar Karnin at #ICML2013. Great talks, brilliant people. pic.twitter.com/rPflV7dHVO"},{"index":"347115301332205570","data":"Booth tables at #icml2013. The crowd just left for dinner.  @yahoolabs looking forward to Weds talks. pic.twitter.com/w0ycUxrr1w"},{"index":"346646202143633409","data":"@YahooLabs is delighted to sponsor the innovative \"Inferning\" workshop at #icml2013 this year. Check it out! http://inferning.cs.umass.edu/ "},{"index":"347482274318671873","data":"Spark: Open Source Superstar Rewrites Future of Big Data #yahoo http://www.wired.com/wiredenterprise/2013/06/yahoo-amazon-amplab-spark/all/ …"},{"index":"347423650573606912","data":"We are hiring! Make sure you check out http://labs.yahoo.com/careers  for our open positions and if you're at #ICML2013, stop by our booth."},{"index":"347723200303599616","data":"Do you have some examples of cities?"},{"index":"347664123762466816","data":"Could you please give me some examples of CEOs?"},{"index":"347666547055157248","data":"Revisited my Yahoo profile. Cleaned, edited, made profile (in)visible, opted out of ads. All clunky processes sadly."},{"index":"348161159960068096","data":"I'd like to hook up this latte foam printer to @Flickr! MT Coffee Shop Prints Your Face With Its Foam http://www.fastcocreate.com/node/1683254 "},{"index":"348643823687184385","data":"@dggoldst just saw your #BrainGames #1 bit. Cool! Will you be on any future shows?"},{"index":"347772310993920000","data":"Photo gallery from University of Illinois Chancellor visit to @Yahoo! on 6/18: http://shar.es/xYQG4  @IllinoisCS"},{"index":"350205854206803968","data":"#sigmod13 #uprightcitizensbrigade two unlikely hashtags (together!). Mix Phil Bernstein in for extra delight. pic.twitter.com/TjuhqVBjnx"},{"index":"352035086209789952","data":"VIDEO WEB EXCLUSIVE: @Peggynoonannyc talks about President Ronald Reagan and the #IRS. http://abcn.ws/13g0K9o "},{"index":"352985248147058688","data":"Encore careers: the hits keep on coming! http://www.washington.edu/alumni/columns-magazine/june-2013/essayist/ …"},{"index":"355069788197896193","data":"@SCSatCMU's William Cohen presenting @YahooLabs on \"Learning to Construct and Reason With NELL\" pic.twitter.com/Cr22fiQBfh"},{"index":"354675538767527937","data":"Full house to hear Rob Schapire's talk, \"Explaining AdaBoost\" @YahooLabs #BigThinker pic.twitter.com/3cPxP6KZeF"},{"index":"356384452039024640","data":"Thinking about youngest daughter Carlee as she and her #Boealps team summit Mt. Rainier today. #SoProud"},{"index":"355062549215051776","data":"@SCSatCMU's William Cohen presenting @YahooLabs on \"Learning to Construct and Reason With NELL\" pic.twitter.com/Cr22fiQBfh"},{"index":"355681358502309888","data":"With One Microsoft, can Ballmer turn the software giant around? http://on.wsj.com/10OZkyH "},{"index":"355772474333470721","data":"Met our new scientists? Check out our Facebook page to see lots of new hires! Want to join us too? Let us know! https://www.facebook.com/YahooLabs "},{"index":"356392056559640578","data":"Full paper Online Multitasking-What Web Analytics think we do and what we really do accepted at #cikm2013 w/ @_nettele_ @gdupret Baeza-Yates"},{"index":"356773108855734274","data":"We’re really at the beginning of search: @YahooLabs @pmika Peter Mika - Livemint http://www.livemint.com/Companies/PSCSptBu8CZEXtUUI5d8fN/Were-really-at-the-beginning-of-search.html … \"It's about understanding...\""},{"index":"358329772222316545","data":"Energy Tip: Beat the heat while using electricity sensibly. Only operate fans and window air conditioners when someone is in the room."},{"index":"357325271294152704","data":"Yahoo! Yodel is back in the #AllStarGame  ad."},{"index":"360742946594754561","data":"David Karp: \"I don't know how you could live in Palo Alto,\" he says. \"It's just boring.\" Yep. #madeinnyc"},{"index":"361534309812809729","data":"Getting ready for #SIGIR2013 with Dublin's liquid sunshine, tenacious spirit and a pint or two. Great program ahead! pic.twitter.com/2bceYLhDXD"},{"index":"361797336369885184","data":"Ricardo Baeza-Yates and Estefania Ricart at #SIGIR2013 Dublin. Our booth is ready, come see us! @YahooLabs pic.twitter.com/hUfpKDYzBL"},{"index":"360742603630723072","data":"David Karp: http://online.wsj.com/article/SB10001424127887324507404578593602476366638.html …"},{"index":"362214842305761280","data":"@YahooLabs short paper authors Cigdem Aslay and Neil O'Hare answering questions at their busy poster. #sigir2013 pic.twitter.com/1WC28g1xI0"},{"index":"362155528715108352","data":"Meeting and making good friends at #sigir2013 - come see us at the @YahooLabs booth! pic.twitter.com/BQIokhMm5a"},{"index":"362489426242318336","data":"@edgarmeij @fabreetseo Enjoy Ricardo's talk - tweet us a photo of his Keynote talk if you can!"},{"index":"362606216796581889","data":"Ricardo Baeza-Yates keynote, \"An Engaging Click\" presented to a packed room at #sigir2013. @YahooLabs  https://mobile.twitter.com/edgarmeij/status/362604562110095360/photo/1 …"},{"index":"363310137986916353","data":"Can Hiring Scientists Help Save Yahoo? By @addythebaddy http://www.fastcompany.com/3015196/where-are-they-now/can-hiring-scientists-help-save-yahoo … via @FastCompany"},{"index":"362611823888969728","data":"Ricardo Baeza-Yates at #sigir2013it #SIGIR2013 pic.twitter.com/cNwmiQyPwv"},{"index":"363046655207018497","data":"Growing @YahooLabs:Yahoo’s Mayer to Rebuild Research Lab With 50 PhD Hires in 2013 - Bloomberg http://bloom.bg/15yxNTq "},{"index":"364029812102270976","data":"Come grow with us: @YahooLabs Puts on 50 New Thinking Caps http://shar.es/yfmJJ  \"Building new directions is what it's all about.\""},{"index":"364851224434049024","data":"Good luck! Come visit us @YahooLabs... MT @morwork: Academic affiliation change: I am moving from Rutgers to Cornell Tech NYC."},{"index":"364863583764484096","data":"@UTCompSci hosts Shivaram Kalyanakrishnan @YahooLabs 8/12: \"PAC Subset Selection in Stochastic Multi-armed Bandits\". http://www.cs.utexas.edu/~ai-lab/fai/#upcoming …"},{"index":"366911565817061376","data":"Today 11am: @YahooLabs talk by Shivaram Kalyanakrishnan. POB 2.402 http://www.cs.utexas.edu/~ai-lab/fai/#Shivaram%20Kalyanakrishnan …"},{"index":"365838132135993346","data":"Shivaram Kalyanakrishnan from @YahooLabs: \"PAC Subset Selection in Stochastic Multi-armed Bandits \" @UTCompSci, 11am Aug 12, POB 2.402"},{"index":"372410490221109249","data":"Arrived (@ Cornell Tech w/ 2 others) http://4sq.com/1fgN0Lj "},{"index":"372416667365556224","data":"Tom Mitchell recognizes @YahooLabs among others for supporting NELL research. We are proud to support this important work. #ACMWebinarNELL"},{"index":"372512125316763648","data":"Significant indeed! @yahoolabs proud to sponsor OAA Awards p8 and Marlin FREP plus seminars p6. @umasscs  https://www.cs.umass.edu/sites/default/files/uploads/sigbits_summer2013.pdf …"},{"index":"374967463944781824","data":"Lunch @yahoolabs NYC w/ scientists and collaborators. We're hiring! pic.twitter.com/mtNxRgGcdB"},{"index":"374991825658187776","data":"female hires I hope RT @fkschmidt: Lunch @yahoolabs NYC w/ scientists and collaborators. We're hiring! pic.twitter.com/cZ9Jp7heLx"},{"index":"375248747380240384","data":"This help? \"breaking exhausting sleep cycles\" http://f-st.co/11PZ7ac  MT @nickdaloisio: I am least tired when I go to sleep and most tired..."},{"index":"375316665455505408","data":"Next time: @yahoolabs will hold a prediction market MT @gabestein: @lukew says @Yahoo logo redesign has ~3 contenders http://bit.ly/17uhAMG "},{"index":"372405706600624128","data":"Tom Mitchell talking about Machine Learning - what it is and what it can be, with a tip of the hat to the NELL program. #ACMWebinarNELL"},{"index":"375365882198757376","data":"A"},{"index":"375717970598580224","data":"Hey @PennApps! @Yahoo_On_Campus is baaaack as a sponsor. @pmaloka, @pulahshah, and @nickmeyer will show our APIs. Show us your stuff!"},{"index":"375315855770259456","data":"Congrats Oren @etzioni! RT @tommmitchell: Oren Etzioni to head major new AI research effort at Allen Institute http://news.cs.washington.edu/2013/09/04/uw-cses-oren-etzioni-to-lead-new-allen-institute-for-artificial-intelligence/ …"},{"index":"375719088498044928","data":"With just one day away, we're thankful for @a16z @BainCapVC @awscloud @BloombergLP and @LinkedIn for being awesome sponsors of #PennApps!"},{"index":"376118642267537410","data":"Full house (balcony too) @PennApps for API demos. pic.twitter.com/XF5FPU51Ch"},{"index":"377771401509609473","data":"On this 9/11, remembering the fallen and the heros.  #neverforget"},{"index":"378175869165924352","data":"@YahooLabs scientist Chris Wilkens speaking at Duke's CS/Econ seminar on Friday, 9/13: \"Utility-Target Auctions\". http://econ.cs.duke.edu/seminar.php "},{"index":"376821552849096705","data":"Winning the Yahoo prize for Best Mobile Hack @PennApps is SuperDuper Mario - they also took 2nd place overall. Congratulations!"},{"index":"378533606034919424","data":"@YahooLabs scientist Chris Wilkens speaking TODAY at Duke's CS/Econ seminar: \"Utility-Target Auctions\". http://econ.cs.duke.edu/seminar.php "},{"index":"379662819031281664","data":"Inderjeet Mani speaking @CUSEAS today at 2:30pm, 750 Shapiro: \"Automatic Summarization, Old Problems and New Solutions\""},{"index":"378257926827147264","data":"@YahooLabs and Summly scientist Inderjeet Mani speaking @Columbia 9/16 on \"Automatic Summarization: Old Problems and New Challenges\""},{"index":"378557978703441920","data":"Chris Wilkens presenting at Duke's CS/Econ Seminar sponsored by @yahoolabs pic.twitter.com/t7PogjHm32"},{"index":"379677530577698816","data":"@YahooLabs scientist Inderjeet Mani @CUSEAS  describing text summarization, fm Summly to Yahoo and beyond. pic.twitter.com/l2ex3vVGXd"},{"index":"379671314812141569","data":"@CUSEAS bulletin board pic.twitter.com/HqEyrGkR96"},{"index":"382154832787681280","data":"A 2-fer! Ron Brachman welcomes Amanda Stent and Huan Wang to @yahoolabs #NYC pic.twitter.com/UqPGkz1zsh"},{"index":"381945116010614785","data":"It looks like 'big data' spam bots have scraped my follow list. Sorry everyone (and no, they are not my bots)!"},{"index":"381044322981785600","data":"Look who's leading off the \"40 under 40\".  http://money.cnn.com/gallery/magazines/fortune/2013/09/19/40-under-40.fortune/ … via @FortuneMagazine"},{"index":"377485972801204224","data":"Robin Murphy presenting the @yahoolabs Big Thinker Series talk today! http://labs.yahoo.com  pic.twitter.com/RiuI700rXj"},{"index":"382155515888812032","data":"@yahoolabs Our NY Lab is growing! We welcome new hires Amanda Stent and Huan Wang. pic.twitter.com/BKLhP1Da81"},{"index":"384027437258272768","data":"No hacking allowed before noon on a Saturday unless you started Friday night. Should make my way to #YahooHackUSA soon"},{"index":"382885349447311360","data":"A wonderful opportunity for @YahooLabs to help. RT @antonioregalado: Octogenarians: Fastest growing demographic group in the U.S."},{"index":"382193180940070912","data":"Full table at lunch! @YahooLabs #NYC Come grow with us. pic.twitter.com/u80SqjBQwF"},{"index":"384044829593714688","data":"Fall comes to Ken Lockwood Gorge. Walking in crunchy leaves makes me smile. pic.twitter.com/HF7JIl8DFZ"},{"index":"384834385234501632","data":"Shameless plug: $25 Stream Ads campaign credit to the first 1,000 advertisers who sign up with Yahoo http://marketinginfo.yahoo.net "},{"index":"385767134422650880","data":"Today! @ 11:40 @YahooLabs Scientist Edo Liberty: Simple and Deterministic Matrix Sketches  @RU_USACS http://www.stat.rutgers.edu/home/pingli/Bigdata.html …"},{"index":"385798750461263872","data":"@YahooLabs scientist Edo Liberty presenting to @RU_USACS  #BigData seminar series. Full house! pic.twitter.com/GIakMbqKFp"},{"index":"385585509005000704","data":"Say hello to @cholz (Christian Holz), a new Research Scientist in our Mobile Innovations group: https://www.facebook.com/YahooLabs/posts/10151897801018570 …"},{"index":"392024008377769984","data":"Hoping to meet @ABrightMonster after @BigFishBroadway today. Great show! Thx @abrightman for the tip."},{"index":"392363718173921280","data":"Where am I?: \"Rental car center. Please exit\" (No fair looking at location data.)"},{"index":"391262924062220289","data":"First CS career fair at @umasscs - great event, wonderful talent. Thanks! @YahooUniversity @yahoojobs pic.twitter.com/OjG3SXMcCX"},{"index":"391951382372429824","data":"Oh, I'm in Barcelona. Also, I'm grouchy."},{"index":"393496121735016448","data":"@Pogue  Hi, I work w/ @YahooLabs in NYC and have an event to discuss. Please DM best way to discuss w/ you?"},{"index":"395530782577803264","data":"Douglas Crockford(JavaScript: The Good Parts, #JSON) will be giving a keynote at hackDuke! Thanks @eBay!"},{"index":"395943813513895937","data":"@YahooLabs Lianjie Hong leads the Online User Engagement workshop at #cikm2013 tomorrow! http://www.ueo-workshop.com/ "},{"index":"395952388793589760","data":"That's 3 for 2013! MT @YahooLabs: Congratulations! RT @ibordino: \"Penguins in Sweaters\" Best Paper at CIKM 2013 @mounialalmas @yelenamm"},{"index":"401060421047566336","data":"Looking forward to this talk! RT @ayman: Welcome Fei-Fei! http://flic.kr/p/hxu6Bs "},{"index":"396291388431552512","data":"Today: @YahooLabs proud to co-organize User Engagement Workshop at #cikm2013. http://www.ueo-workshop.com/ "},{"index":"401421969763344384","data":"Welcome @cu_wics to @YahooInc in #NYC - loved showing you our awesome mobile dev team and @YahooLabs scientists! pic.twitter.com/vZb0RboyxW"},{"index":"401470482769137665","data":"Hey @HackDuke hackers - we want to hear about your cool mobile hacks. I want to see a Cameron Camera that gfives me the full experience!"},{"index":"403208620315140096","data":"@mounialalmas speaking @CityUniLondon on Friday at 1:00pm on User Engagement http://www.city.ac.uk/informatics/school-organisation/centre-for-human-computer-interaction-design …"},{"index":"403551164370653184","data":"Visiting @Princeton today for \"Celebrate Princeton Invention\". @YahooLabs is proud to sponsor!"},{"index":"403825212178698240","data":"@mounialalmas from @YahooLabs  speaking on User Engagement @CityUniLondon today at 1:00pm in A109, College Building"},{"index":"405659826585210880","data":"This Friday, @mounialalmas from @YahooLabs speaks at UCL on User Engagement http://www.cs.ucl.ac.uk/event_details/?eventnum=944 …"},{"index":"405737682015641600","data":"@fkschmidt going to #NIPS2013 this year?"},{"index":"392426739667722240","data":"Yes, it’s true: After 13 years, I’m leaving the NY Times to start a new tech site (and much more) at Yahoo. http://pogueman.tumblr.com "},{"index":"403937369818021888","data":"Wonderful! RT @ddholliday: Room packed for @mounialalmas @cityuni_hcid seminar on user engagement. I should've sold tickets for this."},{"index":"403207131085537280","data":"MT @ESchmidtDesigns: Only 1 in 10 engineers are women. We should probably fix that. @GoldieBlox http://www.upworthy.com/if-3-little-girls-did-this-to-my-house-id-do-everything-i-could-to-get-them-full-rides-to-stanford?g=2&c=fea …"},{"index":"406370772999876608","data":"Today! @mounialalmas speaks at UCL on User Engagement. Room 6.12, Malet Place Eng, 1:00pm. http://www.cs.ucl.ac.uk/event_details/?eventnum=944 …"},{"index":"405747191375216640","data":"Following #KDD2013, GigaOm's @derrickharris writes about Yahoo's past and future. http://lnkd.in/bQxHVpj "},{"index":"407634109075169280","data":"@munmun10 Have enjoyed following you from internship to industry to academia - congratulation on the @gtcomputing position!"},{"index":"408096461533220864","data":"Donating to the @VFoundation on #GivingTuesday in gratitude for good health."},{"index":"409329450720190464","data":"#PearlHarbor - the #NeverForget that I grew up with. Sad to see it fading."},{"index":"413284389062078464","data":"So I just discovered this today: In iOS7, swiping left in a Messages conversation = timestamp for all messages."},{"index":"408264634966081536","data":"Welcome to the NY Lab! RT @JR_Scally: Great first day at @YahooLabs - ready to build some awesome things!"},{"index":"412023466511314944","data":"Ugh. Thought I’d show my kids “Tootsie,” a great old comedy. But you can’t rent it anywhere online. Don’t these people want our money!?"},{"index":"417675648899891200","data":"Tess would know! MT @mheadd: \"Running an Inclusive Hackathon\" by @_tessr. Great read for those organizing an event. https://medium.com/hackers-and-hacking/630f3f2e5e71 …"},{"index":"416050006039461888","data":"TONIGHT'S MEDITATION: Why can’t you hear a pterodactyl in the bathroom? Because the P is silent."}]