[{"index":"111823675606581248","data":"Berri are now on twitter!!"},{"index":"116829298094120960","data":"Great networking @thekeyshudds by @htcpl. 7.30 start & bacon butties provided, bonus for those like me who could barely get dressed in time!"},{"index":"113915704033546240","data":"Looking forward to networking @thekeyshudds this afternoon, will be great to see everyone and meet new people"},{"index":"114628259571970048","data":"Berri girls are really looking forward to our pamper session @AlexHouseSpa tomorrow, strictly a works outing ;)"},{"index":"125887621422522368","data":"xmas must be getting near, currently planning how to treat our clients this year... lucky lot! :)"},{"index":"118984077138337792","data":"We're just 3 away from 100 fans on Facebook :-( so if you're not too busy, would you mind liking us please?  http://on.fb.me/qLV0Ir "},{"index":"119361378845859841","data":"Look forward to a creative Berri pow-wow with Jennny Wass & Krista McKenna (lunch in the sunshine - surrounded by autumn leaves - odd!)"},{"index":"117204092593508352","data":"#ff @BerriDesign welcome to Twitter - please follow this fabulous business who are a pleasure to work with! Happy Friday girls"},{"index":"146956279309533184","data":"Have a Berri Christmas, your chance to win free design time!\nNow assuming you’ve all been good little boys and... http://fb.me/vTGW7O8V "},{"index":"146960270818942976","data":"Have a Berri Christmas, your chance to win free design time! - http://eepurl.com/hNwxA "},{"index":"147266644165672960","data":"Mmm mulled wine and minced pies this afternoon (and networking of course), best go easy on the mulled wine! @KeyWordsCopy @cafeollo"},{"index":"147719910494187520","data":"@BerriDesign of course it is, as does my Dominoes 2 for 1!"},{"index":"147679316648542208","data":"Don't forget to enter our fabulous competition to win 5 hours free design time, enter before 22nd Dec http://www.berri.co.uk/xmas-prize-draw  Don't miss out!!"},{"index":"147718554593136640","data":"Who's got a works Christmas party tonight then?"},{"index":"149426628802514944","data":"@MosaicVO Merry Xmas to all at Mosaic from the Berri girls"},{"index":"149426406634434560","data":"I officially hate Joomla #joomal #joomlahate #ihatejoomla #joomlaispants #grrrrrr"},{"index":"149505256475213825","data":"Networking@Café Ollo in Media Centre, then back to Berri HQ for a de-brief on 2011 & a plan to take over the world in 2012! HAHA! #evillaugh"},{"index":"149804902376415232","data":"\"Good design is obvious, great design is transparent\" Joe Sparano"},{"index":"149498948770463744","data":"Don’t miss out on the opportunity to win 5 hours free design time http://bit.ly/uBZU8c   #whodoesntlikeafreebie"},{"index":"149868168502976512","data":"Interesting article on BBC about our ever growing expectations from our favourite websites http://www.bbc.co.uk/news/technology-16300000 …"},{"index":"149859359617327104","data":"Krista's just built and sent an emailer for one of our clients to 23'000 of their subscribers!! #thatssomefanclub"},{"index":"150177405615603712","data":"Congratulations to Janet Wood from @Inmindhealth on winning our free design time competition #whosaluckygirlthen"},{"index":"154136327233875968","data":"Back to the grindstone,wishing all our past,present & future clients every success in the new year,we look forward to working with u in 2012"},{"index":"154568639008342016","data":"@AlexHouseSpa raising £800 for @KirkwoodHospice they just don't sit still at the Spa! well done team!"},{"index":"154571725173030913","data":"Mooching through @huddersfieldeye,great2see so many Berri contacts get a mention @AlexHouseSpa @MosaicVO @KeyWordsCopy &more!pick up a copy!"},{"index":"154580413459869696","data":"starting my research on social networking pro's and con's and came across this article, well worth the read when you h…http://lnkd.in/J6cdHm "},{"index":"155342639657525251","data":"Killin time on M1 & naming fonts used on company logos on the side of lorries&vans!punisment4making me listen to TalkSport #Ilovetypography"},{"index":"155276982475702272","data":"http://lnkd.in/V3Dst9  This year I'm attempting to utilise social networking more to raise Berri's profile, and to get back on the..."},{"index":"154578644965146624","data":"@BerriDesign social networking-or not. how have you found it? < Simply part of everyday life not myth, magic or mystery just logical :)"},{"index":"154574295782260736","data":"putting together an article on the joys of social networking-or not. how have you found it? a vital part of your promo or a daunting task?"},{"index":"155345013008629760","data":"Had great afternoon brainstorming with Krista on ideas to boost an already successful business for a client.A rolling stone gathers no moss!"},{"index":"156331697229668353","data":"Look forward to Ladies4Networking at Temujin, Huddersfield.1st meeting of 2012,had deligates list through&looking...: http://lnkd.in/ZUG_-u "},{"index":"156386076267790336","data":"want to know what everyones talking about?? get ahead of the game with social trends? this may prove a useful tool http://topsy.com/ "},{"index":"156329089840594945","data":"http://lnkd.in/rNzJxY  Hi Jo, I'd like to put Berri forward! we can offer a broad range of graphic design and web solutions for small to..."},{"index":"156797135491301376","data":"Had fantastic time meeting with you all at Temujin, my tongues still numb from wolfing down my stir fry, apologies...: http://lnkd.in/xdCgA4 "},{"index":"157100570174423040","data":"Great quote... “I like to say that Twitter is like a bar, Facebook is your living room&LinkedIn is the local chamber of commerce\" BSStoltz"},{"index":"157095168049295361","data":"Follow Berri on Facebook, we've shown examples of our work and up and coming projects, we look forward to seeing you t…http://lnkd.in/zXuYYy "},{"index":"157068779317235712","data":"Berri get together with Krista brainstorming ideas for a brochure design we've been commisioned, looking forward to getting knuckled down!"},{"index":"157111275963428865","data":"My laptop is being too slow today! Needs to keep up with my speedy pace!!"},{"index":"158928564929052672","data":"Can anyone tell me if there's a magazine called Internet Magazine? Doing some fact checking and can't find it anywhere"},{"index":"157778100913049600","data":"Myself&Krista are lookin forward to coffee&cake this morning when we meet up with @SGathers from @MosaicVO to chat about her website #t&cake"},{"index":"158930196240670720","data":"I just can not get warm today! brrrrrrrrrr"},{"index":"161439226880200704","data":"http://soloround.blogspot.com/  well done Abby! what an inspiration to any age group! I think my priorities left something to be desired when I was 16!"},{"index":"158931438543183872","data":"should I consider these in the name of keeping warm at my desk? ... http://www.thefashionpolice.net/images/Beard-hat-moustace-gloves.jpg …"},{"index":"161440884234256385","data":"Kung Hei Fat Choy! 恭喜发财 to all those celebrating the Chinese New Year! Enjoy :-) #KungHeiFatChoy"},{"index":"157404851121295360","data":"http://lnkd.in/yn5ZeY  Hi Jo, please feel free to pass on our details to your photographer friend. We would love to help in anyway that we..."},{"index":"162850259096182784","data":"@BerriDesign Hello girls, nice to see you on Twitter!"},{"index":"161442374277529601","data":"We have a wide range of services available to support your business and make 2012 your best yet. http://callteam.co.uk/services/ "},{"index":"162852020678688768","data":"Share what you're viewing on your screen with people working on another comps!handy for making amendments etc https://join.me/  its FREE"},{"index":"162894970821410817","data":"Currently writing Berri’s emailer ready for Valentine’s day, no holding back on the cheesy romance quips in this one! #cheesetastic"},{"index":"162882336097185792","data":"#FF @berridesign @safe_dreams @ascentnlp @newdawnresource @totsntoys"},{"index":"162892757210365952","data":"I'd like to say thanks to Sarah @MosaicVO for yesterdays networking lunch & chance to meet the rest of the team & other devotees to MosaicVO"},{"index":"162909083186364416","data":"lovely set of businesscards designed by moi, printed by @solopress and delivered to @ACPerspectives, now for the Friday wind down!"},{"index":"162910176561725441","data":"Finishing touches being completed by Krista to the soon to be launched website for @life4todayltd very excited! Watch this space!"},{"index":"162911966053146624","data":"@BerriDesign @ACPerspectives A Friday wind down, what's that? lol Have a great weekend - enjoy your new business cards!"},{"index":"165404400095997952","data":"Great to see @AlexHouseSpa in the @huddersfieldeye again this month, Maxine will be buying shares at this rate! :-)"},{"index":"166888964794490880","data":"3rd happiest place in the country is Huddersfield? I'll take that! http://lnkd.in/c9arr9 "},{"index":"167651739133153282","data":"Creepy I think someones been reading my mind - apart from the bit about mac's v pc's! http://www.linkedin.com/news?actionBar=&articleID=5567498259158540288&ids=cPsVdPgNc38VdzcMdPsSe3oRdiMPd38Md3sMcj8Sc3oUczwVdzkRb3wUcz0QdjwRcjARczwVd3sSdjkIcj0UdzsMc38TdzcTe30Nc3sRdiMSczkNdPwRdPcOcjoScPoOdPkR&aag=true&freq=weekly&trk=eml-tod2-b-ttl-2&ut=3tsjV88QjhXB41 …"},{"index":"167649895568781313","data":"read about the next big thing in Social Media ... http://lnkd.in/vBxxAn "},{"index":"169388878157979648","data":"@life4todayltd proud to be part of your website design&build,hope you're as chuffed with results as we are http://www.life-4-today.co.uk "},{"index":"170112118551617536","data":"\"Life is like riding a bicycle. To keep your balance, you must keep moving.\" - Albert Einstein. great inspiration @ahmetorta"},{"index":"163964087645122560","data":"http://lnkd.in/KcrJhE  Hi Diane have you tried the networking group Ladies-4-Networking? I find them a friendly, inviting group! Next..."},{"index":"171956451886116865","data":"Hi all I was wondering if anyone had a contact for someone who can design and create smart phone apps? Cheers :-)"},{"index":"169384560965058560","data":"Berri's latest blog post with hints & tips on how to get ahead with social networking http://lnkd.in/Z3zpSx "},{"index":"185822940166750208","data":"had a fantastic massage @AlexHouseSpa today, a well needed start to my weekend - well not before I finish off a few bits of work! #busyweek"},{"index":"189661140677177345","data":"Sat in Cedar Court Hotel, laptops set up & I'm ready for a strong coffee & this mornings meeting!"},{"index":"187879787543539714","data":"Thought I'd ordered 20 till rolls but actually I'd ordered 20 boxes of 20- should keep me going for some time!!! #dizzymax"},{"index":"192980279223271424","data":"Looking forward to the 1st Coffee & Cake Business Network at 4.30pm, Cafe Society. Just had a last-minute cancellation - DM me if interested"},{"index":"172973196365152256","data":"Huge big up to one of our clients @scrapstoresUK  who are featuring on the Bing HOMEPAGE today, well done!!"},{"index":"193000661439365120","data":"Turned up to networking ... Without my business cards!! What a dingbat!"},{"index":"192980878715138048","data":"look forward to the networking at 4.30 Cafe Society organised by @KeyWordsCopy if you miss this one makesure you get signed up for the next!"},{"index":"197271449491341312","data":"Deep within the kitchen, a new soup stirs...Red lentil and coconut with Sri Lankan spices. And, @BluebellAlmond, do I smell rosewater...? ;)"},{"index":"197688818067976192","data":"Not just any old networking event! Check out \"Key Words Coffee & Cake May 2012\" …http://coffeeandcakemay2012-estw.eventbrite.co.uk  via @eventbrite"},{"index":"213555107713925120","data":"As someone who has spent hours dealing with IE7 bugs when building websites I couldn't help but chuckle at this article http://tinyurl.com/6wf7jfg "},{"index":"215733432951652352","data":"CALLING ALL PRINTERS!! I'm needing a printing quote please ... 12pp including cover A4 landscape brochure printed full colour throughout on…"},{"index":"248732183378927616","data":"heading to @AlexHouseSpa to help celebrate their 5th Birthday then to Cafe Society for networking with Michelle @KeyWordsCopy. Busy, busy!"},{"index":"229144785032724482","data":"Opening ceremony showed our history, quirkyness, creativity, humour and the chaotic brilliance that is GB #olympicceremony #London2012"},{"index":"262304492681302018","data":"@CinnamonGirlUK"},{"index":"259265925252014080","data":"I've just sent off my application to be a business mentor after yesterdays engaging talk from @jakethepegg #yourbusinessneedsme!"},{"index":"278155774298030080","data":"@solopress are giving away an iPad mini + £250 of luxury Christmas gifts. To enter the comp visit http://blog.solopress.com/competitions/win-apple-ipad-mini-and-christmas-goodies-solopress-competition-december-2012/ … #solocomp"},{"index":"350268000617775106","data":"Been busy FINALLY updating our Twitter page with a new design, take a look and see what you think"},{"index":"349193864415948800","data":"@BerriDesign have designed&launched a website for local company SW Interiors,visit http://www.swinteriordesigns.co.uk  - quality kitchens at trade prices"},{"index":"349184007038185473","data":"Great to be working with Becky @Berridesign on updating my website to include #understandyoureating courses #change http://ow.ly/mkoR1 "},{"index":"198399623046496256","data":"another great edition of @huddersfieldeye great article from Michelle @KeyWordsCopy, & lots of vouchers! booked in for pamper ones already!"}]