[{"index":"10021095838","data":"Hoping http://post.ly/QuIg"},{"index":"10128708771","data":"Four Abstracts, Indian Lake http://post.ly/RJ4Q"},{"index":"100295606651727872","data":"Check this video out -- Debloiis Member Show.mov http://www.youtube.com/watch?v=_0Ud1gctWE0&feature=share … via @youtube"},{"index":"10115394850","data":"Ian has learned \"mine!\""},{"index":"10167773031","data":"Like Weeds http://post.ly/RRqg"},{"index":"102125495839232000","data":"Getting Stoned in Vermont http://post.ly/2rhdA "},{"index":"100541151106449408","data":"Where has America gone? http://post.ly/2o6HY"},{"index":"10266433588","data":"@lenkalandThanks so much. Good luck with your podcast. Great Web site... wonderful family!"},{"index":"102423272393678848","data":"Gimpy legged Cormorant http://post.ly/2sKwO "},{"index":"10268046516","data":"Contrails http://post.ly/RsgJ"},{"index":"103018255119159296","data":"Socializing the kitty kats http://post.ly/2tXFh "},{"index":"103016145233248256","data":"Just made a video on Animoto called \"Volunteering at The Potter League\" http://animoto.com:80/s/Q2NdY5MG0Lj1Q4LvCod0eganimoto.com/s/Q2NdY5MG0Lj1 …"},{"index":"10306479689048064","data":"I liked a YouTube video -- Split Toning in Lightroom http://youtu.be/7WLD8KLS-CE?a"},{"index":"103021446929973249","data":"Leapfest http://post.ly/2tXY3 "},{"index":"10306554980995072","data":"Great little video... Thanks so much!!! (YouTube http://youtu.be/7WLD8KLS-CE?a)"},{"index":"10319009681510402","data":"I liked a YouTube video -- Lightroom tutorial Selective colouring http://youtu.be/fUID64bquHw?a"},{"index":"10319012504272897","data":"Good show!!! (YouTube http://youtu.be/fUID64bquHw?a)"},{"index":"103792708551835648","data":"Cormorant #3 http://post.ly/2uwDY "},{"index":"103245319772438528","data":"Just made a video on Animoto called \"Deblois Members Show\" http://animoto.com:80/s/Nur4VxPFCaqI38Ek4Amsgganimoto.com/s/Nur4VxPFCaqI …"},{"index":"10368258369","data":"Windows and doors in Ireland http://post.ly/SIqt"},{"index":"10419577638","data":"Texture overlays http://post.ly/SVoe"},{"index":"104164933700304896","data":"Photo “Cormorant” by janarmor  http://500px.com/photo/1631280  via @500px"},{"index":"10467530888","data":"A Time For http://post.ly/Shj1"},{"index":"10468303069","data":"Just uploaded a new photo on Create Rhode Island http://ning.it/cUmEFV"},{"index":"104883934709547008","data":"Photo “Shadow Shot, Martha's Vineyard” by Jan Armor (@jandarmor) http://500px.com/photo/1650676  via @500px"},{"index":"104883019755696128","data":"Photo “The Eleventh” by Jan Armor (@jandarmor) http://500px.com/photo/1650763  via @500px"},{"index":"10524449027","data":"Lady in waiting http://post.ly/SxqB"},{"index":"105356541447774208","data":"Fool's Rules http://post.ly/2x1HL "},{"index":"10512698922","data":"@johnathan360 great Web site, greater blog! Thanks!!!!"},{"index":"10564015767","data":"A Place For... http://post.ly/T9C2"},{"index":"105267649289785345","data":"@InspireMyPhotos Nice work!!!"},{"index":"10564394048","data":"Just uploaded 2 new photos on Create Rhode Island http://ning.it/dxAxZN"},{"index":"106760488054034432","data":"Untitled http://post.ly/2zM1X "},{"index":"10717763256","data":"Gifts from Canada http://post.ly/Tsa1"},{"index":"10635535422","data":"Ruffled feathers http://post.ly/TUJN"},{"index":"107491552846286849","data":"IRENE-Report from Rhode island http://post.ly/30Q1F "},{"index":"10770615614","data":"Along The Seawall http://post.ly/U8Hi"},{"index":"10865247999","data":"Waiting for the dawn http://post.ly/UYjT"},{"index":"10867892548","data":"An hour later http://post.ly/UZfO"},{"index":"10817136265","data":"It's Spring On Indian Lake, and love is in the air http://post.ly/UL8w"},{"index":"10922741570","data":"rain, mud, gloom on the lake http://post.ly/UqFV"},{"index":"10973838528","data":"Swan Lake http://post.ly/V6EE"},{"index":"110066787672006656","data":"The calm before Irene http://post.ly/34Zn1 "},{"index":"11031611038","data":"along The Seawall http://post.ly/VNbs"},{"index":"11082979890","data":"Abstractions http://post.ly/Vbhj"},{"index":"110976462881951745","data":"@Aleksandra_RI Love that picture!!!"},{"index":"110976541311250433","data":"@Aleksandra_RI You look strangely familiar..."},{"index":"110977280024645632","data":"@Aleksandra_RI B---follow me on G+. And how about that video???"},{"index":"11194730595","data":"Sunday Going To Meeting http://post.ly/W5oB"},{"index":"110977418981937152","data":"@Aleksandra_RI Cute photo up there left corner..."},{"index":"11246530239","data":"A little masterpiece http://post.ly/WJzH"},{"index":"11142353072","data":"Reaching... http://post.ly/Vr1m"},{"index":"112500609277636608","data":"@Aleksandra_RI From Mendocino... Hi, B. Will put it up and make you a star for 1 wk. onlt. As Alex."},{"index":"11303136635","data":"faded photographs http://post.ly/WYsp"},{"index":"11361966540","data":"The headline read \"SWAMPED\" http://post.ly/WkPW"},{"index":"11314985773","data":"Deluge http://post.ly/Wbtb"},{"index":"11418690768","data":"Working title is \"Intersection\" http://post.ly/WzhE"},{"index":"11461342728822784","data":"AFour Season Tree and a Jamestown Christmas http://post.ly/1IGLE"},{"index":"11474967265","data":"Last night http://post.ly/XEjH"},{"index":"11529122326","data":"reflections http://post.ly/XTXf"},{"index":"115897059403501568","data":"The California Trip video http://post.ly/3HcY5 "},{"index":"115899032936792065","data":"Sonoma, California http://post.ly/3Hcka "},{"index":"115900267794403328","data":"The Mother of all sun sets... Mendocino Headlands http://post.ly/3HctA "},{"index":"115899573528035328","data":"Ferndale, California http://post.ly/3Hcoi "},{"index":"115901198426570752","data":"Some headshots for Barbara http://post.ly/3Hcxr  via @jandarmor"},{"index":"115900788882153473","data":"Untitled http://post.ly/3Hcxr "},{"index":"115902041372631040","data":"@Aleksandra_RI Your video is up. Show it to all your friends!  \nHad great vacation. Check out our vacation tweet."},{"index":"11597034916","data":"Rites of Spring http://post.ly/XlQF"},{"index":"11692803723","data":"Glorious http://post.ly/YC70"},{"index":"11634727261","data":"Easter sunset http://post.ly/XvqL"},{"index":"11693084755","data":"Last night http://post.ly/YCCH"},{"index":"11761873783","data":"Floating http://post.ly/YVVV"},{"index":"117285790433820672","data":"Haight Ashbury portrait http://post.ly/3KoVL "},{"index":"118113660492185601","data":"Yet another budding soccer star http://post.ly/3Mi0p "},{"index":"11807456682315776","data":"Rock and Wood-Nova Sotia http://post.ly/1IX5P"},{"index":"11821495714062336","data":"Check out this gallery: Buenos Aires on @photoshelter http://bit.ly/fNTz71"},{"index":"118700146455347201","data":"tiny jewels http://post.ly/3O8Zg "},{"index":"11821623833264129","data":"Check out this gallery: Nova Scotia on @photoshelter http://bit.ly/h20JdZ"},{"index":"11874980111","data":"Volunteering http://post.ly/Z0Gu"},{"index":"119189887453888512","data":"Fleeting Heron http://post.ly/3PIh9 "},{"index":"11988895265","data":"Ah, Spring! http://post.ly/ZVMK"},{"index":"12039122887","data":"Please adopt me http://post.ly/ZkI0"},{"index":"12152337619492864","data":"A little bit of Scotland.... http://post.ly/1Iovh"},{"index":"119829978727723009","data":"@ianplantphoto  Nice work, Dude. Like you statement too.... made me smile!"},{"index":"121214483304685569","data":"First light on the lake http://post.ly/3Tgo1 "},{"index":"12193034337","data":"First light http://post.ly/aV7d"},{"index":"12215636643","data":"Mirror, mirror http://post.ly/aazV"},{"index":"122646536818667520","data":"@fra_aresta Great style... love your work"},{"index":"12275394867","data":"self portrait, reworked http://post.ly/aqZM"},{"index":"12276510776","data":"self portrait, reworked http://post.ly/aqvf"},{"index":"12570636543","data":"Necking http://post.ly/c41w"},{"index":"12397393682","data":"The Artist is Present http://post.ly/bKzK"},{"index":"12726899863","data":"Gentle rain http://post.ly/chs0"},{"index":"12758173317","data":"Look and Feel http://post.ly/cpYe"},{"index":"12817748676","data":"Lemonade Inc. http://post.ly/d3BU"},{"index":"128583444488921088","data":"Being twelve http://post.ly/3hBjV "},{"index":"12942659798","data":"\"Fill it up\" http://post.ly/dXpa"},{"index":"12975824273674240","data":"Scottish Highland Games http://bit.ly/exn99P"},{"index":"12999559949","data":"So many moods http://post.ly/dkrN"},{"index":"130590385289437184","data":"The Flying Granddaughters http://post.ly/3kYsx "},{"index":"13127446366","data":"Blue moon http://post.ly/eDDj"},{"index":"13063589410","data":"A band of fire http://post.ly/dwfc"},{"index":"13181440913","data":"tiptoeing through the tulips http://post.ly/eM0X"},{"index":"132525695707516929","data":"Providence Preservation Society Endangered Properties http://post.ly/3nm6E "},{"index":"132539790942941184","data":"My Daughter, The Yoga Instructor http://post.ly/3nnYG "},{"index":"13343796196544512","data":"Lake District and more http://post.ly/1Jo2E"},{"index":"13300955982","data":"New Glory http://post.ly/edWk"},{"index":"13364796153921536","data":"Check out my United kingdom - The Lake District gallery http://bit.ly/gDTYF4"},{"index":"133526630999134208","data":"Bittersweet Remembrance http://post.ly/3pF5g "},{"index":"13364836485","data":"Floating in a sea of clouds http://post.ly/emgA"},{"index":"13362053758590976","data":"The Druids were here....  http://bit.ly/fFlAZx"},{"index":"134275140258250752","data":"The light on Indian Lake http://post.ly/3r1jF "},{"index":"129028933231456256","data":"Chiaroscuro...Salve Regina http://post.ly/3hsul "},{"index":"134256265974136832","data":"sunset on the lake http://post.ly/3qzr7 "},{"index":"134626546349645825","data":"Floating http://post.ly/3rdIL "},{"index":"135324431424815104","data":"Jan's Favorite Trees at Rosecliffe http://post.ly/3skfI "},{"index":"134966712360636416","data":"Always look back http://post.ly/3sDZM "},{"index":"13600445394067456","data":"Another redhead! http://bit.ly/ekU9I6"},{"index":"135784173792264192","data":"11.11.11 in Wakefield http://post.ly/3tLXH "},{"index":"13616177787969536","data":"Seen in Great Britain and Scotland http://post.ly/1K048"},{"index":"13621206594879488","data":"On the road, again... http://post.ly/1K0Iy"},{"index":"13661809866","data":"Like this flag in the wind, http://post.ly/fLIw"},{"index":"13720946143","data":"The West Wind http://post.ly/fS6q"},{"index":"137302257459933184","data":"Never forget... http://post.ly/3w4uG "},{"index":"136440372619526144","data":"First Bald Eagle spotted in our backyard http://post.ly/3uK6w "},{"index":"137381034311434240","data":"Fly By http://post.ly/3wCX1 "},{"index":"137597430605688832","data":"Un-lucky ducks http://post.ly/3wZAT "},{"index":"137372689441636353","data":"Breakfast on the lake http://post.ly/3wBjx "},{"index":"1380603962327040","data":"Transformers http://post.ly/1AW5r"},{"index":"137893451604828160","data":"Lucky Ducks today... http://post.ly/3x0MK "},{"index":"138451619531603969","data":"A change of seasons http://post.ly/3xmks "},{"index":"138461770451910657","data":"Seasons with feeling http://post.ly/3xnl5 "},{"index":"13908957076","data":"6 AM http://post.ly/fp1A"},{"index":"13931767190790145","data":"Blenheim, Winston Churchill's birth place, in infrared http://post.ly/1KDoO"},{"index":"13973383859408896","data":"Spectacular sculpture- Blenheim Garden, home of Winston Churchill http://bit.ly/eBRHP5"},{"index":"13974480459","data":"Another kind of digital photography http://post.ly/fyvI"},{"index":"13980237201","data":"Light in the tunnel-- Check out this cool photo http://bit.ly/aITMG5"},{"index":"14005768265138176","data":"We're geting itchy feet... http://janthephotoman.posterous.com/lake-district-and-more … via @jandarmor"},{"index":"140060520052047873","data":"Happy Thanksgiving http://post.ly/41Ifg "},{"index":"14000438764371968","data":"Nice Black and White!  http://www.recave.com/2010/06/50-stunning-black-and-white-photos/"},{"index":"140293290036699136","data":"Narragansett Beach, November 25nd, 2011 http://post.ly/428Sc "},{"index":"140314623818739712","data":"Sandpipers on the shore http://post.ly/42DYA "},{"index":"14032433470","data":"And a family make three... http://post.ly/g626"},{"index":"140316147441602560","data":"Sandpipers on the shore... http://post.ly/42Drp "},{"index":"141129166304198657","data":"Pink dawn 6:59 am http://post.ly/445g6 "},{"index":"140759240833892352","data":"Takeoff http://post.ly/43Qoq "},{"index":"141478550342606849","data":"Another sunset http://post.ly/44eaa "},{"index":"14245926460","data":"Best of times http://post.ly/gVEO"},{"index":"142938733656801281","data":"When the sky meets the water http://post.ly/48pVn "},{"index":"14359080144","data":"contrails http://post.ly/gid8"},{"index":"14465387819175936","data":"I told this guy to not feed the pigeons!  http://bit.ly/fdEhb7"},{"index":"14467576293756928","data":"The Island of Skye is no misnomer... http://post.ly/1Kdow"},{"index":"14427982928027648","data":"@RKeechPhotoThanks for the follow! Good luck on your fashion shoot."},{"index":"143334116568481794","data":"ripples in the pond http://post.ly/49pAg "},{"index":"14507732363116544","data":"The Scottish Highlands  http://bit.ly/dJlWXy"},{"index":"145106341063692289","data":"Glorious moon set http://post.ly/4Crr9 "},{"index":"145873351582302208","data":"Death from above http://post.ly/4FeTv "},{"index":"14614989884","data":"I can see clearly now http://post.ly/hAaZ"},{"index":"146203305452908544","data":"The fall of the light http://post.ly/4IKkX "},{"index":"146924882398154752","data":"Mendocino Sunset http://post.ly/4JY5l "},{"index":"147284231435993088","data":"Beginning a new documentary http://post.ly/4LBcc "},{"index":"14760059733","data":"Memories of Long Beach Island http://post.ly/hQiK"},{"index":"148005928912961536","data":"Another \"Dirty Picture\" http://post.ly/4MYMW "},{"index":"147736305055440896","data":"On their way south… black snowbirds. http://post.ly/4M3wq "},{"index":"14829737994","data":"Gathering storm http://post.ly/hY0A"},{"index":"148080567873835009","data":"Check this video out -- 90 Second California.mov http://www.youtube.com/watch?v=MTiBS4L8H_s&feature=share … via @youtube"},{"index":"148787906398531586","data":"Once In A Blue Moon http://post.ly/4NsaE "},{"index":"14902982889963520","data":"The trees along Hadrian's Wall http://post.ly/1Kzmh"},{"index":"149276939172052992","data":"Thailand, soundtrack by Amadeus Armor http://post.ly/4Ocbb "},{"index":"15015858816417792","data":"Along Hadrian's Wall, UK - http://bit.ly/gwJvg3"},{"index":"15016704736239616","data":"Ah, the trees of Skye http://bit.ly/fbTjcM"},{"index":"15040482057","data":"toward a distant shore http://post.ly/huHP"},{"index":"15040249225","data":"@Carsten_Peter\n\nFabulous work, Peter. You are a master of light.\n\nJan Armor"},{"index":"150920712192933888","data":"Looking for Christmas diner http://post.ly/4Wmud "},{"index":"15016230469500929","data":"The isle of Skye http://bit.ly/dJlWXy"},{"index":"15099866054","data":"The Goose Wars http://post.ly/hzmI"},{"index":"151665640703397888","data":"Mannequin http://post.ly/4aTq3 "},{"index":"151312911187443712","data":"Last Light, Christmas Night http://post.ly/4YJ1m "},{"index":"15171659530","data":"Westerly Art Fair http://post.ly/i5w2"},{"index":"152433028755488768","data":"Dirty Pictures-- The Movie http://post.ly/4db8g "},{"index":"151786775466090496","data":"Check this video out -- Explore the World of Birds and Biodiversity http://www.youtube.com/watch?v=2rqi8W00mUA&feature=share … via @youtube"},{"index":"153090911323176960","data":"Sunset on the lake http://post.ly/4egf8 "},{"index":"153505532337078272","data":"HAPPY 2012 from First Light on Narragansett Beach http://post.ly/4fHLi "},{"index":"153685773827321856","data":"Seeing The Writing On The Wall http://post.ly/4fXuK "},{"index":"154186918442184704","data":"Winter might finally be here! http://post.ly/4gIvA "},{"index":"154570107320942592","data":"Heading south http://post.ly/4gzAg "},{"index":"154892090629832705","data":"Check this video out -- She's Alive... Beautiful... Finite... Hurting... Worth Dying for. http://www.youtube.com/watch?v=nGeXdv-uPaw&feature=share … via @youtube"},{"index":"154004923493781505","data":"Incoming Tide, Narragansett Beach http://post.ly/4g1BR "},{"index":"15316482710","data":"Changeable http://post.ly/iJRo"},{"index":"154899215661797377","data":"Senior portraits http://post.ly/4haY8 "},{"index":"15547469534339073","data":"The 10 Most endangered properties, in Providence, RI, including the Wedding Cake House \n http://www.armorphoto.com/endangered/index.html"},{"index":"155406419057840128","data":"Another Wow! -- January 6th, 2012 at 4:48 PM http://post.ly/4ioXh "},{"index":"155270672657039360","data":"Lightroom Classes at NAM http://post.ly/4iN8z "},{"index":"15548099984359424","data":"The \"Most Endangered\" properties in Providence, RI http://post.ly/1LXP7"},{"index":"156235187909439488","data":"Dingy, Indian Lake http://post.ly/4l8wt "},{"index":"155684432387387395","data":"Variations on a theme http://post.ly/4jovc "},{"index":"156384396994297858","data":"Another Dawn On The Lake http://post.ly/4lWkR "},{"index":"156531971105882112","data":"Five Smooth Stones http://post.ly/4lu8Q "},{"index":"15718538063","data":"Tears on our Peonies http://post.ly/ir7K"},{"index":"157221307233218560","data":"The Indian Lake Eagles -- Chapter Four http://post.ly/4no3Q "},{"index":"156838046556356608","data":"Angry Birds http://post.ly/4mo8q "},{"index":"157221893513019392","data":"The Indian Lake Eagles -- Chapter Three http://post.ly/4no9P "},{"index":"157222310586232832","data":"The Indian Lake Eagles -- Chapter Two http://post.ly/4noDb "},{"index":"157592568136347648","data":"All Wet http://post.ly/4olij "},{"index":"157222560931647488","data":"The Indian Lake Eagles -- Chapter One http://post.ly/4noG9 "},{"index":"15845048738","data":"floating in an abstract painting http://post.ly/j3Lb"},{"index":"158296450168664064","data":"Bird On A Wire http://post.ly/4qMQK "},{"index":"15889220953","data":"Check out this gallery: Sunrise, sunset on Indian Lake on @photoshelter http://bit.ly/aYk1XO"},{"index":"159247292870836228","data":"South Ferry Church, First Snow http://post.ly/4sHIk "},{"index":"158941240870707200","data":"I uploaded a @YouTube video http://youtu.be/zaokk-hjLFg?a  Surfers in Motion"},{"index":"158557317632245761","data":"Horizons Are Timeless http://post.ly/4qqab "},{"index":"159005045457821696","data":"Eagle on Icee http://post.ly/4rlWR "},{"index":"159297161161478144","data":"Very useful... quick, easy, and accurate. Thanks a bunch!\n (@YouTube http://youtu.be/yjSDxEg-_zo?a )"},{"index":"159297697998835713","data":"I liked a @YouTube video http://youtu.be/yjSDxEg-_zo?a  Colorful New Stationery for \"Mail\"  - Mac OSX Lion"},{"index":"159614619059630080","data":"Loved the music, loved the images, but the words were very distracting. \n (@YouTube http://youtu.be/2iZpbN4ffEI?a )"},{"index":"159623951935483905","data":"\"The Sculptor's Model\" http://post.ly/4t7rz "},{"index":"15941126459","data":"Don't mess with my chicks. http://post.ly/jBiU"},{"index":"160484601289117697","data":"Mock Surfer Poster http://post.ly/4urcw "},{"index":"16067657436","data":"Eve--texture overlay http://post.ly/jMXN"},{"index":"160466020673396736","data":"A Wall Of Water http://post.ly/4upGZ "},{"index":"16030053238","data":"Like a rock http://post.ly/jJMB"},{"index":"1616527681921024","data":"The \"Transformers\" http://post.ly/1AdLE"},{"index":"161446519474626561","data":"Bald Eagles teaching the kids how to hunt. http://post.ly/4wmxX "},{"index":"160697397356396545","data":"Lightroom Explorations http://post.ly/4vERS "},{"index":"162515413241049090","data":"Africa - the kids http://post.ly/4zLxZ "},{"index":"162668539713564673","data":"They would have stopped for Hip Hop. (@YouTube http://youtu.be/myq8upzJDJc?a )"},{"index":"16274675529","data":"symbiosis http://post.ly/jemu"},{"index":"162296418139242496","data":"Another Lightroom collection http://post.ly/4yoRw "},{"index":"163020963045318656","data":"Dirty Pictures in Africa http://post.ly/50GQ0 "},{"index":"163232160856293376","data":"LYTRO Lightfield camera http://post.ly/50afa "},{"index":"163577389618704384","data":"Lytro lightfield cameras http://post.ly/51GGO "},{"index":"164890436467556352","data":"Napatree Point Conservation Area http://post.ly/54EUj "},{"index":"163408610385346560","data":"My Four Season Tree http://post.ly/50xPH "},{"index":"16608005450","data":"A black and white kind of day http://post.ly/k7PX"},{"index":"16690914722316288","data":"Ice Abstract on Indian Lake http://post.ly/1MPmW"},{"index":"166140203348660226","data":"Sent by PhotoForge2 http://post.ly/57tDw "},{"index":"16805512598","data":"St John's Cathedral http://post.ly/kOu8"},{"index":"168385958218178560","data":"Theme -- Pedal Power http://post.ly/5JUSW "},{"index":"168373173660827649","data":"Free Photography Guide: Long Exposure Photography http://bit.ly/pVt4DL "},{"index":"168392567602421760","data":"Advice for photographers http://post.ly/5JVXA "},{"index":"16917789104","data":"summer http://post.ly/kZu0"},{"index":"16969400762503169","data":"Infrared images of Death Valley on @photoshelter http://bit.ly/g5BA7S"},{"index":"16687641159","data":"Cygnet Breakfast http://post.ly/kDkE"},{"index":"167475740286267393","data":"Cape Town Colors http://post.ly/5FpW7 "},{"index":"17004965025","data":"Lightroom 3.0 http://post.ly/ki7Q"},{"index":"170137056658472960","data":"I remember the Musee d'Orsay http://post.ly/5P5ng "},{"index":"17190032003571712","data":"Check out+my+Death+Valley+gallery+http://bit.ly/hH6NtX"},{"index":"17108645890","data":"The tidal pool http://post.ly/krix"},{"index":"17178755252359168","data":"@wadelaube  Great article on \"Photos never lie\" Thanks for that!"},{"index":"17238286477033472","data":"Another view of Death Valley http://post.ly/1Ms7r"},{"index":"169177418018463744","data":"No Arctic Owl but Bambi was there http://post.ly/5M2MD "},{"index":"172644216562925570","data":"The Tin Man -- the genesis of a new workshop at South County Museum http://post.ly/5XhCI "},{"index":"17292286086","data":"Gondola, Waterfire, Providence.RI http://post.ly/l7FE"},{"index":"17292298388","data":"Gondola, Waterfire, Providence.RI http://post.ly/l7FH"},{"index":"17298090620882944","data":"Another view of Death Valley http://janthephotoman.posterous.com/another-view-of-death-valley … via @jandarmor"},{"index":"17206373061","data":"Impressions -- Waterfire Providence http://post.ly/kzaX"},{"index":"172998552652496896","data":"Bight sunny day in Jamestown http://post.ly/5YvYD "},{"index":"17324575469","data":"The Waterfire Scene http://post.ly/lAXX"},{"index":"17405699519","data":"Waterfire people by Jan The Photo Man http://post.ly/lIFC"},{"index":"173760780171354114","data":"Winter, Begone!!! http://post.ly/5b6FD "},{"index":"17407431986","data":"Feeding the fires at Waterfire in Providence, RI http://post.ly/lISa"},{"index":"174699170295328769","data":"Photos from \"Seeing The Light\" http://post.ly/5ejcB "},{"index":"17565727402","data":"Noise at ISO 800 http://post.ly/lYZC"},{"index":"17565731424","data":"Noise at ISO 800 http://post.ly/lYZD"},{"index":"17650494615","data":"Sparks, Waterfire Safari, Providence http://post.ly/lgnD"},{"index":"17651084626","data":"Watrerfire Safari, Providence, RI http://post.ly/lgrJ"},{"index":"17650499274","data":"Sparks, Waterfire Safari, Providence http://post.ly/lgnF"},{"index":"176838052210163712","data":"Circle of Scholars Photos http://post.ly/5na1a "},{"index":"17790614424","data":"Fireworks http://post.ly/lwz6"},{"index":"17859625497","data":"Snug Harbor Parade http://post.ly/m3oC"},{"index":"177710435863232512","data":"Natural Light Portraits from a workshop with Jan Armor http://post.ly/5r8ht "},{"index":"178960311460704256","data":"Visit from across the bridge http://post.ly/5vUif "},{"index":"17860571743","data":"Zacky http://post.ly/m3w6"},{"index":"179653928588288001","data":"I liked a @YouTube video http://youtu.be/yC6MYiwIQjo?a  Tough Decisions: \"The Road We've Traveled\" Teaser - Obama for A"},{"index":"18028046334","data":"Zak's all wet http://post.ly/mLif"},{"index":"180643479028895744","data":"Student Photos-- from my Writing With Light Workshop http://post.ly/61gvT "},{"index":"18107888126","data":"Zacky--day 4 http://post.ly/mTrV"},{"index":"18197990130","data":"Mother and children http://post.ly/mdIT"},{"index":"18207508213","data":"Day 5 http://post.ly/me6u"},{"index":"182313207849947136","data":"Impressions… Sunday morning light http://post.ly/68VGI "},{"index":"18344461078","data":"Zcky day 7 http://post.ly/mqVV"},{"index":"1836223119237120","data":"Transformers II http://post.ly/1Aptm"},{"index":"18269960908","data":"Zacky Day 6 http://post.ly/mjvK"},{"index":"1844066018918400","data":"Transformers again http://post.ly/1Aq91"},{"index":"17942178966","data":"Day 2 http://post.ly/mD5Y"},{"index":"18476477385","data":"The Waterfire Experience http://post.ly/n4U5"},{"index":"18476410785","data":"The Waterfire Experience http://post.ly/n4Tn"},{"index":"18592501333","data":"Cotton candy cumulus clouds http://post.ly/nH9z"},{"index":"18569294357","data":"City Lights http://post.ly/nESt"},{"index":"186325266761662464","data":"Rhode Island Stone Walls http://post.ly/6PuSe "},{"index":"186203294748782592","data":"Impressions of the Daffodils and Grape Hyacinths in on Hope Street http://post.ly/6PJq9 "},{"index":"18862554783","data":"light poem http://post.ly/njyF"},{"index":"18698963691","data":"Left Behind http://post.ly/nT1R"},{"index":"18915023703","data":"No fear egret http://post.ly/npwh"},{"index":"18983873036","data":"lily pad http://post.ly/nyCI"},{"index":"191132463421071360","data":"Archeological Relics from Sicily http://is.gd/Bu0t7k "},{"index":"192570066246705152","data":"OLLI -URI - Armor Photo Class - student work - composition http://is.gd/bfI5xs "},{"index":"19064831226","data":"texture overlay http://post.ly/o7GM"},{"index":"191633758460452864","data":"Blessed by great grand girls! http://is.gd/dVWXnA "},{"index":"198151458179383297","data":"Travel PhotosThat Pop http://post.ly/77z4c "},{"index":"19496216092","data":"mannequins http://post.ly/oifG"},{"index":"199109983705632768","data":"Yeek!!! A field of dandelion in the backyard. http://post.ly/7AFru "},{"index":"199810771348234240","data":"Rain drops keep falling on my head http://post.ly/7BmJD "},{"index":"199828325156405249","data":"light on the lake http://post.ly/7Bosq "},{"index":"19990754515","data":"The Red Hibiscus http://post.ly/pb3k"},{"index":"199816113482244096","data":"Jewels http://post.ly/7Bn1d "},{"index":"199856840773865473","data":"The Werewolf Moon-hooooowlllll http://post.ly/7Bsxo "},{"index":"20212044150","data":"Hibiscus http://post.ly/q0O2"},{"index":"20211992342","data":"Hibiscus yet again http://post.ly/q0Ma"},{"index":"20130991412","data":"The Red Hibiscus http://post.ly/pqDD"},{"index":"20097225435","data":"The Hibiscus Series http://post.ly/pmZi"},{"index":"20296504947","data":"One last Hibiscus http://post.ly/qBhj"},{"index":"20459391542","data":"After Glacier National Park, somewhere mid Montana http://post.ly/qVnm"},{"index":"20378155727","data":"10 Most Endangered-50 Weybosset-Providence http://post.ly/qLGh"},{"index":"20253027872","data":"The Power Of Lightroom http://post.ly/q610"},{"index":"202703004342816768","data":"another test workshop http://post.ly/7J0dQ "},{"index":"204658205769482241","data":"Photo Workshop at South County Museum http://post.ly/7OVjQ "},{"index":"20604043477","data":"Variations on the Herring Gull http://post.ly/qkFz"},{"index":"20576819308","data":"reflection, Indian Lake http://post.ly/qi2o"},{"index":"204958874468491265","data":"Juvenile Great Blue Heron in the rain http://post.ly/7PToV "},{"index":"20852772744204288","data":"An ever changing portrait of Rhode Island Nurseries: http://bit.ly/eSCutF"},{"index":"20856487723147265","data":"A Portrait Of RI Nurseries http://post.ly/1PgON"},{"index":"20880017683","data":"A visit to the lake http://post.ly/rGqE"},{"index":"207091414364983297","data":"Last light, last night http://post.ly/7VoN7 "},{"index":"20935749843030016","data":"Last of 2010 http://post.ly/1Pkur"},{"index":"21055974723","data":"Norris Basin, Yellowstone National Park http://post.ly/rcgO"},{"index":"20702274168","data":"Can't stop exploring the Hibiscus http://post.ly/qvhh"},{"index":"210147769430708224","data":"Portrait of Eddie http://post.ly/7eAxz "},{"index":"210706815619579906","data":"Webs http://post.ly/7ferQ "},{"index":"21144748791","data":"Yellowstone National Park revisited http://post.ly/rmR4"},{"index":"21215182969634816","data":"1-1-11 at 8:30 AM http://post.ly/1Px3Q"},{"index":"210807358400638976","data":"Approaching storm on Indian Lake http://post.ly/7fuFZ "},{"index":"212488328099008512","data":"Sunset, last night http://post.ly/7k7ZU "},{"index":"212160503739461632","data":"Mannequins- South County Museum http://post.ly/7jIm3 "},{"index":"21318006692904960","data":"1-1-11 at 8:30 AM http://janthephotoman.posterous.com/1-1-11-at-830-am … via @jandarmor"},{"index":"21308352942","data":"Reflection -- Indian Lake http://post.ly/s4yt"},{"index":"213270091683471361","data":"Newport Photo Guild Portrait shoot last night http://post.ly/7m4Tp "},{"index":"219030572905938944","data":"Love the symbiotic relationship giraffes and birds.! (@YouTube http://youtu.be/mWSwVF_BfA0?a )"},{"index":"219030423035064320","data":"I liked a @YouTube video http://youtu.be/mWSwVF_BfA0?a  African Safari--Giraffes & Impalas"},{"index":"219033632784916481","data":"I liked a @YouTube video http://youtu.be/y-OGPNsgw1A?a  Lion Crocodile attack"},{"index":"219031183021977600","data":"I liked a @YouTube video http://youtu.be/DnV7U-FfmEU?a  Les fauves et la savane. Life in the Savana, Africa. Lions figh"},{"index":"21951196723","data":"long weekend http://post.ly/tNz6"},{"index":"219162770078310400","data":"Narragansett's very own stone sculptor - Joe Dipietro http://post.ly/8433B "},{"index":"219806260005044224","data":"Time Lapse of the sunset, \"After The Storm\" http://post.ly/85wBx "},{"index":"221231062087499776","data":"The Lotus pond at Hamilton Harbor http://post.ly/8APSu "},{"index":"22168421960","data":"Fuller Craft Museum http://post.ly/tqjY"},{"index":"220583833681137666","data":"I liked a @YouTube video http://youtu.be/Pu7vtqQ1RL8?a  Film Camera Stop Motion"},{"index":"221689075109871617","data":"Scotland, Threave Castle http://post.ly/8BpQ4 "},{"index":"222314150628569089","data":"View From Here http://post.ly/8De7F "},{"index":"222415295623610368","data":"Sky on fire http://post.ly/8DxHz "},{"index":"22262689381","data":"A visit to Logee http://post.ly/u3Ap"},{"index":"22051252310","data":"Rain,rain,rain http://post.ly/taui"},{"index":"222735146531565570","data":"Balancing Act On The Wall, Narragansett Beach http://post.ly/8F08q "},{"index":"222694542439227392","data":"A Balancing Act on the Sea Wall, Narragansett http://post.ly/8EsMs "},{"index":"224174413074022400","data":"Green Heron http://post.ly/8JN7k "},{"index":"224129019216531457","data":"RI Phil on Narragansett Beach Last night http://post.ly/8JDM7 "},{"index":"22418138259787777","data":"Growing the old fashioned way, by hand, and with mules:   http://bit.ly/eSCutF"},{"index":"22607939555","data":"end of summer sunset http://post.ly/uln4"},{"index":"224804537901387776","data":"I liked a @YouTube video http://youtu.be/ySVWeao57m8?a  Cassandra Wilson  Time after time"},{"index":"225567369416814592","data":"One on One Photo Shoot With Sue http://post.ly/8Ni5V "},{"index":"224809245282021376","data":"Carefree summer days, Narragansett Beach http://post.ly/8LSyq "},{"index":"22715475768","data":"painting with light http://post.ly/v0mf"},{"index":"22924953379","data":"Hurricane \"Whirl\" http://post.ly/vV0k"},{"index":"22977957627","data":"Surf's Up http://post.ly/vbZA"},{"index":"228489014909489152","data":"Sunrise, Sea Wall, Narragansett http://post.ly/8Uj5E "},{"index":"23143240529","data":"Somewhere http://post.ly/vw2Q"},{"index":"2305932969123841","data":"Three Angels http://post.ly/1BAmp"},{"index":"23234488452","data":"Vestiges by Paulette Carr http://post.ly/w72d"},{"index":"231712126677442560","data":"Congrats, Cynthia!!! Favorites of The Providence Journal Photo Contest 2012 http://post.ly/8dXT4 "},{"index":"231395031443968000","data":"I liked a @YouTube video http://youtu.be/Y_9vd4HWlVA?a  Ramesh Raskar: Imaging at a trillion frames per second"},{"index":"2336414016471040","data":"Birch in the wind http://post.ly/1BCO5"},{"index":"234605139904847872","data":"South County Museum Workshop yesterday http://post.ly/8lP0i "},{"index":"2330461875474432","data":"Mystic http://post.ly/1BC5O"},{"index":"235696773102977025","data":"Washington Co State Fair Opens today http://post.ly/8oN3u "},{"index":"233516658306719745","data":"PopEye On IndIan Lake http://post.ly/8iJK1 "},{"index":"236796790752542720","data":"A few from the Washington County Fair yesterday http://post.ly/8su6x "},{"index":"23866479208","data":"I favorited a YouTube video -- Split Toning in Lightroom http://youtu.be/7WLD8KLS-CE?a"},{"index":"23709387566612480","data":"another dramatic sunsets over Indian Lake http://post.ly/1S2EX"},{"index":"23866453477","data":"I liked a YouTube video -- Split Toning in Lightroom http://youtu.be/7WLD8KLS-CE?a"},{"index":"23866677370","data":"I subscribed to agenakawata's channel on YouTube. http://www.youtube.com/user/agenakawata?feature=autoshare"},{"index":"23866691725","data":"I subscribed to mar7982's channel on YouTube. http://www.youtube.com/user/mar7982?feature=autoshare"},{"index":"23866735530","data":"I subscribed to jtphoto53's channel on YouTube. http://www.youtube.com/user/jtphoto53?feature=autoshare"},{"index":"23866807411","data":"I liked a YouTube video -- (HD) Add drama with the Adjustment Brush in Photoshop CS4 & ... http://youtu.be/nZ5Mg1DoZVU?a"},{"index":"23867137925","data":"I favorited a YouTube video -- Lightroom 2 Tutorial - Soften Skin http://youtu.be/Ahrmz5o_1yo?a"},{"index":"23867345014","data":"I subscribed to davidnasia's channel on YouTube. http://www.youtube.com/user/davidnasia?feature=autoshare"},{"index":"23867137383","data":"I liked a YouTube video -- Lightroom 2 Tutorial - Soften Skin http://youtu.be/Ahrmz5o_1yo?a"},{"index":"23893452642","data":"I uploaded a YouTube video -- The Lightroom Interface http://youtu.be/Urszn4YRwzg?a"},{"index":"240744881348300801","data":"I liked a @YouTube video http://youtu.be/ZRz-CsSqjOk?a  Hands-on Photo Tip #001 - How to combine layer masks in Photosh"},{"index":"23866813818","data":"I favorited a YouTube video -- (HD) Add drama with the Adjustment Brush in Photoshop CS... http://youtu.be/nZ5Mg1DoZVU?a"},{"index":"240746361971159040","data":"Found your work on TWIT. Although I've never been a big fan of HDR, I must say  (@YouTube http://youtu.be/ZRz-CsSqjOk?a )"},{"index":"24093136414","data":"A birthday portrait http://post.ly/wi7L"},{"index":"24093625657","data":"a passing storm http://post.ly/wiCN"},{"index":"240795747912663042","data":"More from \"The Sea Wall\" project http://post.ly/955Me "},{"index":"241515268369698816","data":"Cormorant http://post.ly/96m0O "},{"index":"242701705538580481","data":"Eyewitness: Azores, Portugal http://gu.com/p/397ah/iw "},{"index":"24274889542","data":"Sunrise on Indian Lake http://post.ly/x5WM"},{"index":"243800179168391168","data":"I liked a @YouTube video http://youtu.be/x4bQc36r5ek?a  DSLR Camera Focus Tips"},{"index":"244482688264851456","data":"Seen along the sea wall http://post.ly/9DXIK "},{"index":"24658734170","data":"sunrise~sunset http://post.ly/xv4t"},{"index":"24529065329","data":"The Glass House http://post.ly/xcZr"},{"index":"24850568631554048","data":"Armor Postcards from Tokyo, Japan http://post.ly/1TCp7"},{"index":"248900824544198656","data":"Windjammer Week in Camden http://post.ly/9NUW2 "},{"index":"25143907896","data":"Elephant Ear Caladium http://post.ly/yyiP"},{"index":"25143702925","data":"Elephant Ear Gone By http://post.ly/yygv"},{"index":"24694145315","data":"Sunrise, sunset http://post.ly/xzmw"},{"index":"249916237008748545","data":"Sunrise-sunset workshop http://post.ly/9PpFo "},{"index":"25820298064","data":"ripples in the lake http://post.ly/10UJa"},{"index":"25872828637","data":"Summer has gone http://post.ly/10bkT"},{"index":"25903675184517120","data":"I subscribed to kramerica7's channel on YouTube. http://www.youtube.com/user/kramerica7?feature=autoshare"},{"index":"25865391653789696","data":"I liked a YouTube video -- Giant Waterslide Jump! http://youtu.be/fGoalkfeYKg?a"},{"index":"262165999619555328","data":"Farmer's Daughter http://post.ly/9fHR0 "},{"index":"262368304935624704","data":"The Woods Of URI"},{"index":"262364694340329472","data":"Heron"},{"index":"26255542353","data":"Shaker Village Photos http://post.ly/11WJY"},{"index":"252401817093292032","data":"New Photo Blog from Jan Armor http://post.ly/9TgyZ "},{"index":"26540452382","data":"The Fall Of The Leaf http://post.ly/12ES4"},{"index":"262369112976658432","data":"Woods, URI"},{"index":"26627235335114754","data":"Eloquent light at Mt Hope Farm http://post.ly/1Ui7X"},{"index":"26998808042803200","data":"Japan, The Old And The New http://post.ly/1Uwof"},{"index":"26633432284","data":"Sunset on Indian Lake http://post.ly/12SzA"},{"index":"27003629927927808","data":"Kool vintage portraits:  http://theimpossiblecool.tumblr.com/"},{"index":"26877023705","data":"Undulating beauty http://post.ly/134l8"},{"index":"27004078840090624","data":"Nice clean site makeover here: http://www.seedubble.com/blog"},{"index":"27130421215","data":"The big splash http://post.ly/13hxM"},{"index":"27032963073","data":"five herons http://post.ly/13Scc"},{"index":"27384088721","data":"leaves on the lake ((tag:leaf,leaves,tree,Indian Lake,float}} http://post.ly/14PsL"},{"index":"274899081892093953","data":"The holidays mean Paper Whites http://www.armorphoto.com/blog/2012/12/1/the-holidays-mean-paper-whites …"},{"index":"27011118786416640","data":"Flods in Australia, portend of global warming to come?\nhttp://www.abc.net.au/news/infographics/qld-floods/beforeafter.htm"},{"index":"274899324637425664","data":"Time To Fly Away http://www.armorphoto.com/blog/2012/11/29/time-to-fly-away …"},{"index":"274899376722284544","data":"Kathy & I showing at Gallery 11 in Bristol http://www.armorphoto.com/blog/2012/11/28/kathy-i-showing-at-gallery-11-in-bristol …"},{"index":"275419821196320768","data":"@19Sixty3 Nice work!"},{"index":"274899449707376640","data":"Ever wonder what's inside? http://www.armorphoto.com/blog/2012/11/17/ever-wonder-whats-inside …"},{"index":"275213646144090112","data":"Another Linus http://www.armorphoto.com/blog/2012/12/2/another-linus …"},{"index":"274924752597041153","data":"I captured the last planting at RI Nurseries. .This is Johnny, chief propagator. \n\nhttps://jan-armor.squarespace.com/fall-planting-at-rhode-island-nurseries/ … pic.twitter.com/PA1gTHml"},{"index":"27704006067359744","data":"Seen in Japan by Janthephotoman: http://bit.ly/fcfGKR"},{"index":"27725408254","data":"Horizons http://post.ly/15JBF"},{"index":"276733121133678592","data":"Emerging artist Susan P. http://www.armorphoto.com/blog/2012/12/6/emerging-artist-susan-p …"},{"index":"27705340460015616","data":"Lots of belly shots here:  http://www.mery.nl/"},{"index":"277278960545574912","data":"A sacred circle of stones... http://www.armorphoto.com/blog/2012/12/7/a-sacred-circle-of-stones …"},{"index":"27797042443","data":"Favorite trees http://post.ly/15U9W"},{"index":"277279003100983296","data":"All Art Is Play... http://www.armorphoto.com/blog/2012/12/8/all-art-is-play …"},{"index":"278127414444433409","data":"From China With Love... http://www.armorphoto.com/blog/2012/12/9/from-china-with-love …"},{"index":"278825286416609280","data":"A website for Tiffany http://www.armorphoto.com/blog/2012/12/12/a-website-for-tiffany …"},{"index":"27936033162","data":"view from the dock http://post.ly/15qsi"},{"index":"27961422415","data":"Why I love Rhode Island http://post.ly/15vAH"},{"index":"279975824835366912","data":"I liked a @YouTube video http://youtu.be/x8wtIOwYa4o?a  Some magic on the Monday commute."},{"index":"279976026329718785","data":"Love your time lapse! Perfect with the track. (@YouTube http://youtu.be/x8wtIOwYa4o?a )"},{"index":"28109373326753792","data":"Great mountain landscapes at twilight, and really polished site | NiO Photography http://www.niophoto.com/beautiful-weather-at-twilight/ …"},{"index":"281049987784273921","data":"Unbelievable. (@YouTube http://youtu.be/XRs_oLMjIAA?a )"},{"index":"28110884685479936","data":"Beautiful work. Crested-Butte-Peanut-Lake-2397.jpg | Adam Schallau Photography http://adamschallau.photoshelter.com/gallery-image/Latest-Releases/G0000PFydvfbziUE/I0000zlOXhki3B7g … via @AddThis"},{"index":"279976058143514624","data":"I favorited a @YouTube video http://youtu.be/x8wtIOwYa4o?a  Some magic on the Monday commute."},{"index":"28120468263272448","data":"The essence of skiing.Check out this cool photo on @photoshelter http://bit.ly/hsErIY"},{"index":"28125111336837120","data":"gorgeous monochrome landscape photo on @photoshelter http://bit.ly/gMkT9z"},{"index":"28117488583573504","data":"Water, water, everywhere: Good video here;http://www.guillaumegaudet.com/"},{"index":"28413354569637888","data":"Slide show: Portrait of Rhode Island Nurseries: http://bit.ly/gGKv9Z"},{"index":"28411366935109633","data":"Portrait of Rhode Island Nurseries, near Newport, RI: http://bit.ly/gGKv9Z"},{"index":"28562564455604224","data":"Sycamores http://janthephotoman.posterous.com/sycamores  via @jandarmor"},{"index":"285745422792814592","data":"First Snow In South County http://www.armorphoto.com/blog/2012/12/31/first-snow-in-south-county …"},{"index":"286703814151659520","data":"The Twenty-thirteen Tree http://www.armorphoto.com/blog/2013/1/3/the-twenty-thirteen-tree …"},{"index":"286186338443726849","data":"Big Bass http://flic.kr/p/dGvKAy "},{"index":"28550415838609409","data":"Sycamores http://post.ly/1W3VH"},{"index":"28788514305","data":"White Birch http://post.ly/17IlM"},{"index":"287527472780677120","data":"The Retro Kids http://flic.kr/p/dHPLLs "},{"index":"287957328236523520","data":"Remembering Sandy http://flic.kr/p/dJ9Xxn "},{"index":"287910018081239040","data":"2012 has flown by! http://www.armorphoto.com/blog/2013/1/1/2012-has-flown-by …"},{"index":"287909195439820801","data":"A southerly wind leaves ripples in the sand behind a smooth stone on Chalestown Beach. http://flic.kr/p/dJ6J7V "},{"index":"28806296174071808","data":"Revisiting The Past http://post.ly/1WDw2"},{"index":"287959891195338754","data":"Tufted Titmouse With Sunflower Seed http://flic.kr/p/dJfprQ "},{"index":"28856142424","data":"Walden Pond http://post.ly/17Sgh"},{"index":"288432783511150592","data":"No Swimming Here http://flic.kr/p/dJJno9 "},{"index":"28948957287","data":"Autumn on my lake. http://post.ly/17imf"},{"index":"288621544022888449","data":"Poly House, RI Nurseries http://flic.kr/p/dJSexY "},{"index":"289330540522385408","data":"The Gymnast http://flic.kr/p/dKpsnL "},{"index":"28949451844","data":"On the lake this PM... http://post.ly/17iqT"},{"index":"290191205051011074","data":"Swamp Birches http://flic.kr/p/dKVqgc "},{"index":"29201240168603648","data":"Portraits, Sicily, 2006, by Kathy and Jan ArmorimgX_1276 http://bit.ly/fNc668"},{"index":"291966931286777857","data":"An Open Window http://www.armorphoto.com/blog/2013/1/17/an-open-windo …"},{"index":"291966885510123520","data":"An Open Windo http://www.armorphoto.com/blog/2013/1/17/an-open-windo …"},{"index":"29115962952","data":"Happy Halloween!!!! http://post.ly/18CFG"},{"index":"29205416902660096","data":"Fire and Ice, and things not so nice.. http://post.ly/1WUzI"},{"index":"293069246978719745","data":"Hosta in winter http://www.armorphoto.com/blog/2013/1/20/hosta-in-winter …"},{"index":"293446967613333504","data":"In A Wakefield Parking Lot http://www.armorphoto.com/blog/2013/1/21/in-a-wakefield-parking-lot …"},{"index":"29413995786","data":"Happy Halloween http://post.ly/18zkF"},{"index":"29513233907843072","data":"The mosaics of Villa de Casale http://post.ly/1Whvm"},{"index":"295899101495693312","data":"The Tree By The Sea http://flic.kr/p/dQpwTG "},{"index":"296233219068674049","data":"The Celtics TD Garden Circus http://www.armorphoto.com/blog/2013/1/29/the-celtics-td-garden-circus …"},{"index":"296443697162240000","data":"Stone Wall  and Trees http://flic.kr/p/dQJTAe "},{"index":"294047061135990784","data":"Brittany http://flic.kr/p/dP1SK9 "},{"index":"294051459203481601","data":"The \"Bridal\" Tree http://www.armorphoto.com/blog/2013/1/23/the-bridal-tree …"},{"index":"296576412779962368","data":"I liked a @YouTube video http://youtu.be/Sn1tVFsNWdM?a  To Pose or Not to Pose? That is the Question. Part 1"},{"index":"296577668961406977","data":"I liked a @YouTube video http://youtu.be/SRYX-SbMX0o?a  Is it ok to go topless? 60 Second Photography Tip"},{"index":"296735292835115008","data":"Josh On Fire http://flic.kr/p/dQWvUa "},{"index":"296947827077160962","data":"The Portrait Workshop coming soon! http://www.armorphoto.com/blog/2013/1/31/the-portrait-workshop-coming-soon …"},{"index":"296584541064282113","data":"Terrific!! Thanks again for sharing!!!! (@YouTube http://youtu.be/bIzcURknNMo?a )"},{"index":"296580738395017216","data":"Joe, your whole series is great.Great advice, lots of down to earth practical advice, and (@YouTube http://youtu.be/Rb18p7VqWDE?a )"},{"index":"296573239860273152","data":"I liked a @YouTube video http://youtu.be/g-7hnA0d8jw?a  How to Handle Hands - Posing Techniques for Photographers and Models"},{"index":"297701871953510401","data":"Newport Art Museum Members Show http://www.armorphoto.com/blog/2013/2/2/newport-art-museum-members-show …"},{"index":"298073160497119232","data":"Clouds, Black Point http://www.armorphoto.com/blog/2013/2/3/clouds-black-point …"},{"index":"29905522274607106","data":"The Antiquated Walls of Tarromina http://post.ly/1X04w"},{"index":"299266069300920321","data":"The Suagatucket Tree http://flic.kr/p/dSLpfP "},{"index":"299620242949283843","data":"Gloria-112 http://flic.kr/p/dT5uA5 "},{"index":"299620398381801472","data":"Depression http://flic.kr/p/dT3wPd "},{"index":"299562834969362433","data":"Depression http://www.armorphoto.com/blog/2013/2/7/depression …"},{"index":"299914881270947840","data":"A Stand Of Birch Trees http://www.armorphoto.com/blog/2013/2/8/a-stand-of-birch-trees …"},{"index":"300743149989527552","data":"Couples http://www.armorphoto.com/blog/2013/2/10/couples …"},{"index":"300195746915950592","data":"@thvisions Thanks for the follow!!"},{"index":"300671410391642112","data":"The Distant Shore, Shrouded In White http://www.armorphoto.com/blog/2013/2/10/the-distant-shore-shrouded-in-white …"},{"index":"300996296536375298","data":"Hurray! I'm one of the top 1% most endorsed on @LinkedIn in United States for Portraits. http://www.linkedin.com/pub/profile/11/868/56a?trk=200tw …"},{"index":"30257985695514624","data":"Timesniper Photography | East Anglia | Club and Fashion Photography http://timesniper.com/portfolio_headshots.php?sms_ss=twitter&at_xt=4d402379fb4fe93b,0 … via @AddThis"},{"index":"30234970018545664","data":"The perfect storm http://post.ly/1XEo5"},{"index":"302086600005922816","data":"Swing Set http://www.armorphoto.com/blog/2013/2/14/swing-set …"},{"index":"303573831660994561","data":"On Ice http://www.armorphoto.com/blog/2013/2/18/on-ice …"},{"index":"30466977742983170","data":"Book Of Art - today and tomorrow http://su.pr/34N5DF"},{"index":"30468065791578112","data":"Amazing artist at work!  Super Sprayer http://su.pr/8glSEE"},{"index":"30469620120948736","data":"Creepy...Frozen Grand Central http://su.pr/1U8x7E"},{"index":"30470580331352065","data":"Yawning Lion Photo, Animals Wallpaper – National Geographic Photo of the Day: http://on.natgeo.com/ig8ye5 via @NatGeoSociety"},{"index":"30473314241617920","data":"I subscribed to ImprovEverywhere's channel on YouTube. http://www.youtube.com/user/ImprovEverywhere?feature=autoshare"},{"index":"30479797029183489","data":"Wow!!! U gotta see this!   Kseniya Simonova - Sand Animation (Україна має талант / Ukraines Got Talent) http://su.pr/1wBaCt"},{"index":"302087594643181568","data":"Swing Set http://flic.kr/p/dUJ5dZ "},{"index":"30479905040896000","data":"I liked a YouTube video -- Kseniya Simonova - Sand Animation (Україна має талант / Ukra... http://youtu.be/518XP8prwZo?a"},{"index":"30484455458078720","data":"Imaginative Flash animations. aron sommer http://su.pr/1QMV0r"},{"index":"30489362873454592","data":"dentsu: paint sound sculptures http://su.pr/1mub9n"},{"index":"305304782564896768","data":"The Birds Revisited by Jan Armor http://www.fotoblur.com/images/540871  #photography via @fotoblur"},{"index":"308301254638063616","data":"Portrait Workshop at Wickford Art Association  http://www.armorphoto.com/blog/2013/3/3/portrait-workshop-at-wickford-art-association …"},{"index":"30949713796665344","data":"How To Learn Photoshop In 24 Hrs | Design Reviver .. yeah, right....http://designreviver.com/tutorials/how-to-learn-photoshop-in-24-hrs/ … via @AddThis"},{"index":"31006605776523264","data":"Glimpses of Italy http://bit.ly/i1iEYy"},{"index":"31012961908690945","data":"You just never know... http://post.ly/1Xohv"},{"index":"30487000658219010","data":"I subscribed to iamlikeasea's channel on YouTube. http://www.youtube.com/user/iamlikeasea?feature=autoshare"},{"index":"31007628293308416","data":"Perfectly beautiful boy   http://bit.ly/e6CNh9"},{"index":"310841784995553280","data":"http://www.armorphoto.com/home/jtp95rm23hal4ufwipjprjkqz1gz7a …"},{"index":"312387041637834752","data":"Painting With Light  http://www.armorphoto.com/blog/2013/3/14/painting-with-light …"},{"index":"311442280387051520","data":"\"Eyes On You\" portrait workshop  http://www.armorphoto.com/blog/2013/3/12/eyes-on-you-portrait-workshop …"},{"index":"313638006911275008","data":"Painting with light at Tiverton Four Corners Arts  http://www.armorphoto.com/blog/2013/3/18/painting-with-light-at-tiverton-four-corners-arts …"},{"index":"313636549705232384","data":"Painting with light at Tiverton four Corners Arts  http://www.armorphoto.com/blog/2013/3/18/painting-with-light-at-tiverton-four-corners-arts …"},{"index":"31467444597948416","data":"Winter Kill http://post.ly/1Y9ZY"},{"index":"315797813197946880","data":"@ZoomTravels Thanks for the follow, Nicola!"},{"index":"31724301384159232","data":"Natalie deserves an Oscar http://post.ly/1YJrF"},{"index":"315882253374877696","data":"I liked a @YouTube video http://youtu.be/S0Q34b8rrhs?a  Not Just a Fairytale - Hasselblad H5D Campaign"},{"index":"318211312972857344","data":"Sea Wall revisited  http://www.armorphoto.com/blog/2013/3/30/sea-wall-revisited …"},{"index":"316529084295413760","data":"Painting With Light, The Workshop Photos  http://www.armorphoto.com/blog/2013/3/26/painting-with-light-the-workshop-photos …"},{"index":"321961530293891072","data":"Rites Of Spring  http://www.armorphoto.com/blog/2013/4/10/rites-of-spring …"},{"index":"318320115106062336","data":"Easter Sunrise http://flic.kr/p/e7uzPG "},{"index":"320017806198460416","data":"Franny flying away.  http://www.armorphoto.com/home/x83y3n3v9oo2a9uvsmwxpi5jstdpjj …"},{"index":"321972614182629377","data":"Rite of Spring http://flic.kr/p/eabUfX "},{"index":"31740309008293889","data":"Live From the Egyptian Revolution\nby Sharif Abdel Kouddous http://www.democracynow.org/blog/2011/1/29/live_from_the_egyptian_revolution_by_sharif_abdel_kouddous … via @democracynow"},{"index":"323770583148015616","data":"Art & Architecture Workshop at Salve Regina University  http://www.armorphoto.com/blog/2013/4/15/art-architecture-workshop-at-salve-regina-university …"},{"index":"3242404109","data":"Sleepless in Bristol, RI.Playing with Mac voice recognition software.   Very cool..."},{"index":"324396097764225024","data":"Corkie by the sea wall http://flic.kr/p/ebW5oK "},{"index":"3242465429","data":"Nice shots from a recent trip to gather stones for Kathy... http://www.jandarmor.com/vermont09/index.html"},{"index":"325224435885940736","data":"Trees near Pt. Judith Country Club http://flic.kr/p/ecrmK6 "},{"index":"324396494260170753","data":"Rite of Spring http://flic.kr/p/eabUfX "},{"index":"325356540326453248","data":"Circle of Scholars Art & Architecture Workshop  http://www.armorphoto.com/blog/2013/4/19/circle-of-scholars-art-architecture-workshop …"},{"index":"325930417016410114","data":"Apple Tree http://flic.kr/p/ecZqBu "},{"index":"32825221819924482","data":"Encased in Ice http://post.ly/1Z8Yz"},{"index":"3265389655","data":"Posted some new work on Creative RI. Good site for photographers. Go to http://www.createrhodeisland.com/profile/JanArmor"},{"index":"326061815857573888","data":"Gizmo On The Wall http://flic.kr/p/ed7We9 "},{"index":"328475637050400770","data":"The Natural Light Portrait Workshop  http://www.armorphoto.com/blog/2013/4/28/the-natural-light-portrait-workshop …"},{"index":"33168868524425216","data":"The marble quarry of http://post.ly/1ZP1B"},{"index":"327383295765647360","data":"Frog and Floating Flowers http://flic.kr/p/ee6mi9 "},{"index":"332798169727520768","data":"The Way We Were  http://www.armorphoto.com/the-way-we-were/2013/5/10/the-way-we-were …"},{"index":"332080119487283200","data":"Paint Man http://flic.kr/p/ehueM6 "},{"index":"332333934941712386","data":"Stockroom Orgy http://flic.kr/p/ehFmLk "},{"index":"333191131191971840","data":"Making Cookies__9024 http://flic.kr/p/eijLEj "},{"index":"334720639669780480","data":"On The Beach At 5 AM yesterday.  http://www.armorphoto.com/the-way-we-were/2013/5/15/on-the-beach-at-5-am-yesterday …"},{"index":"337158550751166464","data":"Sir William On The Wall http://flic.kr/p/eob7yJ "},{"index":"336801557339332611","data":"The Way We Were  http://www.armorphoto.com/the-way-we-were/2013/5/21/alone-on-the-wall …"},{"index":"337332371634397184","data":"OLLI Travel Workshop  http://www.armorphoto.com/blog/2013/5/22/olli-travel-workshop …"},{"index":"337159984569802752","data":"Safe And Secure  http://www.armorphoto.com/the-way-we-were/2013/5/22/safe-and-secure …"},{"index":"33858951455965184","data":"Dark, brooding sunset over the lake http://post.ly/1ZwK3"},{"index":"339327015779983360","data":"OLLI photography class at URI  http://www.armorphoto.com/the-way-we-were/2013/5/28/olli-photography-class-at-uri …"},{"index":"337901029762940929","data":"Dandelions http://flic.kr/p/eqFVaY "},{"index":"340125901050216448","data":"Who else wants to take my picture?  http://www.armorphoto.com/the-way-we-were/2013/5/30/who-else-wants-to-take-my-picture …"},{"index":"340924582636683264","data":"If You Have A Seeking Eye You Will See Things In The Clouds That Others Cannot. http://flic.kr/p/ezRw5X "},{"index":"340331834623807489","data":"What Everybody Ought to Know About Mexican Chihuahua Dogs.  http://www.armorphoto.com/the-way-we-were/2013/5/31/what-everybody-ought-to-know-about-mexican-chihuahua-dogs …"},{"index":"341387103671840769","data":"Portrait Of Ernie and Renee. http://flic.kr/p/eBeX3v "},{"index":"342976286836260866","data":"\"Tattoo'd\"  http://www.armorphoto.com/the-way-we-were/2013/6/7/tattood …"},{"index":"342651645722759168","data":"Pebbles walking tall on the wall.  http://www.armorphoto.com/home/w40rxdekf91ym95sftgu5vjerahkoe …"},{"index":"342976465991786496","data":"Here's A Quick Way To Cool Off!  http://www.armorphoto.com/the-way-we-were/2013/6/2/heres-a-quick-way-to-cool-off …"},{"index":"344076473696677889","data":"The Big Apple http://flic.kr/p/eHU4Db "},{"index":"344393928692338688","data":"The Tom Tetzner Tour  http://www.armorphoto.com/the-way-we-were/2013/6/11/the-tom-tetzner-tour …"},{"index":"344076150861082624","data":"The Big Apple!  http://www.armorphoto.com/the-way-we-were/2013/6/10/the-big-apple …"},{"index":"344837123939123200","data":"Making Pictures of Pictures  http://www.armorphoto.com/the-way-we-were/2013/6/12/making-pictures-of-pictures …"},{"index":"346046722297966592","data":"NYC High Line Recon  http://www.armorphoto.com/the-way-we-were/2013/6/15/nyc-high-line-recon …"},{"index":"344829494525308928","data":"Contemplating \"The Dream\" http://flic.kr/p/eKBUQW "},{"index":"347942901214482433","data":"Most \"super\" supermoon of 2013 on June 22-23 | Tonight | EarthSky: http://earthsky.org/tonight/is-biggest-and-closest-full-moon-on-june-23-2013-a-supermoon#.UcPeKWsceVk.twitter …"},{"index":"351473661355630592","data":"Teh way things  looked this afternoon along the wall.  http://www.armorphoto.com/the-way-we-were/2013/6/30/teh-way-things-looked-this-afternoon-along-the-wall …"},{"index":"351473721074135040","data":"The way things  looked this afternoon along the wall.  http://www.armorphoto.com/the-way-we-were/2013/6/30/teh-way-things-looked-this-afternoon-along-the-wall …"},{"index":"35121217598013440","data":"Frigid on Indian Lake http://post.ly/1auvC"},{"index":"35340320224980992","data":"Free Photography Guide: Black and White Landscapes: How to Capture a Proper Tonal Range! - http://bit.ly/gqS0RI"},{"index":"353150255363137537","data":"Fashion Statement  http://www.armorphoto.com/the-way-we-were/2013/7/5/fashion-statement …"},{"index":"353831004282159105","data":"Hummingbird _9961 http://flic.kr/p/f4qjp4 "},{"index":"354595502697873410","data":"Charlestown with Tom.  http://www.armorphoto.com/the-way-we-were/2013/7/9/charlestown-with-tom …"},{"index":"354916364508610560","data":"I liked a @YouTube video http://youtu.be/nECdBiu5Rrw?a  Variable ND Filter Shootout - Polariod Genus Lightcraft Tiffen Singh-Ray Heliopan"},{"index":"35504926805327872","data":"The scarecrows at the head of Sandy Point Lane http://post.ly/1bDqE"},{"index":"354916655350034432","data":"Thanks for that, And I will buy the tiffen from BH. (@YouTube http://youtu.be/nECdBiu5Rrw?a )"},{"index":"353150541154615297","data":"Armor©2013__7330-Edit http://flic.kr/p/f3ciS2 "},{"index":"35867103693115392","data":"Ocean Drive, Newport, Rhode Island http://post.ly/1bWJG"},{"index":"358975213293146112","data":"It was an iffy day on Narragansett Beach this morning,  http://www.armorphoto.com/the-way-we-were/2013/7/21/it-was-an-iffy-day-on-narragansett-beach-this-morning …"},{"index":"358976388885258240","data":"Attack Dog http://flic.kr/p/fe2sF1 "},{"index":"3592055984","data":"Portsmouth Arts Guild http://bit.ly/Le9Bo  a great show at the Guild, and also the Salonde Refuse across the lot!"},{"index":"3601422347","data":"I uploaded a YouTube video -- Allie is two  (short) http://bit.ly/jmCCk"},{"index":"360012725323169794","data":"The way he was yesterday.  http://www.armorphoto.com/the-way-we-were/2013/7/24/the-way-he-was-yesterday …"},{"index":"361792095192743936","data":"Hot and humid, but many photo opportunities.  http://www.armorphoto.com/the-way-we-were/2013/7/29/hot-and-humid-but-many-photo-opportunities …"},{"index":"360013433485279233","data":"Eighty Years Old http://flic.kr/p/fg1dHf "},{"index":"3635448420","data":"I uploaded a YouTube video -- shoes1 http://bit.ly/15xzF0"},{"index":"363667994842365954","data":"Searching for sea glass  http://www.armorphoto.com/the-way-we-were/2013/8/3/searching-for-sea-glass …"},{"index":"36431649868615680","data":"On the beach http://post.ly/1by08"},{"index":"3646058037","data":"Africa http://bit.ly/Ok3qG A test of Zenfolio...."},{"index":"36869220415438848","data":"South Ferry Church http://post.ly/1cKHP"},{"index":"363669638996967425","data":"Gathering Sea Glass http://flic.kr/p/fnhnTd "},{"index":"36910530144768000","data":"Winter \"flower\" on Indian lake http://post.ly/1cMKb"},{"index":"3781531688509440","data":"The lure of the curve http://post.ly/1CGJq"},{"index":"371652970439774208","data":"I liked a @YouTube video http://youtu.be/BPc2fcxOUxE?a  Shakespeare, \"As You Like It \", Act 2 Scene 7, Jaques: \"All the world's a stage\" -"},{"index":"37844271423815680","data":"Cloud painting http://post.ly/1d3TB"},{"index":"381860289987104768","data":"pic.twitter.com/ewiQtQ97f6"},{"index":"37982461891842048","data":"On thin ice http://post.ly/1dAXK"},{"index":"38922102048428032","data":"Moon beam silhouette http://post.ly/1drL4"},{"index":"40019506764066816","data":"Looking at the London Plane Tree http://post.ly/1egSD"},{"index":"38954669636063233","data":"MailChimp Customer Stories: The roasters at Batdorf & Bronson show how coffee is roasted and how they measure success. http://www.mailchimp.com/about/customer-stories/batdorf-and-bronson/ …"},{"index":"4010182979878912","data":"More Texture Overlays http://post.ly/1CQGJ"},{"index":"4018349162","data":"Just uploaded 104 new photos to my Zenfolio \"The Covered Wagon Ranch Experience\" gallery: http://jandarmor.zenfolio.com/p931176573/"},{"index":"404207232034037760","data":"Iphonography  http://www.armorphoto.com/the-way-we-were/2013/11/23/iphoneography …"},{"index":"406057273245442049","data":"Scarecrows Hang Out - Now showing at DeBlois Gallery in Newport pic.twitter.com/EreVzlKtjb"},{"index":"406748610651783168","data":"My Little Brother  http://www.armorphoto.com/the-way-we-were/2013/11/30/my-little-brother …"},{"index":"406059940600504322","data":"The public pier a la IPhone and Snapseed pic.twitter.com/H0LXIACdAS"},{"index":"406749494785503234","data":"Binoculars. Neither can say the word but both loved to look through them. pic.twitter.com/mTXeaxtxNW"},{"index":"406283008824446976","data":"A windy day at Narragansett Beach pic.twitter.com/RPKB8AW1gS"},{"index":"407027009018015744","data":"Indian Lake landscape pic.twitter.com/Hr704ksB5x"},{"index":"409126860048850944","data":"Silver circle new loco Middletown. Come!"},{"index":"410170343379439616","data":"Just now playing with tweeter, not sure why either..."},{"index":"409872647174901761","data":"Parking loot sunset Image created with #Snapseed pic.twitter.com/xtX6Pr1EAn"},{"index":"410499298237743104","data":"New print available on http://1-david-gordon.artistwebsites.com ! - 'Cape Cod Canal Bike Path' by Dave Gordon - http://1-david-gordon.artistwebsites.com/featured/cape-cod-canal-bike-path-dave-gordon.html … via @fineartamerica"},{"index":"410930324151865344","data":"Garden City pic.twitter.com/H7T5trRt6E"},{"index":"411710851973120000","data":"The silver circle in 3-D http://instagram.com/p/h42SK_Ru_H/ "},{"index":"410930409203978240","data":"Garden City landscape pic.twitter.com/uLqZFSPEhG"},{"index":"411717008699711488","data":"Klimt re-visited http://instagram.com/p/h45FW3xuyW/ "},{"index":"411836965885984768","data":"Great job at Artscile and the arts project. Happy Holidays."},{"index":"411839665852133376","data":"Holiday shopping  http://www.armorphoto.com/the-way-we-were/2013/12/14/holiday-shopping …"},{"index":"411836668778274816","data":"@AlexisTryon Great job at Artscile, Alex, and kudos for your Santa project! You're making a difference."},{"index":"415118059440197633","data":"Two Trees, Narragansett, R.I. http://flic.kr/p/ixtVRq "},{"index":"415119252484784128","data":"Foggy day trees in Narragansett, R.I.  http://www.armorphoto.com/the-way-we-were/2013/12/23/foggy-day-trees-in-narragansett-ri …"},{"index":"414808980360544257","data":"Guess who's making cookies today ho ho http://instagram.com/p/iO3JlKxu85/ "},{"index":"411840714939850752","data":"iPhones are magic  http://www.armorphoto.com/the-way-we-were/2013/12/14/iphones-are-magic …"},{"index":"415583713398104064","data":"Sunset Santa, hear the bells??? http://flic.kr/p/izsMhn "},{"index":"418776668069953536","data":"Inspiration 2014  http://www.armorphoto.com/the-way-we-were/2014/1/2/inspiration-2014 …"},{"index":"41923284090109952","data":"6 AM, looking up and down Indian Lake http://post.ly/1g8zj"},{"index":"417152739320557569","data":"I liked a @YouTube video http://youtu.be/OsYa6xGl7eg?a  La noyée , Serge Gainsbourg"},{"index":"419528274365394944","data":"Ri Island Nurseries Greenhouses http://flic.kr/p/iUSVs8 "},{"index":"419642187761348609","data":"sea gull sea wall http://flic.kr/p/iVAGtP "},{"index":"419643068804268035","data":"ballet http://flic.kr/p/iVAXCX "},{"index":"42264405278334976","data":"Three Trees, Colt Park http://post.ly/1gOSb"},{"index":"42267701443436544","data":"Time to update this old picture..."},{"index":"43627176628727808","data":"Signs of spring http://post.ly/1hRfG"},{"index":"44803453020676097","data":"Spring thaw http://post.ly/1iMPu"},{"index":"44388436815261696","data":"Number Twelve http://post.ly/1i1rS"},{"index":"44878635500445697","data":"Sones http://post.ly/1iQo2"},{"index":"45807506794090497","data":"Final flakes http://post.ly/1jAnm"},{"index":"48925666070102016","data":"Magic Moon http://post.ly/1lqHj"},{"index":"49910573848203264","data":"Woman at the Well- Zimbabwe http://post.ly/1mgr7"},{"index":"48852324873015296","data":"Good catch! http://post.ly/1lmMZ"},{"index":"49447860743307264","data":"Hypnotic Moon http://post.ly/1mHLB"},{"index":"45965948246700032","data":"Black Point http://post.ly/1jJRm"},{"index":"51236762290372608","data":"early morning at Black Point http://post.ly/1nd4z"},{"index":"51950428828606465","data":"A FreeRide http://post.ly/1oCC4"},{"index":"50759528395976704","data":"Three Woman - Zimbabwe http://post.ly/1nDb7"},{"index":"50609704702971904","data":"Spring Art Matters newsletter http://conta.cc/g3wn07 via #constantcontact"},{"index":"52323079371767809","data":"Classroom, Botswana http://post.ly/1oTh7"},{"index":"5311104506","data":"The Lake House is a done deal! Time for that dinner at DeWolfe. Linda, get ready:  http://www.jandarmor.com/gallery3/index.html"},{"index":"5330351118","data":"Figure, in blue http://flic.kr/p/7c2YLN"},{"index":"52551885063864320","data":"A landscape like no other on earth... http://post.ly/1oguT"},{"index":"5330366626","data":"sheila-Infrared portrait http://flic.kr/p/7c2NFN"},{"index":"54550217990737920","data":"Assignment: A self portrait http://post.ly/1qRr6"},{"index":"54890264145305600","data":"Test the speed of you website pages here:\nhttp://www.newmediaphotographer.com/tag/speed-testing/"},{"index":"5330759128","data":"Your thoughts? - Is it safe to post children's images on online photo sites? http://j.mp/3ecudc"},{"index":"55583771071746048","data":"Clearing sky of Indian Lake http://post.ly/1rI7B"},{"index":"56028512028594177","data":"Fine architecture http://post.ly/1rfUa"},{"index":"55130396601499648","data":"My Dynamic Duo http://post.ly/1qusX"},{"index":"5336895605","data":"Good evening on this Thursday game two ..the Yankees need to win tonight or its over for them they keep telling me...ah,ah too bad"},{"index":"56346811706781697","data":"We don't miss much... http://post.ly/1rvP8"},{"index":"56360671121653760","data":"Horizons, an upcoming assignment http://post.ly/1rwBo"},{"index":"56765089298137088","data":"Granddaughters at Lacrosse http://post.ly/1sFsQ"},{"index":"57394139536433152","data":"Signs of Spring http://post.ly/1sjBp"},{"index":"5760440600633344","data":"@photovietnam Great shots of Vietnam. Been there in the 60's, in uniform many years ago."},{"index":"58847865191153664","data":"Twilight on the lake http://post.ly/1tvcP"},{"index":"58246084924936192","data":"A tree for all seasons http://post.ly/1tRRa"},{"index":"57089503575293952","data":"Raptors http://post.ly/1sUvf"},{"index":"59718651145748480","data":"Untitled 417 http://post.ly/1uaOy"},{"index":"59361085974777856","data":"Assignment: Seeing everyday objects in a new light http://post.ly/1uKJG"},{"index":"63333108270891009","data":"I just downloaded a free report: The 2011 Inspiration Handbook from @photoshelter http://bit.ly/PS2011INSPIRE"},{"index":"61867455005462529","data":"Almost swept away http://post.ly/1wGFl"},{"index":"61439289698942976","data":"Encaustic by Kathy Armor http://post.ly/1vvOX"},{"index":"6464627814703105","data":"I uploaded a YouTube video -- Overlaid 1 http://youtu.be/yf3oQju8ZqI?a"},{"index":"63659917759873025","data":"Silhouettes http://olli-uri.posterous.com/silhouettes "},{"index":"64656438924029953","data":"A tree for all seasons, Spring http://post.ly/1yUM8"},{"index":"65759313024663552","data":"Cormorant, http://post.ly/1zNJ4"},{"index":"65388766696718336","data":"Cormorant http://post.ly/1z4yk"},{"index":"65760057794625536","data":"Cormorant, another view http://post.ly/1zNKY"},{"index":"63348681138638848","data":"Plane Returned to Gate and Delayed 2.5 Hours After 3 Passengers Take Pictures http://www.petapixel.com/2011/04/25/plane-returned-to-gate-and-delayed-2-5-hours-after-3-passengers-take-pictures/ … via @petapixel"},{"index":"6653247926308864","data":"Texture Overlay Tutorial http://post.ly/1ERpd"},{"index":"6655853461508096","data":"I subscribed to charleneofdomus's channel on YouTube. http://www.youtube.com/user/charleneofdomus?feature=autoshare"},{"index":"67920082084433921","data":"First light, Long Beach Island http://post.ly/21AAe"},{"index":"6657277905862656","data":"I subscribed to jaslangston's channel on YouTube. http://www.youtube.com/user/jaslangston?feature=autoshare"},{"index":"68622473175908352","data":"Fantasy island http://post.ly/21laW"},{"index":"67924337725943808","data":"Center City Reunion http://post.ly/21AVm"},{"index":"68623906969362432","data":"Painting with light http://post.ly/21le6"},{"index":"69363305751388161","data":"Early morning walk on the beach http://post.ly/22Puh"},{"index":"7052974484365312","data":"Texture Overlay Instructional Video http://post.ly/1EmSY"},{"index":"7172092914","data":"just another (spectacular) sunset http://post.ly/GZnA"},{"index":"7036722059681792","data":"Lady Liberty Texture overlay http://post.ly/1ElUT"},{"index":"7069549581041666","data":"I uploaded a YouTube video -- OVERLAID.mov http://youtu.be/NkVqglDTUgE?a"},{"index":"72778375340621824","data":"Waterfire, Friday, June 3rd http://post.ly/25ZgP"},{"index":"7419506892742656","data":"Another sunset http://post.ly/1F5JW"},{"index":"77363577404665857","data":"Pond Scum early AM http://post.ly/29nzU"},{"index":"76689889940353025","data":"Taking the plunge http://post.ly/29C7b"},{"index":"74260087996289024","data":"Floating http://post.ly/26yGX"},{"index":"77712593476792320","data":"coming in for a landing http://post.ly/2A9AS"},{"index":"76697212524052481","data":"Dorset Quarry http://post.ly/29Ccs"},{"index":"78220418321891328","data":"Getting ready for the 4th http://post.ly/2AgET"},{"index":"80602929219911680","data":"Walk, Don't Run http://post.ly/2D4fy"},{"index":"80307797102833664","data":"Summertime... http://post.ly/2Clzs"},{"index":"79653893029629952","data":"In loving memory of Diane, travel companion to all of us. http://post.ly/2C8LF"},{"index":"81399150960324608","data":"Newport Photo Guild shoot off http://post.ly/2DvSF"},{"index":"80947482309300224","data":"selected Travel Workshop images http://post.ly/2DRQM"},{"index":"8231524402","data":"Ice fishing on the lake, just before the thaw.\n\nhttp://www.flickr.com/photos/janthephotoman/"},{"index":"8231559586","data":"New shot on the ice at my Zenfolio site: \nhttp://jandarmor.zenfolio.com/"},{"index":"82903439402737664","data":"Aired Out http://post.ly/2FcQe"},{"index":"83556029463404544","data":"The Glass Hummingbird Feeder http://post.ly/2GFcJ"},{"index":"84011643616509953","data":"Revisiting The Big Buddha http://post.ly/2GiM1"},{"index":"81475740746522624","data":"Newport Photo Guild shoot off http://janthephotoman.posterous.com/newport-photo-guild-shoot-off … via @jandarmor"},{"index":"84741996278841344","data":"Alms for the poor http://post.ly/2HRqf"},{"index":"84225811191824384","data":"More Buddhas in Myanmar 0Burma) http://post.ly/2GvXk"},{"index":"8509991000","data":"Infinite abstractions across the surface...The Ice on Indian Lake http://bit.ly/d9J8Ye"},{"index":"81710827018788864","data":"The colors of Hazard http://post.ly/2EFNb"},{"index":"8511051235","data":"It is always changing, and light fills the cabin. The many moods of Indian Lake http://bit.ly/cFpTgu"},{"index":"8595760078","data":"I just downloaded the SEO Cookbook for Photographers from @photoshelter http://bit.ly/mZvc2"},{"index":"85628492682756096","data":"A real big meal http://post.ly/2ILbg"},{"index":"88387905298509825","data":"Snug Harbor 4th http://post.ly/2LCzH"},{"index":"8675650972","data":"I've updated my gallery entitled \"Indian Lake Light\"  http://bit.ly/9Q5Ate"},{"index":"8602773820","data":"Check out my Lake Light gallery http://bit.ly/9Q5Ate"},{"index":"8958413728","data":"Love it and hate it, and can't stop photographing it!.\nWinter Snow Storm in Wakefield, RI http://bit.ly/ahKiR4"},{"index":"90035643555655680","data":"Sunrise http://post.ly/2N3Nh"},{"index":"85462975124742145","data":"A spider's Big Mac http://post.ly/2IAnl"},{"index":"9004537818","data":"An amazing sunset last night, with geese the stars of the show.  The many moods of Indian Lake http://bit.ly/azlmxD"},{"index":"9180160185","data":"Just uploaded 9 new photos to my Zenfolio \"Winter Snow Storm in Wakefield, RI\" gallery: http://jandarmor.zenfolio.com/p1025131382/"},{"index":"9140998967","data":"Winter in Rhode Island\nhttp://www.armorphoto.blogspot.com/"},{"index":"9199446610","data":"Today it was magical in Goddard Park, the ancient Oaks dressed in Storm White."},{"index":"92352183550476288","data":"Now showing at South County Art Association Juried Exhibition http://post.ly/2VDKF"},{"index":"9279990134","data":"Just joined up at Art Walk. Take a look!\n\nhttp://art-walk.ning.com/profile/JanArmor?xg_source=profiles_memberList"},{"index":"9293414595","data":"Just joined http://art-walk.ning.com and posted a few recent images. Take a looksee."},{"index":"9330226255","data":"Change you can believe in http://post.ly/Od9a"},{"index":"9199186772","data":"Just uploaded 4 new photos on Create Rhode Island http://ning.it/bzx8gj"},{"index":"9330490719","data":"Just uploaded a new photo on Create Rhode Island http://ning.it/agtgKO"},{"index":"92041097756418049","data":"one day post op, great to be alive http://post.ly/2UBZr"},{"index":"9387574766","data":"Dawn on Indian Lake http://post.ly/OoX3"},{"index":"9426701506","data":"Matuneck Beach, South County, RI http://post.ly/Ovhi"},{"index":"9391987409","data":"Just uploaded a new photo on Create Rhode Island http://ning.it/cELSvZ"},{"index":"9472778945","data":"Feeling like spring??? http://post.ly/P412"},{"index":"9429406204","data":"Just uploaded a new photo on Create Rhode Island http://ning.it/9BY0Ln"},{"index":"94758447832252416","data":"Sculpture by Lisa May Tobin http://post.ly/2bPNT"},{"index":"95069032029495296","data":"Newport Photo Guild Picnic http://post.ly/2c4OF"},{"index":"9522174604","data":"Checking out \"Prayer-wheel-Lhasa-Tibet\" on #Artwalk: http://ning.it/bO0Lzw"},{"index":"95671547720765441","data":"The very last light http://post.ly/2dHgg"},{"index":"9522731527","data":"So little time... http://post.ly/PCe4"},{"index":"9572422015","data":"All tied up in knots. http://post.ly/PM1q"},{"index":"96175945597206528","data":"Storm passing at sunset http://post.ly/2eQkS"},{"index":"9821663874","data":"Perfection http://post.ly/QAjA"},{"index":"9821780360","data":"Duck Days http://post.ly/PhNQ"},{"index":"9871807891","data":"Transformations http://post.ly/QMOz"},{"index":"98698616901861376","data":"Check this video out -- Elections Won't Fix This http://www.youtube.com/watch?v=5031Vk1xWWA&feature=share … via @youtube"},{"index":"100295606651727872","data":"Check this video out -- Debloiis Member Show.mov http://www.youtube.com/watch?v=_0Ud1gctWE0&feature=share … via @youtube"},{"index":"9972194835","data":"Longing http://post.ly/QjD9"},{"index":"100541151106449408","data":"Where has America gone? http://post.ly/2o6HY"},{"index":"10021095838","data":"Hoping http://post.ly/QuIg"},{"index":"10128708771","data":"Four Abstracts, Indian Lake http://post.ly/RJ4Q"},{"index":"10167773031","data":"Like Weeds http://post.ly/RRqg"},{"index":"10115394850","data":"Ian has learned \"mine!\""},{"index":"102125495839232000","data":"Getting Stoned in Vermont http://post.ly/2rhdA "},{"index":"102423272393678848","data":"Gimpy legged Cormorant http://post.ly/2sKwO "},{"index":"10268046516","data":"Contrails http://post.ly/RsgJ"},{"index":"103018255119159296","data":"Socializing the kitty kats http://post.ly/2tXFh "},{"index":"103016145233248256","data":"Just made a video on Animoto called \"Volunteering at The Potter League\" http://animoto.com:80/s/Q2NdY5MG0Lj1Q4LvCod0eganimoto.com/s/Q2NdY5MG0Lj1 …"},{"index":"10266433588","data":"@lenkalandThanks so much. Good luck with your podcast. Great Web site... wonderful family!"},{"index":"10306479689048064","data":"I liked a YouTube video -- Split Toning in Lightroom http://youtu.be/7WLD8KLS-CE?a"},{"index":"103021446929973249","data":"Leapfest http://post.ly/2tXY3 "},{"index":"10306554980995072","data":"Great little video... Thanks so much!!! (YouTube http://youtu.be/7WLD8KLS-CE?a)"},{"index":"10319009681510402","data":"I liked a YouTube video -- Lightroom tutorial Selective colouring http://youtu.be/fUID64bquHw?a"},{"index":"103792708551835648","data":"Cormorant #3 http://post.ly/2uwDY "},{"index":"10368258369","data":"Windows and doors in Ireland http://post.ly/SIqt"},{"index":"103245319772438528","data":"Just made a video on Animoto called \"Deblois Members Show\" http://animoto.com:80/s/Nur4VxPFCaqI38Ek4Amsgganimoto.com/s/Nur4VxPFCaqI …"},{"index":"10419577638","data":"Texture overlays http://post.ly/SVoe"},{"index":"104164933700304896","data":"Photo “Cormorant” by janarmor  http://500px.com/photo/1631280  via @500px"},{"index":"10319012504272897","data":"Good show!!! (YouTube http://youtu.be/fUID64bquHw?a)"},{"index":"10468303069","data":"Just uploaded a new photo on Create Rhode Island http://ning.it/cUmEFV"},{"index":"104883019755696128","data":"Photo “The Eleventh” by Jan Armor (@jandarmor) http://500px.com/photo/1650763  via @500px"},{"index":"105267649289785345","data":"@InspireMyPhotos Nice work!!!"},{"index":"10524449027","data":"Lady in waiting http://post.ly/SxqB"},{"index":"10512698922","data":"@johnathan360 great Web site, greater blog! Thanks!!!!"},{"index":"104883934709547008","data":"Photo “Shadow Shot, Martha's Vineyard” by Jan Armor (@jandarmor) http://500px.com/photo/1650676  via @500px"},{"index":"10564015767","data":"A Place For... http://post.ly/T9C2"},{"index":"105356541447774208","data":"Fool's Rules http://post.ly/2x1HL "},{"index":"10467530888","data":"A Time For http://post.ly/Shj1"},{"index":"106760488054034432","data":"Untitled http://post.ly/2zM1X "},{"index":"10564394048","data":"Just uploaded 2 new photos on Create Rhode Island http://ning.it/dxAxZN"},{"index":"10717763256","data":"Gifts from Canada http://post.ly/Tsa1"},{"index":"10635535422","data":"Ruffled feathers http://post.ly/TUJN"},{"index":"10865247999","data":"Waiting for the dawn http://post.ly/UYjT"},{"index":"10770615614","data":"Along The Seawall http://post.ly/U8Hi"},{"index":"10817136265","data":"It's Spring On Indian Lake, and love is in the air http://post.ly/UL8w"},{"index":"107491552846286849","data":"IRENE-Report from Rhode island http://post.ly/30Q1F "},{"index":"10867892548","data":"An hour later http://post.ly/UZfO"},{"index":"110066787672006656","data":"The calm before Irene http://post.ly/34Zn1 "},{"index":"110976462881951745","data":"@Aleksandra_RI Love that picture!!!"},{"index":"11082979890","data":"Abstractions http://post.ly/Vbhj"},{"index":"10973838528","data":"Swan Lake http://post.ly/V6EE"},{"index":"11031611038","data":"along The Seawall http://post.ly/VNbs"},{"index":"110976541311250433","data":"@Aleksandra_RI You look strangely familiar..."},{"index":"10922741570","data":"rain, mud, gloom on the lake http://post.ly/UqFV"},{"index":"110977418981937152","data":"@Aleksandra_RI Cute photo up there left corner..."},{"index":"110977280024645632","data":"@Aleksandra_RI B---follow me on G+. And how about that video???"},{"index":"11194730595","data":"Sunday Going To Meeting http://post.ly/W5oB"},{"index":"11246530239","data":"A little masterpiece http://post.ly/WJzH"},{"index":"112500609277636608","data":"@Aleksandra_RI From Mendocino... Hi, B. Will put it up and make you a star for 1 wk. onlt. As Alex."},{"index":"11142353072","data":"Reaching... http://post.ly/Vr1m"},{"index":"11314985773","data":"Deluge http://post.ly/Wbtb"},{"index":"11303136635","data":"faded photographs http://post.ly/WYsp"},{"index":"11418690768","data":"Working title is \"Intersection\" http://post.ly/WzhE"},{"index":"11461342728822784","data":"AFour Season Tree and a Jamestown Christmas http://post.ly/1IGLE"},{"index":"11474967265","data":"Last night http://post.ly/XEjH"},{"index":"11361966540","data":"The headline read \"SWAMPED\" http://post.ly/WkPW"},{"index":"11529122326","data":"reflections http://post.ly/XTXf"},{"index":"115897059403501568","data":"The California Trip video http://post.ly/3HcY5 "},{"index":"115899573528035328","data":"Ferndale, California http://post.ly/3Hcoi "},{"index":"115899032936792065","data":"Sonoma, California http://post.ly/3Hcka "},{"index":"115900267794403328","data":"The Mother of all sun sets... Mendocino Headlands http://post.ly/3HctA "},{"index":"115901198426570752","data":"Some headshots for Barbara http://post.ly/3Hcxr  via @jandarmor"},{"index":"115900788882153473","data":"Untitled http://post.ly/3Hcxr "},{"index":"11597034916","data":"Rites of Spring http://post.ly/XlQF"},{"index":"11634727261","data":"Easter sunset http://post.ly/XvqL"},{"index":"11693084755","data":"Last night http://post.ly/YCCH"},{"index":"117285790433820672","data":"Haight Ashbury portrait http://post.ly/3KoVL "},{"index":"115902041372631040","data":"@Aleksandra_RI Your video is up. Show it to all your friends!  \nHad great vacation. Check out our vacation tweet."},{"index":"11761873783","data":"Floating http://post.ly/YVVV"},{"index":"11807456682315776","data":"Rock and Wood-Nova Sotia http://post.ly/1IX5P"},{"index":"11692803723","data":"Glorious http://post.ly/YC70"},{"index":"118113660492185601","data":"Yet another budding soccer star http://post.ly/3Mi0p "},{"index":"11821623833264129","data":"Check out this gallery: Nova Scotia on @photoshelter http://bit.ly/h20JdZ"},{"index":"118700146455347201","data":"tiny jewels http://post.ly/3O8Zg "},{"index":"11821495714062336","data":"Check out this gallery: Buenos Aires on @photoshelter http://bit.ly/fNTz71"},{"index":"119829978727723009","data":"@ianplantphoto  Nice work, Dude. Like you statement too.... made me smile!"},{"index":"119189887453888512","data":"Fleeting Heron http://post.ly/3PIh9 "},{"index":"11874980111","data":"Volunteering http://post.ly/Z0Gu"},{"index":"11988895265","data":"Ah, Spring! http://post.ly/ZVMK"},{"index":"12039122887","data":"Please adopt me http://post.ly/ZkI0"},{"index":"12152337619492864","data":"A little bit of Scotland.... http://post.ly/1Iovh"},{"index":"12215636643","data":"Mirror, mirror http://post.ly/aazV"},{"index":"121214483304685569","data":"First light on the lake http://post.ly/3Tgo1 "},{"index":"12193034337","data":"First light http://post.ly/aV7d"},{"index":"12275394867","data":"self portrait, reworked http://post.ly/aqZM"},{"index":"12397393682","data":"The Artist is Present http://post.ly/bKzK"},{"index":"122646536818667520","data":"@fra_aresta Great style... love your work"},{"index":"12276510776","data":"self portrait, reworked http://post.ly/aqvf"},{"index":"12570636543","data":"Necking http://post.ly/c41w"},{"index":"12758173317","data":"Look and Feel http://post.ly/cpYe"},{"index":"128583444488921088","data":"Being twelve http://post.ly/3hBjV "},{"index":"12817748676","data":"Lemonade Inc. http://post.ly/d3BU"},{"index":"12942659798","data":"\"Fill it up\" http://post.ly/dXpa"},{"index":"12999559949","data":"So many moods http://post.ly/dkrN"},{"index":"129028933231456256","data":"Chiaroscuro...Salve Regina http://post.ly/3hsul "},{"index":"130590385289437184","data":"The Flying Granddaughters http://post.ly/3kYsx "},{"index":"13063589410","data":"A band of fire http://post.ly/dwfc"},{"index":"13127446366","data":"Blue moon http://post.ly/eDDj"},{"index":"12975824273674240","data":"Scottish Highland Games http://bit.ly/exn99P"},{"index":"13181440913","data":"tiptoeing through the tulips http://post.ly/eM0X"},{"index":"132525695707516929","data":"Providence Preservation Society Endangered Properties http://post.ly/3nm6E "},{"index":"132539790942941184","data":"My Daughter, The Yoga Instructor http://post.ly/3nnYG "},{"index":"13343796196544512","data":"Lake District and more http://post.ly/1Jo2E"},{"index":"13300955982","data":"New Glory http://post.ly/edWk"},{"index":"13362053758590976","data":"The Druids were here....  http://bit.ly/fFlAZx"},{"index":"133526630999134208","data":"Bittersweet Remembrance http://post.ly/3pF5g "},{"index":"13364796153921536","data":"Check out my United kingdom - The Lake District gallery http://bit.ly/gDTYF4"},{"index":"134256265974136832","data":"sunset on the lake http://post.ly/3qzr7 "},{"index":"13364836485","data":"Floating in a sea of clouds http://post.ly/emgA"},{"index":"134275140258250752","data":"The light on Indian Lake http://post.ly/3r1jF "},{"index":"134626546349645825","data":"Floating http://post.ly/3rdIL "},{"index":"134966712360636416","data":"Always look back http://post.ly/3sDZM "},{"index":"135324431424815104","data":"Jan's Favorite Trees at Rosecliffe http://post.ly/3skfI "},{"index":"12726899863","data":"Gentle rain http://post.ly/chs0"},{"index":"13600445394067456","data":"Another redhead! http://bit.ly/ekU9I6"},{"index":"135784173792264192","data":"11.11.11 in Wakefield http://post.ly/3tLXH "},{"index":"13616177787969536","data":"Seen in Great Britain and Scotland http://post.ly/1K048"},{"index":"136440372619526144","data":"First Bald Eagle spotted in our backyard http://post.ly/3uK6w "},{"index":"13661809866","data":"Like this flag in the wind, http://post.ly/fLIw"},{"index":"137302257459933184","data":"Never forget... http://post.ly/3w4uG "},{"index":"13720946143","data":"The West Wind http://post.ly/fS6q"},{"index":"137372689441636353","data":"Breakfast on the lake http://post.ly/3wBjx "},{"index":"137381034311434240","data":"Fly By http://post.ly/3wCX1 "},{"index":"137597430605688832","data":"Un-lucky ducks http://post.ly/3wZAT "},{"index":"137893451604828160","data":"Lucky Ducks today... http://post.ly/3x0MK "},{"index":"1380603962327040","data":"Transformers http://post.ly/1AW5r"},{"index":"138461770451910657","data":"Seasons with feeling http://post.ly/3xnl5 "},{"index":"138451619531603969","data":"A change of seasons http://post.ly/3xmks "},{"index":"13908957076","data":"6 AM http://post.ly/fp1A"},{"index":"13973383859408896","data":"Spectacular sculpture- Blenheim Garden, home of Winston Churchill http://bit.ly/eBRHP5"},{"index":"13974480459","data":"Another kind of digital photography http://post.ly/fyvI"},{"index":"13980237201","data":"Light in the tunnel-- Check out this cool photo http://bit.ly/aITMG5"},{"index":"13621206594879488","data":"On the road, again... http://post.ly/1K0Iy"},{"index":"14000438764371968","data":"Nice Black and White!  http://www.recave.com/2010/06/50-stunning-black-and-white-photos/"},{"index":"140060520052047873","data":"Happy Thanksgiving http://post.ly/41Ifg "},{"index":"13931767190790145","data":"Blenheim, Winston Churchill's birth place, in infrared http://post.ly/1KDoO"},{"index":"140314623818739712","data":"Sandpipers on the shore http://post.ly/42DYA "},{"index":"14005768265138176","data":"We're geting itchy feet... http://janthephotoman.posterous.com/lake-district-and-more … via @jandarmor"},{"index":"140316147441602560","data":"Sandpipers on the shore... http://post.ly/42Drp "},{"index":"140759240833892352","data":"Takeoff http://post.ly/43Qoq "},{"index":"140293290036699136","data":"Narragansett Beach, November 25nd, 2011 http://post.ly/428Sc "},{"index":"14032433470","data":"And a family make three... http://post.ly/g626"},{"index":"142938733656801281","data":"When the sky meets the water http://post.ly/48pVn "},{"index":"14245926460","data":"Best of times http://post.ly/gVEO"},{"index":"141129166304198657","data":"Pink dawn 6:59 am http://post.ly/445g6 "},{"index":"143334116568481794","data":"ripples in the pond http://post.ly/49pAg "},{"index":"14359080144","data":"contrails http://post.ly/gid8"},{"index":"14427982928027648","data":"@RKeechPhotoThanks for the follow! Good luck on your fashion shoot."},{"index":"141478550342606849","data":"Another sunset http://post.ly/44eaa "},{"index":"145106341063692289","data":"Glorious moon set http://post.ly/4Crr9 "},{"index":"14507732363116544","data":"The Scottish Highlands  http://bit.ly/dJlWXy"},{"index":"14467576293756928","data":"The Island of Skye is no misnomer... http://post.ly/1Kdow"},{"index":"14614989884","data":"I can see clearly now http://post.ly/hAaZ"},{"index":"145873351582302208","data":"Death from above http://post.ly/4FeTv "},{"index":"146203305452908544","data":"The fall of the light http://post.ly/4IKkX "},{"index":"146924882398154752","data":"Mendocino Sunset http://post.ly/4JY5l "},{"index":"147736305055440896","data":"On their way south… black snowbirds. http://post.ly/4M3wq "},{"index":"147284231435993088","data":"Beginning a new documentary http://post.ly/4LBcc "},{"index":"14465387819175936","data":"I told this guy to not feed the pigeons!  http://bit.ly/fdEhb7"},{"index":"148005928912961536","data":"Another \"Dirty Picture\" http://post.ly/4MYMW "},{"index":"14760059733","data":"Memories of Long Beach Island http://post.ly/hQiK"},{"index":"148080567873835009","data":"Check this video out -- 90 Second California.mov http://www.youtube.com/watch?v=MTiBS4L8H_s&feature=share … via @youtube"},{"index":"14902982889963520","data":"The trees along Hadrian's Wall http://post.ly/1Kzmh"},{"index":"14829737994","data":"Gathering storm http://post.ly/hY0A"},{"index":"149276939172052992","data":"Thailand, soundtrack by Amadeus Armor http://post.ly/4Ocbb "},{"index":"15015858816417792","data":"Along Hadrian's Wall, UK - http://bit.ly/gwJvg3"},{"index":"15016230469500929","data":"The isle of Skye http://bit.ly/dJlWXy"},{"index":"15040249225","data":"@Carsten_Peter\n\nFabulous work, Peter. You are a master of light.\n\nJan Armor"},{"index":"15040482057","data":"toward a distant shore http://post.ly/huHP"},{"index":"148787906398531586","data":"Once In A Blue Moon http://post.ly/4NsaE "},{"index":"150920712192933888","data":"Looking for Christmas diner http://post.ly/4Wmud "},{"index":"15099866054","data":"The Goose Wars http://post.ly/hzmI"},{"index":"15016704736239616","data":"Ah, the trees of Skye http://bit.ly/fbTjcM"},{"index":"151312911187443712","data":"Last Light, Christmas Night http://post.ly/4YJ1m "},{"index":"15171659530","data":"Westerly Art Fair http://post.ly/i5w2"},{"index":"151786775466090496","data":"Check this video out -- Explore the World of Birds and Biodiversity http://www.youtube.com/watch?v=2rqi8W00mUA&feature=share … via @youtube"},{"index":"153090911323176960","data":"Sunset on the lake http://post.ly/4egf8 "},{"index":"152433028755488768","data":"Dirty Pictures-- The Movie http://post.ly/4db8g "},{"index":"15316482710","data":"Changeable http://post.ly/iJRo"},{"index":"153685773827321856","data":"Seeing The Writing On The Wall http://post.ly/4fXuK "},{"index":"151665640703397888","data":"Mannequin http://post.ly/4aTq3 "},{"index":"153505532337078272","data":"HAPPY 2012 from First Light on Narragansett Beach http://post.ly/4fHLi "},{"index":"154186918442184704","data":"Winter might finally be here! http://post.ly/4gIvA "},{"index":"154570107320942592","data":"Heading south http://post.ly/4gzAg "},{"index":"154004923493781505","data":"Incoming Tide, Narragansett Beach http://post.ly/4g1BR "},{"index":"155270672657039360","data":"Lightroom Classes at NAM http://post.ly/4iN8z "},{"index":"154899215661797377","data":"Senior portraits http://post.ly/4haY8 "},{"index":"155406419057840128","data":"Another Wow! -- January 6th, 2012 at 4:48 PM http://post.ly/4ioXh "},{"index":"15547469534339073","data":"The 10 Most endangered properties, in Providence, RI, including the Wedding Cake House \n http://www.armorphoto.com/endangered/index.html"},{"index":"15548099984359424","data":"The \"Most Endangered\" properties in Providence, RI http://post.ly/1LXP7"},{"index":"155684432387387395","data":"Variations on a theme http://post.ly/4jovc "},{"index":"156235187909439488","data":"Dingy, Indian Lake http://post.ly/4l8wt "},{"index":"154892090629832705","data":"Check this video out -- She's Alive... Beautiful... Finite... Hurting... Worth Dying for. http://www.youtube.com/watch?v=nGeXdv-uPaw&feature=share … via @youtube"},{"index":"156531971105882112","data":"Five Smooth Stones http://post.ly/4lu8Q "},{"index":"156384396994297858","data":"Another Dawn On The Lake http://post.ly/4lWkR "},{"index":"15718538063","data":"Tears on our Peonies http://post.ly/ir7K"},{"index":"156838046556356608","data":"Angry Birds http://post.ly/4mo8q "},{"index":"157221893513019392","data":"The Indian Lake Eagles -- Chapter Three http://post.ly/4no9P "},{"index":"157222560931647488","data":"The Indian Lake Eagles -- Chapter One http://post.ly/4noG9 "},{"index":"157222310586232832","data":"The Indian Lake Eagles -- Chapter Two http://post.ly/4noDb "},{"index":"158296450168664064","data":"Bird On A Wire http://post.ly/4qMQK "},{"index":"15845048738","data":"floating in an abstract painting http://post.ly/j3Lb"},{"index":"157221307233218560","data":"The Indian Lake Eagles -- Chapter Four http://post.ly/4no3Q "},{"index":"15889220953","data":"Check out this gallery: Sunrise, sunset on Indian Lake on @photoshelter http://bit.ly/aYk1XO"},{"index":"158941240870707200","data":"I uploaded a @YouTube video http://youtu.be/zaokk-hjLFg?a  Surfers in Motion"},{"index":"159247292870836228","data":"South Ferry Church, First Snow http://post.ly/4sHIk "},{"index":"159297161161478144","data":"Very useful... quick, easy, and accurate. Thanks a bunch!\n (@YouTube http://youtu.be/yjSDxEg-_zo?a )"},{"index":"157592568136347648","data":"All Wet http://post.ly/4olij "},{"index":"15941126459","data":"Don't mess with my chicks. http://post.ly/jBiU"},{"index":"159297697998835713","data":"I liked a @YouTube video http://youtu.be/yjSDxEg-_zo?a  Colorful New Stationery for \"Mail\"  - Mac OSX Lion"},{"index":"158557317632245761","data":"Horizons Are Timeless http://post.ly/4qqab "},{"index":"159005045457821696","data":"Eagle on Icee http://post.ly/4rlWR "},{"index":"16030053238","data":"Like a rock http://post.ly/jJMB"},{"index":"159623951935483905","data":"\"The Sculptor's Model\" http://post.ly/4t7rz "},{"index":"159614619059630080","data":"Loved the music, loved the images, but the words were very distracting. \n (@YouTube http://youtu.be/2iZpbN4ffEI?a )"},{"index":"160466020673396736","data":"A Wall Of Water http://post.ly/4upGZ "},{"index":"16067657436","data":"Eve--texture overlay http://post.ly/jMXN"},{"index":"161446519474626561","data":"Bald Eagles teaching the kids how to hunt. http://post.ly/4wmxX "},{"index":"1616527681921024","data":"The \"Transformers\" http://post.ly/1AdLE"},{"index":"162296418139242496","data":"Another Lightroom collection http://post.ly/4yoRw "},{"index":"160484601289117697","data":"Mock Surfer Poster http://post.ly/4urcw "},{"index":"162515413241049090","data":"Africa - the kids http://post.ly/4zLxZ "},{"index":"16274675529","data":"symbiosis http://post.ly/jemu"},{"index":"162668539713564673","data":"They would have stopped for Hip Hop. (@YouTube http://youtu.be/myq8upzJDJc?a )"},{"index":"160697397356396545","data":"Lightroom Explorations http://post.ly/4vERS "},{"index":"163232160856293376","data":"LYTRO Lightfield camera http://post.ly/50afa "},{"index":"163020963045318656","data":"Dirty Pictures in Africa http://post.ly/50GQ0 "}]