[{"index":"104907014005719040","data":"“@accesstourismnz: Older age groups increasingly connected http://bit.ly/lHx7vW  #seniors #boomers #access”"},{"index":"104739568699445249","data":"I wish there was a late night #drivingrange. I'm losing to many #golf balls I need more practice!"},{"index":"104744979972366336","data":"#Quotes from #work - \"you can't fix stupid\". Classic :)"},{"index":"104907592802893824","data":"@stevenbward has #twitter brought you any #matchmaker success?!"},{"index":"104745661546762240","data":"@RoyLew34 hook up some golf balls Roy! Thursday I lost 5!! Haha"},{"index":"106088178770907137","data":"If you're in #NYC right now and worried about the #earthquake today...check into #LosAngeles ; I hear #LA is beautiful this time of year"},{"index":"106011953704615938","data":"@tweeterrance hey stranger! Where've you been the past two years?!"},{"index":"104908411753349120","data":"#Nissan: Silver | #Ads of the World™ http://adsoftheworld.com/media/print/nissan_silver … via @adsoftheworld beautiful!!"},{"index":"104991940885487616","data":"“@pattistanger: Best way to get in shape is to have a #gym buddy!\" lets get to it @awdawn !!"},{"index":"106376830075932672","data":"@papgadgetcristi Join the #PadGadget iPad 2 accessory contest for a chance to win a leather Vintcase - http://bit.ly/nnh2g0 "},{"index":"107556755147464704","data":"@mx119 “@tonylib: saw your bro @ChieftainFB practice tonight”"},{"index":"106543151895945216","data":"@johnbiggs beautifully written article. “@web2feed: #SteveJobs: The End Of An Era http://bit.ly/puMJBf  via (@techcrunch)”"},{"index":"107557334674440192","data":"I miss @ChieftainFB Friday nights...."},{"index":"108983382570057728","data":"wishing I was at #dreamforce #CloudExpo"},{"index":"116234784652533760","data":"Eastern Iowa Airport the on #Yelp: Remember to grab your carry on in between flights! http://bit.ly/qVOcRo "},{"index":"117791581171499008","data":"Standing in the BRUTAL #longline at #fokt11...almost an hour..."},{"index":"119811604161368064","data":"Samsung announces the Series 7 all-in-one, its first desktop for the US market http://www.engadget.com/2011/09/30/samsung-announces-the-series-7-all-in-one-its-first-desktop-for/?a_dgi=aolshare_twitter … via @engadget"},{"index":"120320333650735104","data":"I checked in at Bluefin (7952 E Pacific Coast Hwy) on #Yelp http://bit.ly/aeYiFo "},{"index":"120650372447604736","data":"The Beachcomber on #Yelp: Park across the street! http://bit.ly/jlUmk9 "},{"index":"120650406173999104","data":"I checked in at The Beachcomber (15 Crystal Cove) on #Yelp http://bit.ly/antGDq "},{"index":"121008894968475648","data":"#ificoulddoitoveragain I would keep walking..."},{"index":"120984389634113537","data":"I checked in at John Wayne Airport (18601 Airport Way) on #Yelp http://bit.ly/dCv0fL "},{"index":"121009675004149760","data":"#iabmixx BBDO’s Simon Bond: Think of paid media as the \"first date\" - It’s all about the initial impression and connection"},{"index":"120978868600438784","data":"What just happened at #sna? Just some food for thought for #tsa ... Communication goes a long way. Just a simple #eta helps #crowdcontrol"},{"index":"121010177112682497","data":"7 Tips to Design a Good Effective Poster at DzineBlog.com - Design Blog & Inspiration http://dzineblog.com/2010/12/7-tips-to-design-a-good-effective-poster.html … via @dzineblog"},{"index":"123142239500238848","data":"@DannPetty wow I love your work! #inspirational"},{"index":"123143083046092800","data":"@alikramer Miss you Kramer =) Coffee / HH to catch up on the last couple years?!?"},{"index":"123142677813411840","data":"@JonMartone NYU Grad School!? Way to go  ~ That's awesome, Seattle lost a great one =)"},{"index":"121019508323385345","data":"#wtf Sprint scores #iPhone5 exclusive thanks to $20 billion deal with Apple? http://www.bgr.com/2011/10/03/sprint-guarantees-to-buy-over-20-billion-in-iphones-from-apple-launching-the-iphone-5-exclusively/ … via @BGR"},{"index":"123398988757078016","data":"Love Simple Pleasures #thoughtoftheday"},{"index":"123414045465387009","data":"I love my new #droid bionic!"},{"index":"123164557945483264","data":"high waisted cheetah print hotshorts and letterman's jacket... don't mind if i do. #andwedanced"},{"index":"123942081814208513","data":"why do all @facebook profiles look the same? why can't users customize? why don't they optimize based on our behavior?"},{"index":"125719699198717952","data":"Gonna carve #angrybirds #pumpkins ! Should be interesting!!"},{"index":"125719947585400832","data":"@lexidcross you saw Tyson beckford?!? Woman where?!?!"},{"index":"125720247574605825","data":"@NataliaVValle haha now that I'm not near campus , people just think I'm  ghetto :)"},{"index":"127006662979633153","data":"Google Adwords Redesign Looks Beyond Keywords http://pulse.me/s/2rzaL "},{"index":"127009526724571136","data":"5 Ways Apps Make #Salesforce Even More Valuable http://pulse.me/s/2qDFh "},{"index":"127175288261050369","data":"I checked in at CoCo & Co (5646 36th Ave SW) on #Yelp http://bit.ly/oq3ojN "},{"index":"128703657628798976","data":"Goodnight #atlanta #sweetdreams"},{"index":"128706912018644994","data":"Freedom series #Rampify"},{"index":"128811013872173056","data":"Name for this modular system could be... The Blue Series #Rampify #medtrade2011 #vgmmedtrade"},{"index":"128811409030127616","data":"@medtrade2011 help us get the word out! use #Rampify to tweet ideas for the name of our newly improved modular ramp system at #medtrade2011"},{"index":"128811838686244864","data":"Throw out your name ideas for our mod ramp system with #Rampify at #MedTrade"},{"index":"129774538295754752","data":"Way to go #rangers!! What a ball game!!"},{"index":"130383077955481600","data":"Love the #aflac #commercial with the heisman trophy! #NCAA"},{"index":"129774711235293184","data":"Life is a bias."},{"index":"130754144209350656","data":"@meganschmit So true! How have YOU been ms Schmit?"},{"index":"130780382101635073","data":"People who enjoy meetings should not be in charge of anything.  -Peter Drucker "},{"index":"130781042234753024","data":"i hate the proactive ads that say \"acne is OUT, clear skin is IN\". was acne ever \"in\"? it doesn't need to have a trend spin."},{"index":"130939001019449344","data":"@CamJGigandet there a #kravmaga in #Seattle!?"},{"index":"130940906588221440","data":"#HardestThingToDo is leaving what's comfortable to go after what's possible"},{"index":"130941545879846912","data":"Trick or #Tweet!! #Halloween on Monday should be banned - so #lame"},{"index":"130961780917813249","data":"@CoCoCoSeattle Trying to find an excuse to get a #blowout from Antonio! I'm thinking it'd be like #therapy - maybe I can expense it! =)"},{"index":"130939299897155585","data":"I hate getting #sick =( Can't stay asleep so why not #twitter...great start to the week.  Happy #halloween to me!"},{"index":"130962444947423233","data":"Everybody Is Beautiful. Good Trending Topic"},{"index":"133315931958018048","data":"4 Essential Facebook Page Apps to Improve Communication With Fans - http://on.mash.to/ulDMbo "},{"index":"133318560524140544","data":"“@HenkD3D: #Adobe #wine #video: http://goo.gl/XEO3q ” amazing talent! I'm truly amazed with your #design talents !!"},{"index":"133317149954551809","data":"http://www.californiahomedesign.com/blog/6-weeks-holiday-giveaways-enter-now#comment-1847 … #giveaway"},{"index":"139766656049217536","data":"I checked in at CoCo & Co (5646 36th Ave SW) on #Yelp http://bit.ly/v6oliM "},{"index":"141526137925943296","data":"Twitter Acquires Mobile Security Firm Whisper Systems http://mashable.com/2011/11/29/twitter-acquires-whisper-systems/ … via @Mashable"},{"index":"141380643404791808","data":"I checked in at Interbay P-Patch (2501-73 15th Ave W) on #Yelp http://bit.ly/upvflk "},{"index":"152917530074296320","data":"M.I.T. Game-Changer: Free Online Education For All - Forbes http://shar.es/Wu2Zc "},{"index":"153318634507337728","data":"Parking garages would be the worst place to be if there were a fire... #randomthought"},{"index":"153717886580568065","data":"http://www.metanamorph.com/present  #3d #streetart #design unreal 3d art you have to see!!"},{"index":"153717343829233664","data":"@ZeinaHamed hahaha zeina that's hilarious! Happy new years lovely!"},{"index":"154679877386256386","data":"Yahoo's New CEO: We Will Focus on Content and Technology http://adage.com/u/0NYpqa  #yahoo #seo #business"},{"index":"154684410711654400","data":"@Mashable Twitter Resource is amazing! http://www.slideshare.net/AmitRanjan/mashable-twitter-guide-book-2009 … via @slideshare"},{"index":"154708140284317696","data":"@joelmchale nice to follow hahah"},{"index":"157510258594549761","data":"Excited to be at my first #Dreamforce!"},{"index":"157522326878035968","data":"How does a company start the #chatter revolution? #DF2USEA"},{"index":"154685833264369664","data":"#FollowFriday: The Anatomy of a Twitter Trend http://mashable.com/2009/03/06/twitter-followfriday/ … via @mashable"},{"index":"157533271230652416","data":"#df2usea salesforce chatter, KM tool, self service for answers?"},{"index":"157539811056566274","data":"@Quotweet \"...when you go from nothing to something, the return on that is infinity!\" Jason Paquette #DF2USEA panelist...genius #quote"},{"index":"157523756561084416","data":"#df2usea Whats the pin to log in to 4 Seasons WiFi?"},{"index":"158742628400234497","data":"@iamakash_ I'd have to agree ... But I feel an over under may be appropriate here! Lol"},{"index":"158743016230760449","data":"#laughatmypain in two hours...I hope it lives up to all this hype"},{"index":"158744041071190017","data":"#bowdown RT“@LawyerMilloy: #Huskies hoops beats #Cougars. Just another normal day in #Seattle.”"},{"index":"159056253384011776","data":"@EmmaMercedesH EMMA! I miss you little lady!"},{"index":"159436048601067521","data":"Jerry Yang bids adieu to #Yahoo http://www.zdnet.com/blog/btl/jerry-yang-bids-adieu-to-yahoo/67272 …"},{"index":"159783686370377728","data":"\"Be Relentless.  That's it I'm done.\" - Boiler Room = best scene ever"},{"index":"161669167550963712","data":"Theres no greatness w/o passion to be great, whether the aspiration of an athlete, artist, or a businessman\"-A.Robbins #Quote"},{"index":"131925978984353792","data":"I hate being sick =("},{"index":"162319217864085505","data":"@Mijo_Johnson watch this @salesforce video http://salesforce.acrobat.com/socialmediagoestowork_chatter/ … on #chatter"},{"index":"162320673660866560","data":"@twig09 thanks for showing me this great product for #physicaltherapy ! I like this video http://youtu.be/3ue38g8Vvrk "},{"index":"165575563048783872","data":"Holiday: Today is #SunShineDay. Take advantage of these special days throughout the year #Seattle!!! http://instagr.am/p/nnvND/ "},{"index":"164363380939948032","data":"RT %40mashable Apple Names New Head of Retail http%3A%2F%http://2Fon.mash.to %2Fzbg8Uj"},{"index":"162321329368993792","data":"When is the need for passive #rangeofMotion products like http://www.facebook.com/l.php?u=http%3A%2F%2Fwww.slingprom.com%2F&h=gAQFvZO-a … most easily treated? #physicaltherapy @twig09"},{"index":"166328272211296258","data":"L..U.V #Madonna ! #superbowl halftime show is amazing"},{"index":"165576223592955904","data":"I finally made the switch from PC to Mac! #ImAMac http://yfrog.com/mgvyfoj "},{"index":"166333741768249344","data":"@iamakash_ #westseattle watching the disappointing #SuperBowlAds :("},{"index":"166334014058270720","data":"“@adrants: You know. I'm done. No ad is going to top Chrysler's Clint Eastwood spot. #sbads #brandbowl #adboawl” my favorite so far too!"},{"index":"166335423029850113","data":"Hahahahaha #fiat killed the #SuperBowlAds !! Love it!"},{"index":"166329993482350593","data":"@LawyerMilloy is today the big day?! #superbowl baby!!"},{"index":"166336049361059840","data":"Damn. That #Fiat was making Old' Boy bug out!!! Lol"},{"index":"166336760907964416","data":"@iamakash_ #luckystrike looks amazing! I didn't know you could watch the #superbowl and #bowl - lol gotta love #Bellevue"},{"index":"168046562172346368","data":"#LinkedIn  4Q earnings strong, revenue doubles - #Yahoo! Finance http://finance.yahoo.com/news/linkedins-4q-earnings-strong-revenue-213806133.html … via @YahooFinance"},{"index":"169061647799951360","data":"@Bildnow What were some of the highlights of this weekends show?! #accessible #caps #ceac"},{"index":"170637808535482368","data":"\"A leader is a momentum creator\" #quote Simon Abboud @acnnews"},{"index":"170897412104265728","data":"“@ACNKishaW: OMG,OMG....Donald Trump in the flesh on stage!!!! Its goin down.”#team36"},{"index":"170590503111364608","data":"@LawyerMilloy #team36 watching our leader @spencerhunn killin it in #Charlotte @acnnews"},{"index":"170898182841171969","data":"Does #donaldtrump tie his own ties?! @LawyerMilloy Y or N?! I rate it an 8.5"},{"index":"170900246606528512","data":"\"I believe #brand is value\" #donaldtrump @acnnews #Quote"},{"index":"170901397775200258","data":"\"when you love what you do, it's really a vacation...and your work becomes your vacation\" #quote #donaldtrump @acnnews #team36"},{"index":"170905262021033985","data":"@isaiah_thomas2 what's your plan to achieve SUCCESS 'the marathon continues'?! Off the court anyway..."},{"index":"170904309721088000","data":"@darrenhardy amazing interview w/ #donaldtrump @acnnews - hope its in next issue of #success magazine!"},{"index":"170907225609609216","data":"\"I wish the country could have this kind of comradarie\" #donaldtrump #quotes"},{"index":"171406660328361984","data":"I am SO stoked right now and couldn't be more excited about the next couple of months. Good things to come! Working hard is a blessing."},{"index":"171987184809803777","data":"@darrenhardy  Thank you for taking time to deliver insightful wisdoms the way you did in #Charlotte - That's my def of a true #leader !"},{"index":"173147539359539200","data":"#Twitter Guide Book How To, Tips and Instructions by @Mashable http://on.mash.to/b141Hu "},{"index":"174298615332876291","data":"People are relatively content...but working with others that are happy...there's nothing better! #happiness #wisdom http://lnkd.in/D3iV6A "},{"index":"173599087147491329","data":"@iamakash_ thanks! I'm a little scared that you actually had an answer for that question! a living breathing http://askJeeves.com  ! =)"},{"index":"174299605301866497","data":"Disneyland/Resort: Listen close to what she says \"Maybe\" means... I'm in trouble!! Lol. [vid] — http://path.com/p/2Lbb1Z "},{"index":"172381022057537536","data":"Why do we drive on the opposite side of the road? Where did that come from?! #question #curious #wisdom #dailythoughts"},{"index":"175677680019177472","data":"http://lnkd.in/MnYwFV  I just wish it were easier to \"pin\" from my mobile devices, and searching categories is getting better but it's got..."},{"index":"175717643674853376","data":"Sample Sat @Nordstrom. Featuring #Shiseido Bio-Performance Super Corrective Serum.#RT via @nordstrombeauty"},{"index":"175721503592165376","data":"Celebrate 2012 in #Seattle #breathing  http://instagr.am/p/HsCqEykXUM/ "},{"index":"179356333609455617","data":"I'm never going to purchase another flight on @AlaskaAir. Was a great couple of years flying with them, but decided to never fly them again."},{"index":"193506179262062592","data":"Happy #FF @HenkD3D is one of #Seattle talented - love to see his new projects and animations he posts!"},{"index":"180424939470467073","data":"your #brand is the sum of the conversations about it - #Cloudforce #quote from @radian6"},{"index":"194352947130408960","data":"Just posted a photo http://instagr.am/p/JwbPsJEXTs/ "},{"index":"194353673990701057","data":"Just posted a photo http://instagr.am/p/Jwbq0aEXTw/ "},{"index":"194581337775144963","data":"This is great! http://lnkd.in/6EGBV4 "},{"index":"207517937169473537","data":"Getting excited for the Heartland Conference with VGM next week!"},{"index":"208066480980496385","data":"Old friends, New beginnings!!  @ Blue Martini http://instagr.am/p/LR3ddeEXSA/ "},{"index":"208749101821603841","data":"Just posted a photo http://instagr.am/p/LWt7C5EXX9/ "},{"index":"207518064550477824","data":"Getting excited for the Heartland Conference with VGM next week! http://tinyurl.com/88urldb "},{"index":"208754633890476033","data":"@zeinahamed what took you so long?!?"},{"index":"210043661998751744","data":"Great session about building a SEALS Salesforce at @vgmconference #vgmready"},{"index":"210044457989578754","data":"@vgmconference excited about #retail seminar with Rob Baumhover to get #vgmready !"},{"index":"210102368556154880","data":"Great talk with #ahia members and VGM team @vgmconference lunch breakout"},{"index":"210046446286798849","data":"How do you define your customer? #marketing is entirely about your customer...how much time is spent defining? #vgmready @vgmconference"},{"index":"210102493185716227","data":"@The1andOnLee hey!! Are you up in Seattle?!"},{"index":"210058731059290112","data":"Anyone have airline miles they want to give me so I can fly to a Vegas licensing expo next week? :) Willing to trade for other services."},{"index":"210151491741298690","data":"Great opening session @VGMHeartland conference. Bryan Dodge was excellent - can't wait to read his book #vgmgetready"},{"index":"210152152855879680","data":"@VGMHeartland promotion for @EZACCESSramp is incredible! If you are involved with home accessibility...come check it out #vgmgetready"},{"index":"210151820557946880","data":"“@UWFosterSchool: Ben Huh's advice to budding #entrepreneurs: Be weird, practice failure, thank the Internet http://shar.es/qOBin ”"},{"index":"210148804400398336","data":"kicking off @VGMHeartland with a bang!! #vgmgetready pic.twitter.com/v0t9vzW1"},{"index":"210224495175286784","data":"@VGMHeartland eating amazing pizza at doughey joeys with the best company! @EZACCESSramp #vgmgetready"},{"index":"210225108382515200","data":"Excited for @EZACCESSramp seminar tomorrow about #accessibilty at 3:45 #vgmgetready @VGMHeartland"},{"index":"210225734281732097","data":"Heard at Heartland Conference: \"The future looks good. It's just different.\" #hmenews #vgmgetready http://www.hmenews.com/blog/heard-vgm-%E2%80%98-future-looks-good-it%E2%80%99s-just-different%E2%80%99 …"},{"index":"210225980810334210","data":"@vgmheartland check out the 1st ever PCPS (patient communication and payments system) at 2:30 on Wed outside show floor. #vgmgetready"},{"index":"226048427233005569","data":"10 Amazing Table Styles for Adobe #InDesign | Free Download | via @stockindesign http://goo.gl/jh5GT "},{"index":"215288079097933826","data":"What a beautiful day it turned out to be! http://instagr.am/p/MFLgBuEXSU/ "},{"index":"226099670563299329","data":"[FREEBIE] #InDesign Multipurpose Business Flyer | 4 Colors | Premium |  http://goo.gl/8a6I0 "},{"index":"234643236436733952","data":"House party at Castle Lane! http://instagr.am/p/OOtLGTEXbR/ "},{"index":"240543579443982336","data":"DecoNeue Light is a gorgeous #freefont designed by @jonatanxavier. Check it out: http://bit.ly/GGhHej "},{"index":"261184309703090176","data":"Register for the Marketing Nation virtual event on 11-14-12! #mktgnation  http://pop.to/128d3 "},{"index":"267341096617656320","data":"@successmagazine has changed my language, which is changing my beliefs, attitude, and actions. Thank you @DARRENHARDY!!! #success"},{"index":"243900955270189056","data":"@LawyerMilloy love the new site!! #team36 You Know!"},{"index":"269101694489600000","data":"“@BreakingNews: United Airlines has another large computer outage; passengers say they are stranded at airports across US - #fml"},{"index":"278200603409268737","data":"Beautiful design! RT Vector UI Kit via @IconDeposit -  http://www.icondeposit.com/design:9 "},{"index":"279366083704668160","data":"Just downloaded Nova WordPress Theme for free. Check it out! http://bit.ly/uldrKN "},{"index":"288435875640119297","data":"Espresso Caffe Dior on #Yelp: #seattle #cafe this place is amazing!!! http://www.yelp.com/biz_photos/espresso-caffe-dior-seattle?pt=biz_photo&ref=twitter&select=oo1a1AUcL2_W1jT0-HXfQg …"},{"index":"288435603098451968","data":"Amazing!!!! Best smoothies!!! (@ Espresso Caffe Dior) on #Yelp http://www.yelp.com/biz/espresso-caffe-dior-seattle?pt=check_in&ref=twitter&v=4b …"},{"index":"298220444643885056","data":"#budweiser needs to bring back the frogs... That amber ale commercial was wack #superbowlads"},{"index":"288436644275695616","data":"Fantastic web designers... Talented and simply wonderful to work with! (@ Axis Studios) on #Yelp http://www.yelp.com/biz/axis-studios-seattle?pt=check_in&ref=twitter&v=4b …"},{"index":"308051452876697600","data":"@nquantick @ZoeBell08 @teresatims @meganschmit @Liz_Locke @ninafaulhaber @GJRioch @NoelDavidWhelan  Have you been intentional this week?"},{"index":"317425070991618049","data":"Get it free: The Premium Designer Freebie Bundle https://stacksocial.com/sales/the-designer-freebie-bundle … via @StackSocial"},{"index":"308051543410737152","data":"@nquantick @ZoeBell08 @teresatims @meganschmit @Liz_Locke @ninafaulhaber @GJRioch @NoelDavidWhelan  Have you been intentional this week?"},{"index":"322085168720523264","data":"Download free psd files, patterns, textures, templates, mock-ups, icons, ui kits buttons and banners at http://blugraphic.com "},{"index":"324401112071426049","data":"Soaking in the rays! @ Paradisus La Perla http://instagram.com/p/YMeQxzEXUj/ "},{"index":"324401696157597696","data":"Just posted a photo @ The Grill http://instagram.com/p/YMepIXEXUz/ "},{"index":"324401940735856640","data":"Just posted a photo @ Paradisus Esmeralda http://instagram.com/p/YMeyCPEXU7/ "},{"index":"324402155039641600","data":"Before the boys almost killed us in the ATVs!! @ Xplor http://instagram.com/p/YMe1u5kXU_/ "},{"index":"4545304832","data":"@meganschmit  what's up! welcome"},{"index":"325786736913428480","data":"George Zalucki in the flesh!! @gzalucki Such an honor! http://instagram.com/p/YWURPfkXav/ "},{"index":"5360592725","data":"http://bit.ly/1wuFtd"},{"index":"5024640679","data":"@megacrum that is what I'm talking about...a tweet! is that your 2nd one?"},{"index":"5417784911","data":"AMAZING VIDEO! Southwest Airline's strategy for employee satisfaction...let them be themselves:\nhttp://bit.ly/zZyeT"},{"index":"325864299052539904","data":"Welcome back Zachary! #groupies @ state hotel http://instagram.com/p/YW3m__kXXm/ "},{"index":"5590862673","data":"@mx119 Hey STRANGER you remember me?!"},{"index":"5590758428","data":"Micro blogging...What else would lead me to Word Clouds!? www.wordle.com"},{"index":"5853610455","data":"@mx119:\n http://elfyourself.jibjab.com/view/fEL3Bv5orhLvwoxY"},{"index":"5591322441","data":"@mortonmanor Cheers for m.UW! Integration into Blackboard to come?"},{"index":"6098230124","data":"@megacrum: Happy Thanksgiving!!"},{"index":"6098206035","data":"Drove all that way to pic up my dads bike. I deserve the son of the year award http://yfrog.com/13w4vnj"},{"index":"6668225155","data":"%I'm done with FIIIINALS....I'm done with FIIIINALS!!! http://wnk.im/H9GDN"},{"index":"6690328837","data":"Shawshank Redemption is one. great. movie."},{"index":"6591088020","data":"@mx119: I wanna pair of Christian Louboutin pumps please!"},{"index":"6668126404","data":"@megacrum @mx119: http://video.yahoo.com/network/100000086?v=6544400&l=100000085"},{"index":"7094343515","data":"@MRYNNQ: Yes, sadly I am still saving up ... it might take me a while :("},{"index":"6690349951","data":"@MrJonBrockman: How can you even compare Seattle and Portland?! P-town knocks its socks off!"},{"index":"7094377895","data":"Daughtry's CD is amazing...what a perfect Saturday morning. All I need is my family back!"},{"index":"7094389148","data":"Twitter has it's own dictionary? Listorious... I dig it."},{"index":"7095294304","data":"http://twitpic.com/vgux6 - Undergraduate Women in Business honors Martha Fuller on March 2, 2010!!"},{"index":"7094739833","data":"Tommy O's Pacific Rim Grill on #Yelp: Best food, Best service, Best experience by far.  Both locations have their ow... http://bit.ly/8hAtfz"},{"index":"7095776025","data":"Goodmorning @meganschmit Actually, the Christian Louboutin Fall Collection should be 40-60% now; Maybe u can snag a pair/2 @ a deal:)"},{"index":"7095440495","data":"@tweeterrance: More like sweeterrance ;)"},{"index":"72080006767050752","data":"How+HTML5+Will+Transform+the+Online+Video+Landscape http://mashable.com/2011/05/17/html5-video-future/ … via @mashable"},{"index":"7095814556","data":"@tweeterrance: THIS dog think hes people... :)  \nhttp://www.youtube.com/watch?v=lHAshi4vdbg"},{"index":"72081506729861120","data":"Can @twitter Apps Access Your DMs? New Permissions Screen Sheds Light http://on.mash.to/jgwlxc #apps"},{"index":"72082758830268416","data":"@jkruchoski ALWAYS go #BowTie!"},{"index":"72083183885238272","data":"I'm gone! #rapturebomb #Rapture @jquedado @mx119  http://yfrog.com/gy9t0loj "},{"index":"72080920039014400","data":"Skip Flash, Build Animations in HTML5 With Hype http://on.mash.to/kLbz7k #web #flash #html5"},{"index":"72087068225978368","data":"I joined The Creative Finder. http://www.thecreativefinder.com"},{"index":"72084227327397888","data":"@JAS408MX you shoulda taken me to church more! #rapturebomb #Rapture  http://yfrog.com/h0pu1nrj "},{"index":"72088858136809473","data":"@dzineblog great list of inspiration! Packaging design inspiration http://dzineblog.com/2008/04/packaging-design-inspiration.html … #design"},{"index":"72090011947905024","data":"Who even started this rapture talk? A better question is who actually fed into it?If u did,take your hand & smack yourself now please"},{"index":"72096256230559744","data":"Frustrated dad's Facebook status now No. 1 on Amazon http://digitallife.today.com/_news/2011/05/17/6660453-frustrated-dads-facebook-status-now-no-1-on-amazon … via @todayshow"},{"index":"72096656325230593","data":"could this be the world's most expensive hat design? http://j.mp/kOrhOZ"},{"index":"72097227425853440","data":"At one of the most beautiful weddings I've ever been to & just cried on both daddy speeches since I'll never have that."},{"index":"72090941007208448","data":"Community: John Cook: Wired goes inside Y Combinator, Silicon Valley’s hottest tech incubator http://bit.ly/iSJ9Xn"},{"index":"72097496507236352","data":"@NataliaVValle hahaha nice confession lady! Check out #rapturebomb pics some are #hilarious"},{"index":"72098316866961409","data":"“@gr8fulhz: I inhaled. #endoftheworldconfessions” too funny!!"},{"index":"72098771240103937","data":"“@MannyDelvalle: Sometimes you forgive people simply because you still want them in your life.”"},{"index":"72100191167201280","data":"Microsoft’s 3D animation VIDEO: http://tiny.ly/I6k6 it was done for the retail store There’s one in #Bellevue where I live"},{"index":"72527481403482112","data":"Love this! http://ow.ly/1t77RU #etrade #commercial #20thingsilove"},{"index":"72374269480402944","data":"I am in the process of developing a show about men proving to themselves they actually want a commitment. #FB"},{"index":"72519208419852288","data":"“A pessimist sees the difficulty in every opportunity; an optimist sees the opportunity in every difficulty.” -W.C."},{"index":"72911406785232896","data":"“@MyDesignFood: 30 Examples of Smart Print Advertisement http://goo.gl/fb/OXFXA  #webdesign” love #pepsi diet #ad"},{"index":"72910837416865792","data":"It's #annoying that paper towels have a \"pick your own size\" size #WTF"},{"index":"73206352905900032","data":"let's start this party a little early."},{"index":"72911782901055488","data":"45+ Best Icon Design Tutorials http://is.gd/HMjRkv #design"},{"index":"73206673195532289","data":"So glad I'm not #incollege"},{"index":"73208718258479105","data":"@meganschmit In 2 years you will"},{"index":"74143123248394240","data":"@RobVTweet  You can have the greatest map, but without knowing where you are on the map you'll never get anywhere! #thoughts"},{"index":"7361088399","data":"Tommy O's Pacific Rim Bistro on #Yelp: Genuine, Delicious, My FAVORITE! http://bit.ly/8RTPQD"},{"index":"75005956190253056","data":"Is There a Social Media Tech Bubble? [INFOGRAPHIC] http://on.mash.to/ljLqY9"},{"index":"75271628904333312","data":"Great post, I agree! RT @RobVTweet: Can online marketing build character? I say it does...  http://ow.ly/1tl0W1"},{"index":"75006899355004928","data":"Check out this great #themeforest item 'FactoryBox Premium Wordpress Theme' http://themeforest.net/item/factorybox-premium-wordpress-theme/238790 … #wordpress"},{"index":"75514772514283520","data":"Beautiful RT @digimojo: Via @DesignNewz: New: ElegantGrey Free #Wordpress Theme http://ow.ly/1tm2FK"},{"index":"75272067913748480","data":"You’re headed in the right direction if he’s planning dates for you."},{"index":"75561791047999488","data":"Unreal... http://lnkd.in/7WESKC"},{"index":"75516581635039232","data":"College grads + 'passion'. David Brooks and I are drinking the same Koolaid  http://bit.ly/lGmoB7  \n http://ow.ly/56lSS "},{"index":"75562215855497216","data":"Not sure if #ultrabooks will be a pseudo- #intel #ipad or just another thin tablet to add to the attempts http://lnkd.in/hNaQuC"},{"index":"75563874522370048","data":"Twitter Plans To Launch Photo-Sharing Service [REPORT] http://lnkd.in/VufPJA"},{"index":"75563120961138689","data":"C'mon @Google don't get #greedy. This is a #badidea and retroactive really... Sad #news http://lnkd.in/GK4irf"},{"index":"75564340408893440","data":"Thank you Mr. Z! http://lnkd.in/Kfwf2r"},{"index":"75644955862900736","data":"Need #ideas for a creative #webdesign twist on a Made in #USA page for new website #SEO purposes too"},{"index":"75929183070593024","data":"I'm so sick of the #rain"},{"index":"75592292399976448","data":"@meganschmit you love to go on weekly retweet binges :)"},{"index":"75678073596542976","data":"Love the #luggage #advertising by Samsonite http://bit.ly/lTomgl for beautiful #design"},{"index":"7627899951","data":"WooHoo!! Pete Carroll is a stud!!"},{"index":"76084779518406656","data":"#Twitter Unveils Photo & Video Sharing http://mashable.com/2011/06/01/twitter-photos/ … via @mashsocialmedia @mashable"},{"index":"77388287148441600","data":"5 Key Shifts Happening Right Now in the World of Digital Marketing  http://on.mash.to/krOp78  RT @mashable"},{"index":"7770503281","data":"Did Google just kill their momentum to grasp reigns from Baidu? If they were bluffing, I think China will call"},{"index":"77387302606864385","data":"@meganschmit #rain I've resorted to dropping everything when there is a sun break and going outside to soak what ever rays I can get."},{"index":"78932477628006400","data":"Survived the prop #plane ... I'm crossing my fingers I'm flying on the B747 that's unloading at my gate"},{"index":"79032296975515652","data":"Watched the #movie #just go with it with Adam sandler and Jen Anniston, so cute!"},{"index":"79031119126859776","data":"Celebrate #Social Media Day With @mashable in San Francisco: http://on.mash.to/il2TLA "},{"index":"7979872196","data":"@jquedado: Check this video out -- Social Media Revolution http://youtu.be/sIFYPQjYhv8\n\nLook at time: 1:22 and then 2:46 and 3:13 :)"},{"index":"79032547442565120","data":"My kids are playing dodgeball on the trampoline without \"dodging\". So yeah...they're just getting hit with the ball. Must be mom's genes."},{"index":"7979880880","data":"@megacrum HAPPY BIRTHDAY!!!"},{"index":"7980694407","data":"\"Don't let the noise of others' opinions drown out your own inner voice\" -Steve Jobs"},{"index":"7983022353","data":"Husky Career Blog phasing out ... it's been fun! | The Career Center at the University of Washington - http://shar.es/aBLCW"},{"index":"7887522972","data":"@meganschmit Best Auntie ever! :-)"},{"index":"7984139021","data":"Twitter down possibly linked with earthquake in Haiti? \nhttp://www.620wtmj.com/news/local/82148587.html"},{"index":"79656075707682816","data":"Cellphone Executive Says 4G #iPhone 5 On the Way: http://on.mash.to/jNS5WF "},{"index":"7984171905","data":"@laurent4508 I want Spring Quarter IMA soccer to be here already!"},{"index":"7984192159","data":"@angey3000 Where have you beeen?!"},{"index":"7980143234","data":"@jquedado -- Did You Know 4.0 http://youtu.be/6ILQrUrEWe8 \nTime: 1:00, 2:35, 2:45, and 3:44"},{"index":"7980187297","data":"@BillGates I'm incredibly grateful for your amazing support of the University of Washington ~ Go Dawgs!"},{"index":"7984382530","data":"Bill Gates Generates Twitter Hysteria, Website Goes Down http://bit.ly/6k3IH7"},{"index":"7988507250","data":"An entire hour of CNN and not one mention of the devastation in Haiti...do they know there was a 6.1 aftershock this morning?"},{"index":"7987258899","data":"@ethicsblogger Great article about cruise lines and the ethical dilemma they face with the earthquakes devastating Haiti! http://ow.ly/XTA0"},{"index":"8030434318","data":"\"Perceptions are reality\" -Jack Rhodes, UW prof, Effective Communications in Sales workshop. Inspiring event; the day is already brighter!"},{"index":"86638719125303296","data":"Happy social media day! @jquedado @awdawn @dthurs10 @JDonPon @MollyAndrews @robdyrdek @smashingmag @shannonholato @tweeterrance @RoyLew34"},{"index":"86637280432885760","data":"@stevenbward What do you think was the greatest factor of your success as a #matchmaker?"},{"index":"86639655910506496","data":"Facebook’s Mark #zuckerman doesn’t put on a happy face in his #Google+ profile | VentureBeat: http://bit.ly/kW2QEn "},{"index":"86640549154668545","data":"Something about #sunsets... http://twitpic.com/5jcmyn"},{"index":"80525878085431296","data":"%Facebook Preparing for $100 Billion IPO in Early 2012 [REPORT]: http://on.mash.to/k8n6q8 "},{"index":"86734347356471296","data":"I need me a @TimRiggins - good lord."},{"index":"87362929409789953","data":"My interview with @guykawasaki on Amex Open Forum: How Social Responsibility Fosters Business Success http://ow.ly/5vyfK"},{"index":"86836576029638656","data":"Invitations for #Googleplus sent! We still have #freeinvites, DM your ID or tweet here to get one."},{"index":"87459874514022400","data":"Who's having the after party?????"},{"index":"87698116005986304","data":"Many a small thing has been made large by the right kind of #advertising.\n-Mark Twain"},{"index":"93320000621912065","data":"@jquedado hey! Ur account?? :) “@Campaignmag: Razorfish wins two global Unilever accounts: Razorfish, the Publicis Groupe-owned agency,”"},{"index":"93319293374169088","data":"@mx119 new MacBook!  http://mashable.com/2011/07/19/mac-os-x-lion-new-macbook-air/ …"},{"index":"93320572083257344","data":"@meganschmit #rain I've resorted to dropping everything when there is a sun break and going outside to soak what ever rays I can get."},{"index":"93320959414632448","data":"#exciting news!! “@web2feed: #Adobe buys #EchoSign for electronic #PDF signatures http://bit.ly/plT3ZP ”"},{"index":"86685399027687424","data":"You can tell the ideals of a nation by its #advertisements.\n-George Norman Douglas"},{"index":"93321972242583552","data":"Maybe Amex should lower their charge to vendors since they've got plenty green to play with http://lnkd.in/crAa_r"},{"index":"93321312524713986","data":"Didn't your mothers ever tell you that sometimes \"sorry\" isn't good enough."},{"index":"104739568699445249","data":"I wish there was a late night #drivingrange. I'm losing to many #golf balls I need more practice!"},{"index":"96345228470009857","data":"i think #emoticons are dope and more people should use them"},{"index":"104744979972366336","data":"#Quotes from #work - \"you can't fix stupid\". Classic :)"},{"index":"104745661546762240","data":"@RoyLew34 hook up some golf balls Roy! Thursday I lost 5!! Haha"},{"index":"104907592802893824","data":"@stevenbward has #twitter brought you any #matchmaker success?!"},{"index":"104907014005719040","data":"“@accesstourismnz: Older age groups increasingly connected http://bit.ly/lHx7vW  #seniors #boomers #access”"},{"index":"104908411753349120","data":"#Nissan: Silver | #Ads of the World™ http://adsoftheworld.com/media/print/nissan_silver … via @adsoftheworld beautiful!!"},{"index":"106011953704615938","data":"@tweeterrance hey stranger! Where've you been the past two years?!"},{"index":"106088178770907137","data":"If you're in #NYC right now and worried about the #earthquake today...check into #LosAngeles ; I hear #LA is beautiful this time of year"},{"index":"104991940885487616","data":"“@pattistanger: Best way to get in shape is to have a #gym buddy!\" lets get to it @awdawn !!"},{"index":"106376830075932672","data":"@papgadgetcristi Join the #PadGadget iPad 2 accessory contest for a chance to win a leather Vintcase - http://bit.ly/nnh2g0 "},{"index":"106543151895945216","data":"@johnbiggs beautifully written article. “@web2feed: #SteveJobs: The End Of An Era http://bit.ly/puMJBf  via (@techcrunch)”"},{"index":"107557334674440192","data":"I miss @ChieftainFB Friday nights...."},{"index":"108983382570057728","data":"wishing I was at #dreamforce #CloudExpo"},{"index":"119811604161368064","data":"Samsung announces the Series 7 all-in-one, its first desktop for the US market http://www.engadget.com/2011/09/30/samsung-announces-the-series-7-all-in-one-its-first-desktop-for/?a_dgi=aolshare_twitter … via @engadget"},{"index":"117791581171499008","data":"Standing in the BRUTAL #longline at #fokt11...almost an hour..."},{"index":"116234784652533760","data":"Eastern Iowa Airport the on #Yelp: Remember to grab your carry on in between flights! http://bit.ly/qVOcRo "},{"index":"107556755147464704","data":"@mx119 “@tonylib: saw your bro @ChieftainFB practice tonight”"},{"index":"120650372447604736","data":"The Beachcomber on #Yelp: Park across the street! http://bit.ly/jlUmk9 "},{"index":"120650406173999104","data":"I checked in at The Beachcomber (15 Crystal Cove) on #Yelp http://bit.ly/antGDq "},{"index":"120320333650735104","data":"I checked in at Bluefin (7952 E Pacific Coast Hwy) on #Yelp http://bit.ly/aeYiFo "},{"index":"120978868600438784","data":"What just happened at #sna? Just some food for thought for #tsa ... Communication goes a long way. Just a simple #eta helps #crowdcontrol"},{"index":"120984389634113537","data":"I checked in at John Wayne Airport (18601 Airport Way) on #Yelp http://bit.ly/dCv0fL "},{"index":"121008894968475648","data":"#ificoulddoitoveragain I would keep walking..."},{"index":"121009675004149760","data":"#iabmixx BBDO’s Simon Bond: Think of paid media as the \"first date\" - It’s all about the initial impression and connection"},{"index":"123142677813411840","data":"@JonMartone NYU Grad School!? Way to go  ~ That's awesome, Seattle lost a great one =)"},{"index":"121010177112682497","data":"7 Tips to Design a Good Effective Poster at DzineBlog.com - Design Blog & Inspiration http://dzineblog.com/2010/12/7-tips-to-design-a-good-effective-poster.html … via @dzineblog"},{"index":"123142239500238848","data":"@DannPetty wow I love your work! #inspirational"},{"index":"123143083046092800","data":"@alikramer Miss you Kramer =) Coffee / HH to catch up on the last couple years?!?"},{"index":"121019508323385345","data":"#wtf Sprint scores #iPhone5 exclusive thanks to $20 billion deal with Apple? http://www.bgr.com/2011/10/03/sprint-guarantees-to-buy-over-20-billion-in-iphones-from-apple-launching-the-iphone-5-exclusively/ … via @BGR"},{"index":"123414045465387009","data":"I love my new #droid bionic!"},{"index":"123164557945483264","data":"high waisted cheetah print hotshorts and letterman's jacket... don't mind if i do. #andwedanced"},{"index":"123942081814208513","data":"why do all @facebook profiles look the same? why can't users customize? why don't they optimize based on our behavior?"},{"index":"123398988757078016","data":"Love Simple Pleasures #thoughtoftheday"},{"index":"125719699198717952","data":"Gonna carve #angrybirds #pumpkins ! Should be interesting!!"},{"index":"125719947585400832","data":"@lexidcross you saw Tyson beckford?!? Woman where?!?!"},{"index":"125720247574605825","data":"@NataliaVValle haha now that I'm not near campus , people just think I'm  ghetto :)"},{"index":"127006662979633153","data":"Google Adwords Redesign Looks Beyond Keywords http://pulse.me/s/2rzaL "},{"index":"128706912018644994","data":"Freedom series #Rampify"},{"index":"127009526724571136","data":"5 Ways Apps Make #Salesforce Even More Valuable http://pulse.me/s/2qDFh "},{"index":"128703657628798976","data":"Goodnight #atlanta #sweetdreams"},{"index":"128811013872173056","data":"Name for this modular system could be... The Blue Series #Rampify #medtrade2011 #vgmmedtrade"},{"index":"127175288261050369","data":"I checked in at CoCo & Co (5646 36th Ave SW) on #Yelp http://bit.ly/oq3ojN "},{"index":"128811409030127616","data":"@medtrade2011 help us get the word out! use #Rampify to tweet ideas for the name of our newly improved modular ramp system at #medtrade2011"},{"index":"129774711235293184","data":"Life is a bias."},{"index":"128811838686244864","data":"Throw out your name ideas for our mod ramp system with #Rampify at #MedTrade"},{"index":"129774538295754752","data":"Way to go #rangers!! What a ball game!!"},{"index":"130754144209350656","data":"@meganschmit So true! How have YOU been ms Schmit?"},{"index":"130780382101635073","data":"People who enjoy meetings should not be in charge of anything.  -Peter Drucker "},{"index":"130383077955481600","data":"Love the #aflac #commercial with the heisman trophy! #NCAA"},{"index":"130781042234753024","data":"i hate the proactive ads that say \"acne is OUT, clear skin is IN\". was acne ever \"in\"? it doesn't need to have a trend spin."},{"index":"130939299897155585","data":"I hate getting #sick =( Can't stay asleep so why not #twitter...great start to the week.  Happy #halloween to me!"},{"index":"130940906588221440","data":"#HardestThingToDo is leaving what's comfortable to go after what's possible"},{"index":"130941545879846912","data":"Trick or #Tweet!! #Halloween on Monday should be banned - so #lame"},{"index":"130962444947423233","data":"Everybody Is Beautiful. Good Trending Topic"},{"index":"130961780917813249","data":"@CoCoCoSeattle Trying to find an excuse to get a #blowout from Antonio! I'm thinking it'd be like #therapy - maybe I can expense it! =)"},{"index":"131925978984353792","data":"I hate being sick =("},{"index":"133315931958018048","data":"4 Essential Facebook Page Apps to Improve Communication With Fans - http://on.mash.to/ulDMbo "},{"index":"139766656049217536","data":"I checked in at CoCo & Co (5646 36th Ave SW) on #Yelp http://bit.ly/v6oliM "},{"index":"133317149954551809","data":"http://www.californiahomedesign.com/blog/6-weeks-holiday-giveaways-enter-now#comment-1847 … #giveaway"},{"index":"133318560524140544","data":"“@HenkD3D: #Adobe #wine #video: http://goo.gl/XEO3q ” amazing talent! I'm truly amazed with your #design talents !!"},{"index":"141380643404791808","data":"I checked in at Interbay P-Patch (2501-73 15th Ave W) on #Yelp http://bit.ly/upvflk "},{"index":"153318634507337728","data":"Parking garages would be the worst place to be if there were a fire... #randomthought"},{"index":"141526137925943296","data":"Twitter Acquires Mobile Security Firm Whisper Systems http://mashable.com/2011/11/29/twitter-acquires-whisper-systems/ … via @Mashable"},{"index":"152917530074296320","data":"M.I.T. Game-Changer: Free Online Education For All - Forbes http://shar.es/Wu2Zc "},{"index":"153717343829233664","data":"@ZeinaHamed hahaha zeina that's hilarious! Happy new years lovely!"},{"index":"154679877386256386","data":"Yahoo's New CEO: We Will Focus on Content and Technology http://adage.com/u/0NYpqa  #yahoo #seo #business"},{"index":"153717886580568065","data":"http://www.metanamorph.com/present  #3d #streetart #design unreal 3d art you have to see!!"},{"index":"154708140284317696","data":"@joelmchale nice to follow hahah"},{"index":"154684410711654400","data":"@Mashable Twitter Resource is amazing! http://www.slideshare.net/AmitRanjan/mashable-twitter-guide-book-2009 … via @slideshare"},{"index":"154685833264369664","data":"#FollowFriday: The Anatomy of a Twitter Trend http://mashable.com/2009/03/06/twitter-followfriday/ … via @mashable"},{"index":"157510258594549761","data":"Excited to be at my first #Dreamforce!"},{"index":"157533271230652416","data":"#df2usea salesforce chatter, KM tool, self service for answers?"},{"index":"157522326878035968","data":"How does a company start the #chatter revolution? #DF2USEA"},{"index":"157523756561084416","data":"#df2usea Whats the pin to log in to 4 Seasons WiFi?"},{"index":"157539811056566274","data":"@Quotweet \"...when you go from nothing to something, the return on that is infinity!\" Jason Paquette #DF2USEA panelist...genius #quote"},{"index":"130939001019449344","data":"@CamJGigandet there a #kravmaga in #Seattle!?"},{"index":"158742628400234497","data":"@iamakash_ I'd have to agree ... But I feel an over under may be appropriate here! Lol"},{"index":"158744041071190017","data":"#bowdown RT“@LawyerMilloy: #Huskies hoops beats #Cougars. Just another normal day in #Seattle.”"},{"index":"159056253384011776","data":"@EmmaMercedesH EMMA! I miss you little lady!"},{"index":"158743016230760449","data":"#laughatmypain in two hours...I hope it lives up to all this hype"},{"index":"159783686370377728","data":"\"Be Relentless.  That's it I'm done.\" - Boiler Room = best scene ever"},{"index":"161669167550963712","data":"Theres no greatness w/o passion to be great, whether the aspiration of an athlete, artist, or a businessman\"-A.Robbins #Quote"},{"index":"162319217864085505","data":"@Mijo_Johnson watch this @salesforce video http://salesforce.acrobat.com/socialmediagoestowork_chatter/ … on #chatter"},{"index":"164363380939948032","data":"RT %40mashable Apple Names New Head of Retail http%3A%2F%http://2Fon.mash.to %2Fzbg8Uj"},{"index":"162321329368993792","data":"When is the need for passive #rangeofMotion products like http://www.facebook.com/l.php?u=http%3A%2F%2Fwww.slingprom.com%2F&h=gAQFvZO-a … most easily treated? #physicaltherapy @twig09"},{"index":"162320673660866560","data":"@twig09 thanks for showing me this great product for #physicaltherapy ! I like this video http://youtu.be/3ue38g8Vvrk "},{"index":"165575563048783872","data":"Holiday: Today is #SunShineDay. Take advantage of these special days throughout the year #Seattle!!! http://instagr.am/p/nnvND/ "},{"index":"166329993482350593","data":"@LawyerMilloy is today the big day?! #superbowl baby!!"},{"index":"165576223592955904","data":"I finally made the switch from PC to Mac! #ImAMac http://yfrog.com/mgvyfoj "},{"index":"166328272211296258","data":"L..U.V #Madonna ! #superbowl halftime show is amazing"},{"index":"166333741768249344","data":"@iamakash_ #westseattle watching the disappointing #SuperBowlAds :("},{"index":"166335423029850113","data":"Hahahahaha #fiat killed the #SuperBowlAds !! Love it!"},{"index":"166334014058270720","data":"“@adrants: You know. I'm done. No ad is going to top Chrysler's Clint Eastwood spot. #sbads #brandbowl #adboawl” my favorite so far too!"},{"index":"166336049361059840","data":"Damn. That #Fiat was making Old' Boy bug out!!! Lol"},{"index":"166336760907964416","data":"@iamakash_ #luckystrike looks amazing! I didn't know you could watch the #superbowl and #bowl - lol gotta love #Bellevue"},{"index":"159436048601067521","data":"Jerry Yang bids adieu to #Yahoo http://www.zdnet.com/blog/btl/jerry-yang-bids-adieu-to-yahoo/67272 …"},{"index":"168046562172346368","data":"#LinkedIn  4Q earnings strong, revenue doubles - #Yahoo! Finance http://finance.yahoo.com/news/linkedins-4q-earnings-strong-revenue-213806133.html … via @YahooFinance"},{"index":"170637808535482368","data":"\"A leader is a momentum creator\" #quote Simon Abboud @acnnews"},{"index":"170590503111364608","data":"@LawyerMilloy #team36 watching our leader @spencerhunn killin it in #Charlotte @acnnews"},{"index":"170898182841171969","data":"Does #donaldtrump tie his own ties?! @LawyerMilloy Y or N?! I rate it an 8.5"},{"index":"170901397775200258","data":"\"when you love what you do, it's really a vacation...and your work becomes your vacation\" #quote #donaldtrump @acnnews #team36"},{"index":"170900246606528512","data":"\"I believe #brand is value\" #donaldtrump @acnnews #Quote"},{"index":"169061647799951360","data":"@Bildnow What were some of the highlights of this weekends show?! #accessible #caps #ceac"},{"index":"170905262021033985","data":"@isaiah_thomas2 what's your plan to achieve SUCCESS 'the marathon continues'?! Off the court anyway..."},{"index":"170904309721088000","data":"@darrenhardy amazing interview w/ #donaldtrump @acnnews - hope its in next issue of #success magazine!"},{"index":"170907225609609216","data":"\"I wish the country could have this kind of comradarie\" #donaldtrump #quotes"},{"index":"171406660328361984","data":"I am SO stoked right now and couldn't be more excited about the next couple of months. Good things to come! Working hard is a blessing."},{"index":"171987184809803777","data":"@darrenhardy  Thank you for taking time to deliver insightful wisdoms the way you did in #Charlotte - That's my def of a true #leader !"},{"index":"173147539359539200","data":"#Twitter Guide Book How To, Tips and Instructions by @Mashable http://on.mash.to/b141Hu "},{"index":"172381022057537536","data":"Why do we drive on the opposite side of the road? Where did that come from?! #question #curious #wisdom #dailythoughts"},{"index":"170897412104265728","data":"“@ACNKishaW: OMG,OMG....Donald Trump in the flesh on stage!!!! Its goin down.”#team36"},{"index":"174298615332876291","data":"People are relatively content...but working with others that are happy...there's nothing better! #happiness #wisdom http://lnkd.in/D3iV6A "},{"index":"173599087147491329","data":"@iamakash_ thanks! I'm a little scared that you actually had an answer for that question! a living breathing http://askJeeves.com  ! =)"},{"index":"174299605301866497","data":"Disneyland/Resort: Listen close to what she says \"Maybe\" means... I'm in trouble!! Lol. [vid] — http://path.com/p/2Lbb1Z "},{"index":"175677680019177472","data":"http://lnkd.in/MnYwFV  I just wish it were easier to \"pin\" from my mobile devices, and searching categories is getting better but it's got..."},{"index":"175721503592165376","data":"Celebrate 2012 in #Seattle #breathing  http://instagr.am/p/HsCqEykXUM/ "},{"index":"180424939470467073","data":"your #brand is the sum of the conversations about it - #Cloudforce #quote from @radian6"},{"index":"193506179262062592","data":"Happy #FF @HenkD3D is one of #Seattle talented - love to see his new projects and animations he posts!"},{"index":"179356333609455617","data":"I'm never going to purchase another flight on @AlaskaAir. Was a great couple of years flying with them, but decided to never fly them again."},{"index":"194352947130408960","data":"Just posted a photo http://instagr.am/p/JwbPsJEXTs/ "},{"index":"194353673990701057","data":"Just posted a photo http://instagr.am/p/Jwbq0aEXTw/ "},{"index":"207517937169473537","data":"Getting excited for the Heartland Conference with VGM next week!"},{"index":"194581337775144963","data":"This is great! http://lnkd.in/6EGBV4 "},{"index":"207518064550477824","data":"Getting excited for the Heartland Conference with VGM next week! http://tinyurl.com/88urldb "},{"index":"175717643674853376","data":"Sample Sat @Nordstrom. Featuring #Shiseido Bio-Performance Super Corrective Serum.#RT via @nordstrombeauty"},{"index":"208066480980496385","data":"Old friends, New beginnings!!  @ Blue Martini http://instagr.am/p/LR3ddeEXSA/ "},{"index":"208754633890476033","data":"@zeinahamed what took you so long?!?"},{"index":"210043661998751744","data":"Great session about building a SEALS Salesforce at @vgmconference #vgmready"},{"index":"208749101821603841","data":"Just posted a photo http://instagr.am/p/LWt7C5EXX9/ "},{"index":"210058731059290112","data":"Anyone have airline miles they want to give me so I can fly to a Vegas licensing expo next week? :) Willing to trade for other services."},{"index":"210046446286798849","data":"How do you define your customer? #marketing is entirely about your customer...how much time is spent defining? #vgmready @vgmconference"},{"index":"210102368556154880","data":"Great talk with #ahia members and VGM team @vgmconference lunch breakout"},{"index":"210102493185716227","data":"@The1andOnLee hey!! Are you up in Seattle?!"},{"index":"210151491741298690","data":"Great opening session @VGMHeartland conference. Bryan Dodge was excellent - can't wait to read his book #vgmgetready"},{"index":"210151820557946880","data":"“@UWFosterSchool: Ben Huh's advice to budding #entrepreneurs: Be weird, practice failure, thank the Internet http://shar.es/qOBin ”"},{"index":"210152152855879680","data":"@VGMHeartland promotion for @EZACCESSramp is incredible! If you are involved with home accessibility...come check it out #vgmgetready"},{"index":"210224495175286784","data":"@VGMHeartland eating amazing pizza at doughey joeys with the best company! @EZACCESSramp #vgmgetready"},{"index":"210044457989578754","data":"@vgmconference excited about #retail seminar with Rob Baumhover to get #vgmready !"},{"index":"210148804400398336","data":"kicking off @VGMHeartland with a bang!! #vgmgetready pic.twitter.com/v0t9vzW1"},{"index":"210225108382515200","data":"Excited for @EZACCESSramp seminar tomorrow about #accessibilty at 3:45 #vgmgetready @VGMHeartland"},{"index":"210225734281732097","data":"Heard at Heartland Conference: \"The future looks good. It's just different.\" #hmenews #vgmgetready http://www.hmenews.com/blog/heard-vgm-%E2%80%98-future-looks-good-it%E2%80%99s-just-different%E2%80%99 …"},{"index":"210225980810334210","data":"@vgmheartland check out the 1st ever PCPS (patient communication and payments system) at 2:30 on Wed outside show floor. #vgmgetready"},{"index":"226099670563299329","data":"[FREEBIE] #InDesign Multipurpose Business Flyer | 4 Colors | Premium |  http://goo.gl/8a6I0 "},{"index":"226048427233005569","data":"10 Amazing Table Styles for Adobe #InDesign | Free Download | via @stockindesign http://goo.gl/jh5GT "},{"index":"234643236436733952","data":"House party at Castle Lane! http://instagr.am/p/OOtLGTEXbR/ "},{"index":"240543579443982336","data":"DecoNeue Light is a gorgeous #freefont designed by @jonatanxavier. Check it out: http://bit.ly/GGhHej "},{"index":"243900955270189056","data":"@LawyerMilloy love the new site!! #team36 You Know!"},{"index":"261184309703090176","data":"Register for the Marketing Nation virtual event on 11-14-12! #mktgnation  http://pop.to/128d3 "},{"index":"267341096617656320","data":"@successmagazine has changed my language, which is changing my beliefs, attitude, and actions. Thank you @DARRENHARDY!!! #success"},{"index":"215288079097933826","data":"What a beautiful day it turned out to be! http://instagr.am/p/MFLgBuEXSU/ "},{"index":"269101694489600000","data":"“@BreakingNews: United Airlines has another large computer outage; passengers say they are stranded at airports across US - #fml"},{"index":"278200603409268737","data":"Beautiful design! RT Vector UI Kit via @IconDeposit -  http://www.icondeposit.com/design:9 "},{"index":"288435603098451968","data":"Amazing!!!! Best smoothies!!! (@ Espresso Caffe Dior) on #Yelp http://www.yelp.com/biz/espresso-caffe-dior-seattle?pt=check_in&ref=twitter&v=4b …"},{"index":"279366083704668160","data":"Just downloaded Nova WordPress Theme for free. Check it out! http://bit.ly/uldrKN "},{"index":"288436644275695616","data":"Fantastic web designers... Talented and simply wonderful to work with! (@ Axis Studios) on #Yelp http://www.yelp.com/biz/axis-studios-seattle?pt=check_in&ref=twitter&v=4b …"},{"index":"298220444643885056","data":"#budweiser needs to bring back the frogs... That amber ale commercial was wack #superbowlads"},{"index":"308051543410737152","data":"@nquantick @ZoeBell08 @teresatims @meganschmit @Liz_Locke @ninafaulhaber @GJRioch @NoelDavidWhelan  Have you been intentional this week?"},{"index":"322085168720523264","data":"Download free psd files, patterns, textures, templates, mock-ups, icons, ui kits buttons and banners at http://blugraphic.com "},{"index":"317425070991618049","data":"Get it free: The Premium Designer Freebie Bundle https://stacksocial.com/sales/the-designer-freebie-bundle … via @StackSocial"},{"index":"324401112071426049","data":"Soaking in the rays! @ Paradisus La Perla http://instagram.com/p/YMeQxzEXUj/ "},{"index":"288435875640119297","data":"Espresso Caffe Dior on #Yelp: #seattle #cafe this place is amazing!!! http://www.yelp.com/biz_photos/espresso-caffe-dior-seattle?pt=biz_photo&ref=twitter&select=oo1a1AUcL2_W1jT0-HXfQg …"},{"index":"308051452876697600","data":"@nquantick @ZoeBell08 @teresatims @meganschmit @Liz_Locke @ninafaulhaber @GJRioch @NoelDavidWhelan  Have you been intentional this week?"},{"index":"324401696157597696","data":"Just posted a photo @ The Grill http://instagram.com/p/YMepIXEXUz/ "},{"index":"324401940735856640","data":"Just posted a photo @ Paradisus Esmeralda http://instagram.com/p/YMeyCPEXU7/ "},{"index":"325864299052539904","data":"Welcome back Zachary! #groupies @ state hotel http://instagram.com/p/YW3m__kXXm/ "},{"index":"4545304832","data":"@meganschmit  what's up! welcome"},{"index":"324402155039641600","data":"Before the boys almost killed us in the ATVs!! @ Xplor http://instagram.com/p/YMe1u5kXU_/ "},{"index":"5417784911","data":"AMAZING VIDEO! Southwest Airline's strategy for employee satisfaction...let them be themselves:\nhttp://bit.ly/zZyeT"},{"index":"5360592725","data":"http://bit.ly/1wuFtd"},{"index":"5024640679","data":"@megacrum that is what I'm talking about...a tweet! is that your 2nd one?"},{"index":"325786736913428480","data":"George Zalucki in the flesh!! @gzalucki Such an honor! http://instagram.com/p/YWURPfkXav/ "},{"index":"5591322441","data":"@mortonmanor Cheers for m.UW! Integration into Blackboard to come?"},{"index":"5590862673","data":"@mx119 Hey STRANGER you remember me?!"},{"index":"5590758428","data":"Micro blogging...What else would lead me to Word Clouds!? www.wordle.com"},{"index":"5853610455","data":"@mx119:\n http://elfyourself.jibjab.com/view/fEL3Bv5orhLvwoxY"},{"index":"6098230124","data":"@megacrum: Happy Thanksgiving!!"},{"index":"6591088020","data":"@mx119: I wanna pair of Christian Louboutin pumps please!"},{"index":"6668126404","data":"@megacrum @mx119: http://video.yahoo.com/network/100000086?v=6544400&l=100000085"},{"index":"6690328837","data":"Shawshank Redemption is one. great. movie."},{"index":"6690349951","data":"@MrJonBrockman: How can you even compare Seattle and Portland?! P-town knocks its socks off!"},{"index":"6668225155","data":"%I'm done with FIIIINALS....I'm done with FIIIINALS!!! http://wnk.im/H9GDN"},{"index":"6098206035","data":"Drove all that way to pic up my dads bike. I deserve the son of the year award http://yfrog.com/13w4vnj"},{"index":"7094377895","data":"Daughtry's CD is amazing...what a perfect Saturday morning. All I need is my family back!"},{"index":"7094389148","data":"Twitter has it's own dictionary? Listorious... I dig it."},{"index":"7094343515","data":"@MRYNNQ: Yes, sadly I am still saving up ... it might take me a while :("},{"index":"7095440495","data":"@tweeterrance: More like sweeterrance ;)"},{"index":"7094739833","data":"Tommy O's Pacific Rim Grill on #Yelp: Best food, Best service, Best experience by far.  Both locations have their ow... http://bit.ly/8hAtfz"},{"index":"7095814556","data":"@tweeterrance: THIS dog think hes people... :)  \nhttp://www.youtube.com/watch?v=lHAshi4vdbg"},{"index":"7095294304","data":"http://twitpic.com/vgux6 - Undergraduate Women in Business honors Martha Fuller on March 2, 2010!!"},{"index":"72080920039014400","data":"Skip Flash, Build Animations in HTML5 With Hype http://on.mash.to/kLbz7k #web #flash #html5"},{"index":"72080006767050752","data":"How+HTML5+Will+Transform+the+Online+Video+Landscape http://mashable.com/2011/05/17/html5-video-future/ … via @mashable"},{"index":"72083183885238272","data":"I'm gone! #rapturebomb #Rapture @jquedado @mx119  http://yfrog.com/gy9t0loj "},{"index":"72084227327397888","data":"@JAS408MX you shoulda taken me to church more! #rapturebomb #Rapture  http://yfrog.com/h0pu1nrj "},{"index":"72082758830268416","data":"@jkruchoski ALWAYS go #BowTie!"},{"index":"72087068225978368","data":"I joined The Creative Finder. http://www.thecreativefinder.com"},{"index":"7095776025","data":"Goodmorning @meganschmit Actually, the Christian Louboutin Fall Collection should be 40-60% now; Maybe u can snag a pair/2 @ a deal:)"},{"index":"72088858136809473","data":"@dzineblog great list of inspiration! Packaging design inspiration http://dzineblog.com/2008/04/packaging-design-inspiration.html … #design"},{"index":"72090941007208448","data":"Community: John Cook: Wired goes inside Y Combinator, Silicon Valley’s hottest tech incubator http://bit.ly/iSJ9Xn"},{"index":"72081506729861120","data":"Can @twitter Apps Access Your DMs? New Permissions Screen Sheds Light http://on.mash.to/jgwlxc #apps"},{"index":"72096256230559744","data":"Frustrated dad's Facebook status now No. 1 on Amazon http://digitallife.today.com/_news/2011/05/17/6660453-frustrated-dads-facebook-status-now-no-1-on-amazon … via @todayshow"},{"index":"72090011947905024","data":"Who even started this rapture talk? A better question is who actually fed into it?If u did,take your hand & smack yourself now please"},{"index":"72097227425853440","data":"At one of the most beautiful weddings I've ever been to & just cried on both daddy speeches since I'll never have that."},{"index":"72100191167201280","data":"Microsoft’s 3D animation VIDEO: http://tiny.ly/I6k6 it was done for the retail store There’s one in #Bellevue where I live"},{"index":"72097496507236352","data":"@NataliaVValle hahaha nice confession lady! Check out #rapturebomb pics some are #hilarious"},{"index":"72098316866961409","data":"“@gr8fulhz: I inhaled. #endoftheworldconfessions” too funny!!"},{"index":"72098771240103937","data":"“@MannyDelvalle: Sometimes you forgive people simply because you still want them in your life.”"},{"index":"72374269480402944","data":"I am in the process of developing a show about men proving to themselves they actually want a commitment. #FB"},{"index":"72527481403482112","data":"Love this! http://ow.ly/1t77RU #etrade #commercial #20thingsilove"},{"index":"72096656325230593","data":"could this be the world's most expensive hat design? http://j.mp/kOrhOZ"},{"index":"72519208419852288","data":"“A pessimist sees the difficulty in every opportunity; an optimist sees the opportunity in every difficulty.” -W.C."},{"index":"72910837416865792","data":"It's #annoying that paper towels have a \"pick your own size\" size #WTF"},{"index":"72911406785232896","data":"“@MyDesignFood: 30 Examples of Smart Print Advertisement http://goo.gl/fb/OXFXA  #webdesign” love #pepsi diet #ad"},{"index":"72911782901055488","data":"45+ Best Icon Design Tutorials http://is.gd/HMjRkv #design"},{"index":"73206352905900032","data":"let's start this party a little early."},{"index":"73206673195532289","data":"So glad I'm not #incollege"},{"index":"73208718258479105","data":"@meganschmit In 2 years you will"},{"index":"74143123248394240","data":"@RobVTweet  You can have the greatest map, but without knowing where you are on the map you'll never get anywhere! #thoughts"},{"index":"75005956190253056","data":"Is There a Social Media Tech Bubble? [INFOGRAPHIC] http://on.mash.to/ljLqY9"},{"index":"75271628904333312","data":"Great post, I agree! RT @RobVTweet: Can online marketing build character? I say it does...  http://ow.ly/1tl0W1"},{"index":"75272067913748480","data":"You’re headed in the right direction if he’s planning dates for you."},{"index":"75006899355004928","data":"Check out this great #themeforest item 'FactoryBox Premium Wordpress Theme' http://themeforest.net/item/factorybox-premium-wordpress-theme/238790 … #wordpress"},{"index":"75561791047999488","data":"Unreal... http://lnkd.in/7WESKC"},{"index":"75514772514283520","data":"Beautiful RT @digimojo: Via @DesignNewz: New: ElegantGrey Free #Wordpress Theme http://ow.ly/1tm2FK"},{"index":"75516581635039232","data":"College grads + 'passion'. David Brooks and I are drinking the same Koolaid  http://bit.ly/lGmoB7  \n http://ow.ly/56lSS "},{"index":"7361088399","data":"Tommy O's Pacific Rim Bistro on #Yelp: Genuine, Delicious, My FAVORITE! http://bit.ly/8RTPQD"},{"index":"75562215855497216","data":"Not sure if #ultrabooks will be a pseudo- #intel #ipad or just another thin tablet to add to the attempts http://lnkd.in/hNaQuC"},{"index":"75563120961138689","data":"C'mon @Google don't get #greedy. This is a #badidea and retroactive really... Sad #news http://lnkd.in/GK4irf"},{"index":"75563874522370048","data":"Twitter Plans To Launch Photo-Sharing Service [REPORT] http://lnkd.in/VufPJA"},{"index":"75678073596542976","data":"Love the #luggage #advertising by Samsonite http://bit.ly/lTomgl for beautiful #design"},{"index":"75644955862900736","data":"Need #ideas for a creative #webdesign twist on a Made in #USA page for new website #SEO purposes too"},{"index":"75564340408893440","data":"Thank you Mr. Z! http://lnkd.in/Kfwf2r"},{"index":"75592292399976448","data":"@meganschmit you love to go on weekly retweet binges :)"},{"index":"76084779518406656","data":"#Twitter Unveils Photo & Video Sharing http://mashable.com/2011/06/01/twitter-photos/ … via @mashsocialmedia @mashable"},{"index":"7627899951","data":"WooHoo!! Pete Carroll is a stud!!"},{"index":"75929183070593024","data":"I'm so sick of the #rain"},{"index":"77387302606864385","data":"@meganschmit #rain I've resorted to dropping everything when there is a sun break and going outside to soak what ever rays I can get."},{"index":"7770503281","data":"Did Google just kill their momentum to grasp reigns from Baidu? If they were bluffing, I think China will call"},{"index":"7887522972","data":"@meganschmit Best Auntie ever! :-)"},{"index":"77388287148441600","data":"5 Key Shifts Happening Right Now in the World of Digital Marketing  http://on.mash.to/krOp78  RT @mashable"},{"index":"79031119126859776","data":"Celebrate #Social Media Day With @mashable in San Francisco: http://on.mash.to/il2TLA "},{"index":"78932477628006400","data":"Survived the prop #plane ... I'm crossing my fingers I'm flying on the B747 that's unloading at my gate"},{"index":"79032547442565120","data":"My kids are playing dodgeball on the trampoline without \"dodging\". So yeah...they're just getting hit with the ball. Must be mom's genes."},{"index":"7979872196","data":"@jquedado: Check this video out -- Social Media Revolution http://youtu.be/sIFYPQjYhv8\n\nLook at time: 1:22 and then 2:46 and 3:13 :)"},{"index":"79032296975515652","data":"Watched the #movie #just go with it with Adam sandler and Jen Anniston, so cute!"},{"index":"79656075707682816","data":"Cellphone Executive Says 4G #iPhone 5 On the Way: http://on.mash.to/jNS5WF "},{"index":"7979880880","data":"@megacrum HAPPY BIRTHDAY!!!"},{"index":"7980187297","data":"@BillGates I'm incredibly grateful for your amazing support of the University of Washington ~ Go Dawgs!"},{"index":"7980143234","data":"@jquedado -- Did You Know 4.0 http://youtu.be/6ILQrUrEWe8 \nTime: 1:00, 2:35, 2:45, and 3:44"},{"index":"7984139021","data":"Twitter down possibly linked with earthquake in Haiti? \nhttp://www.620wtmj.com/news/local/82148587.html"},{"index":"7980694407","data":"\"Don't let the noise of others' opinions drown out your own inner voice\" -Steve Jobs"},{"index":"7983022353","data":"Husky Career Blog phasing out ... it's been fun! | The Career Center at the University of Washington - http://shar.es/aBLCW"},{"index":"7984171905","data":"@laurent4508 I want Spring Quarter IMA soccer to be here already!"},{"index":"7984382530","data":"Bill Gates Generates Twitter Hysteria, Website Goes Down http://bit.ly/6k3IH7"},{"index":"7984192159","data":"@angey3000 Where have you beeen?!"},{"index":"7988507250","data":"An entire hour of CNN and not one mention of the devastation in Haiti...do they know there was a 6.1 aftershock this morning?"},{"index":"8030434318","data":"\"Perceptions are reality\" -Jack Rhodes, UW prof, Effective Communications in Sales workshop. Inspiring event; the day is already brighter!"},{"index":"86637280432885760","data":"@stevenbward What do you think was the greatest factor of your success as a #matchmaker?"},{"index":"80525878085431296","data":"%Facebook Preparing for $100 Billion IPO in Early 2012 [REPORT]: http://on.mash.to/k8n6q8 "},{"index":"86638719125303296","data":"Happy social media day! @jquedado @awdawn @dthurs10 @JDonPon @MollyAndrews @robdyrdek @smashingmag @shannonholato @tweeterrance @RoyLew34"},{"index":"86639655910506496","data":"Facebook’s Mark #zuckerman doesn’t put on a happy face in his #Google+ profile | VentureBeat: http://bit.ly/kW2QEn "},{"index":"86640549154668545","data":"Something about #sunsets... http://twitpic.com/5jcmyn"},{"index":"7987258899","data":"@ethicsblogger Great article about cruise lines and the ethical dilemma they face with the earthquakes devastating Haiti! http://ow.ly/XTA0"},{"index":"86685399027687424","data":"You can tell the ideals of a nation by its #advertisements.\n-George Norman Douglas"},{"index":"86734347356471296","data":"I need me a @TimRiggins - good lord."},{"index":"87362929409789953","data":"My interview with @guykawasaki on Amex Open Forum: How Social Responsibility Fosters Business Success http://ow.ly/5vyfK"},{"index":"86836576029638656","data":"Invitations for #Googleplus sent! We still have #freeinvites, DM your ID or tweet here to get one."},{"index":"87459874514022400","data":"Who's having the after party?????"},{"index":"87698116005986304","data":"Many a small thing has been made large by the right kind of #advertising.\n-Mark Twain"},{"index":"93319293374169088","data":"@mx119 new MacBook!  http://mashable.com/2011/07/19/mac-os-x-lion-new-macbook-air/ …"},{"index":"93320000621912065","data":"@jquedado hey! Ur account?? :) “@Campaignmag: Razorfish wins two global Unilever accounts: Razorfish, the Publicis Groupe-owned agency,”"},{"index":"93320572083257344","data":"@meganschmit #rain I've resorted to dropping everything when there is a sun break and going outside to soak what ever rays I can get."},{"index":"93321312524713986","data":"Didn't your mothers ever tell you that sometimes \"sorry\" isn't good enough."},{"index":"93321972242583552","data":"Maybe Amex should lower their charge to vendors since they've got plenty green to play with http://lnkd.in/crAa_r"},{"index":"96345228470009857","data":"i think #emoticons are dope and more people should use them"},{"index":"93320959414632448","data":"#exciting news!! “@web2feed: #Adobe buys #EchoSign for electronic #PDF signatures http://bit.ly/plT3ZP ”"}]