[{"index":"322534101645152256","data":"@RaulTadeomx besos Raul !"},{"index":"322570353878659072","data":"@Adela_Micha hace mucho que no saludo a mi periodista favoritaaaa del mundo mundiaaaal\nJajaaaaa"},{"index":"322567108334608384","data":"RT @jamarcialc: @Adela_Micha estamos esperando para ver tú programa en familia con adela. Un abrazo a ... http://m.tmi.me/RZpAP "},{"index":"322876040777183233","data":"RT @m2vb: @Adela_Micha como siempre ya es compromiso la entrevista ni preguntar si vale la pena es con ADELA (garantía)[gracias Mau"},{"index":"322569884108214272","data":"RT @m2vb: @Adela_Micha como siempre ya es compromiso la entrevista ni preguntar si vale la pena es con ADELA (garantía)[gracias Mau"},{"index":"324953171887783939","data":"@timmytaz mi correo \nAdela@televisa.com.mx"},{"index":"326849816686645248","data":"OMG Creo que en la boda del sábado, tengo a @Adela_Micha en unas fotos en la Parroquia de San Miguel. :P"},{"index":"325647326460928000","data":"@Adela_Micha Adela como te admiro, estoy viendo tu entrevista con Elba Esther, mi más sinceras felicitaciones. Saludos desde aquí DF"},{"index":"330490983609401344","data":"@Adela_Micha  ola adela me gusta mucho como realizas los noticieros eres muy segura en lo k aces felicidades"},{"index":"327659049413902336","data":"#mancerahazmeunparo"},{"index":"332505549012877315","data":"@Adela_Micha :-) Hola saludos gran mujer"},{"index":"324729632584781824","data":"Es mi cacle favorito"},{"index":"332320706064969728","data":"@Adela_Micha Sólo con ver tu nombre me haces suspirar, imagínate cuando te veo, te quiero cada día más..T.Q.M soy tu fans sigueme"},{"index":"332505010833350659","data":"@ULUAHOTEL adela@televisa.com.mx"},{"index":"332681713106964480","data":"@Adela_Micha quiero tu bbpin :("},{"index":"333034572747005952","data":"@Adela_Micha estaremos chipil Ame? Si queremos llorar pues a llorar snif, hay q darle al cuerpo lo q pida. Un abrazo hoy y siempre."},{"index":"332681943730753538","data":"RT @vicmanolete: Esta noche no me perderé la entrevista de @Adela_Micha a @angelaguirregro...[Los esperooo"},{"index":"333045867021996032","data":"@Adela_Micha Adela tu eres como los vinos, entre más añejos mejores!!!!"},{"index":"333038058708541440","data":"RT @Rodpac: Los que quieran ir a Marte no se pierdan en un ratito por @Adela_Micha la convocatoria.[#quieroir"},{"index":"334144185462575105","data":"RT @NTelevisa_com: Próximamente... Oscar de la Renta en #Laentrevistapor @Adela_Micha http://goo.gl/CBGcM "},{"index":"334151332330098688","data":"RT @NTelevisa_com: Próximamente... Oscar de la Renta en #Laentrevistapor @Adela_Micha http://goo.gl/CBGcM "},{"index":"334415365436227584","data":"@Adela_Micha one lashed fuertisisismo cuidt muchos exitos happy x happy x tu exitos en t programa tkmch lo sabes fans uno suertes bendicion!"},{"index":"334415109004873728","data":"@Adela_Micha te felicito por tu trabajo periodistico ! Eres Grande"},{"index":"334479485762146305","data":"@Adela_Micha hoy es mi cumple felicítame si :("},{"index":"334490790300626945","data":"@jupitermontes jajajaja gracias Jupiter ! Un beso"},{"index":"337636708545867776","data":"@Adela_Micha Muchisisisisímas felicidades, salud, éxito y bendiciones!!!"},{"index":"334483845300748288","data":"RT @vicky_alz: @Adela_Micha ya quiero que sea jueves para ver su programa, me encanta. felicidades!![Los esperoo! ... http://m.tmi.me/VzjnM "},{"index":"337193396278022144","data":"Sin duda @Adela_Micha es una MILF, no creen?"},{"index":"339203616638398464","data":"@Adela_Micha si sabes q te estoy viendo y por eso te trabas dime y le cambio jajaja salu2"},{"index":"337745456065044480","data":"@pbroraulsr gracias Raul"},{"index":"342465597428346880","data":"\"@mishelleha00: con @Adela_Micha y el piojo en la entrevista que sale el próximo jueves .buenísima se los juro llore pic.twitter.com/gDNMJNnU4E\""},{"index":"348060302178414594","data":"@LomasYulitze igual para ti"},{"index":"348061251852705793","data":"lourdes pumas &#8207;@lulispumas Yo solo veo las noticias con  @Adela_Micha .........Eres la mejor!!!!!!!!!!"},{"index":"348059889005887488","data":"Mi pa dice que @Adela_Micha es su brujita!!!"},{"index":"339910760736116736","data":"\"@NTelevisa_com: A las 20:00 horas inicia Las noticias por @Adela_Micha por GALAtv\"/=al aire"},{"index":"348061353266774016","data":"@CanettEricka igualmente!"},{"index":"348062093632753664","data":"@PoloTonantzin Jajajajaja besos"},{"index":"348812941954527232","data":"De todos los periodistas de televisa... me quedo con @Adela_Micha!!! No hay mas!!!"},{"index":"348812829169680385","data":"De todas las periodistas.... yo kiero ser como!!! @Adela_Micha!!!"},{"index":"348061576219217920","data":"@Adela_Micha hola Que buena la.entrevista de anoche"},{"index":"348816770557149184","data":"@Adela_Micha que cosa tan maravillosa esto del tweet! Ants jamas podria uno imaginar esta cercania felicidades!! Eres bien chida!"},{"index":"350054415002116096","data":"Me he vuelto fan de @Adela_Micha .!! Es la onda.!!! #PincheViejaChingononona.!! <3"},{"index":"355147893922988032","data":"@Adela_Micha me gustas más cuando      Sales con minifalda adiós preciosa contéstame"},{"index":"350054519125712896","data":"#EresLaNeta @Adela_Micha en @Mojoetv rápida al entrevistar y rapida al responder "},{"index":"355148124408381441","data":"\"@NoticiasxAdela: Esta noche en las Noticias por @Adela_Micha: Consignados 12 policías por el asesinato de Tultepec\""},{"index":"355049344136781824","data":"# odio BlackBerry"},{"index":"355534624690143232","data":"\"@mayra_calvohdz: @Adela_Micha jaja ahssss bn dia http://twitter.com/mayra_calvohdz/status/355395528722366465/photo/1pic.twitter.com/s2C26NFEZZ \"\\jjajajajaja"},{"index":"366016497723781120","data":"La reforma energética será presentada el próximo lunes por la mañana. (Vía @Adela_Micha )"},{"index":"366020188069564416","data":"@xopxevb perdoon?"},{"index":"365307498284060673","data":"@Adela_Micha Se que Vienen nuevos tiempos para tu vida .creelo buenas noches que descanse DTB tqm"},{"index":"365662667073003521","data":"Que paso ;@lopezdoriga !! @AlfredoJalife @fernandeznorona podrian levantarte el raiting. Acepta!! Un debate con ellos en tercer grado"},{"index":"367038717715693569","data":"@mialmapaula este! Saludos"},{"index":"365647189642448897","data":"@Adela_Micha Me encanta tu look y tu estilo, vistes genial!! Claro eso no define tu profesionalismo,ambas partes se combinan a la perfección"},{"index":"367815112456810496","data":"@Adela_Micha ;) pic.twitter.com/Wdjtd2DJda"},{"index":"366265281619824640","data":"\"@chidobandido: @Adela_Micha hola chido bandido\"\\woooow! Padriiiisimas las camisetas!"},{"index":"369999851087335424","data":"#QueTerriblesGanasDe tomar un cafe mientras nos informamos con las noticias de @Adela_Micha , ven, te esperamos!! pic.twitter.com/CaisEr00IF"},{"index":"368540118543372288","data":"@Adela_Micha ;) pic.twitter.com/u7Ucf1idTK"},{"index":"367835564805849088","data":"Jajajajajajaja pic.twitter.com/ub8VXZVvWL"},{"index":"368541917002219520","data":"@Adela_Micha vaya que es viernes y sabes que #HoyToca te vez guapísima en ese vestido azul....."},{"index":"370616556012593152","data":"@Adela_Micha en mi auto traigo 144 decibeles con el sonido que le he instalado, pero ya no recuerdo a que venia esto jajajaja ntc saludos"},{"index":"370633910201233408","data":"@sagitariano47 Jajajaja graaacias"},{"index":"370731267458736129","data":"@Adela_Micha // Está padrísima tu blusa!!!"},{"index":"370633389386108928","data":"@Adela_Micha mancetahazmeunparo"},{"index":"368183493441761281","data":"\"@SuzanneFaugier: @Adela_Micha  jefa todavía tenemos esperanzas jajaj ana pic.twitter.com/OXjyZNdCgY\"\\ todaviaaaa jajajaja"},{"index":"371094913468727296","data":"@Adela_Micha Adela cual es nombre del economista que mencionaron hace rato? Gracias"},{"index":"371160201493090304","data":"Amo que nos visiten personas increíbles como @marthadebayle y @Adela_Micha toda la actitud!"},{"index":"372632730153930753","data":"@Marialeon0405 woooooow! Graciaaaas"},{"index":"371160129560801281","data":"Amo que nos visiten personas increíbles como @marthadebayle y @Adela_Micha toda la actitud!"},{"index":"373266942838071298","data":"@Adela_Micha hola adela eres una mujer sexy y m gustas mucho mandame un saludo y un beso"},{"index":"371443454301057024","data":"Una escena entre dos actores se sostiene y se hace interesante mediante:\n1- Rasa\n2- Conflicto\n3-… http://instagram.com/p/dQlpYnLuMj/ "},{"index":"373986982826749952","data":"@Adela_Micha....Y sigue siempre asi con tu carisma.Que dios t bendiga y nvte. Saludos dsd Leon gto. K siga el EXITO!!!!"},{"index":"373623201047121920","data":"Oye @Adela_Micha mándame un beso en la boca estoy viendo tus noticias eres tan perfecta. Te amo."},{"index":"375829599101259776","data":"Se me hace que no llego a la entrevista de @Adela_Micha #muerodesueño"},{"index":"376161082718425089","data":"@Adela_Micha Quiero saber si hay algún lugar donde pueda ver sus entrevistas?quiero volver a ver la de Chuayfett,Bosco Gutierrez Cortina,etc"},{"index":"376385483913170944","data":"@Adela_Micha es verdad que dijiste que en mexicali es donde esta la peor policia? (Por lo del caso Reily)....es solo una duda...."},{"index":"375072230448701441","data":"\"@Juniortvsa: Chilinsquisqui @rodpac @Adela_Micha\"\\ Jajajajajajajajajajaja"},{"index":"380861068953677825","data":"@Adela_Micha Saludos a la periodista mas simpática de la tv en estos momentos ! Además eres mi prima !! Responde porfa ."},{"index":"380882713017724928","data":"¡¡No macaaaayuuuu!! Que guapa te ves y que buen look querida @Adela_Micha #SoyTuFan #SaludosConHaaaartoCariño"},{"index":"379105214038425600","data":"FAV si estás siguiendo mi transmisión de la pelea del Canelo."},{"index":"388642453164535808","data":"\"@jloquillo: @Adela_Micha Guapísima !!! http://twitter.com/jloquillo/status/388629309163704320/photo/1pic.twitter.com/kQH5gRpIdH \"\\ graaaacias!"},{"index":"390306526042546176","data":"@Adela_Micha  No hay como ver en las Noches a una hermosa mujer dando las noticias Adela :)"},{"index":"387391481046003712","data":"Mándame un beso @Adela_Micha, si no me mato :("},{"index":"398282276686934016","data":"viendo las noticias con @Adela_Micha , siempre me ha gustado su estilo para darlas...las noticias ok ajajajaja"},{"index":"393230367471067136","data":"\"@EMaGleM: @Adela_Micha ADELAAAAAAAAA t presento a Christian Grey!!!!! #Cuero pic.twitter.com/u0VQXUgwY2\"\\woooow"},{"index":"380906167003648001","data":"\"@manydominguez: A QUIEN ENTREVISTAS HOY @Adela_Micha ?\"\\ a Eugenio Derbez"},{"index":"398282943606435840","data":"@vasherl graaaaacias!"},{"index":"398904611953598464","data":"@miguel_jauregui jajajajaja consteeee"},{"index":"398682004985614336","data":"Esa #lucha cuando se te caen los ojos de #sueño y tratas de mantenerlos abiertos para ver la #entrevista de @cesarmillan con @Adela_Micha..."},{"index":"398702441190797312","data":"Hola @Adela_Micha es injusto q entrevistes al mejor domador de perros y no al de perras que soy yo :("},{"index":"400816195323969536","data":"@Adela_Micha ;) pic.twitter.com/gNeYA1q0Dx"},{"index":"398905510100885505","data":"@Adela_Micha: Yo te mando tu Topo Chico Adela. De 1 litro y medio esta bien?"},{"index":"400817922949394432","data":"@Adela_Micha todos los dias., pero esta noche estas especialmente hermosa..."},{"index":"401213665665249280","data":"Cuando vi el look de @Adela_Micha en las noticias hoy no pude evitar decir WOW! Lo ame! El cabello, smoky eyeshadow, el vestuario EXCELENTE!"},{"index":"406245632685268993","data":"@Adela_Micha //guapísima como siempre ayer en #iconosdeldiseño2013 , te mando un beso con cariño, me recuerdas?"},{"index":"406117150219182080","data":"@Adela_Micha ¡Feliz Hannuka!  No sé si sea apropiado decirlo así..."},{"index":"406247780781285376","data":"@Adela_Micha //guapísima como siempre ayer en #iconosdeldiseño2013 , te mando un beso con cariño, me recuerdas?"},{"index":"401541267378540544","data":"@Adela_Micha Y tú vestida como muñequita de nieve..."},{"index":"406247962931494912","data":"@Adela_Micha //guapísima como siempre ayer en #iconosdeldiseño2013 , te mando un beso con cariño, me recuerdas?"},{"index":"421352778976342016","data":"Te adoro @jaimecamil pic.twitter.com/9hWDe7znt8"},{"index":"419402499729010688","data":"@JunicomooorMouraTrue @RealJuniorMoura comooo?"},{"index":"421829458648002560","data":"@Adela_Micha Beautiful and provocative hair ,nice and casual Friday"},{"index":"407347511523680256","data":"\"@yolandandrade: T \nManaaaaa\nadela_micha http://instagram.com/p/hZvZ-fv7GH/ \"\\yo mucho a ti!"},{"index":"424081064374460416","data":"\"@AddaAguirre: @Adela_Micha también es berraca como #HipolitoMora\"\\ jajjajajaja"},{"index":"322534101645152256","data":"@RaulTadeomx besos Raul !"},{"index":"424068042226561024","data":"@Adela_Micha qué pinches entrevistas tan chingonas haces!  Me  cae!  Carajo!"},{"index":"421411161704124416","data":"Hooola! Ya tengo Instagram. Mi usuario es Adelamicha\nSiganme!!!"},{"index":"424064263838126080","data":"Como cada jueves y solo porque de verdad vale la pena el desvelo #LaEntrevistaxAdela. @Adela_Micha. Siempre fiel... #lamejorperiodista"},{"index":"322567108334608384","data":"RT @jamarcialc: @Adela_Micha estamos esperando para ver tú programa en familia con adela. Un abrazo a ... http://m.tmi.me/RZpAP "},{"index":"322570353878659072","data":"@Adela_Micha hace mucho que no saludo a mi periodista favoritaaaa del mundo mundiaaaal\nJajaaaaa"},{"index":"322569884108214272","data":"RT @m2vb: @Adela_Micha como siempre ya es compromiso la entrevista ni preguntar si vale la pena es con ADELA (garantía)[gracias Mau"},{"index":"322876040777183233","data":"RT @m2vb: @Adela_Micha como siempre ya es compromiso la entrevista ni preguntar si vale la pena es con ADELA (garantía)[gracias Mau"},{"index":"324953171887783939","data":"@timmytaz mi correo \nAdela@televisa.com.mx"},{"index":"325647326460928000","data":"@Adela_Micha Adela como te admiro, estoy viendo tu entrevista con Elba Esther, mi más sinceras felicitaciones. Saludos desde aquí DF"},{"index":"330490983609401344","data":"@Adela_Micha  ola adela me gusta mucho como realizas los noticieros eres muy segura en lo k aces felicidades"},{"index":"324729632584781824","data":"Es mi cacle favorito"},{"index":"326849816686645248","data":"OMG Creo que en la boda del sábado, tengo a @Adela_Micha en unas fotos en la Parroquia de San Miguel. :P"},{"index":"327659049413902336","data":"#mancerahazmeunparo"},{"index":"332505010833350659","data":"@ULUAHOTEL adela@televisa.com.mx"},{"index":"332505549012877315","data":"@Adela_Micha :-) Hola saludos gran mujer"},{"index":"332320706064969728","data":"@Adela_Micha Sólo con ver tu nombre me haces suspirar, imagínate cuando te veo, te quiero cada día más..T.Q.M soy tu fans sigueme"},{"index":"332681713106964480","data":"@Adela_Micha quiero tu bbpin :("},{"index":"332681943730753538","data":"RT @vicmanolete: Esta noche no me perderé la entrevista de @Adela_Micha a @angelaguirregro...[Los esperooo"},{"index":"333038058708541440","data":"RT @Rodpac: Los que quieran ir a Marte no se pierdan en un ratito por @Adela_Micha la convocatoria.[#quieroir"},{"index":"333034572747005952","data":"@Adela_Micha estaremos chipil Ame? Si queremos llorar pues a llorar snif, hay q darle al cuerpo lo q pida. Un abrazo hoy y siempre."},{"index":"333045867021996032","data":"@Adela_Micha Adela tu eres como los vinos, entre más añejos mejores!!!!"},{"index":"334144185462575105","data":"RT @NTelevisa_com: Próximamente... Oscar de la Renta en #Laentrevistapor @Adela_Micha http://goo.gl/CBGcM "},{"index":"334151332330098688","data":"RT @NTelevisa_com: Próximamente... Oscar de la Renta en #Laentrevistapor @Adela_Micha http://goo.gl/CBGcM "},{"index":"334479485762146305","data":"@Adela_Micha hoy es mi cumple felicítame si :("},{"index":"334483845300748288","data":"RT @vicky_alz: @Adela_Micha ya quiero que sea jueves para ver su programa, me encanta. felicidades!![Los esperoo! ... http://m.tmi.me/VzjnM "},{"index":"334415109004873728","data":"@Adela_Micha te felicito por tu trabajo periodistico ! Eres Grande"},{"index":"334415365436227584","data":"@Adela_Micha one lashed fuertisisismo cuidt muchos exitos happy x happy x tu exitos en t programa tkmch lo sabes fans uno suertes bendicion!"},{"index":"334490790300626945","data":"@jupitermontes jajajaja gracias Jupiter ! Un beso"},{"index":"337636708545867776","data":"@Adela_Micha Muchisisisisímas felicidades, salud, éxito y bendiciones!!!"},{"index":"337193396278022144","data":"Sin duda @Adela_Micha es una MILF, no creen?"},{"index":"337745456065044480","data":"@pbroraulsr gracias Raul"},{"index":"339910760736116736","data":"\"@NTelevisa_com: A las 20:00 horas inicia Las noticias por @Adela_Micha por GALAtv\"/=al aire"},{"index":"342465597428346880","data":"\"@mishelleha00: con @Adela_Micha y el piojo en la entrevista que sale el próximo jueves .buenísima se los juro llore pic.twitter.com/gDNMJNnU4E\""},{"index":"348059889005887488","data":"Mi pa dice que @Adela_Micha es su brujita!!!"},{"index":"348060302178414594","data":"@LomasYulitze igual para ti"},{"index":"348061353266774016","data":"@CanettEricka igualmente!"},{"index":"348061251852705793","data":"lourdes pumas &#8207;@lulispumas Yo solo veo las noticias con  @Adela_Micha .........Eres la mejor!!!!!!!!!!"},{"index":"348061576219217920","data":"@Adela_Micha hola Que buena la.entrevista de anoche"},{"index":"348062093632753664","data":"@PoloTonantzin Jajajajaja besos"},{"index":"348812829169680385","data":"De todas las periodistas.... yo kiero ser como!!! @Adela_Micha!!!"},{"index":"348812941954527232","data":"De todos los periodistas de televisa... me quedo con @Adela_Micha!!! No hay mas!!!"},{"index":"348816770557149184","data":"@Adela_Micha que cosa tan maravillosa esto del tweet! Ants jamas podria uno imaginar esta cercania felicidades!! Eres bien chida!"},{"index":"350054415002116096","data":"Me he vuelto fan de @Adela_Micha .!! Es la onda.!!! #PincheViejaChingononona.!! <3"},{"index":"355147893922988032","data":"@Adela_Micha me gustas más cuando      Sales con minifalda adiós preciosa contéstame"},{"index":"350054519125712896","data":"#EresLaNeta @Adela_Micha en @Mojoetv rápida al entrevistar y rapida al responder "},{"index":"355049344136781824","data":"# odio BlackBerry"},{"index":"339203616638398464","data":"@Adela_Micha si sabes q te estoy viendo y por eso te trabas dime y le cambio jajaja salu2"},{"index":"355148124408381441","data":"\"@NoticiasxAdela: Esta noche en las Noticias por @Adela_Micha: Consignados 12 policías por el asesinato de Tultepec\""},{"index":"365307498284060673","data":"@Adela_Micha Se que Vienen nuevos tiempos para tu vida .creelo buenas noches que descanse DTB tqm"},{"index":"355534624690143232","data":"\"@mayra_calvohdz: @Adela_Micha jaja ahssss bn dia http://twitter.com/mayra_calvohdz/status/355395528722366465/photo/1pic.twitter.com/s2C26NFEZZ \"\\jjajajajaja"},{"index":"366016497723781120","data":"La reforma energética será presentada el próximo lunes por la mañana. (Vía @Adela_Micha )"},{"index":"365647189642448897","data":"@Adela_Micha Me encanta tu look y tu estilo, vistes genial!! Claro eso no define tu profesionalismo,ambas partes se combinan a la perfección"},{"index":"365662667073003521","data":"Que paso ;@lopezdoriga !! @AlfredoJalife @fernandeznorona podrian levantarte el raiting. Acepta!! Un debate con ellos en tercer grado"},{"index":"366020188069564416","data":"@xopxevb perdoon?"},{"index":"366265281619824640","data":"\"@chidobandido: @Adela_Micha hola chido bandido\"\\woooow! Padriiiisimas las camisetas!"},{"index":"367038717715693569","data":"@mialmapaula este! Saludos"},{"index":"367815112456810496","data":"@Adela_Micha ;) pic.twitter.com/Wdjtd2DJda"},{"index":"368540118543372288","data":"@Adela_Micha ;) pic.twitter.com/u7Ucf1idTK"},{"index":"367835564805849088","data":"Jajajajajajaja pic.twitter.com/ub8VXZVvWL"},{"index":"368183493441761281","data":"\"@SuzanneFaugier: @Adela_Micha  jefa todavía tenemos esperanzas jajaj ana pic.twitter.com/OXjyZNdCgY\"\\ todaviaaaa jajajaja"},{"index":"368541917002219520","data":"@Adela_Micha vaya que es viernes y sabes que #HoyToca te vez guapísima en ese vestido azul....."},{"index":"369999851087335424","data":"#QueTerriblesGanasDe tomar un cafe mientras nos informamos con las noticias de @Adela_Micha , ven, te esperamos!! pic.twitter.com/CaisEr00IF"},{"index":"370633910201233408","data":"@sagitariano47 Jajajaja graaacias"},{"index":"370616556012593152","data":"@Adela_Micha en mi auto traigo 144 decibeles con el sonido que le he instalado, pero ya no recuerdo a que venia esto jajajaja ntc saludos"},{"index":"370633389386108928","data":"@Adela_Micha mancetahazmeunparo"},{"index":"370731267458736129","data":"@Adela_Micha // Está padrísima tu blusa!!!"},{"index":"371160201493090304","data":"Amo que nos visiten personas increíbles como @marthadebayle y @Adela_Micha toda la actitud!"},{"index":"371160129560801281","data":"Amo que nos visiten personas increíbles como @marthadebayle y @Adela_Micha toda la actitud!"},{"index":"371094913468727296","data":"@Adela_Micha Adela cual es nombre del economista que mencionaron hace rato? Gracias"},{"index":"373266942838071298","data":"@Adela_Micha hola adela eres una mujer sexy y m gustas mucho mandame un saludo y un beso"},{"index":"373623201047121920","data":"Oye @Adela_Micha mándame un beso en la boca estoy viendo tus noticias eres tan perfecta. Te amo."},{"index":"372632730153930753","data":"@Marialeon0405 woooooow! Graciaaaas"},{"index":"373986982826749952","data":"@Adela_Micha....Y sigue siempre asi con tu carisma.Que dios t bendiga y nvte. Saludos dsd Leon gto. K siga el EXITO!!!!"},{"index":"375829599101259776","data":"Se me hace que no llego a la entrevista de @Adela_Micha #muerodesueño"},{"index":"375072230448701441","data":"\"@Juniortvsa: Chilinsquisqui @rodpac @Adela_Micha\"\\ Jajajajajajajajajajaja"},{"index":"376161082718425089","data":"@Adela_Micha Quiero saber si hay algún lugar donde pueda ver sus entrevistas?quiero volver a ver la de Chuayfett,Bosco Gutierrez Cortina,etc"},{"index":"376385483913170944","data":"@Adela_Micha es verdad que dijiste que en mexicali es donde esta la peor policia? (Por lo del caso Reily)....es solo una duda...."},{"index":"379105214038425600","data":"FAV si estás siguiendo mi transmisión de la pelea del Canelo."},{"index":"380861068953677825","data":"@Adela_Micha Saludos a la periodista mas simpática de la tv en estos momentos ! Además eres mi prima !! Responde porfa ."},{"index":"380882713017724928","data":"¡¡No macaaaayuuuu!! Que guapa te ves y que buen look querida @Adela_Micha #SoyTuFan #SaludosConHaaaartoCariño"},{"index":"387391481046003712","data":"Mándame un beso @Adela_Micha, si no me mato :("},{"index":"390306526042546176","data":"@Adela_Micha  No hay como ver en las Noches a una hermosa mujer dando las noticias Adela :)"},{"index":"388642453164535808","data":"\"@jloquillo: @Adela_Micha Guapísima !!! http://twitter.com/jloquillo/status/388629309163704320/photo/1pic.twitter.com/kQH5gRpIdH \"\\ graaaacias!"},{"index":"380906167003648001","data":"\"@manydominguez: A QUIEN ENTREVISTAS HOY @Adela_Micha ?\"\\ a Eugenio Derbez"},{"index":"398282276686934016","data":"viendo las noticias con @Adela_Micha , siempre me ha gustado su estilo para darlas...las noticias ok ajajajaja"},{"index":"398282943606435840","data":"@vasherl graaaaacias!"},{"index":"398682004985614336","data":"Esa #lucha cuando se te caen los ojos de #sueño y tratas de mantenerlos abiertos para ver la #entrevista de @cesarmillan con @Adela_Micha..."},{"index":"393230367471067136","data":"\"@EMaGleM: @Adela_Micha ADELAAAAAAAAA t presento a Christian Grey!!!!! #Cuero pic.twitter.com/u0VQXUgwY2\"\\woooow"},{"index":"398904611953598464","data":"@miguel_jauregui jajajajaja consteeee"},{"index":"398702441190797312","data":"Hola @Adela_Micha es injusto q entrevistes al mejor domador de perros y no al de perras que soy yo :("},{"index":"371443454301057024","data":"Una escena entre dos actores se sostiene y se hace interesante mediante:\n1- Rasa\n2- Conflicto\n3-… http://instagram.com/p/dQlpYnLuMj/ "},{"index":"400816195323969536","data":"@Adela_Micha ;) pic.twitter.com/gNeYA1q0Dx"},{"index":"398905510100885505","data":"@Adela_Micha: Yo te mando tu Topo Chico Adela. De 1 litro y medio esta bien?"},{"index":"400817922949394432","data":"@Adela_Micha todos los dias., pero esta noche estas especialmente hermosa..."},{"index":"401213665665249280","data":"Cuando vi el look de @Adela_Micha en las noticias hoy no pude evitar decir WOW! Lo ame! El cabello, smoky eyeshadow, el vestuario EXCELENTE!"},{"index":"406117150219182080","data":"@Adela_Micha ¡Feliz Hannuka!  No sé si sea apropiado decirlo así..."},{"index":"406245632685268993","data":"@Adela_Micha //guapísima como siempre ayer en #iconosdeldiseño2013 , te mando un beso con cariño, me recuerdas?"},{"index":"401541267378540544","data":"@Adela_Micha Y tú vestida como muñequita de nieve..."},{"index":"406247780781285376","data":"@Adela_Micha //guapísima como siempre ayer en #iconosdeldiseño2013 , te mando un beso con cariño, me recuerdas?"},{"index":"406247962931494912","data":"@Adela_Micha //guapísima como siempre ayer en #iconosdeldiseño2013 , te mando un beso con cariño, me recuerdas?"},{"index":"407347511523680256","data":"\"@yolandandrade: T \nManaaaaa\nadela_micha http://instagram.com/p/hZvZ-fv7GH/ \"\\yo mucho a ti!"},{"index":"419402499729010688","data":"@JunicomooorMouraTrue @RealJuniorMoura comooo?"},{"index":"421352778976342016","data":"Te adoro @jaimecamil pic.twitter.com/9hWDe7znt8"},{"index":"421829458648002560","data":"@Adela_Micha Beautiful and provocative hair ,nice and casual Friday"},{"index":"424064263838126080","data":"Como cada jueves y solo porque de verdad vale la pena el desvelo #LaEntrevistaxAdela. @Adela_Micha. Siempre fiel... #lamejorperiodista"},{"index":"424068042226561024","data":"@Adela_Micha qué pinches entrevistas tan chingonas haces!  Me  cae!  Carajo!"},{"index":"424081064374460416","data":"\"@AddaAguirre: @Adela_Micha también es berraca como #HipolitoMora\"\\ jajjajajaja"},{"index":"421411161704124416","data":"Hooola! Ya tengo Instagram. Mi usuario es Adelamicha\nSiganme!!!"}]