[{"index":"342841456102342656","data":"Just sent an application off to @KetchumPR! Keeping my fingers crossed #dreamjob"},{"index":"342840918988169216","data":"10 important questions to ask on the first day of your job http://bit.ly/13eC8bF  #PR"},{"index":"343011268061454336","data":"Reading Plato for class & surprisingly came across a spelling error. Always in editing mode nowadays! #PRskills #spellcheck"},{"index":"343086210702508034","data":"20 pieces of advice every young professional should follow http://lnkd.in/bxQ7Rt "},{"index":"343007597714092032","data":"Take a trip through the ages to see the role that communications has played throughout history http://ow.ly/lO44s "},{"index":"345065109435060225","data":"What a wild game here in Chicago! #Blackhawks win in triple OT against the #Bruins 4-3. #StanleyCupFinals"},{"index":"345298699552964608","data":"Yikes! Twitter rant lands Cubs infielder, Ian Stewart, in hot water http://bit.ly/16jXTd1 "},{"index":"343866386063425536","data":"\"Listen more than you talk\", I like it! Good advice to keep in mind during Summer internships http://bit.ly/14N3a9F "},{"index":"346673778417352704","data":"Be transparent. Be quick. Be proactive. Take responsibility and, if it’s appropriate, apologize. http://ow.ly/m6JAV "},{"index":"346675057860440064","data":"Congrats to all my PR ladies who graduated this weekend! I can't wait to hear about the first days at your big girl jobs! #workinghard"},{"index":"349249515427078144","data":"Social media etiquette is not common sense for everyone. Check out these 10 tips for keeping LinkedIn professional! http://bit.ly/14sZISR "},{"index":"347842311247499265","data":"Last PR ethics paper comments included: logical, straightforward &extremely well written. Love seeing that, motivation to keep working hard!"},{"index":"349891862426943489","data":"What a PR nightmare for Paula Deen's people. Talk about crisis management!"},{"index":"347411059608539136","data":"Marketing to Women: Three Big Mistakes Brands Can't Afford to Make http://bit.ly/1atfPo4 "},{"index":"349892519305281536","data":"Paula Deen slams ‘hurtful lies’ on ‘Today’ http://bit.ly/136w8G3 "},{"index":"349936781682163712","data":"Dos and don’ts for summer PR workwear http://bit.ly/1aeNFyu "},{"index":"351537134655639553","data":"Happy Social Media Day!"},{"index":"352133372799229952","data":"Loving the new #Swiffer commercials featuring that adorable old couple! What a cute story #advertising"},{"index":"352326565838856193","data":"Nordstrom displays 'Top Pinned Items' in stores http://bit.ly/17HefNm "},{"index":"354617346612146176","data":"Turning 22 tomorrow, this is some great pre-birthday career advice! http://www.ragan.com/Main/Articles/46922.aspx …"},{"index":"354300302792466433","data":"@Tazo Giant Peach Green Tea just became my new favorite summer drink!"},{"index":"353285654588825604","data":"@Tazo Giant Peach Green Tea just became my new favorite summer drink!"},{"index":"354266775086592000","data":"Back in the city after a quiet week at home and already missing my little monster. #puppylove pic.twitter.com/CC7JCQoaSZ"},{"index":"354699220235730944","data":"DRUNK HISTORY is hilarious and educational! Great interview by @JoeBerkowitz http://www.fastcocreate.com/1683352/making-history-hilarious-educational-and-drunk … via @FastCompany"},{"index":"356797346870329347","data":"So excited for @AllieBrosh's book to come out!! If you haven't read her blog yet, go do so now, she's brilliant and hilarious!"},{"index":"354660068140126208","data":"Social Media Profiles: Now More Important Than Your Resume? http://goo.gl/oPOYl  via @CareerBliss #sm #jobsearch"},{"index":"354704135863537666","data":"Don't let your social media profiles stop you from landing the job. Keep it appropriate or keep it private! http://bit.ly/159novx "},{"index":"354701041989713920","data":"In order to succeed, your desire for success should be greater than your fear of failure. @voolacharity #quote"},{"index":"357138943768137729","data":"@redeyechicago dropping some real life stuff on the front page #unpaid #Internship #JobSearch pic.twitter.com/gSgSltLtPh"},{"index":"357185221596164097","data":"The 5 possible endings to your #coverletter that will land you an #interview stat! http://bit.ly/13qPbF7  #jobseeker"},{"index":"356885547823796226","data":"MLB Home Run Derby and All-Star Game Bring Social to the Field http://on.mash.to/12svoWY  #HRderby"},{"index":"356856345179328513","data":"Unpaid vs paid #internships: What is fair?  http://ow.ly/mYxVO "},{"index":"357882048448438272","data":"Good advice here... \"Catch-22: How to Get a Job Without Experience\" by @careerbliss #InternPro http://mf.tt/OvJp3 "},{"index":"357926894198464512","data":"Still not into hashtags on Facebook #socialmedia #copycats #littletoolate"},{"index":"357904110323900417","data":"Getting a bit discouraged with the job search, but trying my best to stay positive #HireMe #PR"},{"index":"357882957651918848","data":"What Is Your Diagnosis According To WebMD? http://bzfd.it/17nHyDP "},{"index":"358267262710460418","data":"Hitting the gym, then hitting the job apps! #summerroutine #jobsearch #hireme"},{"index":"359144075561144321","data":"@TheNewsroomHBO is the most interesting and well-written show I've seen in a long time. I'm addicted! #journalism #news #HBO"},{"index":"358268433047093248","data":"@NHL announces players will be eligible to participate in the 2014 Winter Olympics #hockey #TeamUSA"},{"index":"359069121507373057","data":"@ChipotleTweets seems to be struggling a bit today haha  http://bit.ly/12W0I45  via @BuzzFeed"},{"index":"359880487210196994","data":"I would be a happy camper if everyone would stop saying the words \"irregardless\" and \"supposably\"."},{"index":"359654677865959425","data":"Omnicom Group Plots Launch of Third Media Agency Network http://bit.ly/1bZfVoj "},{"index":"360482753147445248","data":"The weather in Chicago has been absolutely PERFECT this week. Can't get much better than sunshine and mid-70s!"},{"index":"357507527778373632","data":"Did you catch last night's episode of \"Drunk History\"? It was Chicago centric! http://on.fb.me/13jbJvW "},{"index":"360513849218183169","data":"10 things everyone thinks about Chicago, but no one will admit http://trib.in/14bsDZj  via @redeyechicago"},{"index":"361916417521614848","data":"Sat next to an adorable Italian family on the train today. That language is just beautiful! I'm definitely missing Rome now "},{"index":"361894804377968640","data":"Publicis Omnicom Group: All the facts you need to know http://bit.ly/1ce1VXX  via @adage"},{"index":"361882553583534080","data":"Late July or mid-October? Chicago broke a 30-year weather record this weekend http://huff.to/1c6Krhs "},{"index":"362351194984808448","data":"Loving my $1 caramel iced coffee from @DunkinDonuts! Coffee happy hour = best hour of the day "},{"index":"361931282067881985","data":"How to ace a phone screening #interview http://ow.ly/nqpSl  #jobsearchtips"},{"index":"362678388881768448","data":"Press release dos and don'ts http://bit.ly/1cbvtXK  via @PRDaily. Love the info-graphic!"},{"index":"363341683284393984","data":"Well, it's August so that means it's almost time for back-to-school! I'm super excited for my last quarter at DePaul #Graduation #careertime"},{"index":"362711965296103424","data":"BREAKING. House joins Senate in approving measure rolling back interest rates on student loans, @CharlieKayeCBS reports"},{"index":"364347508954112001","data":"On my large coffee with a turbo shot game this morning. Happy Monday, everyone!"},{"index":"364046562260824064","data":"Sitting on the patio with my puppies, a cup of coffee and an issue of @Allure_magazine #perfectsunday pic.twitter.com/xcvBDlSTMI"},{"index":"364367297114161152","data":"“Become the kind of leader that people would follow voluntarily; even if you had no title or position.” Brian Tracy"},{"index":"364887503473356801","data":"Super excited to be part of the @socialkaty intern team this fall!"},{"index":"364913654765862912","data":"I've just updated my professional profile on LinkedIn. Connect with me and view my profile. http://lnkd.in/jPW4P4  #in"}]