[{"index":"102021125650923520","data":"Meet the guy @cdixon @asenkut @infoarbitrage @firstround & @AOLVentures all backed! @AriJacoby @SolveMedia http://bit.ly/pSr5G0 on..."},{"index":"101077680312688640","data":"meet the guy @cdixon @asenkut @infoarbitrage @firstround @AOLVentures backed: Ari Jacoby, @solvemediainc @venturestudio http://bit.ly/pSr5G0"},{"index":"101062729489584128","data":"$$: Information Arbitrage - Sound thinking for unsound times http://ow.ly/5Zggq"},{"index":"102020530076516354","data":"ff# @jessicalawrence  @randygiusto @UNYstartups @solvemedia @arijacoby @tzmartin @jen_mcfadden @vivenkat @jalak @tweet_massimo @trikro"},{"index":"103115727808110592","data":"From Friday: Entrepreneur Survival Guide: Some Motivation, Courtesy of Uncle Nikolai:  http://ow.ly/63pSJ #25thHour #survive"},{"index":"104701106470391808","data":"Chegg Chugging Along: Unleashes Digital Textbook Rentals, Aims To Be 'LinkedIn For College Students' http://ow.ly/681GK"},{"index":"104684311701233664","data":"ff# @lsanza @vikvenkat @jdorkin @ngavronsky @cliffpavlovic @kunalchaudhari @amandahesser @john_frankel @stefan_ne @shanereiser @adamostrow"},{"index":"104915466845290496","data":"Bubble-heads- have a read :)  Marc Andreessen on Why Software Is Eating the World - WSJ.com http://ow.ly/68gHK"},{"index":"105409987530076160","data":"Kabooommmm: Skype acquires GroupMe http://ow.ly/68RTN"},{"index":"105452990789459968","data":"Invest in People - #GroupMe http://ow.ly/68WkM by @davetisch"},{"index":"104923471959703552","data":"this guy & Andreessen should hang-out, similar world view: Irving Kahn 105-Year-Old Banker: Economic Downturn Just a Blip http://ow.ly/68hBw"},{"index":"109383403605995521","data":"Michael Arrington launching venture fund - The Term Sheet: Fortune's deals blog Term Sheet http://ow.ly/6jdS4"},{"index":"107900628927389697","data":"Must read! RT @davidcohen: New on my blog: \"The Mentor Manifesto\" http://www.davidgcohen.com/2011/08/28/the-mentor-manifesto/ …"},{"index":"110802872018542592","data":"What do you need? | The Monster In Your Head http://ow.ly/6lWHD"},{"index":"111900412193423360","data":"BOOM.... General Assembly Gets Funding From Yuri Milner and Jeff Bezos | Betabeat — News, gossip and intel from Silicon Alley 2.0...."},{"index":"112524274765545472","data":"Question: does anyone know how solid the .ly domains are given all the turmoil in Libya? I heard they are actually Libya's \"country code\""},{"index":"115572500909391872","data":"good one from @wadhwa What Spain could learn from a former colony - The Washington Post http://ow.ly/6xML3 #Espana"},{"index":"117711654011146240","data":"check out my buddy @porlando 's course on startups @skillshare Startups Unplugged -- Structure for your Startup  http://ow.ly/6DTb0"},{"index":"118306857617072128","data":"Neil Capel, CEO of @Sailthru on @venturestudio http://bit.ly/oVvwIv  @neilcapel to fledgling entrepreneurs: you need to \"go full force\""},{"index":"122382274665787392","data":"ff# @to2 @fabricegrinda @mashinsky @vivsharma @unystartups @jrizk33 @venturestudio @startupgenome @warbyparker @stephenfleming @frankjpinto"},{"index":"112522242990153729","data":"$$$ must read for entrepreneurs RT @marksbirch: The Trouble with Non-Investor Investors | Strong Opinions @marksbirch http://bch.me/nVMCP8 "},{"index":"119121961887600640","data":"\"You need to go full force\" says @NeilCapel CEO of @sailthru to entrepreneurs on @venturestudio http://bit.ly/oVvwIv "},{"index":"122383070715330560","data":"ff# @amitklein @shanesnow @shanereiser @joefernandez @ceonyc @zsims @zamland @paigecraig"},{"index":"122384192863608832","data":"ff# @mevans1 @therunthrough @learnvest @NeilCapel @bradsvrluga @stacyspikes @adamostrow @davetisch @echo_nyc @ffventure @bhargreaves"},{"index":"124654652171096064","data":"\"share your ideas\" RT @davidblerner @venturestudio : Ari Rabban, CEO of http://Phone.com  http://bit.ly/oZA7Db "},{"index":"124247100874690560","data":"Well said  RT @bsiscovick RT @vacanti If starting a co, email monthly updates to big list of friends/mentors w recent progress, help needed"},{"index":"125210672446447616","data":"Andreessen Horowitz Joining in Y Combinator Start Fund - Kara Swisher - News - AllThingsD http://ow.ly/6YijD "},{"index":"124964899796422657","data":"ff# @echo_nyc @annaivey @svenningsen @vcdeallawyer @to2 @ganeumann @nickseguin @startuppro @bfeld @markloranger @bfeld @stephenfleming"},{"index":"126083331669508097","data":"AmEx as VC!? Leads $12 Million Round In Clickable, Which Wants To “Become The AdWords Of Social” | TechCrunch http://ow.ly/70h8L "},{"index":"125744536780677121","data":"the next profession to be displaced: publishers: Amazon Rewrites the Rules of Book Publishing - http://NYTimes.com  http://ow.ly/6Z3X7 "},{"index":"125664806815547392","data":"Has anyone seen the documentary \"Something Ventured\" yet? #startups #entrepreneurship"},{"index":"126106935639547904","data":"13 Startups Facebook Acqui-Hired For Millions Of Dollars http://ow.ly/70kzc "},{"index":"126442803843706880","data":"TechStars’ second New York class shines in their debut — Tech News and Analysis http://ow.ly/71zdY "},{"index":"124246626649899008","data":"Great piece guys! RT @nickseguin: it takes a village to raise a #startup - piece by @mmcedward, @MarcNager and I http://huff.to/qwh2WS "},{"index":"126481338344816640","data":"wow: RT @marksbirch: Talking to the Homeless & the Theatre of Everyday Life by @ScottBrit http://bch.me/q2S3Qs  - Scott is good people"},{"index":"126661853492416513","data":"POST: What Every Student Entrepreneur Needs to Know to Succeed (3) Know Something! http://bit.ly/pvCbOE  @startupamerica"},{"index":"127103376151425025","data":"@davidblerner I wouldn't mean seeing the leaders of that initiative talk shop on @venturestudio..."},{"index":"127894949860622337","data":"IronMike getting into tech! RT @miketyson: Sat w/ @dickc & @john today. These guys are a part of building future & I want to be part of it."},{"index":"127182516678430721","data":"PloSONE: The Role of Positive Contagion in Golf Performance and Perception http://bit.ly/ra440g "},{"index":"128873633417400321","data":"Interview: @venturestudio w/ @john_frankel founding partner of @ffventure on working w/great entrepreneurs http://bit.ly/tvj4Dd "},{"index":"129356679824424960","data":"@infoarbitrage is dropping knowledge $$ RT @teddotcom: Great CVC talk tonight with @davidblerner and @infoarbitrage. Hats off to @jrizk333"},{"index":"128977408299769858","data":"agree RT @joefernandez: This is amazing - The Measured Life: What's Your Klout Score? http://on.wsj.com/rtoomq "},{"index":"129536145968205824","data":"good read! RT @sarahprevette: What I learned from raising venture capital http://awe.sm/5Y0RD "},{"index":"129216019498680320","data":"Startup Lessons from David Cohen and the TechStars | Blog | Daily Dose | http://Entrepreneur.com  http://ow.ly/79Bei "},{"index":"129323277888913408","data":"soon kicking off evening convo w/ @infoarbitrage cc: @jrizk333 @columbiavc @dwhittemore who's joining? @iaventures + CVC= $$"},{"index":"129673710490759168","data":"want to learn about product mgmt? my good pal @dwhittemore teaching Product Management for Startups on Skillshare:  http://ow.ly/7bjia "},{"index":"129729447074086912","data":"congrats guys RT @zsims: Ryan and I are thrilled to announce the next steps for @Codecademy - http://blog.codecademy.com/codecademyaddi …"},{"index":"129729169687982080","data":"Kaboom: Codecademy Raises $2.5 Million To Teach You How To Code | TechCrunch http://ow.ly/7bs3z "},{"index":"12990418123751424","data":"Fortune Finance just picked up my piece on: Are super-angels extinct? http://bit.ly/gla8Jd"},{"index":"133999762348310528","data":"congrats to STELLAService team: Raising $5 Million to Keep You In the Know: STELLAService blog http://ow.ly/7n3Ng "},{"index":"135165621833961473","data":"Fascinating approach! RT @TheNickFrost: 1% Of Nothing Launches To Get Startups Donating Equity http://sul.st/rZmZfD "},{"index":"130760521321418752","data":"powerful stuff: A Sister’s Eulogy for Steve Jobs - http://NYTimes.com  http://ow.ly/7dw51 "},{"index":"136413318347894784","data":"Must Read: The Real Cost of Patent Trolls http://ow.ly/7tTbF  courtesy @bfeld"},{"index":"134454758323912705","data":"kaboom: \"Calling Bullshit On The Series A Crunch\" | TechCrunch http://ow.ly/7oDfF "},{"index":"136415947341836288","data":"The Rise Of The Health Startup? A Peek At The 13 Companies In Rock Health’s Inaugural Batch | TechCrunch http://ow.ly/7tTEL "},{"index":"136815749288308736","data":"On getting product-market fit: My talk w/ @sachinkamdar CEO of @parsely on @venturestudio http://bit.ly/t4f0az  cc: @montalenti"},{"index":"13741404215840769","data":"Ohio-based @NCTVentures updates profile on our crowdsourced map of world venture community http://ow.ly/3nJtI congrats! who's next?"},{"index":"13737108535513088","data":"@iaventures updates profile on our crowdsourced map of world venture community http://ow.ly/3nJiz cc @infoarbitrage @bsiscovick who's next?"},{"index":"138233213293314049","data":"next time you think you're real busy, read this: Jack Dorsey's Twitter & Square Work Schedule - http://ow.ly/7zmi7 "},{"index":"139421266024218624","data":"good piece on how: Accelerators Groom Technology Ventures for Success | PBS NewsHour | Nov. 22, 2011 | PBS http://ow.ly/7DiKn "},{"index":"13742698884239361","data":"5am ventures updates profile on our crowdsourced map of world venture community http://ow.ly/3nJx5 who is next? cc @shanesnow @shanereiser"},{"index":"139726265241452545","data":"Happy Thanksgiving!!"},{"index":"140974822372016128","data":"congrats @warbyparker team: Go West, Young Men: style file: daily fashion, party, and model news http://ow.ly/7Gz9f "},{"index":"142272586443788289","data":"Leonsis, Case found $450 million fund to aid Washington area start-up firms - The Washington Post http://ow.ly/7Lgi1 "},{"index":"140856401907032064","data":"here comes 3D printing: The printed world | The Economist http://ow.ly/7Gkrq "},{"index":"142685289901588481","data":"big news RT @mashable: Facebook to Open New York Engineering Office - http://on.mash.to/tX3EMe "},{"index":"142346617259954176","data":"big news! Spotify Launches New App Platform, Announces Move to NY - http://NYConvergence.com  http://ow.ly/7LEUh "},{"index":"14353278326276096","data":"Wow! Bullseye! RT @abarrera Beware of those who say they help entrepreneurs http://bit.ly/dGpKXs <-- Ready, steady, FLAME!!"},{"index":"143805507495399425","data":"It takes some real cojones to offshore yourself and live with your dev team in Singapore for 4 months @venturestudio http://mashable.com/2011/11/29/klout-joe-fernandez-video/ …"},{"index":"142695144787939328","data":"Who is right? Interesting discussion: The case for old entrepreneurs - The Washington Post http://ow.ly/7MSQs "},{"index":"142694788603461632","data":"Startup Incubator WeWork Labs Gets A New 75,000 Square Foot Office In NYC http://ow.ly/7MSIS "},{"index":"145197984752205824","data":"ff# @mterrim @justbobbibrown @toryburch  incredible and inspiring event for the foundation- congrats- what a great mission!"},{"index":"145669152454082561","data":"good post from @bikenyc (Stuart Ellman): Do Not Cut Off Your Colleagues - RRE Ventures http://ow.ly/7VoFY "},{"index":"148563301234782208","data":"My TedX talk: \"Why Wait 'Til You Graduate?\" http://lnkd.in/wSychU "},{"index":"145533349287563265","data":"Thanks again to inspirational TB Foundation mentors @davidblerner @justbobbibrown @KendraBracken @aliwing @AlicesTeaCup @Jcrew_insider"},{"index":"148572751505006593","data":"David B. Lerner http://lnkd.in/7tDD8f "},{"index":"153891209708978177","data":"Prediction: 2012 is the year of Brooklyn in tech cc: @armbrusting @brooklyn_vc #lovemyhometown"},{"index":"153271795615670272","data":"Boom.... M.I.T. Game-Changer: Free Online Education For All - Forbes http://ow.ly/8ePxA "},{"index":"152215949297205249","data":"great for NYC... would love to learn REAL story tho! Silicon Island: What Cornell’s NYC Tech Campus Will Look Like http://ow.ly/8cEXV "},{"index":"153543732766064640","data":"incredible post from one of my favorite people, @shanesnow \"Screw expectations\" ─ revolutions.is http://ow.ly/8f4Pr "},{"index":"154915526529908737","data":"well said by @ronconway RT @vcdeallawyer: Business: Where angels will tread | The Economist http://econ.st/vvafzq "},{"index":"155090631901970432","data":"fascinating stuff guys RT @numberfire: The Basketball NERD rankings are updated: Who is too high/low? http://ow.ly/8jPwi "},{"index":"155485368190369792","data":"good nuanced post on Stealth Mode: Elad Blog: Is Stealth Mode Stupid? http://ow.ly/8l9jz  thoughts?"},{"index":"155399110306963456","data":"good one here: RT @contently: Hey Everyone! Tell Us - Do You Have A Blogging Calendar? http://bit.ly/uY8zSd "},{"index":"153915918341255169","data":"Despite Attacks, Klout Is Poised To Boost Its Influence | TechCrunch http://ow.ly/8fQKs "},{"index":"156916137643347969","data":"Mike \"Consiglieri\" Duda @mikeduda appears @venturestudio next week. shoot me questions you have for him re: tech, 2012, branding, anything"},{"index":"156808141634412544","data":"congrats! RT @columbiaentprog: Jeremy Miller '10 http://FSAStore.com  featured on Fox Biz news http://ow.ly/8opFT  cc: @fsa_store"},{"index":"155713314041774081","data":"if u were wondering what al this talk about hacking education is, see this: My Teacher Is an App - http://WSJ.com  http://ow.ly/8lvDG "},{"index":"155830323714867200","data":"congrats to the guys at @contently Raise $2 Million to Play Matchmaker for Journalists and Brands |  Advertising Age http://ow.ly/8lGOs "},{"index":"162912636143534080","data":"Jeff Clavier @jeff builds a bigger seed fund - The Term Sheet: Fortune's deals blog Term Sheet http://ow.ly/8Ix9q "},{"index":"157989906856165376","data":"David B. Lerner http://lnkd.in/U_YsKC "},{"index":"167248411463127041","data":"it's safe to say that this gentleman means business: Dwolla – Entering a growth stage with new partners -  http://ow.ly/8WEjH "},{"index":"167285546681511937","data":"best post of day so far: Five Myths About Venture Capital: http://ow.ly/8WUzm  nice one @vcbrazil"},{"index":"157946032209149952","data":"good event: NYVC: Speaker Series with Nikhil from SoftBank Capital - Eventbrite http://ow.ly/8sY0Z "},{"index":"168874270024400896","data":"Great post: RT @mccannatron:  The difference between entrepreneurs and everyone else http://ow.ly/1Ga4es "},{"index":"170312521088106496","data":"With New $27 Million Fund, ff Venture Capital Is On A Roll (Interview) | TechCrunch http://ow.ly/97zE9  congrats cc: @armbrusting"},{"index":"170935825222221824","data":"this may land heavier than a Klitschko body-punch for some, but it's true RT @sheynkman: Ungerminated: Trouble w/ Seeds http://bit.ly/xMj2kW "},{"index":"170483601819963393","data":"Reid Hoffman's 10 Rules for Entrepreneurial Success | http://Entrepreneur.com  http://ow.ly/981K6 "},{"index":"170906840941604865","data":"interesting on many levels: The DIY 'Maker Movement' Meets the VCs http://ow.ly/99oaA  ie. @bfeld sounded smart, others- not so much :)"},{"index":"171302883298521088","data":"a candid view: \"NYC is becoming a big Tech Town as well as everything else it already is\" Martin Varsavsky | English http://ow.ly/9a0mT "},{"index":"172486078228475907","data":"gutting it out... RT @amolsarva: 11 years to 1mm http://post.ly/5X9o8 "},{"index":"17358321631625216","data":"In 2011 I'll be listening to people with domain expertise and not to the so-called \"news\" of the day."},{"index":"172754344234582016","data":"Yes! RT @VikVenkat: RT @mubeenamalik: Congratulations to @clotheshorse http://ow.ly/9ft2J   @VikVenkat @dwhittemore @willcharczuk"},{"index":"177885759498498049","data":".@amirshake can we interview you tomorrow for @venturestudio on mashable?"},{"index":"177029939902693376","data":"Check it out: RT @sree: Speaking at 10a ET digital media @BRITEconf w/ @mattquint @toastmax @magnify @w3edge * follow at #briteconf"},{"index":"174677519075778560","data":"Cool story RT @newsycombinator: How I got a job from a Hacker News post http://j.mp/zkb1FH "},{"index":"177889156737929217","data":"@ashoka who from ashoka is coming to SXSW?"},{"index":"177888772929761281","data":"@nciia who from nciia is @ SXSW?"},{"index":"177891231219712000","data":"@ramyadeeb ramy, inviting you to come on our show which airs on Mashable.. we can shoot tomorrow (friday).. let us know.. we r at SXSW"},{"index":"177900656747745281","data":"@seventhgen heard you guys are @ SXSW... can you come on our show? it airs 2x a wek on mashable... u guys are doing great things"},{"index":"177897403234516992","data":"@drewhouston drew- can u do an interview w/us tomorrow? will be on mashable.. we are at SXSW"},{"index":"177900284327108608","data":"@venturestudio Thanks for the offer! Come by our open house in Austin I'm sure we'll have someone you can chat with cc @KristinaWeise"},{"index":"177940763081056257","data":"@venturestudio you can hit me up at Kristina (at) soundcloud and we can try to make something work, but scheds are a bit intense right now"},{"index":"177906542065098754","data":"@AshokaU who from AshokaU is @ SXSW? we'd love to have u on mashable/ @venturestudio"},{"index":"178137612664586241","data":"@stevecase are you avail for an interview? goes up on mashable"},{"index":"178978213328977921","data":"@lenberg what time is @soundcloud event starting? cc: @jehangirirani"},{"index":"18069688432992256","data":"New Blog Post:  @davidblerner: Getting from Zero to One (5): It's All About the People http://bit.ly/hViLXX"},{"index":"180105256091385858","data":"looking worldwide for folks who want to be entrepreneurship curators for their home-towns:   http://ow.ly/9FgNr  ping: @startupgenome"},{"index":"178919555115122688","data":"Bummed I couldn't make it RT @jehangirirani: @contently brunch with @Shanesnow @ericaswallow @benparr and @davidblerner http://instagr.am/p/ICkLYqxtOb/ "},{"index":"181195727882563585","data":"Deep: RT @shanereiser: \"I Changed My Job Title and Won’t Go Back\" http://khrt.co/FO4KC7  by @joshviney"},{"index":"181756771239604224","data":"Congrats to @JoeFernandez - The Young Influentials: 20 Under 40 Who Are Wicked Smart and Rebooting Your World http://shar.es/pvOzu "},{"index":"182991279477633025","data":"interested in #entrepreneurship? follow @getwakefield today's email: Startup Dorms & Gates’ Fave Canadian Fishing Hole http://bit.ly/GNZ7xl "},{"index":"182977456679034881","data":"@getwakefield is awesome: RT @brycelongton: RT @GetWakefield: Startup City Report: Waterloo, Ontario http://ow.ly/9Pdep "},{"index":"18302917014454273","data":"New Blog Post on Building Your Startup Team: Getting from Zero to One Series: \"It's All About the People\" http://bit.ly/hViLXX"},{"index":"184077254916190208","data":"this guy's the real McKoy: James Cameron Now at Ocean's Deepest Point http://ow.ly/9RVhr "},{"index":"18357491490365440","data":"New Blog Post: Mapping Out Your Startup Some More: http://ow.ly/3uaas   (part of Getting From Zero to One Series) http://ow.ly/3uaat"},{"index":"184364707312963584","data":"congrats! RT @kmin: LOVING the blazers @QuincyApparel just launched today! @alexnels, @cmwalla & team http://www.quincyapparel.com  #quincylaunch"},{"index":"185101626460209152","data":"remarkable RT @collabfund: Half all U.S. households contain at least one Apple product: http://bit.ly/H1zGNm  (via @ttunguz)"},{"index":"185173413407633408","data":"Quincy Apparel Launch Party is awesome!!  http://ow.ly/1Jrtwv   cc: @QuincyApparel"},{"index":"185098935495438336","data":"cool! RT @kauffmanfdn: Infographic: 68 Startup Weekends At-a-Glance: the 54-hour event where people come t... http://kff.mn/HgC3vI "},{"index":"183720645547393024","data":"EDU going to get uprooted big time: ie. The Stanford Education Experiment Could Change Higher Learning Forever http://ow.ly/9RnUm "},{"index":"185358743003865088","data":"please RT: looking for awesome curators in following cities/states for @startupgenome : LA, Boulder, Vancouver, Austin, Miami, Tokyo, Moscow"},{"index":"185360272318398464","data":"congrats to @QuincyApparel on a tremendous launch party yesterday... fantastic group... cc: @dbdsocial @rbvprenice @robcromer @cmwalla"},{"index":"185443524618104832","data":"BluePrint Health DemoDay: entrepreneurs are just crushing it!! #Bphealth12 @bphealth great job guys!"},{"index":"185835822963109888","data":"@davidblerner congrats for going to the same school as @bopeabody, I finally read Lucky or Smart and it blew me away http://elevatorposts.com/category/elevator-books/ …"},{"index":"185728528468291585","data":"FF# @ColumbiaVC @needlvrm @bphealth @rashaunps @myaidin @icouchme @meddikapp @goprocured @symcatdotcom @inquisithealth @5oclockrecords"},{"index":"187522504749875200","data":"cool post: Old School Venture Capital http://ow.ly/a4yPH  how things are in Brazil right now..."},{"index":"185724851691073537","data":"#ff @benjimarkoff @cmwalla @ADCADE @robcromer @rbvprentice @dbdsocial @1CharlesH @to2 @crashdev @stefan_ne @updater @diegosaezgil @tarekp"},{"index":"187702371760082944","data":"I'll be moderating @DecodedFashion on April 30, @LincolnCenter. It's about connecting Fashion & the best Tech Startups http://bit.ly/yfcYlp "},{"index":"187621394182438912","data":"Fascinating RT @redroverhq:Minerva Project scores $25 million in seed money to build a new elite university online http://bit.ly/HL3Cj9 "},{"index":"18788901464309760","data":"Just releasing my Series on University Entrepreneurship here for those interested in the subject: http://ow.ly/3un4M"},{"index":"191227921388670977","data":"@perrychen perry- we'd love to have u on show- DM us if u can with email addy"},{"index":"191236640629460993","data":"@hackforchange would love to have you on the show... Follow us and let's DM"},{"index":"190061921515470850","data":"Get A Drink And A Job At NYC Uncubed, The New Silicon Alley Talent Fair | TechCrunch http://ow.ly/acTKL "},{"index":"19211344435740672","data":"brutally frank advice! RT @bill_gross: My answer on Quora to: How do you split your time between two projects? http://b.qr.ae/gmTqw8"},{"index":"191858894589526016","data":"RT @greenrank: Great interview from @davidblerner @venturestudio Ron Gonen, Founder of @Recyclebank http://bit.ly/HCt9WG "},{"index":"194249826060341248","data":"Txs hoss! RT @to2: What Every Student Entrepreneur Needs to Know to Succeed (5) Finding a Mentor http://bit.ly/K0djVL "},{"index":"194415099509878784","data":"Txs! RT @NYUEntrepreneur: Spot on! RT @davidblerner:What Every Student Entrepreneur Needs to Know (5) Finding a Mentor http://ow.ly/1L4gxn "},{"index":"196969828957962240","data":"Cool panel @decodedfashion w/ @amycole @rebeccaminkoff @saks @heyitsnoah @catecorcoran #decodedfashion commerce & content"},{"index":"199680251469627392","data":"Congrats! RT @lererventures: Food52 wins James Beard Award f/Publication of Year! @food52 @amandahesser @merrillstubbs http://bit.ly/ISEkdA "},{"index":"199851246222442496","data":"Congrats! RT @comiXology: ComiXology Announces 65M Downloads, Inks Multi-year Deal To Distribute Marvel Digital Comics http://ow.ly/1LS2J7 "},{"index":"191875981517127680","data":"David B. Lerner http://lnkd.in/B_pUhb "},{"index":"204586069621088257","data":"My talk on @venturestudio with RT @martyodlin CEO Bamboo Bike Studio: an anti-consumerist visionary http://bit.ly/LaOWpA  #visionary"},{"index":"206092284431839232","data":"Amen! RT @sree: Tip for @LinkedIn bios: Don't call yourself a \"digital media visionary\" or \"thought leader\" * Those are labels others give u"},{"index":"203562366712029184","data":"Agree! RT @mikearsenault: Startup folks should subscribe to @Wakefield Awesome content/daily stories, startup culture http://ow.ly/1MoEKL "},{"index":"208642098910609409","data":"My talk with the company changing the game in book publishing RT @pubslush: AMAZE PRESS! thanks @venturestudio http://on.mash.to/L6kl12 "},{"index":"197050881823350784","data":"@techballers @space530 great meeting you guys!"},{"index":"208649298819284992","data":"#FF @jkagan @publush @bphealth @pilarmari @anavictoriaga @Sati_fied @_bchen @joelmontgomery @chartbeat @Wakefield @bradsvrluga @garyvee"},{"index":"208651348831506432","data":"#FF @fabricegrinda @amitklein @nancylublin @dosomething @fabref @rameshharidas @armbrusting @wadhwa @jehangirirani @catone @benjimarkoff"},{"index":"211195729270673408","data":"summer friday. my favorite flavor of Fridays! who's with me?"},{"index":"208718311461093376","data":"#FF @startupgenome @venturestudio - mapping the entreprenurial ecosystem around the world!"},{"index":"214853965559508994","data":"@venturestudio nope! didn't let the side down ;-)"},{"index":"214913439297060867","data":"Incredibly eloquent and deep must read post for anyone in startup world RT @ganeumann: Great Riches and Low Theft. RW: http://bit.ly/M2xGIe "},{"index":"214827688618229762","data":"Prediction: @msuster out of practice, will get carried-out :) I'm in the UK!! See this image for what my life was like http://instagr.am/p/MB28anJUzu/ "},{"index":"219834239707906049","data":"New Post: The Founder's Eye http://bit.ly/MLSW1s  #picasso #founder"},{"index":"215902802537492480","data":"\"Build a canvas and they will fill it\" says @kurnit at #VFC yesterday."},{"index":"225744048193937408","data":"@venturestudio I am VP of marketing for my Entrepreneurship and Venture Capital club at Claremont Graduate University.  Wanted to say hey!"},{"index":"227198921984835584","data":"New Post: RT @davidblerner: What Every Student Entrepreneur Needs to Know (7) Grants &amp; Competitions http://bit.ly/MxGSnD  cc: @to2"},{"index":"230798276918644737","data":"From @edyson : \"The job of an angel is not to pick winners, but to pick potential winners and help them become winners.\" #angelinvesting"},{"index":"228110455447638016","data":"New Post: TRUST  http://bit.ly/NWNo4L  #Entrepreneurship"},{"index":"235859360964829186","data":"If u r moving, must read! RT @updater: Ten Commandments of Change of Address, brought to you by @Updater http://ow.ly/d00A1  #moving #USPS"},{"index":"228142789530091521","data":"It's on! RT @updater: NYC startup interns: 45 minutes left to RSVP for the Intern Army chat with Dave Lerner. Details: http://www.intern-army.com ."},{"index":"235862345933520896","data":"Translation: we got shamed by tech community & flipped: Amended Decision on @Uber in Massachusetts http://ow.ly/d01tw   cc: @ScottKirsner"},{"index":"236219386401284096","data":"Psyched!! RT @shanereiser: Announcing my side project: @StartupGenome - What is it and how we got started: http://bit.ly/PpzPf9 "},{"index":"240148114122612736","data":"Common misconception: @sgblank doesn't believe in planning. No- just don't develop operating/business/execution plan b4 product/market fit"},{"index":"238390912852557826","data":"Yes @shanereiser : @startupgenome project getting nice coverage! http://www.siliconprairienews.com/2012/08/startup-genome-takes-local-approach-categorizing-visualizing-ecosystems …"},{"index":"240148445799796736","data":"Half-life of a VP of Sales in a startup about 14 months- @sgblank"},{"index":"236576579810099200","data":"He did a great job! RT @BenjLerer: yay for @davetisch http://blog.davidtisch.com/post/29638236867/newadventures … excited/frightened for what he tackles next"},{"index":"240149466655649793","data":"\"Somehow people seem to spend $1 more than the venture money they raise\"  @sgblank"},{"index":"240149022231367680","data":"Org charts and titles are toxic to startups early on: @sgblank"},{"index":"240150060334215168","data":"\"technology is nice but it's not the business folks\" @sgblank"},{"index":"240149703537328128","data":"Who is using the business model canvas?"},{"index":"240150415788875776","data":"\"Until about 1995 we only had one real channel... It was physical... then Netscape went public...\" @sgblank"},{"index":"240152716914077696","data":"ok, so it's getting to that time: almost ready for people to.... \"get out of the building!!\" @sgblank @bobdorf @leanlaunchpad"},{"index":"240152140503470080","data":"\"don't confuse the price of your product with your actual revenue model\" make sure u have one: @sgblank @bobdorf @leanlaunchpad"},{"index":"240154019807494144","data":"Q: \"what does testing the problem mean\" A: don't pitch 'Em on your product right away, do they *have* a problem? If so what is it? @sgblank"},{"index":"240154234664939520","data":"deep: \"what if we could solve your problem like this?\" @sgblank @bobdorf"},{"index":"240156179731464192","data":"\"market researchers are great at predicting the past\" entrepreneurs are trying to change the future @leanlaunchpad"},{"index":"240157395962171393","data":"\"Listen for the outlier data, not to survey monkey data.. E'ship is an art, not an accounting exercise\" Learn how to *really* listen"},{"index":"240158082376810496","data":"\"a problem with every category of your business model is not a pivot, it's a restart!\" :) @leanlaunchpad"},{"index":"240155009642278912","data":"\"founders- you actually have to start with an opinion...\" just be ready to test it and for it to change.. @sgblank @leanlaunchpad"},{"index":"240806978983694336","data":"Love this: RT @robgo: New post: Captivating Investors with Secrets - And Some Other Fundraising Tips http://robgo.org/2012/08/29/captivating-investors-with-secrets-and-other-fundraising-tips/ …"},{"index":"241196949682933761","data":"\"best time to consider taking corporate VC is Series B or later\" @sgblank #leanlaunchpad"},{"index":"243019703923113984","data":"Caution RT @infoarbitrage: Multinationals Stake Claim in VC http://nyti.ms/OTFSKb  At growth stage there can be real value-add, but be careful"},{"index":"245232532625432576","data":"+1 RT @BestVendor: Check out our new lists feature and write your own. There's a reward involved... :) http://bit.ly/Pxj0P8 "},{"index":"246097090395140096","data":"+1 Chess Concepts Peter Thiel Used To Become A Billionaire | http://Inc.com  http://ow.ly/dFS1i "},{"index":"245630094972973056","data":"Holy #^*! @schlaf just killed-it in front of my class @ Columbia B School. elucidated NYC's startup ecosystem like I've never seen #unreal"},{"index":"249329589757812736","data":"Must read post by the terrific @bobdorf RT @Xconomy: Why Too Many Startups Suck - http://bit.ly/Sc5Yut "},{"index":"253918441541611521","data":"Wow, @medikly just crushed it at @bphealth demo day #bphdd12"},{"index":"250768020581015554","data":"This is a big deal- please RT @startupgenome: Embed Startup Genome maps - anywhere | The Startup Genome Blog http://bit.ly/PjFR1h "},{"index":"247836445644038144","data":"Read-it and RT - Amazing Guide to NYC Tech courtesy of the great @schlaf http://ow.ly/dMlzE   huge effort!! cc: @startupgenome"},{"index":"253937008018341888","data":"Boom: @symbiosishealth just crushed everything at demo day, wow... @bphealth"},{"index":"273435870261018624","data":"NEW POST: Death of a Mentor: Reflections http://bit.ly/UoibgC  (this was a tough one) #mentorship"},{"index":"263827409181233153","data":"NEWER POST: Lessons from Sandy http://bit.ly/YpI1Bg  #sandy #nurses"},{"index":"263827152783421440","data":"NEW POST: Lessons from a Young Master http://bit.ly/RtmnqR  #teaching #learning"},{"index":"277051540865421312","data":"New Post: RT Measuring Founder Strength http://bit.ly/SLb4hL  kudos to @saarsaar"},{"index":"27738279856046080","data":"updated infographic of angel investor landscape: http://ow.ly/3Gso9"},{"index":"284414604287823872","data":"Was I punked on my own show by @john_frankel or not? :)  happy holidays to all cc: @ffvc @armbrusting http://ow.ly/gohZe  :) cc:..."},{"index":"29305088442896384","data":"the 10 types of hair on early-stage deals http://ow.ly/3IK7A"},{"index":"281937433900220416","data":"Thanks! RT @jehangirirani: For all you entrepreneurial data hounds... it doesn't get better than this! http://ow.ly/gfgzC  @startupgenome"},{"index":"29314712327946240","data":"the \"X\" factor in business... it's there or it ain't.... http://ow.ly/3IKOY  #go jets"},{"index":"289774617621573633","data":"Boom: just shipped: RT @startupgenome: New blog post: You can now merge cities or create completely custom Regions - http://bit.ly/UV3wMB "},{"index":"29312908429103106","data":"post: Sometimes Nothin' Can be a Real Cool Hand http://ow.ly/3IKID"},{"index":"299910708588584961","data":"New Post: So, What's a \"Pain Point in the Market\"?  http://ow.ly/hxTC3  cc: @updater @joevc @bsiscovick"},{"index":"307323480909697024","data":"What a day: my students @donnerchait of @travefy & @dbaird13 of blocpower making news: http://ow.ly/i9ELY  and http://ow.ly/i9ELZ "},{"index":"29554240800161792","data":"new post: RT @davidblerner: I Am Incubator http://bit.ly/gILn9F"},{"index":"314814245294465024","data":"Gulp... Can't wait for this series by @ganeumann : Reaction Wheel: Why I'm Not an Angel http://ow.ly/jingz "},{"index":"314121928904409088","data":".@Bradharrison1 @allenmorgan RT @Wakefield: Ur next trip to airport doesn't have 2 b miserable. Check: @GateGuru    http://bit.ly/WakeGate "},{"index":"335453901958569985","data":"NEW POST:  Why Do So Many Partnerships End in Disaster http://bit.ly/186l7Uw  @OPENForum"},{"index":"315202495251095552","data":"going to this: RT @rodkurtz: Entrepreneurs ask me, \"How can I get media coverage?\" Next week, I'll show you how. http://bit.ly/Xu04bb "},{"index":"41643712262057984","data":"@msuster weighs in on debate: What’s The Real Deal With AngelList? http://ow.ly/444YI"},{"index":"41646136959700992","data":"must read: @msuster weighs in on debate: What’s The Real Deal With AngelList? http://ow.ly/4455K"},{"index":"398583659118465024","data":"BOOM: Dance all night: @Jukely tells you which concerts to see and which friends to see them with | VentureBeat http://ow.ly/qBwNj "},{"index":"40055188396060672","data":"My Conversation with entrepreneur/journalist Shane Snow of Contently.com http://bit.ly/eEgkPG  discuss b-model in depth, team, silicon alley"},{"index":"41647257384124416","data":"My Conversation on Venture Studio w/ Shane Snow of www.contently.com http://ow.ly/4458O @shanesnow (entrepreneur, journo, designer, writer)"},{"index":"43112542448529408","data":"cool product! Foundry Group Puts $500,000 Into Attachments.me http://ow.ly/46Oia congrats @bfeld"},{"index":"341313992419065856","data":"The Supremacy of Warm Introductions http://bit.ly/ZmYpVC "},{"index":"43120780585877504","data":"RT The latest news and analysis from China's perspective, read Edward Nigro is @TheChinaInsider http://thechinainsider.com/blog/"},{"index":"43313531281608704","data":"good clear-eyed insights here: The ridiculous Vivek Wadhwa furore and the new Boston Tea Party - Fred Destin http://ow.ly/476Hz"},{"index":"43287796382842880","data":"Primate Makes Daring Escape From Cage, Becomes Entrepreneur: Society Uneasy, Mainstream Press Obscures His True Origins http://bit.ly/fXlZOl"},{"index":"43668306028269568","data":"R u in a partnership?: \"We value trust, respect, and consensus. We never vote. We don't exercise vetos. We don't yell.\"  http://ow.ly/47Rp7"},{"index":"46607975049199616","data":"Skype Founder To Students: Don’t Follow The Obvious Path - Venture Capital Dispatch - WSJ http://ow.ly/4d6lW"},{"index":"44033068826243072","data":"terrific opportunity w/great folks: RT @bsiscovick: RT @infoarbitrage: Please check out / RT @iaventures Summer internship bit.ly/fKjKFJ $"},{"index":"47997393945362433","data":"agree with @zamland: Jim Plush's Blog - This may be the best resume I have ever seen http://awe.sm/5GlAl  wow... $$"},{"index":"44076320078036992","data":"New Post: Primate Makes Daring Escape From Cage, Becomes Entrepreneur: Society Uneasy, Press Obscures His True Origins http://ow.ly/48xvg"},{"index":"48001435736096768","data":"Vinny Vacanti, CEO of Yipit on the odyssey of a first-time entrepreneur & learning to code http://bit.ly/hDhvEH @vacanti @jdmoran"},{"index":"50178647818125313","data":"Part II of conversation w/ @vacanti CEO of Yipit: \"Traction is King\", learning to code, and more http://ow.ly/4jtEv cc @jdmoran @hackernews"},{"index":"48865446816006144","data":"ff# @vacanti @robgo @drewconway @makdchou @amandahesser @to2 @chartio @armbrusting @jehangirirani @markloranger @stellajordy @joshrweinstein"},{"index":"45490437129117696","data":"My conversation on Venture Studio w/ Mark Loranger of Square 1 Bank http://bit.ly/g18r1O ie. for entrepreneurs: what is a venture bank? etc"},{"index":"50552552219095040","data":"A must read: New Rules for the New Internet Bubble « Steve Blank http://ow.ly/4kG8v"},{"index":"51415942021906432","data":"FF# @nikoliaA @to2 @arorasaurabh @vacanti @jacobbrody @jjbesnainou @dwhittemore @stellajordy @joshrweinstein @robgo @amandahesser"},{"index":"52731564999716864","data":"Conversation with @to2 Trevor Owens: Entrepreneur, Super-Connector, Community Organizer http://bit.ly/gKFO27 @venturestudio @samantha_smith"},{"index":"50544143948201984","data":"cool post from @cdixon  MIT is a national treasure - cdixon's posterous http://ow.ly/4kE6z"},{"index":"57783982296805376","data":"My convo w/ @joshrweinstein CEO YouAre.TV http://bit.ly/hw6aNU we talk chess, startups & his wild entrepreneurial journey @peterthiel"},{"index":"49814441042264064","data":"congrats @benjlerer \"Thrillist Melds Editorial Content and Commerce\" - NYTimes.com http://ow.ly/4iBc6"},{"index":"55259214502821888","data":"My convo w/ @STELLAjordy CEO re: STELLAService, biz model & Steve Nash/Consiglieri's investment @MikeDuda @SteveNash http://ow.ly/4tseP"},{"index":"59394137417461760","data":"great day today chatting with @davetisch @bhargreaves and @nickseguin cc: @venturestudio"},{"index":"60338063183851520","data":"convo w/ @davetisch about the epic @techstars NYC DemoDay & behind the scenes stuff cc: @fakedavetisch @bfeld @davidcohen http://ow.ly/4DkcB"},{"index":"51801895911694336","data":"great piece: Is There a New Technology Bubble? Ben Horowitz Doesn't Think So. | Ben Horowitz | Voices | AllThingsD http://ow.ly/4n4Ua"},{"index":"61865499432202240","data":"@venturestudio interview questions may be sent to my assistant: [my twitter handle] at gmail."},{"index":"60478097086103552","data":"for left coast: @davetisch talks about epic @techstars NYC DemoDay & behind scenes stuff cc: @bfeld @davidcohen http://ow.ly/4DLOn"},{"index":"65396731491258368","data":"My convo on @venturestudio w/ the terrific @jonathanglick CEO of @sulia http://ow.ly/4LYdV"},{"index":"63247712803500032","data":"Y Combinator Success Leads To Copycats, Incubator Raiders - Venture Capital Dispatch - WSJ http://ow.ly/4I4Ev"},{"index":"65942034434883584","data":"@jehangirirani we were on @VentureStudio?"},{"index":"65960224967766017","data":"@venturestudio interview questions may be sent to my assistant: [my twitter handle] at gmail."},{"index":"67315831524175872","data":"bravo to this guy for writing a much needed piece on this!: The Next 10 Years Will Be Great For Both Founders And VCs http://ow.ly/4PNZD"},{"index":"63245998570475520","data":"smart, practical & in that sense, a \"cutting-edge\" move by a university.... Joichi Ito Named Head of M.I.T. Media Lab  http://ow.ly/4I407"},{"index":"62864380743786496","data":"Thrillist CEO @benjlerer tells story of @thrillist on @VentureStudio + acquiring @jackthreads & talks @lererventures http://ow.ly/4H6WR"},{"index":"68475824378097664","data":"some of VC @mattcharris thoughts re: @BankSimple, @OnDeckCapital & fintech as told to me on @venturestudio http://ow.ly/4SCyi"},{"index":"69176859400744960","data":"Watching live feed of Social Media Weekend http://bit.ly/socmediaweekend, track chatter at #smwknd or http://bit.ly/smwkndhash yes! @sree"},{"index":"69190033235648512","data":".@NYT_JenPreston where do we find andy's curated twitter lists? #smwknd can someone post?"},{"index":"69843303004246016","data":"blog post: 5 qualities of great entrepreneurs: http://ow.ly/4UZBp"},{"index":"69188867454013440","data":".@acarvin says \"never forget there is no longer any such thing as an audience\" @sree @emilybell @NYT_jenpreston"},{"index":"69180564300775425","data":"@2carvin speaking w/ @sree now....  Watching live feed of Social Media Weekend http://bit.ly/socmediaweekend #smwknd"},{"index":"78468134595600384","data":"VID: So what's the Kauffman FDN @KauffmanFDN all about? My convo w/ @nickseguin Mgr Entrepreneurship @venturestudio"},{"index":"69006707740774400","data":"well said: \"You’re not entitled to anything. Hustle for everything you’re worth\"  The Startup Foundry http://ow.ly/4TM31"},{"index":"8645323425587200","data":"Mashable Video Interview: Inside Tips from Entrepreneurs and Investors http://bit.ly/e20DFB"},{"index":"97094849303552000","data":"@MikeBrownJr @nickgiglia @reecepacheco @softtechvc @stacyspikes @vacanti @zamland @Arrington @bhargreaves @dwhittemore @ffventure @kprentiss"},{"index":"96233152900640768","data":"cool new fashion startup- great founders: Point, Click, Shoot — a New Site by Editors for Editors - Media News - WWD.com http://ow.ly/5OAiH"},{"index":"93836377917100032","data":"So, You Think You Have to Deal With A**holes? Think Again http://ow.ly/5Jyzk"},{"index":"97416917685506048","data":"POST: An Entrepreneur's Commandment: Do What Thou Lovest -  http://ow.ly/5Rghs (was reminded of this today)"},{"index":"98875334300147712","data":"solid read from @sheynkman When do VCs make mistakes? - Passionate Intensity http://ow.ly/5UB8O"},{"index":"97313271278870530","data":"the terrific @therunthrough team covered on Mashable: Private Site Connects Fashion Designers & Editors for Shoots http://ow.ly/5R72z"},{"index":"101062729489584128","data":"$$: Information Arbitrage - Sound thinking for unsound times http://ow.ly/5Zggq"},{"index":"99567349576908801","data":"ff# @amandahesser @jehangirirani @schlaf @bpmilne @shanesnow @kevinbluer @coderkid"},{"index":"99566932486914049","data":"ff# @kloutperks @john_frankel @vikvenkat @dwhittemore @cliffpavlovic @sheynkman @madamian @echo_nyc @leemhoffman @jfernandez @ebellity"},{"index":"102020530076516354","data":"ff# @jessicalawrence  @randygiusto @UNYstartups @solvemedia @arijacoby @tzmartin @jen_mcfadden @vivenkat @jalak @tweet_massimo @trikro"},{"index":"102021125650923520","data":"Meet the guy @cdixon @asenkut @infoarbitrage @firstround & @AOLVentures all backed! @AriJacoby @SolveMedia http://bit.ly/pSr5G0 on..."},{"index":"103115727808110592","data":"From Friday: Entrepreneur Survival Guide: Some Motivation, Courtesy of Uncle Nikolai:  http://ow.ly/63pSJ #25thHour #survive"},{"index":"101077680312688640","data":"meet the guy @cdixon @asenkut @infoarbitrage @firstround @AOLVentures backed: Ari Jacoby, @solvemediainc @venturestudio http://bit.ly/pSr5G0"},{"index":"104684311701233664","data":"ff# @lsanza @vikvenkat @jdorkin @ngavronsky @cliffpavlovic @kunalchaudhari @amandahesser @john_frankel @stefan_ne @shanereiser @adamostrow"},{"index":"104915466845290496","data":"Bubble-heads- have a read :)  Marc Andreessen on Why Software Is Eating the World - WSJ.com http://ow.ly/68gHK"},{"index":"104701106470391808","data":"Chegg Chugging Along: Unleashes Digital Textbook Rentals, Aims To Be 'LinkedIn For College Students' http://ow.ly/681GK"},{"index":"104923471959703552","data":"this guy & Andreessen should hang-out, similar world view: Irving Kahn 105-Year-Old Banker: Economic Downturn Just a Blip http://ow.ly/68hBw"},{"index":"105452990789459968","data":"Invest in People - #GroupMe http://ow.ly/68WkM by @davetisch"},{"index":"107900628927389697","data":"Must read! RT @davidcohen: New on my blog: \"The Mentor Manifesto\" http://www.davidgcohen.com/2011/08/28/the-mentor-manifesto/ …"},{"index":"105409987530076160","data":"Kabooommmm: Skype acquires GroupMe http://ow.ly/68RTN"},{"index":"111900412193423360","data":"BOOM.... General Assembly Gets Funding From Yuri Milner and Jeff Bezos | Betabeat — News, gossip and intel from Silicon Alley 2.0...."},{"index":"110802872018542592","data":"What do you need? | The Monster In Your Head http://ow.ly/6lWHD"},{"index":"109383403605995521","data":"Michael Arrington launching venture fund - The Term Sheet: Fortune's deals blog Term Sheet http://ow.ly/6jdS4"},{"index":"112522242990153729","data":"$$$ must read for entrepreneurs RT @marksbirch: The Trouble with Non-Investor Investors | Strong Opinions @marksbirch http://bch.me/nVMCP8 "},{"index":"112524274765545472","data":"Question: does anyone know how solid the .ly domains are given all the turmoil in Libya? I heard they are actually Libya's \"country code\""},{"index":"115572500909391872","data":"good one from @wadhwa What Spain could learn from a former colony - The Washington Post http://ow.ly/6xML3 #Espana"},{"index":"117711654011146240","data":"check out my buddy @porlando 's course on startups @skillshare Startups Unplugged -- Structure for your Startup  http://ow.ly/6DTb0"},{"index":"118306857617072128","data":"Neil Capel, CEO of @Sailthru on @venturestudio http://bit.ly/oVvwIv  @neilcapel to fledgling entrepreneurs: you need to \"go full force\""},{"index":"119121961887600640","data":"\"You need to go full force\" says @NeilCapel CEO of @sailthru to entrepreneurs on @venturestudio http://bit.ly/oVvwIv "},{"index":"122383070715330560","data":"ff# @amitklein @shanesnow @shanereiser @joefernandez @ceonyc @zsims @zamland @paigecraig"},{"index":"124246626649899008","data":"Great piece guys! RT @nickseguin: it takes a village to raise a #startup - piece by @mmcedward, @MarcNager and I http://huff.to/qwh2WS "},{"index":"122384192863608832","data":"ff# @mevans1 @therunthrough @learnvest @NeilCapel @bradsvrluga @stacyspikes @adamostrow @davetisch @echo_nyc @ffventure @bhargreaves"},{"index":"124247100874690560","data":"Well said  RT @bsiscovick RT @vacanti If starting a co, email monthly updates to big list of friends/mentors w recent progress, help needed"},{"index":"122382274665787392","data":"ff# @to2 @fabricegrinda @mashinsky @vivsharma @unystartups @jrizk33 @venturestudio @startupgenome @warbyparker @stephenfleming @frankjpinto"},{"index":"124654652171096064","data":"\"share your ideas\" RT @davidblerner @venturestudio : Ari Rabban, CEO of http://Phone.com  http://bit.ly/oZA7Db "},{"index":"124964899796422657","data":"ff# @echo_nyc @annaivey @svenningsen @vcdeallawyer @to2 @ganeumann @nickseguin @startuppro @bfeld @markloranger @bfeld @stephenfleming"},{"index":"125664806815547392","data":"Has anyone seen the documentary \"Something Ventured\" yet? #startups #entrepreneurship"},{"index":"125210672446447616","data":"Andreessen Horowitz Joining in Y Combinator Start Fund - Kara Swisher - News - AllThingsD http://ow.ly/6YijD "},{"index":"125744536780677121","data":"the next profession to be displaced: publishers: Amazon Rewrites the Rules of Book Publishing - http://NYTimes.com  http://ow.ly/6Z3X7 "},{"index":"126106935639547904","data":"13 Startups Facebook Acqui-Hired For Millions Of Dollars http://ow.ly/70kzc "},{"index":"126083331669508097","data":"AmEx as VC!? Leads $12 Million Round In Clickable, Which Wants To “Become The AdWords Of Social” | TechCrunch http://ow.ly/70h8L "},{"index":"126481338344816640","data":"wow: RT @marksbirch: Talking to the Homeless & the Theatre of Everyday Life by @ScottBrit http://bch.me/q2S3Qs  - Scott is good people"},{"index":"126442803843706880","data":"TechStars’ second New York class shines in their debut — Tech News and Analysis http://ow.ly/71zdY "},{"index":"127103376151425025","data":"@davidblerner I wouldn't mean seeing the leaders of that initiative talk shop on @venturestudio..."},{"index":"126661853492416513","data":"POST: What Every Student Entrepreneur Needs to Know to Succeed (3) Know Something! http://bit.ly/pvCbOE  @startupamerica"},{"index":"127182516678430721","data":"PloSONE: The Role of Positive Contagion in Golf Performance and Perception http://bit.ly/ra440g "},{"index":"128873633417400321","data":"Interview: @venturestudio w/ @john_frankel founding partner of @ffventure on working w/great entrepreneurs http://bit.ly/tvj4Dd "},{"index":"127894949860622337","data":"IronMike getting into tech! RT @miketyson: Sat w/ @dickc & @john today. These guys are a part of building future & I want to be part of it."},{"index":"129323277888913408","data":"soon kicking off evening convo w/ @infoarbitrage cc: @jrizk333 @columbiavc @dwhittemore who's joining? @iaventures + CVC= $$"},{"index":"129356679824424960","data":"@infoarbitrage is dropping knowledge $$ RT @teddotcom: Great CVC talk tonight with @davidblerner and @infoarbitrage. Hats off to @jrizk333"},{"index":"129536145968205824","data":"good read! RT @sarahprevette: What I learned from raising venture capital http://awe.sm/5Y0RD "},{"index":"128977408299769858","data":"agree RT @joefernandez: This is amazing - The Measured Life: What's Your Klout Score? http://on.wsj.com/rtoomq "},{"index":"129216019498680320","data":"Startup Lessons from David Cohen and the TechStars | Blog | Daily Dose | http://Entrepreneur.com  http://ow.ly/79Bei "},{"index":"129673710490759168","data":"want to learn about product mgmt? my good pal @dwhittemore teaching Product Management for Startups on Skillshare:  http://ow.ly/7bjia "},{"index":"129729169687982080","data":"Kaboom: Codecademy Raises $2.5 Million To Teach You How To Code | TechCrunch http://ow.ly/7bs3z "},{"index":"129729447074086912","data":"congrats guys RT @zsims: Ryan and I are thrilled to announce the next steps for @Codecademy - http://blog.codecademy.com/codecademyaddi …"},{"index":"12990418123751424","data":"Fortune Finance just picked up my piece on: Are super-angels extinct? http://bit.ly/gla8Jd"},{"index":"130760521321418752","data":"powerful stuff: A Sister’s Eulogy for Steve Jobs - http://NYTimes.com  http://ow.ly/7dw51 "},{"index":"134454758323912705","data":"kaboom: \"Calling Bullshit On The Series A Crunch\" | TechCrunch http://ow.ly/7oDfF "},{"index":"135165621833961473","data":"Fascinating approach! RT @TheNickFrost: 1% Of Nothing Launches To Get Startups Donating Equity http://sul.st/rZmZfD "},{"index":"136413318347894784","data":"Must Read: The Real Cost of Patent Trolls http://ow.ly/7tTbF  courtesy @bfeld"},{"index":"136415947341836288","data":"The Rise Of The Health Startup? A Peek At The 13 Companies In Rock Health’s Inaugural Batch | TechCrunch http://ow.ly/7tTEL "},{"index":"13741404215840769","data":"Ohio-based @NCTVentures updates profile on our crowdsourced map of world venture community http://ow.ly/3nJtI congrats! who's next?"},{"index":"13737108535513088","data":"@iaventures updates profile on our crowdsourced map of world venture community http://ow.ly/3nJiz cc @infoarbitrage @bsiscovick who's next?"},{"index":"133999762348310528","data":"congrats to STELLAService team: Raising $5 Million to Keep You In the Know: STELLAService blog http://ow.ly/7n3Ng "},{"index":"138233213293314049","data":"next time you think you're real busy, read this: Jack Dorsey's Twitter & Square Work Schedule - http://ow.ly/7zmi7 "},{"index":"13742698884239361","data":"5am ventures updates profile on our crowdsourced map of world venture community http://ow.ly/3nJx5 who is next? cc @shanesnow @shanereiser"},{"index":"136815749288308736","data":"On getting product-market fit: My talk w/ @sachinkamdar CEO of @parsely on @venturestudio http://bit.ly/t4f0az  cc: @montalenti"},{"index":"139421266024218624","data":"good piece on how: Accelerators Groom Technology Ventures for Success | PBS NewsHour | Nov. 22, 2011 | PBS http://ow.ly/7DiKn "},{"index":"140856401907032064","data":"here comes 3D printing: The printed world | The Economist http://ow.ly/7Gkrq "},{"index":"139726265241452545","data":"Happy Thanksgiving!!"},{"index":"140974822372016128","data":"congrats @warbyparker team: Go West, Young Men: style file: daily fashion, party, and model news http://ow.ly/7Gz9f "},{"index":"142346617259954176","data":"big news! Spotify Launches New App Platform, Announces Move to NY - http://NYConvergence.com  http://ow.ly/7LEUh "},{"index":"142685289901588481","data":"big news RT @mashable: Facebook to Open New York Engineering Office - http://on.mash.to/tX3EMe "},{"index":"142272586443788289","data":"Leonsis, Case found $450 million fund to aid Washington area start-up firms - The Washington Post http://ow.ly/7Lgi1 "},{"index":"14353278326276096","data":"Wow! Bullseye! RT @abarrera Beware of those who say they help entrepreneurs http://bit.ly/dGpKXs <-- Ready, steady, FLAME!!"},{"index":"142694788603461632","data":"Startup Incubator WeWork Labs Gets A New 75,000 Square Foot Office In NYC http://ow.ly/7MSIS "},{"index":"142695144787939328","data":"Who is right? Interesting discussion: The case for old entrepreneurs - The Washington Post http://ow.ly/7MSQs "},{"index":"143805507495399425","data":"It takes some real cojones to offshore yourself and live with your dev team in Singapore for 4 months @venturestudio http://mashable.com/2011/11/29/klout-joe-fernandez-video/ …"},{"index":"145533349287563265","data":"Thanks again to inspirational TB Foundation mentors @davidblerner @justbobbibrown @KendraBracken @aliwing @AlicesTeaCup @Jcrew_insider"},{"index":"145197984752205824","data":"ff# @mterrim @justbobbibrown @toryburch  incredible and inspiring event for the foundation- congrats- what a great mission!"},{"index":"148563301234782208","data":"My TedX talk: \"Why Wait 'Til You Graduate?\" http://lnkd.in/wSychU "},{"index":"148572751505006593","data":"David B. Lerner http://lnkd.in/7tDD8f "},{"index":"145669152454082561","data":"good post from @bikenyc (Stuart Ellman): Do Not Cut Off Your Colleagues - RRE Ventures http://ow.ly/7VoFY "},{"index":"153543732766064640","data":"incredible post from one of my favorite people, @shanesnow \"Screw expectations\" ─ revolutions.is http://ow.ly/8f4Pr "},{"index":"153891209708978177","data":"Prediction: 2012 is the year of Brooklyn in tech cc: @armbrusting @brooklyn_vc #lovemyhometown"},{"index":"152215949297205249","data":"great for NYC... would love to learn REAL story tho! Silicon Island: What Cornell’s NYC Tech Campus Will Look Like http://ow.ly/8cEXV "},{"index":"153271795615670272","data":"Boom.... M.I.T. Game-Changer: Free Online Education For All - Forbes http://ow.ly/8ePxA "},{"index":"153915918341255169","data":"Despite Attacks, Klout Is Poised To Boost Its Influence | TechCrunch http://ow.ly/8fQKs "},{"index":"154915526529908737","data":"well said by @ronconway RT @vcdeallawyer: Business: Where angels will tread | The Economist http://econ.st/vvafzq "},{"index":"155090631901970432","data":"fascinating stuff guys RT @numberfire: The Basketball NERD rankings are updated: Who is too high/low? http://ow.ly/8jPwi "},{"index":"155399110306963456","data":"good one here: RT @contently: Hey Everyone! Tell Us - Do You Have A Blogging Calendar? http://bit.ly/uY8zSd "},{"index":"155485368190369792","data":"good nuanced post on Stealth Mode: Elad Blog: Is Stealth Mode Stupid? http://ow.ly/8l9jz  thoughts?"},{"index":"156808141634412544","data":"congrats! RT @columbiaentprog: Jeremy Miller '10 http://FSAStore.com  featured on Fox Biz news http://ow.ly/8opFT  cc: @fsa_store"},{"index":"156916137643347969","data":"Mike \"Consiglieri\" Duda @mikeduda appears @venturestudio next week. shoot me questions you have for him re: tech, 2012, branding, anything"},{"index":"155713314041774081","data":"if u were wondering what al this talk about hacking education is, see this: My Teacher Is an App - http://WSJ.com  http://ow.ly/8lvDG "},{"index":"157946032209149952","data":"good event: NYVC: Speaker Series with Nikhil from SoftBank Capital - Eventbrite http://ow.ly/8sY0Z "},{"index":"157989906856165376","data":"David B. Lerner http://lnkd.in/U_YsKC "},{"index":"155830323714867200","data":"congrats to the guys at @contently Raise $2 Million to Play Matchmaker for Journalists and Brands |  Advertising Age http://ow.ly/8lGOs "},{"index":"162912636143534080","data":"Jeff Clavier @jeff builds a bigger seed fund - The Term Sheet: Fortune's deals blog Term Sheet http://ow.ly/8Ix9q "},{"index":"167248411463127041","data":"it's safe to say that this gentleman means business: Dwolla – Entering a growth stage with new partners -  http://ow.ly/8WEjH "},{"index":"167285546681511937","data":"best post of day so far: Five Myths About Venture Capital: http://ow.ly/8WUzm  nice one @vcbrazil"},{"index":"170312521088106496","data":"With New $27 Million Fund, ff Venture Capital Is On A Roll (Interview) | TechCrunch http://ow.ly/97zE9  congrats cc: @armbrusting"},{"index":"170483601819963393","data":"Reid Hoffman's 10 Rules for Entrepreneurial Success | http://Entrepreneur.com  http://ow.ly/981K6 "},{"index":"168874270024400896","data":"Great post: RT @mccannatron:  The difference between entrepreneurs and everyone else http://ow.ly/1Ga4es "},{"index":"170906840941604865","data":"interesting on many levels: The DIY 'Maker Movement' Meets the VCs http://ow.ly/99oaA  ie. @bfeld sounded smart, others- not so much :)"},{"index":"170935825222221824","data":"this may land heavier than a Klitschko body-punch for some, but it's true RT @sheynkman: Ungerminated: Trouble w/ Seeds http://bit.ly/xMj2kW "},{"index":"172486078228475907","data":"gutting it out... RT @amolsarva: 11 years to 1mm http://post.ly/5X9o8 "},{"index":"17358321631625216","data":"In 2011 I'll be listening to people with domain expertise and not to the so-called \"news\" of the day."},{"index":"174677519075778560","data":"Cool story RT @newsycombinator: How I got a job from a Hacker News post http://j.mp/zkb1FH "},{"index":"171302883298521088","data":"a candid view: \"NYC is becoming a big Tech Town as well as everything else it already is\" Martin Varsavsky | English http://ow.ly/9a0mT "},{"index":"172754344234582016","data":"Yes! RT @VikVenkat: RT @mubeenamalik: Congratulations to @clotheshorse http://ow.ly/9ft2J   @VikVenkat @dwhittemore @willcharczuk"},{"index":"177029939902693376","data":"Check it out: RT @sree: Speaking at 10a ET digital media @BRITEconf w/ @mattquint @toastmax @magnify @w3edge * follow at #briteconf"},{"index":"177885759498498049","data":".@amirshake can we interview you tomorrow for @venturestudio on mashable?"},{"index":"177888772929761281","data":"@nciia who from nciia is @ SXSW?"},{"index":"177897403234516992","data":"@drewhouston drew- can u do an interview w/us tomorrow? will be on mashable.. we are at SXSW"},{"index":"177891231219712000","data":"@ramyadeeb ramy, inviting you to come on our show which airs on Mashable.. we can shoot tomorrow (friday).. let us know.. we r at SXSW"},{"index":"177889156737929217","data":"@ashoka who from ashoka is coming to SXSW?"},{"index":"177900656747745281","data":"@seventhgen heard you guys are @ SXSW... can you come on our show? it airs 2x a wek on mashable... u guys are doing great things"},{"index":"177900284327108608","data":"@venturestudio Thanks for the offer! Come by our open house in Austin I'm sure we'll have someone you can chat with cc @KristinaWeise"},{"index":"177906542065098754","data":"@AshokaU who from AshokaU is @ SXSW? we'd love to have u on mashable/ @venturestudio"},{"index":"178919555115122688","data":"Bummed I couldn't make it RT @jehangirirani: @contently brunch with @Shanesnow @ericaswallow @benparr and @davidblerner http://instagr.am/p/ICkLYqxtOb/ "},{"index":"178137612664586241","data":"@stevecase are you avail for an interview? goes up on mashable"},{"index":"178978213328977921","data":"@lenberg what time is @soundcloud event starting? cc: @jehangirirani"},{"index":"177940763081056257","data":"@venturestudio you can hit me up at Kristina (at) soundcloud and we can try to make something work, but scheds are a bit intense right now"},{"index":"180105256091385858","data":"looking worldwide for folks who want to be entrepreneurship curators for their home-towns:   http://ow.ly/9FgNr  ping: @startupgenome"},{"index":"18069688432992256","data":"New Blog Post:  @davidblerner: Getting from Zero to One (5): It's All About the People http://bit.ly/hViLXX"},{"index":"181756771239604224","data":"Congrats to @JoeFernandez - The Young Influentials: 20 Under 40 Who Are Wicked Smart and Rebooting Your World http://shar.es/pvOzu "},{"index":"181195727882563585","data":"Deep: RT @shanereiser: \"I Changed My Job Title and Won’t Go Back\" http://khrt.co/FO4KC7  by @joshviney"},{"index":"182991279477633025","data":"interested in #entrepreneurship? follow @getwakefield today's email: Startup Dorms & Gates’ Fave Canadian Fishing Hole http://bit.ly/GNZ7xl "},{"index":"182977456679034881","data":"@getwakefield is awesome: RT @brycelongton: RT @GetWakefield: Startup City Report: Waterloo, Ontario http://ow.ly/9Pdep "},{"index":"18302917014454273","data":"New Blog Post on Building Your Startup Team: Getting from Zero to One Series: \"It's All About the People\" http://bit.ly/hViLXX"},{"index":"18357491490365440","data":"New Blog Post: Mapping Out Your Startup Some More: http://ow.ly/3uaas   (part of Getting From Zero to One Series) http://ow.ly/3uaat"},{"index":"184077254916190208","data":"this guy's the real McKoy: James Cameron Now at Ocean's Deepest Point http://ow.ly/9RVhr "},{"index":"185098935495438336","data":"cool! RT @kauffmanfdn: Infographic: 68 Startup Weekends At-a-Glance: the 54-hour event where people come t... http://kff.mn/HgC3vI "},{"index":"185101626460209152","data":"remarkable RT @collabfund: Half all U.S. households contain at least one Apple product: http://bit.ly/H1zGNm  (via @ttunguz)"},{"index":"183720645547393024","data":"EDU going to get uprooted big time: ie. The Stanford Education Experiment Could Change Higher Learning Forever http://ow.ly/9RnUm "},{"index":"184364707312963584","data":"congrats! RT @kmin: LOVING the blazers @QuincyApparel just launched today! @alexnels, @cmwalla & team http://www.quincyapparel.com  #quincylaunch"},{"index":"185173413407633408","data":"Quincy Apparel Launch Party is awesome!!  http://ow.ly/1Jrtwv   cc: @QuincyApparel"},{"index":"185360272318398464","data":"congrats to @QuincyApparel on a tremendous launch party yesterday... fantastic group... cc: @dbdsocial @rbvprenice @robcromer @cmwalla"},{"index":"185443524618104832","data":"BluePrint Health DemoDay: entrepreneurs are just crushing it!! #Bphealth12 @bphealth great job guys!"},{"index":"185358743003865088","data":"please RT: looking for awesome curators in following cities/states for @startupgenome : LA, Boulder, Vancouver, Austin, Miami, Tokyo, Moscow"},{"index":"185724851691073537","data":"#ff @benjimarkoff @cmwalla @ADCADE @robcromer @rbvprentice @dbdsocial @1CharlesH @to2 @crashdev @stefan_ne @updater @diegosaezgil @tarekp"},{"index":"185835822963109888","data":"@davidblerner congrats for going to the same school as @bopeabody, I finally read Lucky or Smart and it blew me away http://elevatorposts.com/category/elevator-books/ …"},{"index":"185728528468291585","data":"FF# @ColumbiaVC @needlvrm @bphealth @rashaunps @myaidin @icouchme @meddikapp @goprocured @symcatdotcom @inquisithealth @5oclockrecords"},{"index":"187621394182438912","data":"Fascinating RT @redroverhq:Minerva Project scores $25 million in seed money to build a new elite university online http://bit.ly/HL3Cj9 "},{"index":"187522504749875200","data":"cool post: Old School Venture Capital http://ow.ly/a4yPH  how things are in Brazil right now..."},{"index":"18788901464309760","data":"Just releasing my Series on University Entrepreneurship here for those interested in the subject: http://ow.ly/3un4M"},{"index":"190061921515470850","data":"Get A Drink And A Job At NYC Uncubed, The New Silicon Alley Talent Fair | TechCrunch http://ow.ly/acTKL "},{"index":"191227921388670977","data":"@perrychen perry- we'd love to have u on show- DM us if u can with email addy"},{"index":"191236640629460993","data":"@hackforchange would love to have you on the show... Follow us and let's DM"},{"index":"187702371760082944","data":"I'll be moderating @DecodedFashion on April 30, @LincolnCenter. It's about connecting Fashion & the best Tech Startups http://bit.ly/yfcYlp "},{"index":"191875981517127680","data":"David B. Lerner http://lnkd.in/B_pUhb "},{"index":"191858894589526016","data":"RT @greenrank: Great interview from @davidblerner @venturestudio Ron Gonen, Founder of @Recyclebank http://bit.ly/HCt9WG "},{"index":"19211344435740672","data":"brutally frank advice! RT @bill_gross: My answer on Quora to: How do you split your time between two projects? http://b.qr.ae/gmTqw8"},{"index":"194249826060341248","data":"Txs hoss! RT @to2: What Every Student Entrepreneur Needs to Know to Succeed (5) Finding a Mentor http://bit.ly/K0djVL "},{"index":"194415099509878784","data":"Txs! RT @NYUEntrepreneur: Spot on! RT @davidblerner:What Every Student Entrepreneur Needs to Know (5) Finding a Mentor http://ow.ly/1L4gxn "},{"index":"196969828957962240","data":"Cool panel @decodedfashion w/ @amycole @rebeccaminkoff @saks @heyitsnoah @catecorcoran #decodedfashion commerce & content"},{"index":"199680251469627392","data":"Congrats! RT @lererventures: Food52 wins James Beard Award f/Publication of Year! @food52 @amandahesser @merrillstubbs http://bit.ly/ISEkdA "},{"index":"199851246222442496","data":"Congrats! RT @comiXology: ComiXology Announces 65M Downloads, Inks Multi-year Deal To Distribute Marvel Digital Comics http://ow.ly/1LS2J7 "},{"index":"197050881823350784","data":"@techballers @space530 great meeting you guys!"},{"index":"206092284431839232","data":"Amen! RT @sree: Tip for @LinkedIn bios: Don't call yourself a \"digital media visionary\" or \"thought leader\" * Those are labels others give u"},{"index":"204586069621088257","data":"My talk on @venturestudio with RT @martyodlin CEO Bamboo Bike Studio: an anti-consumerist visionary http://bit.ly/LaOWpA  #visionary"},{"index":"208642098910609409","data":"My talk with the company changing the game in book publishing RT @pubslush: AMAZE PRESS! thanks @venturestudio http://on.mash.to/L6kl12 "},{"index":"203562366712029184","data":"Agree! RT @mikearsenault: Startup folks should subscribe to @Wakefield Awesome content/daily stories, startup culture http://ow.ly/1MoEKL "},{"index":"208649298819284992","data":"#FF @jkagan @publush @bphealth @pilarmari @anavictoriaga @Sati_fied @_bchen @joelmontgomery @chartbeat @Wakefield @bradsvrluga @garyvee"},{"index":"208651348831506432","data":"#FF @fabricegrinda @amitklein @nancylublin @dosomething @fabref @rameshharidas @armbrusting @wadhwa @jehangirirani @catone @benjimarkoff"},{"index":"208718311461093376","data":"#FF @startupgenome @venturestudio - mapping the entreprenurial ecosystem around the world!"},{"index":"211195729270673408","data":"summer friday. my favorite flavor of Fridays! who's with me?"},{"index":"219834239707906049","data":"New Post: The Founder's Eye http://bit.ly/MLSW1s  #picasso #founder"},{"index":"215902802537492480","data":"\"Build a canvas and they will fill it\" says @kurnit at #VFC yesterday."},{"index":"214853965559508994","data":"@venturestudio nope! didn't let the side down ;-)"},{"index":"214827688618229762","data":"Prediction: @msuster out of practice, will get carried-out :) I'm in the UK!! See this image for what my life was like http://instagr.am/p/MB28anJUzu/ "},{"index":"214913439297060867","data":"Incredibly eloquent and deep must read post for anyone in startup world RT @ganeumann: Great Riches and Low Theft. RW: http://bit.ly/M2xGIe "},{"index":"225744048193937408","data":"@venturestudio I am VP of marketing for my Entrepreneurship and Venture Capital club at Claremont Graduate University.  Wanted to say hey!"},{"index":"227198921984835584","data":"New Post: RT @davidblerner: What Every Student Entrepreneur Needs to Know (7) Grants &amp; Competitions http://bit.ly/MxGSnD  cc: @to2"},{"index":"228110455447638016","data":"New Post: TRUST  http://bit.ly/NWNo4L  #Entrepreneurship"},{"index":"228142789530091521","data":"It's on! RT @updater: NYC startup interns: 45 minutes left to RSVP for the Intern Army chat with Dave Lerner. Details: http://www.intern-army.com ."},{"index":"230798276918644737","data":"From @edyson : \"The job of an angel is not to pick winners, but to pick potential winners and help them become winners.\" #angelinvesting"},{"index":"235859360964829186","data":"If u r moving, must read! RT @updater: Ten Commandments of Change of Address, brought to you by @Updater http://ow.ly/d00A1  #moving #USPS"},{"index":"235862345933520896","data":"Translation: we got shamed by tech community & flipped: Amended Decision on @Uber in Massachusetts http://ow.ly/d01tw   cc: @ScottKirsner"},{"index":"236219386401284096","data":"Psyched!! RT @shanereiser: Announcing my side project: @StartupGenome - What is it and how we got started: http://bit.ly/PpzPf9 "},{"index":"240148445799796736","data":"Half-life of a VP of Sales in a startup about 14 months- @sgblank"},{"index":"240148114122612736","data":"Common misconception: @sgblank doesn't believe in planning. No- just don't develop operating/business/execution plan b4 product/market fit"},{"index":"236576579810099200","data":"He did a great job! RT @BenjLerer: yay for @davetisch http://blog.davidtisch.com/post/29638236867/newadventures … excited/frightened for what he tackles next"},{"index":"238390912852557826","data":"Yes @shanereiser : @startupgenome project getting nice coverage! http://www.siliconprairienews.com/2012/08/startup-genome-takes-local-approach-categorizing-visualizing-ecosystems …"},{"index":"240149022231367680","data":"Org charts and titles are toxic to startups early on: @sgblank"},{"index":"240149466655649793","data":"\"Somehow people seem to spend $1 more than the venture money they raise\"  @sgblank"},{"index":"240149703537328128","data":"Who is using the business model canvas?"},{"index":"240150060334215168","data":"\"technology is nice but it's not the business folks\" @sgblank"},{"index":"240154019807494144","data":"Q: \"what does testing the problem mean\" A: don't pitch 'Em on your product right away, do they *have* a problem? If so what is it? @sgblank"},{"index":"240152140503470080","data":"\"don't confuse the price of your product with your actual revenue model\" make sure u have one: @sgblank @bobdorf @leanlaunchpad"},{"index":"240152716914077696","data":"ok, so it's getting to that time: almost ready for people to.... \"get out of the building!!\" @sgblank @bobdorf @leanlaunchpad"},{"index":"240150415788875776","data":"\"Until about 1995 we only had one real channel... It was physical... then Netscape went public...\" @sgblank"},{"index":"240155009642278912","data":"\"founders- you actually have to start with an opinion...\" just be ready to test it and for it to change.. @sgblank @leanlaunchpad"},{"index":"240156179731464192","data":"\"market researchers are great at predicting the past\" entrepreneurs are trying to change the future @leanlaunchpad"},{"index":"240157395962171393","data":"\"Listen for the outlier data, not to survey monkey data.. E'ship is an art, not an accounting exercise\" Learn how to *really* listen"},{"index":"240154234664939520","data":"deep: \"what if we could solve your problem like this?\" @sgblank @bobdorf"},{"index":"240806978983694336","data":"Love this: RT @robgo: New post: Captivating Investors with Secrets - And Some Other Fundraising Tips http://robgo.org/2012/08/29/captivating-investors-with-secrets-and-other-fundraising-tips/ …"},{"index":"240158082376810496","data":"\"a problem with every category of your business model is not a pivot, it's a restart!\" :) @leanlaunchpad"},{"index":"243019703923113984","data":"Caution RT @infoarbitrage: Multinationals Stake Claim in VC http://nyti.ms/OTFSKb  At growth stage there can be real value-add, but be careful"},{"index":"241196949682933761","data":"\"best time to consider taking corporate VC is Series B or later\" @sgblank #leanlaunchpad"},{"index":"245232532625432576","data":"+1 RT @BestVendor: Check out our new lists feature and write your own. There's a reward involved... :) http://bit.ly/Pxj0P8 "},{"index":"245630094972973056","data":"Holy #^*! @schlaf just killed-it in front of my class @ Columbia B School. elucidated NYC's startup ecosystem like I've never seen #unreal"},{"index":"247836445644038144","data":"Read-it and RT - Amazing Guide to NYC Tech courtesy of the great @schlaf http://ow.ly/dMlzE   huge effort!! cc: @startupgenome"},{"index":"249329589757812736","data":"Must read post by the terrific @bobdorf RT @Xconomy: Why Too Many Startups Suck - http://bit.ly/Sc5Yut "},{"index":"246097090395140096","data":"+1 Chess Concepts Peter Thiel Used To Become A Billionaire | http://Inc.com  http://ow.ly/dFS1i "},{"index":"253918441541611521","data":"Wow, @medikly just crushed it at @bphealth demo day #bphdd12"},{"index":"253937008018341888","data":"Boom: @symbiosishealth just crushed everything at demo day, wow... @bphealth"},{"index":"250768020581015554","data":"This is a big deal- please RT @startupgenome: Embed Startup Genome maps - anywhere | The Startup Genome Blog http://bit.ly/PjFR1h "},{"index":"263827152783421440","data":"NEW POST: Lessons from a Young Master http://bit.ly/RtmnqR  #teaching #learning"},{"index":"273435870261018624","data":"NEW POST: Death of a Mentor: Reflections http://bit.ly/UoibgC  (this was a tough one) #mentorship"},{"index":"263827409181233153","data":"NEWER POST: Lessons from Sandy http://bit.ly/YpI1Bg  #sandy #nurses"},{"index":"277051540865421312","data":"New Post: RT Measuring Founder Strength http://bit.ly/SLb4hL  kudos to @saarsaar"},{"index":"281937433900220416","data":"Thanks! RT @jehangirirani: For all you entrepreneurial data hounds... it doesn't get better than this! http://ow.ly/gfgzC  @startupgenome"},{"index":"27738279856046080","data":"updated infographic of angel investor landscape: http://ow.ly/3Gso9"},{"index":"284414604287823872","data":"Was I punked on my own show by @john_frankel or not? :)  happy holidays to all cc: @ffvc @armbrusting http://ow.ly/gohZe  :) cc:..."},{"index":"29312908429103106","data":"post: Sometimes Nothin' Can be a Real Cool Hand http://ow.ly/3IKID"},{"index":"289774617621573633","data":"Boom: just shipped: RT @startupgenome: New blog post: You can now merge cities or create completely custom Regions - http://bit.ly/UV3wMB "},{"index":"29554240800161792","data":"new post: RT @davidblerner: I Am Incubator http://bit.ly/gILn9F"},{"index":"299910708588584961","data":"New Post: So, What's a \"Pain Point in the Market\"?  http://ow.ly/hxTC3  cc: @updater @joevc @bsiscovick"},{"index":"29314712327946240","data":"the \"X\" factor in business... it's there or it ain't.... http://ow.ly/3IKOY  #go jets"},{"index":"314814245294465024","data":"Gulp... Can't wait for this series by @ganeumann : Reaction Wheel: Why I'm Not an Angel http://ow.ly/jingz "},{"index":"315202495251095552","data":"going to this: RT @rodkurtz: Entrepreneurs ask me, \"How can I get media coverage?\" Next week, I'll show you how. http://bit.ly/Xu04bb "},{"index":"29305088442896384","data":"the 10 types of hair on early-stage deals http://ow.ly/3IK7A"},{"index":"307323480909697024","data":"What a day: my students @donnerchait of @travefy & @dbaird13 of blocpower making news: http://ow.ly/i9ELY  and http://ow.ly/i9ELZ "},{"index":"341313992419065856","data":"The Supremacy of Warm Introductions http://bit.ly/ZmYpVC "},{"index":"335453901958569985","data":"NEW POST:  Why Do So Many Partnerships End in Disaster http://bit.ly/186l7Uw  @OPENForum"},{"index":"398583659118465024","data":"BOOM: Dance all night: @Jukely tells you which concerts to see and which friends to see them with | VentureBeat http://ow.ly/qBwNj "},{"index":"314121928904409088","data":".@Bradharrison1 @allenmorgan RT @Wakefield: Ur next trip to airport doesn't have 2 b miserable. Check: @GateGuru    http://bit.ly/WakeGate "},{"index":"40055188396060672","data":"My Conversation with entrepreneur/journalist Shane Snow of Contently.com http://bit.ly/eEgkPG  discuss b-model in depth, team, silicon alley"},{"index":"41643712262057984","data":"@msuster weighs in on debate: What’s The Real Deal With AngelList? http://ow.ly/444YI"},{"index":"41646136959700992","data":"must read: @msuster weighs in on debate: What’s The Real Deal With AngelList? http://ow.ly/4455K"},{"index":"41647257384124416","data":"My Conversation on Venture Studio w/ Shane Snow of www.contently.com http://ow.ly/4458O @shanesnow (entrepreneur, journo, designer, writer)"},{"index":"43112542448529408","data":"cool product! Foundry Group Puts $500,000 Into Attachments.me http://ow.ly/46Oia congrats @bfeld"},{"index":"43120780585877504","data":"RT The latest news and analysis from China's perspective, read Edward Nigro is @TheChinaInsider http://thechinainsider.com/blog/"},{"index":"43287796382842880","data":"Primate Makes Daring Escape From Cage, Becomes Entrepreneur: Society Uneasy, Mainstream Press Obscures His True Origins http://bit.ly/fXlZOl"},{"index":"43668306028269568","data":"R u in a partnership?: \"We value trust, respect, and consensus. We never vote. We don't exercise vetos. We don't yell.\"  http://ow.ly/47Rp7"},{"index":"44033068826243072","data":"terrific opportunity w/great folks: RT @bsiscovick: RT @infoarbitrage: Please check out / RT @iaventures Summer internship bit.ly/fKjKFJ $"},{"index":"44076320078036992","data":"New Post: Primate Makes Daring Escape From Cage, Becomes Entrepreneur: Society Uneasy, Press Obscures His True Origins http://ow.ly/48xvg"},{"index":"45490437129117696","data":"My conversation on Venture Studio w/ Mark Loranger of Square 1 Bank http://bit.ly/g18r1O ie. for entrepreneurs: what is a venture bank? etc"},{"index":"47997393945362433","data":"agree with @zamland: Jim Plush's Blog - This may be the best resume I have ever seen http://awe.sm/5GlAl  wow... $$"},{"index":"46607975049199616","data":"Skype Founder To Students: Don’t Follow The Obvious Path - Venture Capital Dispatch - WSJ http://ow.ly/4d6lW"},{"index":"48001435736096768","data":"Vinny Vacanti, CEO of Yipit on the odyssey of a first-time entrepreneur & learning to code http://bit.ly/hDhvEH @vacanti @jdmoran"},{"index":"48865446816006144","data":"ff# @vacanti @robgo @drewconway @makdchou @amandahesser @to2 @chartio @armbrusting @jehangirirani @markloranger @stellajordy @joshrweinstein"},{"index":"43313531281608704","data":"good clear-eyed insights here: The ridiculous Vivek Wadhwa furore and the new Boston Tea Party - Fred Destin http://ow.ly/476Hz"},{"index":"50544143948201984","data":"cool post from @cdixon  MIT is a national treasure - cdixon's posterous http://ow.ly/4kE6z"},{"index":"49814441042264064","data":"congrats @benjlerer \"Thrillist Melds Editorial Content and Commerce\" - NYTimes.com http://ow.ly/4iBc6"},{"index":"50552552219095040","data":"A must read: New Rules for the New Internet Bubble « Steve Blank http://ow.ly/4kG8v"},{"index":"51801895911694336","data":"great piece: Is There a New Technology Bubble? Ben Horowitz Doesn't Think So. | Ben Horowitz | Voices | AllThingsD http://ow.ly/4n4Ua"},{"index":"50178647818125313","data":"Part II of conversation w/ @vacanti CEO of Yipit: \"Traction is King\", learning to code, and more http://ow.ly/4jtEv cc @jdmoran @hackernews"},{"index":"57783982296805376","data":"My convo w/ @joshrweinstein CEO YouAre.TV http://bit.ly/hw6aNU we talk chess, startups & his wild entrepreneurial journey @peterthiel"},{"index":"51415942021906432","data":"FF# @nikoliaA @to2 @arorasaurabh @vacanti @jacobbrody @jjbesnainou @dwhittemore @stellajordy @joshrweinstein @robgo @amandahesser"},{"index":"59394137417461760","data":"great day today chatting with @davetisch @bhargreaves and @nickseguin cc: @venturestudio"},{"index":"52731564999716864","data":"Conversation with @to2 Trevor Owens: Entrepreneur, Super-Connector, Community Organizer http://bit.ly/gKFO27 @venturestudio @samantha_smith"},{"index":"55259214502821888","data":"My convo w/ @STELLAjordy CEO re: STELLAService, biz model & Steve Nash/Consiglieri's investment @MikeDuda @SteveNash http://ow.ly/4tseP"},{"index":"60338063183851520","data":"convo w/ @davetisch about the epic @techstars NYC DemoDay & behind the scenes stuff cc: @fakedavetisch @bfeld @davidcohen http://ow.ly/4DkcB"},{"index":"61865499432202240","data":"@venturestudio interview questions may be sent to my assistant: [my twitter handle] at gmail."},{"index":"62864380743786496","data":"Thrillist CEO @benjlerer tells story of @thrillist on @VentureStudio + acquiring @jackthreads & talks @lererventures http://ow.ly/4H6WR"},{"index":"60478097086103552","data":"for left coast: @davetisch talks about epic @techstars NYC DemoDay & behind scenes stuff cc: @bfeld @davidcohen http://ow.ly/4DLOn"},{"index":"63247712803500032","data":"Y Combinator Success Leads To Copycats, Incubator Raiders - Venture Capital Dispatch - WSJ http://ow.ly/4I4Ev"},{"index":"65396731491258368","data":"My convo on @venturestudio w/ the terrific @jonathanglick CEO of @sulia http://ow.ly/4LYdV"},{"index":"65942034434883584","data":"@jehangirirani we were on @VentureStudio?"},{"index":"67315831524175872","data":"bravo to this guy for writing a much needed piece on this!: The Next 10 Years Will Be Great For Both Founders And VCs http://ow.ly/4PNZD"},{"index":"65960224967766017","data":"@venturestudio interview questions may be sent to my assistant: [my twitter handle] at gmail."},{"index":"68475824378097664","data":"some of VC @mattcharris thoughts re: @BankSimple, @OnDeckCapital & fintech as told to me on @venturestudio http://ow.ly/4SCyi"},{"index":"69006707740774400","data":"well said: \"You’re not entitled to anything. Hustle for everything you’re worth\"  The Startup Foundry http://ow.ly/4TM31"},{"index":"69176859400744960","data":"Watching live feed of Social Media Weekend http://bit.ly/socmediaweekend, track chatter at #smwknd or http://bit.ly/smwkndhash yes! @sree"},{"index":"69188867454013440","data":".@acarvin says \"never forget there is no longer any such thing as an audience\" @sree @emilybell @NYT_jenpreston"},{"index":"63245998570475520","data":"smart, practical & in that sense, a \"cutting-edge\" move by a university.... Joichi Ito Named Head of M.I.T. Media Lab  http://ow.ly/4I407"},{"index":"69190033235648512","data":".@NYT_JenPreston where do we find andy's curated twitter lists? #smwknd can someone post?"},{"index":"69180564300775425","data":"@2carvin speaking w/ @sree now....  Watching live feed of Social Media Weekend http://bit.ly/socmediaweekend #smwknd"},{"index":"69843303004246016","data":"blog post: 5 qualities of great entrepreneurs: http://ow.ly/4UZBp"},{"index":"78468134595600384","data":"VID: So what's the Kauffman FDN @KauffmanFDN all about? My convo w/ @nickseguin Mgr Entrepreneurship @venturestudio"},{"index":"93836377917100032","data":"So, You Think You Have to Deal With A**holes? Think Again http://ow.ly/5Jyzk"},{"index":"96233152900640768","data":"cool new fashion startup- great founders: Point, Click, Shoot — a New Site by Editors for Editors - Media News - WWD.com http://ow.ly/5OAiH"},{"index":"97094849303552000","data":"@MikeBrownJr @nickgiglia @reecepacheco @softtechvc @stacyspikes @vacanti @zamland @Arrington @bhargreaves @dwhittemore @ffventure @kprentiss"},{"index":"8645323425587200","data":"Mashable Video Interview: Inside Tips from Entrepreneurs and Investors http://bit.ly/e20DFB"},{"index":"97313271278870530","data":"the terrific @therunthrough team covered on Mashable: Private Site Connects Fashion Designers & Editors for Shoots http://ow.ly/5R72z"},{"index":"97416917685506048","data":"POST: An Entrepreneur's Commandment: Do What Thou Lovest -  http://ow.ly/5Rghs (was reminded of this today)"},{"index":"98875334300147712","data":"solid read from @sheynkman When do VCs make mistakes? - Passionate Intensity http://ow.ly/5UB8O"},{"index":"99566932486914049","data":"ff# @kloutperks @john_frankel @vikvenkat @dwhittemore @cliffpavlovic @sheynkman @madamian @echo_nyc @leemhoffman @jfernandez @ebellity"},{"index":"99567349576908801","data":"ff# @amandahesser @jehangirirani @schlaf @bpmilne @shanesnow @kevinbluer @coderkid"}]