[{"index":"375186936656584704","data":"Mi foto ha desaparecido de @twitter y han puesto un huevito a cambio. ¿os ha pasado lo mismo?"},{"index":"373343973911564288","data":"Women in Technology: Leaders of Tomorrow http://ow.ly/ooJg4  vía @genisroca"},{"index":"369552794237538304","data":"Muy buen artículo: Women Rising: The Unseen Barriers. Harvard Business Review http://ow.ly/o4pOv  vía @JMALVPAL"},{"index":"372289066861350912","data":"El SHA Wellness Clinic ofrece empleo en Alicante de \"Online Marketing Executive\" http://ow.ly/oiCoR  (link correcto)"},{"index":"372273204024594432","data":"El SHA Wellness Clinic ofrece empleo en Alicante de \"Online Marketing Executive\" http://ow.ly/oix1A "},{"index":"375711923960303616","data":"encuesta: ¿qué ciudad creeis que se llevará las olimpiadas 2020? 1. Madrid 2. Tokio 3. Estambul. Contesta el tuit solo con el nº de opción"},{"index":"376027016598138880","data":"If you have more money than brains, focus on outbound marketing. If you have more brains than money, focus on inbound marketing.Guy Kawasaki"},{"index":"376825241110327296","data":"\"No woman can control her destiny if she doesn't give to herself as much as she gives of herself.\" ~Suze Orman"},{"index":"377214292975960065","data":".@conchitamartinz ¿xq decis q Djokovic no va a aguantar este nivel? Es lo que hace siempre"},{"index":"377146683098152960","data":"¡Qué bueno!: Women don't need to lead better than men. They need to lead differently. http://ow.ly/oI1EY  @JMALVPAL"},{"index":"377704336824221696","data":"Ya está en mi web el artículo de La Gaceta de Salamanca sobre ‘La relaxing cup of café con leche’ http://www.martarobles.es/2013/09/la-relaxing-cupos-cafe-con-leche/ …"},{"index":"378236575773372416","data":"¿Censura Twitter los Trending Topics? by @jordi_sanchez"},{"index":"378258237684219904","data":"¿Censura Twitter los Trending Topics? http://ow.ly/oP8ll "},{"index":"386239022659821569","data":"\"Don't be arrogant, because arrogance kills curiosity and passion.” Mina Bissell\n\nreally true and the beginning of the end #Entrepreneurs"},{"index":"389833860605018112","data":"People no longer use \"how to\" manuals, they watch a Youtube Demo @briansolis (vía @JoostTom) #dma13"},{"index":"393322784006615041","data":"Showrooming http://nachosomalo.com/showrooming/  ¡Muy interesante @nachosomalo!"},{"index":"395484856291192832","data":"#EEC13 en la newsletter de @crunchbase: The EEC is the most disruptive conference of the digital scene in Spain:  http://ow.ly/qjqVb "},{"index":"403949800649162752","data":"Our friend @PipWheaton from @enkeMYM sharing Women Entrepreneurs panel with @gomezdelpozuelo (@womenalia) #ieSRF pic.twitter.com/YQXeREPVOu"},{"index":"398380585216794624","data":"Google se lanza al ecommerce: Llega Shopping Express http://nachosomalo.com/llega-google-shopping-express/ … @nachosomalo"},{"index":"405959306614693888","data":"“@Emprendedores: Premio Emprendedor del Año para Elena Gómez del Pozuelo cofundadora de @womenalia” Enhorabuena @gomezdelpozuelo!!"},{"index":"394544149321752576","data":"One reason to pay attention to global gender gap? A nation’s competitiveness is linked to how it educates its women. http://gates.ly/18rPGl2 "},{"index":"407993553198260225","data":"Mañana estaré en Desayuno “Casos reales: cómo liderar la transformación digital de la empresa” Gracias a @Yolandatwitt @gomezdelpozuelo"},{"index":"413204555925839872","data":"The only European tech companies you know are Skype and Spotify? Here’s another 120 for you http://ow.ly/rRYUp  @josecabiedes"},{"index":"419542735599964160","data":"Los 23 tuiteros españoles que no se puede perder este 2014 http://buff.ly/19Skj55 "},{"index":"372273204024594432","data":"El SHA Wellness Clinic ofrece empleo en Alicante de \"Online Marketing Executive\" http://ow.ly/oix1A "},{"index":"369552794237538304","data":"Muy buen artículo: Women Rising: The Unseen Barriers. Harvard Business Review http://ow.ly/o4pOv  vía @JMALVPAL"},{"index":"372289066861350912","data":"El SHA Wellness Clinic ofrece empleo en Alicante de \"Online Marketing Executive\" http://ow.ly/oiCoR  (link correcto)"},{"index":"373343973911564288","data":"Women in Technology: Leaders of Tomorrow http://ow.ly/ooJg4  vía @genisroca"},{"index":"375186936656584704","data":"Mi foto ha desaparecido de @twitter y han puesto un huevito a cambio. ¿os ha pasado lo mismo?"},{"index":"376825241110327296","data":"\"No woman can control her destiny if she doesn't give to herself as much as she gives of herself.\" ~Suze Orman"},{"index":"375711923960303616","data":"encuesta: ¿qué ciudad creeis que se llevará las olimpiadas 2020? 1. Madrid 2. Tokio 3. Estambul. Contesta el tuit solo con el nº de opción"},{"index":"376027016598138880","data":"If you have more money than brains, focus on outbound marketing. If you have more brains than money, focus on inbound marketing.Guy Kawasaki"},{"index":"377214292975960065","data":".@conchitamartinz ¿xq decis q Djokovic no va a aguantar este nivel? Es lo que hace siempre"},{"index":"377146683098152960","data":"¡Qué bueno!: Women don't need to lead better than men. They need to lead differently. http://ow.ly/oI1EY  @JMALVPAL"},{"index":"377704336824221696","data":"Ya está en mi web el artículo de La Gaceta de Salamanca sobre ‘La relaxing cup of café con leche’ http://www.martarobles.es/2013/09/la-relaxing-cupos-cafe-con-leche/ …"},{"index":"378236575773372416","data":"¿Censura Twitter los Trending Topics? by @jordi_sanchez"},{"index":"389833860605018112","data":"People no longer use \"how to\" manuals, they watch a Youtube Demo @briansolis (vía @JoostTom) #dma13"},{"index":"393322784006615041","data":"Showrooming http://nachosomalo.com/showrooming/  ¡Muy interesante @nachosomalo!"},{"index":"378258237684219904","data":"¿Censura Twitter los Trending Topics? http://ow.ly/oP8ll "},{"index":"394544149321752576","data":"One reason to pay attention to global gender gap? A nation’s competitiveness is linked to how it educates its women. http://gates.ly/18rPGl2 "},{"index":"403949800649162752","data":"Our friend @PipWheaton from @enkeMYM sharing Women Entrepreneurs panel with @gomezdelpozuelo (@womenalia) #ieSRF pic.twitter.com/YQXeREPVOu"},{"index":"395484856291192832","data":"#EEC13 en la newsletter de @crunchbase: The EEC is the most disruptive conference of the digital scene in Spain:  http://ow.ly/qjqVb "},{"index":"386239022659821569","data":"\"Don't be arrogant, because arrogance kills curiosity and passion.” Mina Bissell\n\nreally true and the beginning of the end #Entrepreneurs"},{"index":"398380585216794624","data":"Google se lanza al ecommerce: Llega Shopping Express http://nachosomalo.com/llega-google-shopping-express/ … @nachosomalo"},{"index":"407993553198260225","data":"Mañana estaré en Desayuno “Casos reales: cómo liderar la transformación digital de la empresa” Gracias a @Yolandatwitt @gomezdelpozuelo"},{"index":"405959306614693888","data":"“@Emprendedores: Premio Emprendedor del Año para Elena Gómez del Pozuelo cofundadora de @womenalia” Enhorabuena @gomezdelpozuelo!!"},{"index":"413204555925839872","data":"The only European tech companies you know are Skype and Spotify? Here’s another 120 for you http://ow.ly/rRYUp  @josecabiedes"},{"index":"419542735599964160","data":"Los 23 tuiteros españoles que no se puede perder este 2014 http://buff.ly/19Skj55 "}]