[{"index":"342191573808857088","data":"Marketing web online: consejos antes de empezar con tu blog http://bit.ly/ZsxNm3 "},{"index":"341458110126366720","data":"Mejora tu marketing web online monitorizando a la competencia http://bit.ly/1aUqINe "},{"index":"353477200093270016","data":"Amb els meus genials amics 2.0 #tapatuit (@ Can Margarit w/ @raquelhdezm) http://4sq.com/17VisNu "},{"index":"352012564860903425","data":"Marketing web online: ¿por qué tu blog no es viral? http://ow.ly/mzCen  via @empresas2cero"},{"index":"345093463383101441","data":"Los #hashtags llegan a Facebook vía @TreceBits http://ow.ly/lZgyV "},{"index":"354166555568898049","data":"En #Networking Barcelona Business Club entre emprendedores geniales :) (@ H10 Universitat - @h10_hotels) http://4sq.com/12S89sc "},{"index":"354545517100937216","data":"@CowMaresme @GoodCoworking @Lamardeharmo Graciassss. Buenos dias :-)"},{"index":"354999880097337345","data":"\"@XaviLDP: @yvonic55 lluitarà al #SmDeathMatch a #Barcelona amb experts del #SocialMedia i #XarxesSocials: http://ow.ly/mLT9z  #BCN\""},{"index":"354511783916089344","data":"90% Of Customers Will Recommend Brands After Social Media Interactions http://read.bi/12RRG30 "},{"index":"358126785915256832","data":"#FF @andresch13 @mauriciopriego @yvonic55 @xianinastur @eliana_duque @florent_santos @SabinaMatrod @andschou @Jorge_Iturria JUST the best!"},{"index":"362538958938320896","data":"¡ Bucle Marketing Online está disponible! http://paper.li/BucleMKT/1338846994 … ▸ Historias del día por @yvonic55 @FernandoMrtnz9 @erasmocheckin"},{"index":"367319151549116416","data":"En #mojito2punto0time con @barnalola :) (@ Chiringuito Carita Morena w/ 2 others) http://4sq.com/13W4Gdy "},{"index":"359983323273105411","data":"hey!  @yvonic55 que tal va la semana? gracias por  el RT!"},{"index":"372668180944003072","data":"Facebook averages 699 million daily active users http://wp.me/p1vfs3-2GK  (via @craigpsmith) #SMStat"},{"index":"372994384049889280","data":"Buenos días! Muchas gracias por los #RT @BelenArcones @elLadopositiv0 @aybar_arias @fffjjj77 @Pitacol @talixsheqem @yvonic55 A triunfar!"},{"index":"375563983983747072","data":"Campaña marketing online: ¿te ignoran en #Facebook?: http://ow.ly/oA2fd  #SocialMedia"},{"index":"376359059768635392","data":"I'm at Fàbrica @MoritzBarcelona (Barcelona) w/ 4 others http://4sq.com/19tMBUc "},{"index":"374818600089313280","data":"Gracias por difundir @rmmorenab @LinkedInComeIn @CubikWeb @yvonic55 @ocampos_jo @solethibaud @d_fresneda @marketweetings @almarneg"},{"index":"377343350720196608","data":"TweetBeep la plataforma de alertas para Twitter @socialetic http://ow.ly/oIXwi "},{"index":"380987786469203969","data":"Marketing web online: ¿nuevos anuncios en Facebook? http://lnkd.in/bcFp3rt "},{"index":"379505019982069760","data":"\"La largura de nuestra vida no depende de nosotros, pero sí es cosa nuestra su anchura, altura y profundidad\" ¡Feliz inicio de semana!"},{"index":"383144488262070272","data":"I Have a Linkedin Profile… Now What? [Infographic] | The Savvy Intern by YouTern http://www.youtern.com/thesavvyintern/index.php/2013/09/18/i-have-a-linkedin-profile-now-what-infographic/ … vía @youtern"},{"index":"379583907265781760","data":"Gracias por las menciones y RT @MartinDonderis  @pmanero @marketweetings @yvonic55 @oscarlugupell @ddelriogarcia @DANIELALICANTE !!!"},{"index":"383524278505046016","data":"En el evento Wake up #rrssretail (@ Mobile World Centre - @mw_centre w/ @enricalicarte @seniormanager @vmdeluxe) http://4sq.com/197dSJH "},{"index":"387879307336359936","data":"Latest Social Media facts, figures and statistics 2013 - Digital Insights http://blog.digitalinsights.in/social-media-facts-and-statistics-2013/0560387.html … vía @allinsights"},{"index":"383518899574435840","data":"\"El principe es twitter\" con Fatima Martinez #rrssretail"},{"index":"389712247544877056","data":"@rrubio_s @SocialSlang @ma_martin @yvonic55 @XD_brands @MASMarketingSEO Muchas gracias por la difusión! Buen comienzo de semana :)"},{"index":"390507671662911488","data":"Gracias x el follow!! @kivicomlive @rucegil @yvonic55 @GetSomeInk @JoseManuelR @ErMachette @miguelromannet Estamos en contacto ;)"},{"index":"395933119812886528","data":"Tools to Create the Right Recipe for Your Content Marketing Plan http://contentmarketinginstitute.com/2013/10/kraft-content-marketing/ … vía @CMIContent"},{"index":"391185245787422720","data":"Gracies. Soon girls! :) @emma_gine: #FF per a les #SocialMedia Girls @yvonic55 @barnalola Bon cap de setmana! Espero #afterwork aviat :-)\""},{"index":"398355791318884352","data":"Buenos días!! @ideasVodafone @IdentificadoCon @mcmarcos @grupoeventoplus @yvonic55 @YumanyiEventos @GerardXifraPuig @kivicomlive @wonference"},{"index":"403244139208540160","data":"A punto de empezar el musical \"the hole\". (@ Teatre Coliseum for We're the Millers w/ 5 others) http://4sq.com/1dZuJCV "},{"index":"403441400282226688","data":"Five free blog post templates - http://hub.am/16Smb1v  Just fill in the blank! #blogtemplates"},{"index":"403812048314060800","data":"CatAcademy, aprendiendo idiomas con fotos de gatos http://ow.ly/r1GUE  en @wwwhatsnew"},{"index":"406108332907565058","data":"En evento Lyoness (@ Zenit Borrell Hotel Barcelona) http://4sq.com/1a9igbR "},{"index":"415056708768399360","data":"36 Content Marketing Ideas from 2013 http://contentmarketinginstitute.com/2013/12/content-marketing-ideas-2013/ … vía @CMIContent"},{"index":"406195171962146817","data":"Disfrutando con Anna de Codorniu en #ShoppingNight (@ The Shopping Night Barcelona 2012 - @tsnb2012) [pic]: http://4sq.com/1b28lsa "},{"index":"421554244341473280","data":"@JesusAnFor @yvonic55 @mariano_twomtv @Cinperezaguero @3LightsFilms @on_translation @MarianaEguaras Gracias por la difusión y feliz viernes!"},{"index":"424090092467421184","data":"Facebook comienza con el lanzamiento de sus Trending Topics http://wwwhatsnew.com/2014/01/16/facebook-comienza-con-el-lanzamiento-de-sus-trending-topics/ … via @wwwhatsnew"},{"index":"341458110126366720","data":"Mejora tu marketing web online monitorizando a la competencia http://bit.ly/1aUqINe "},{"index":"342191573808857088","data":"Marketing web online: consejos antes de empezar con tu blog http://bit.ly/ZsxNm3 "},{"index":"352012564860903425","data":"Marketing web online: ¿por qué tu blog no es viral? http://ow.ly/mzCen  via @empresas2cero"},{"index":"345093463383101441","data":"Los #hashtags llegan a Facebook vía @TreceBits http://ow.ly/lZgyV "},{"index":"354511783916089344","data":"90% Of Customers Will Recommend Brands After Social Media Interactions http://read.bi/12RRG30 "},{"index":"353477200093270016","data":"Amb els meus genials amics 2.0 #tapatuit (@ Can Margarit w/ @raquelhdezm) http://4sq.com/17VisNu "},{"index":"354166555568898049","data":"En #Networking Barcelona Business Club entre emprendedores geniales :) (@ H10 Universitat - @h10_hotels) http://4sq.com/12S89sc "},{"index":"354545517100937216","data":"@CowMaresme @GoodCoworking @Lamardeharmo Graciassss. Buenos dias :-)"},{"index":"358126785915256832","data":"#FF @andresch13 @mauriciopriego @yvonic55 @xianinastur @eliana_duque @florent_santos @SabinaMatrod @andschou @Jorge_Iturria JUST the best!"},{"index":"359983323273105411","data":"hey!  @yvonic55 que tal va la semana? gracias por  el RT!"},{"index":"362538958938320896","data":"¡ Bucle Marketing Online está disponible! http://paper.li/BucleMKT/1338846994 … ▸ Historias del día por @yvonic55 @FernandoMrtnz9 @erasmocheckin"},{"index":"354999880097337345","data":"\"@XaviLDP: @yvonic55 lluitarà al #SmDeathMatch a #Barcelona amb experts del #SocialMedia i #XarxesSocials: http://ow.ly/mLT9z  #BCN\""},{"index":"367319151549116416","data":"En #mojito2punto0time con @barnalola :) (@ Chiringuito Carita Morena w/ 2 others) http://4sq.com/13W4Gdy "},{"index":"374818600089313280","data":"Gracias por difundir @rmmorenab @LinkedInComeIn @CubikWeb @yvonic55 @ocampos_jo @solethibaud @d_fresneda @marketweetings @almarneg"},{"index":"372994384049889280","data":"Buenos días! Muchas gracias por los #RT @BelenArcones @elLadopositiv0 @aybar_arias @fffjjj77 @Pitacol @talixsheqem @yvonic55 A triunfar!"},{"index":"376359059768635392","data":"I'm at Fàbrica @MoritzBarcelona (Barcelona) w/ 4 others http://4sq.com/19tMBUc "},{"index":"375563983983747072","data":"Campaña marketing online: ¿te ignoran en #Facebook?: http://ow.ly/oA2fd  #SocialMedia"},{"index":"377343350720196608","data":"TweetBeep la plataforma de alertas para Twitter @socialetic http://ow.ly/oIXwi "},{"index":"372668180944003072","data":"Facebook averages 699 million daily active users http://wp.me/p1vfs3-2GK  (via @craigpsmith) #SMStat"},{"index":"379505019982069760","data":"\"La largura de nuestra vida no depende de nosotros, pero sí es cosa nuestra su anchura, altura y profundidad\" ¡Feliz inicio de semana!"},{"index":"379583907265781760","data":"Gracias por las menciones y RT @MartinDonderis  @pmanero @marketweetings @yvonic55 @oscarlugupell @ddelriogarcia @DANIELALICANTE !!!"},{"index":"383144488262070272","data":"I Have a Linkedin Profile… Now What? [Infographic] | The Savvy Intern by YouTern http://www.youtern.com/thesavvyintern/index.php/2013/09/18/i-have-a-linkedin-profile-now-what-infographic/ … vía @youtern"},{"index":"380987786469203969","data":"Marketing web online: ¿nuevos anuncios en Facebook? http://lnkd.in/bcFp3rt "},{"index":"383518899574435840","data":"\"El principe es twitter\" con Fatima Martinez #rrssretail"},{"index":"383524278505046016","data":"En el evento Wake up #rrssretail (@ Mobile World Centre - @mw_centre w/ @enricalicarte @seniormanager @vmdeluxe) http://4sq.com/197dSJH "},{"index":"389712247544877056","data":"@rrubio_s @SocialSlang @ma_martin @yvonic55 @XD_brands @MASMarketingSEO Muchas gracias por la difusión! Buen comienzo de semana :)"},{"index":"395933119812886528","data":"Tools to Create the Right Recipe for Your Content Marketing Plan http://contentmarketinginstitute.com/2013/10/kraft-content-marketing/ … vía @CMIContent"},{"index":"390507671662911488","data":"Gracias x el follow!! @kivicomlive @rucegil @yvonic55 @GetSomeInk @JoseManuelR @ErMachette @miguelromannet Estamos en contacto ;)"},{"index":"398355791318884352","data":"Buenos días!! @ideasVodafone @IdentificadoCon @mcmarcos @grupoeventoplus @yvonic55 @YumanyiEventos @GerardXifraPuig @kivicomlive @wonference"},{"index":"387879307336359936","data":"Latest Social Media facts, figures and statistics 2013 - Digital Insights http://blog.digitalinsights.in/social-media-facts-and-statistics-2013/0560387.html … vía @allinsights"},{"index":"391185245787422720","data":"Gracies. Soon girls! :) @emma_gine: #FF per a les #SocialMedia Girls @yvonic55 @barnalola Bon cap de setmana! Espero #afterwork aviat :-)\""},{"index":"403244139208540160","data":"A punto de empezar el musical \"the hole\". (@ Teatre Coliseum for We're the Millers w/ 5 others) http://4sq.com/1dZuJCV "},{"index":"403812048314060800","data":"CatAcademy, aprendiendo idiomas con fotos de gatos http://ow.ly/r1GUE  en @wwwhatsnew"},{"index":"403441400282226688","data":"Five free blog post templates - http://hub.am/16Smb1v  Just fill in the blank! #blogtemplates"},{"index":"406108332907565058","data":"En evento Lyoness (@ Zenit Borrell Hotel Barcelona) http://4sq.com/1a9igbR "},{"index":"406195171962146817","data":"Disfrutando con Anna de Codorniu en #ShoppingNight (@ The Shopping Night Barcelona 2012 - @tsnb2012) [pic]: http://4sq.com/1b28lsa "},{"index":"415056708768399360","data":"36 Content Marketing Ideas from 2013 http://contentmarketinginstitute.com/2013/12/content-marketing-ideas-2013/ … vía @CMIContent"},{"index":"421554244341473280","data":"@JesusAnFor @yvonic55 @mariano_twomtv @Cinperezaguero @3LightsFilms @on_translation @MarianaEguaras Gracias por la difusión y feliz viernes!"},{"index":"424090092467421184","data":"Facebook comienza con el lanzamiento de sus Trending Topics http://wwwhatsnew.com/2014/01/16/facebook-comienza-con-el-lanzamiento-de-sus-trending-topics/ … via @wwwhatsnew"}]