[{"index":"347683837821730817","data":"And everyone of you are hear and now, e v e r y o n e!"},{"index":"347696308833902593","data":"@hectorpersonal Mira el post de @kinlane http://apievangelist.com/2013/06/19/connect-with-linguistics-api-apicultur-while-they-are-in-san-francisco/ … It's great! Thanks Kin!"},{"index":"344418323095777280","data":"Resultados del Hackathon de #APIdays Get the right date, near you, with LoveHere! - http://kcy.me/megh "},{"index":"347495180569550848","data":"Connect With Linguistics API Apicultur While They Are In San Francisco http://www.apievangelist.com/2013/06/19/connect-with-linguistics-api-apicultur-while-they-are-in-san-francisco/index.php … via @kinlane"},{"index":"342962808129994752","data":".@mtascon en proyect everywhere… http://twitpic.com/cvrvtt "},{"index":"347697985485950976","data":"@hectorpersonal Gracias!"},{"index":"348517769924472832","data":"great talk of @njyx at #apidaysSF \"The API world will change things as web change the world\""},{"index":"348555069127553024","data":"#ApidaysSF abstract http://twitpic.com/cymqdl  ;-)"},{"index":"347704564700573697","data":"@ratavam ese perfil mola!!! A ver cuanto te vienes a saludarnos por el molino!"},{"index":"349975264106782720","data":"Great success with the T-shirts of @mashery at @apicultur. @lirondos and @gloria_gmgr are the fortunate ones. Thanks @mansillaDEV!"},{"index":"350345637113503745","data":"Build friends, I’m back in town tonight. Where is everyone hanging out?"},{"index":"350346036323160064","data":"Build friends, I’m back in town tonight. Where is everyone hanging out?"},{"index":"354647338070966272","data":"Google Alerts RSS delivery is temporarily not available. To keep receiving Google Alerts in the meantime, you c..."},{"index":"352878203158798337","data":"Are you a life-long learner? #ThoughtLeadership #Business #Mktg http://thoughtleadershipleverage.com/2011/08/what-do-all-thought-leaders-have-in-common/ …"},{"index":"351990199661764608","data":"Google Alerts no longer supports RSS delivery: Google Reader is no longer available. To continue receiving Goog..."},{"index":"358463334128959488","data":"@mamund RT @mamund: Boarding first leg of CVG-IAH-LAX-SYD one hour late. The adventure begins! #mcaInAU //-> Good Luck!"},{"index":"361016578118135809","data":"RT @lirondos: Today, we have tought how to build an app using @apperyio and @APICultur  at the @euskalencounter in Bilbao #ee21 cc @ebaste"},{"index":"358299745023827969","data":"@mamund RT @mamund: Boarding first leg of CVG-IAH-LAX-SYD one hour late. The adventure begins! #mcaInAU //-> Good Luck!"},{"index":"365449493413511169","data":"RT @steveklabnik: @lirondos @ebaste style, mostly. Academics tend to use 'thought' Thanks Steve!"},{"index":"365450079936589825","data":"RT @steveklabnik: @lirondos @ebaste style, mostly. Academics tend to use 'thought' Thanks Steve!"},{"index":"365482485141880834","data":"Question for English speakers: what's the difference between \"thought\" and \"thinking\" (as nouns as in \"my thoughts\", \"my thinking\")? @ebaste"},{"index":"380984885030420480","data":"@github when transferring a repo to another account, does the repo keep its watch/star count?"},{"index":"380988402369568768","data":"@github when transferring a repo to another account, does the repo keep its watch/star count?"},{"index":"380989649743007744","data":"enjoying the knowledge videos of @andreineculau http://vimeo.com/couchmode/album/2007694/sort:preset/45768258 …"},{"index":"368012473850683392","data":"How to Edit a Dictionary -- I disagree with the premise. Why toss out words? Dumb legacy of print. http://www.theatlantic.com/magazine/archive/2013/09/when-good-words-go-bad/309426/ …"},{"index":"380654221731053568","data":"¿Quieres entrenarte un día como un policía? Los 6 mejores tuits (frase o con imágenes) con el tema (y hashtag!) #Stopciberacoso lo harán"},{"index":"380995284316467200","data":"“@ebaste: enjoying the knowledge videos of @andreineculau http://vimeo.com/couchmode/album/2007694/sort:preset/45768258 …” #nordicapis"},{"index":"380996238680002560","data":"“@ebaste: enjoying the knowledge videos of @andreineculau http://vimeo.com/couchmode/album/2007694/sort:preset/45768258 …” #nordicapis"},{"index":"380995454760407040","data":"“@ebaste: enjoying the knowledge videos of @andreineculau http://vimeo.com/couchmode/album/2007694/sort:preset/45768258 …” #nordicapis"},{"index":"380996485196029952","data":"“@ebaste: enjoying the knowledge videos of @andreineculau http://vimeo.com/couchmode/album/2007694/sort:preset/45768258 …” #nordicapis"},{"index":"380997759060672512","data":"“@ebaste: enjoying the knowledge videos of @andreineculau http://vimeo.com/couchmode/album/2007694/sort:preset/45768258 …” #nordicapis"},{"index":"381004322576011264","data":"@medjawii @ebaste @guillaumebalas follow-up: http://apextwo.com/b2b-vs-b2c-marketing-difference-why-it-matters/ … :)"},{"index":"382881192770797568","data":"RT @bpedro: @andreehuk I already got my ticket for $10 :) /cc @ebaste @veronicatorras Thanks Bruno!"},{"index":"391091856169517056","data":"Solaiemes Blog: Understanding the RCS network REST API potential in just 4 minutes. - http://kcy.me/trob "},{"index":"386602946395656192","data":"RT @_amoenus: Ayer vi un bar que ofrecía \"roofbeef\". Dudo entre la errata o la alta (altísima) cocina. ->Es la parte alta de la vaca..."},{"index":"386602871980306432","data":"RT @_amoenus: Ayer vi un bar que ofrecía \"roofbeef\". Dudo entre la errata o la alta (altísima) cocina. ->Es la parte alta de la vaca..."},{"index":"393001204252303360","data":"The slide deck from my #html5devconf session \"Building collaborative HTML5 apps using a backend-as-a-service\" is up http://slidesha.re/16s29uI "},{"index":"393035848012148736","data":"The slide deck from my #html5devconf session \"Building collaborative HTML5 apps using a backend-as-a-service\" is up http://slidesha.re/16s29uI "},{"index":"400623053778194432","data":"eat your own dog food #BAPI2013 cc @CaleroValentin"},{"index":"408151114442637312","data":"enjoying the @mamud talk at #apidays we are creating the future, 100 years in mind"},{"index":"400924536998068224","data":"Nice talk on #BAPI2013 Yesterday @paullyoung Thinking on it"},{"index":"400621329613094912","data":"The spanish API team at #BAPI2013 @sergio_alcalde @dcerecedo and @ebaste !. Next time we need more players here!"},{"index":"396982916103680002","data":"Magnífica y emocionante (eso para mi) videoclip grabado en la que fue mi casa durante 2 años.Gracias!  @thelittleClip http://www.youtube.com/watch?v=_i7QxMitjgM …"},{"index":"408151892548939777","data":"enjoying the @mamud talk at #apidays The human people is the cause of the success of the telephone!"},{"index":"408152005669302272","data":"enjoying the @mamud talk at #apidays viendo el primer ordenador de internet..."},{"index":"408155511671246848","data":"enjoying the @mamud talk at #apidays the greatest innovations are seen as magic"},{"index":"408151318231261184","data":"enjoying the @mamud talk at #apidays The telephone is wonderful, but who'll need it? A former US president predicts..."},{"index":"408152903606874112","data":"enjoying the @mamud talk at #apidays the automaton chess player 100 years before computers!!!"},{"index":"414528512985673729","data":"[ #CS ] \"Removing Left Recursion from Context-Free Grammars\" R.Moore http://citeseerx.ist.psu.edu/viewdoc/summary;jsessionid=CC4555BDF536CECF36EB7749372F2C7A?doi=10.1.1.19.8928 … (2000)"},{"index":"414532465450287104","data":"[ #Haskell ] \"Natural Language Processing for the Working Programmer\" D.Kok - H.Brouwer http://nlpwp.org/book  (2011)"},{"index":"414536352961921024","data":"Mis últimos twitts de PLN or NLP para los english speakers han sido gentileza de @joseanpg Gracias, monster!"},{"index":"415032853005877248","data":"Paradojas monetarias - Who Owns the World's Biggest Bitcoin Wallet? The FBI |- http://kcy.me/wr4h "},{"index":"414729403844026369","data":"Uniendo freebase y google maps - Google Developers - http://kcy.me/wqgs "},{"index":"342962808129994752","data":".@mtascon en proyect everywhere… http://twitpic.com/cvrvtt "},{"index":"344418323095777280","data":"Resultados del Hackathon de #APIdays Get the right date, near you, with LoveHere! - http://kcy.me/megh "},{"index":"416259068550856704","data":"Open letter for the Knowledge workers FLOK - Ecuador - Multilingual version  - http://kcy.me/wuie  cc @steveklabnik @kinlane @medjawii"},{"index":"347683837821730817","data":"And everyone of you are hear and now, e v e r y o n e!"},{"index":"347495180569550848","data":"Connect With Linguistics API Apicultur While They Are In San Francisco http://www.apievangelist.com/2013/06/19/connect-with-linguistics-api-apicultur-while-they-are-in-san-francisco/index.php … via @kinlane"},{"index":"414849887294197761","data":"Me ha encantado Rt@ebaste: ‘Palabras moribundas’ que quizá no oigas nunca más - http://kcy.me/wqfn  disfrutando de @YorokobuMag"},{"index":"347696308833902593","data":"@hectorpersonal Mira el post de @kinlane http://apievangelist.com/2013/06/19/connect-with-linguistics-api-apicultur-while-they-are-in-san-francisco/ … It's great! Thanks Kin!"},{"index":"347697985485950976","data":"@hectorpersonal Gracias!"},{"index":"348555069127553024","data":"#ApidaysSF abstract http://twitpic.com/cymqdl  ;-)"},{"index":"349975264106782720","data":"Great success with the T-shirts of @mashery at @apicultur. @lirondos and @gloria_gmgr are the fortunate ones. Thanks @mansillaDEV!"},{"index":"347704564700573697","data":"@ratavam ese perfil mola!!! A ver cuanto te vienes a saludarnos por el molino!"},{"index":"348517769924472832","data":"great talk of @njyx at #apidaysSF \"The API world will change things as web change the world\""},{"index":"350345637113503745","data":"Build friends, I’m back in town tonight. Where is everyone hanging out?"},{"index":"350346036323160064","data":"Build friends, I’m back in town tonight. Where is everyone hanging out?"},{"index":"352878203158798337","data":"Are you a life-long learner? #ThoughtLeadership #Business #Mktg http://thoughtleadershipleverage.com/2011/08/what-do-all-thought-leaders-have-in-common/ …"},{"index":"354647338070966272","data":"Google Alerts RSS delivery is temporarily not available. To keep receiving Google Alerts in the meantime, you c..."},{"index":"358299745023827969","data":"@mamund RT @mamund: Boarding first leg of CVG-IAH-LAX-SYD one hour late. The adventure begins! #mcaInAU //-> Good Luck!"},{"index":"351990199661764608","data":"Google Alerts no longer supports RSS delivery: Google Reader is no longer available. To continue receiving Goog..."},{"index":"361016578118135809","data":"RT @lirondos: Today, we have tought how to build an app using @apperyio and @APICultur  at the @euskalencounter in Bilbao #ee21 cc @ebaste"},{"index":"365450079936589825","data":"RT @steveklabnik: @lirondos @ebaste style, mostly. Academics tend to use 'thought' Thanks Steve!"},{"index":"358463334128959488","data":"@mamund RT @mamund: Boarding first leg of CVG-IAH-LAX-SYD one hour late. The adventure begins! #mcaInAU //-> Good Luck!"},{"index":"365449493413511169","data":"RT @steveklabnik: @lirondos @ebaste style, mostly. Academics tend to use 'thought' Thanks Steve!"},{"index":"365482485141880834","data":"Question for English speakers: what's the difference between \"thought\" and \"thinking\" (as nouns as in \"my thoughts\", \"my thinking\")? @ebaste"},{"index":"368012473850683392","data":"How to Edit a Dictionary -- I disagree with the premise. Why toss out words? Dumb legacy of print. http://www.theatlantic.com/magazine/archive/2013/09/when-good-words-go-bad/309426/ …"},{"index":"380654221731053568","data":"¿Quieres entrenarte un día como un policía? Los 6 mejores tuits (frase o con imágenes) con el tema (y hashtag!) #Stopciberacoso lo harán"},{"index":"380984885030420480","data":"@github when transferring a repo to another account, does the repo keep its watch/star count?"},{"index":"380988402369568768","data":"@github when transferring a repo to another account, does the repo keep its watch/star count?"},{"index":"380989649743007744","data":"enjoying the knowledge videos of @andreineculau http://vimeo.com/couchmode/album/2007694/sort:preset/45768258 …"},{"index":"380995454760407040","data":"“@ebaste: enjoying the knowledge videos of @andreineculau http://vimeo.com/couchmode/album/2007694/sort:preset/45768258 …” #nordicapis"},{"index":"380995284316467200","data":"“@ebaste: enjoying the knowledge videos of @andreineculau http://vimeo.com/couchmode/album/2007694/sort:preset/45768258 …” #nordicapis"},{"index":"380996238680002560","data":"“@ebaste: enjoying the knowledge videos of @andreineculau http://vimeo.com/couchmode/album/2007694/sort:preset/45768258 …” #nordicapis"},{"index":"381004322576011264","data":"@medjawii @ebaste @guillaumebalas follow-up: http://apextwo.com/b2b-vs-b2c-marketing-difference-why-it-matters/ … :)"},{"index":"386602871980306432","data":"RT @_amoenus: Ayer vi un bar que ofrecía \"roofbeef\". Dudo entre la errata o la alta (altísima) cocina. ->Es la parte alta de la vaca..."},{"index":"380996485196029952","data":"“@ebaste: enjoying the knowledge videos of @andreineculau http://vimeo.com/couchmode/album/2007694/sort:preset/45768258 …” #nordicapis"},{"index":"380997759060672512","data":"“@ebaste: enjoying the knowledge videos of @andreineculau http://vimeo.com/couchmode/album/2007694/sort:preset/45768258 …” #nordicapis"},{"index":"386602946395656192","data":"RT @_amoenus: Ayer vi un bar que ofrecía \"roofbeef\". Dudo entre la errata o la alta (altísima) cocina. ->Es la parte alta de la vaca..."},{"index":"382881192770797568","data":"RT @bpedro: @andreehuk I already got my ticket for $10 :) /cc @ebaste @veronicatorras Thanks Bruno!"},{"index":"391091856169517056","data":"Solaiemes Blog: Understanding the RCS network REST API potential in just 4 minutes. - http://kcy.me/trob "},{"index":"393035848012148736","data":"The slide deck from my #html5devconf session \"Building collaborative HTML5 apps using a backend-as-a-service\" is up http://slidesha.re/16s29uI "},{"index":"393001204252303360","data":"The slide deck from my #html5devconf session \"Building collaborative HTML5 apps using a backend-as-a-service\" is up http://slidesha.re/16s29uI "},{"index":"400623053778194432","data":"eat your own dog food #BAPI2013 cc @CaleroValentin"},{"index":"400621329613094912","data":"The spanish API team at #BAPI2013 @sergio_alcalde @dcerecedo and @ebaste !. Next time we need more players here!"},{"index":"400924536998068224","data":"Nice talk on #BAPI2013 Yesterday @paullyoung Thinking on it"},{"index":"408151114442637312","data":"enjoying the @mamud talk at #apidays we are creating the future, 100 years in mind"},{"index":"396982916103680002","data":"Magnífica y emocionante (eso para mi) videoclip grabado en la que fue mi casa durante 2 años.Gracias!  @thelittleClip http://www.youtube.com/watch?v=_i7QxMitjgM …"},{"index":"408151892548939777","data":"enjoying the @mamud talk at #apidays The human people is the cause of the success of the telephone!"},{"index":"408151318231261184","data":"enjoying the @mamud talk at #apidays The telephone is wonderful, but who'll need it? A former US president predicts..."},{"index":"408152005669302272","data":"enjoying the @mamud talk at #apidays viendo el primer ordenador de internet..."},{"index":"408152903606874112","data":"enjoying the @mamud talk at #apidays the automaton chess player 100 years before computers!!!"},{"index":"408155511671246848","data":"enjoying the @mamud talk at #apidays the greatest innovations are seen as magic"},{"index":"414536352961921024","data":"Mis últimos twitts de PLN or NLP para los english speakers han sido gentileza de @joseanpg Gracias, monster!"},{"index":"414849887294197761","data":"Me ha encantado Rt@ebaste: ‘Palabras moribundas’ que quizá no oigas nunca más - http://kcy.me/wqfn  disfrutando de @YorokobuMag"},{"index":"414729403844026369","data":"Uniendo freebase y google maps - Google Developers - http://kcy.me/wqgs "},{"index":"414528512985673729","data":"[ #CS ] \"Removing Left Recursion from Context-Free Grammars\" R.Moore http://citeseerx.ist.psu.edu/viewdoc/summary;jsessionid=CC4555BDF536CECF36EB7749372F2C7A?doi=10.1.1.19.8928 … (2000)"},{"index":"414532465450287104","data":"[ #Haskell ] \"Natural Language Processing for the Working Programmer\" D.Kok - H.Brouwer http://nlpwp.org/book  (2011)"},{"index":"415032853005877248","data":"Paradojas monetarias - Who Owns the World's Biggest Bitcoin Wallet? The FBI |- http://kcy.me/wr4h "},{"index":"416259068550856704","data":"Open letter for the Knowledge workers FLOK - Ecuador - Multilingual version  - http://kcy.me/wuie  cc @steveklabnik @kinlane @medjawii"}]