[{"index":"106856244928724992","data":"Google let user change name of Libya's Green Square to Martyr's Square http://bit.ly/nq15lj  . Should search engines make such judgments?"},{"index":"104692596265336832","data":"With HP pulling out,are we in a post-PC world? TV's \"dead\" but ad sales up10%. PC not dead...just needs a reboot  http://online.wsj.com/article/SB10001424053111903596904576518551201701010.html …"},{"index":"103602686003392514","data":"Does consumer’s behavior online change if they know they are being tracked? http://www.emarketer.com/Article.aspx?R=1008542 …\n "},{"index":"104688729658097664","data":"The Importance of Face (Book) Time: http://bit.ly/oUQaOR  via @AddThis"},{"index":"107091657517838337","data":"A Digital Innovator Bows Out (No, Not That One): http://bit.ly/pSYHRW  via @AddThis"},{"index":"101800995482382337","data":"Santa…can the digital economy save us?: http://bit.ly/p9V8fA  via @AddThis"},{"index":"108918482669801473","data":"Digital media to capture 70% of small business ad dollars by 2015 http://www.biakelsey.com/Company/Press-Releases/110830-Digital-Advertising,-Performance-and-Retention-Solutions-Will-Be-70-Percent-of-SMB-Marketing-Budgets-by-2015.asp …. Evidence of ad evolution from mass to targeted."},{"index":"109644508710449153","data":"No jobs added in July. Holiday sales season looming. Time for new ideas on how to engage consumers in the digital environment."},{"index":"108401950898388992","data":"65% of online adults use social networks http://pewrsr.ch/rofCjN  ...75% of marketers still trying to figure out how to take advantage of that."},{"index":"109670686666141696","data":"“What’s That Screen In Your Living Room For?”: http://bit.ly/qfdpjk  via @AddThis"},{"index":"111947512516063232","data":"The Great Divide – From Mobile To Portable: http://bit.ly/nCWrfN  via @AddThis"},{"index":"113316398142459904","data":"Niche sites grow http://www.nytimes.com/2011/09/12/business/media/news-consumption-tilts-toward-niche-sites.html?_r=1&ref=media …; P&G moves ads from mass media http://www.mediapost.com/publications/?fa=Articles.showArticle&art_aid=158292 … - \"tribalization\" of audiences continues"},{"index":"114542233109274624","data":"Is the flickering blue light from televison fading?: http://bit.ly/ng56Wz  via @AddThis"},{"index":"111101141353369600","data":"Mobile. Search. DOOH. Much new in advertising, but TV still rules. It's 9/6, but 2012 Super Bowl is almost sold out. http://www.usatoday.com/money/advertising/story/2011-09-06/Super-Bowl-ads-almost-sold-out-Only-5-slots-remain/50266272/1 …"},{"index":"116288917891858432","data":"With Facebook launching cloud-based content sharing http://www.pcmag.com/article2/0,2817,2393203,00.asp …, everyone can become their own \"media platform\""},{"index":"11786993425","data":"Is It Time To Reboot Board of Director Recruiting?: http://www.rebootpartners.com/"},{"index":"117030785936138240","data":"Far From Over–Golden Age of Digital Coupons Just Begun http://bit.ly/oYYNeI  via @AddThis"},{"index":"118730074072686594","data":"16% of all online time is spent on Facebook http://blogs.wsj.com/marketbeat/2011/09/26/facebook-sucks-up-a-ridiculously-huge-and-growing-share-of-our-time-wasted-online/ …. No wonder they want to turn users into de facto content portals."},{"index":"1186105399","data":"I chaired digital media conference and now speaking at neuro marketing conference with starcom, milward brown and universal mccann"},{"index":"118757311870271490","data":"The Future of the Daily Deal Industry http://bit.ly/nXFBof "},{"index":"1223531678","data":"I'm participating in the Omniture Conference in Salt Lake City...Sir Martin's keynote (although via remote live video) is going very well!"},{"index":"121363618242641920","data":"Mobile revenues forecast to rise http://www.emarketer.com/Article.aspx?R=1008622 …. Will they meet expectations?. Time to reconsider ad model being used here."},{"index":"119864919951810562","data":"Move Over Mobile Media, Here Comes “Portable” Media http://bit.ly/qNygk6  via @AddThis"},{"index":"122457827829760000","data":"After all the coverage, it strikes me that what Steve Jobs really created was permission for us to shed a risk-averse culture"},{"index":"123942800105545728","data":"Chicagoland Entrepreneurial Center honors city's startup scene | Business Of Life | Crain's Chicago Business http://www.chicagobusiness.com/article/20111001/ISSUE03/310019979/chicagoland-entrepreneurial-center-honors-citys-startup-scene …"},{"index":"124226125529497600","data":"iPhone 4S is stealing headlines, but iCloud http://www.businessweek.com/news/2011-10-12/apple-using-icloud-to-lock-in-users-after-online-misfires-tech.html … has the real potential to transform mobile media usage (if it works)"},{"index":"122775084921401344","data":"Will The Most Valuable Company Be The Most Innovative? http://bit.ly/p9wk73  via @AddThis"},{"index":"1261491562","data":"wrapping up a successful week in London, headed back to the states for the AAAA conference in New Orleans, say hi to Steve jobs for me!"},{"index":"125253718273835008","data":"TEDx Midwest and the Next Gen of Innovators and Commerce http://bit.ly/r97tX1  via @AddThis"},{"index":"127920635908337664","data":"Coupon, Keeping on. http://bit.ly/pwuZss  via @AddThis"},{"index":"126416749833879552","data":"Coupons are vital to consumer engagement. Why? 93% of US counties lost income in past decade (Census). Delivering value is marketing."},{"index":"129239259356999680","data":"Is the future of media mobile? 50% under 8 have access to mobile media (http://adage.com/article/adagestat/statistics-children-s-media-habits-show-tv-king/230623/?utm_source=stat_email&utm_medium=newsletter&utm_campaign=adage …).  For them, the wire has forever been cut."},{"index":"130729608940240896","data":"“Sold” On Social Media...or are we?  http://bit.ly/rRVOfR  via @AddThis"},{"index":"131466073076809728","data":"UMass study - Fortune 500 social media use has plateaued (http://www.umassd.edu/cmr/studiesandresearch/2011fortune500/ …). Time to re-think this as a marketing platform."},{"index":"132311679806603264","data":"UMass study - Fortune 500 social media use has plateaued (http://umassd.edu/cmr/studiesand …). Time to reboot this as a marketing platform."},{"index":"134056004475297795","data":"Some thoughts on the future of the coupon, today on http://innovationexcellence.com  (http://www.innovationexcellence.com/blog/2011/11/07/coupon-keeping-on/ …)"},{"index":"136562455705952256","data":"Gartner says there will be 7.4 billion mobile connections by 2015.  The estimated total global population by then? 7.2 billion."},{"index":"137268015736692736","data":"From Mobile To Mainstream  http://bit.ly/tqdOtc  via @AddThis"},{"index":"134994224356663297","data":"DIY TV: Select Your Commercials–Innovative or Missing The Point?  http://bit.ly/spTa61  via @AddThis"},{"index":"14052290055","data":"I'm attending KIN Global 2010: http://kinglobal.org. You may want to join this Northwestern/Kellogg community: http://kinian.kinglobal.org"},{"index":"139021703220174848","data":"The Cord Has Been Cut�Time For Mobile Innovation http://lnkd.in/92wT5S "},{"index":"142374351562485760","data":"For the TV–Innovation Better Come Soon http://lnkd.in/7J5N2S "},{"index":"146722816144846848","data":"Good discussion at ILM West today as part of my presentation on how to innovate local merchant promotions (http://blog.kelseygroup.com/index.php/2011/12/13/ilm-west-local-promotions-leaders-seeks-to-absorb-leverage-deals/ …)"},{"index":"141673324269944832","data":"Google says search term \"mobile coupons\" increased 90% this year compared to last over T-Day weekend (http://www.mediapost.com/publications/article/163119/desktop-mobile-jump-on-searches-for-holiday-deals.html?edition=40721 …)."},{"index":"144170491660337152","data":"2011 mobile ad spend up 50%, driven by location targeted advertising (http://blog.kelseygroup.com/index.php/2011/12/05/biakelsey-cross-media-predictions-mobile-edition/ …). Look for mobile to come of age in 2012."},{"index":"147662247810973696","data":"Search An You Shall Find—Innovation http://lnkd.in/PKa5Si "},{"index":"14794487411","data":"I'm attending the 25yearsof.com Gala tonight in San Fran--hope to see some of you there! http://25yearsof.com/events/san-francisco/"},{"index":"149276726206279681","data":"Integration of search and social. Chrift (http://www.chrift.com/ ) searches friends' Facebook pages to come up with gift suggestions."},{"index":"151729269008117760","data":"It’s About Time (And The Innovations That Govern Its Use) http://lnkd.in/Y4dxzh "},{"index":"155375444869390337","data":"Mobile coupon redemption to best paper coupon redemption eightfold by 2016 (http://www.juniperresearch.com/viewpressrelease.php?pr=280 …)"},{"index":"156894368438034432","data":"CES attendance still strong, but smartphones accelerating demise of traditional CE categories (http://www.mediapost.com/publications/article/165403/smartphones-accelerate-demise-of-aging-ce-categori.html?edition=42063 …)"},{"index":"159749131638816770","data":"Thanks to JB, Cisco, Comcast and many others, we (the CEC) finally announced 1871 today!  http://www.chicagobusiness.com/article/20120118/NEWS08/120119785/www.1871.com …"},{"index":"152436400199958528","data":"Here is your curated Top Lists of 2011 (The Best and Worst) http://www.fastcompany.com/1801868/a-mega-meta-mash-up-of-the-best-and-worst-of-2011 …"},{"index":"159749593993719808","data":"Why Innovative Boards will be Visiting CES 2013 http://lnkd.in/EXyy_M "},{"index":"162635872905334785","data":"Will this be the Super Bowl where social media initiatives garner as much attention as TV ads? (http://mashable.com/2012/01/26/exclusive-coca-cola-polar-bears-will-watch-react-to-super-bowl-in-real-time/ …)"},{"index":"161598084936237058","data":"Don’t Suffocate The Innovation Economy http://lnkd.in/huuDSE "},{"index":"164489630345994240","data":"Pinterest has had that \"next big social media thing\" feel for a while, but now research is confirming it  - http://gigaom.com/2012/01/31/pinterest-referral-traffic-google-plus-twitter/ …"},{"index":"164136003676811265","data":"A Polar Bear and a Bird Walk Into A Bar…. http://lnkd.in/euZE8N "},{"index":"167431037490692096","data":"What’s $100 Billion Between “Friends”? http://lnkd.in/ffrFiH "},{"index":"16575314486370304","data":"School Tube - Hans Rosling's 200 Countries, 200 Years, 4 Minutes - The Joy of Stats - BBC Four http://shar.es/XwKCw "},{"index":"169785950669504512","data":"Kellogg's makes smart move, adding Pringles brand to snack food line up http://www.pehub.com/135819/kellogg-pays-2-7b-for-pringles/ …"},{"index":"170238550384713729","data":"Job Growth?  There’s an App for That! http://lnkd.in/U_yEpC "},{"index":"172465617323040768","data":"The only interactive television advertising venture is over http://www.multichannel.com/article/480844-Exclusive_Canoe_To_Shutter_Interactive_TV_Ad_Business_Lay_Off_120.php …. Is this concept done or does it just need a reboot?"},{"index":"174623025268916224","data":"Dow closes above 13K for first time since 2008; iPad 3 likely to be unveiled 3/7 - March promising to be an interesting month."},{"index":"173200526970847235","data":"Checking In Before Checking Out…Innovation http://lnkd.in/JBffWs "},{"index":"169545662550122496","data":"Total number of mobile devices to exceed world's population this year http://www.cisco.com/en/US/solutions/collateral/ns341/ns525/ns537/ns705/ns827/white_paper_c11-520862.html …. Amazing."},{"index":"175371544279789568","data":"The Demographics of Digital Platforms http://lnkd.in/qnekum "},{"index":"176819065078288386","data":"Operation Homefront Receives Multi-Million Dollar Product Donation of... via PRNewswire http://pop.to/hj3f "},{"index":"177146938616066048","data":"What happens in one day online (http://www.businessinsider.com/everything-that-happens-in-one-day-on-the-internet-2012-3 … ) Most eye-opening? More iPhones sold everyday than babies born!"},{"index":"180014864582979588","data":"Today we announced that we will open The new 1871 Center in Chicago on May 2nd...please check us out: http://www.1871.com/2012/03/1871-to-open-may-2/ …"},{"index":"178197454460698624","data":"Time To “Full Trottle” Mobile Bandwidth Innovation http://lnkd.in/ib6YJN "},{"index":"179690933036662785","data":"Besides threatening Google's search model, looks like Siri might also impact mobile shopping  - http://www.emarketer.com/Article.aspx?R=1008898&ecid=a6506033675d47f881651943c21c5ed4 …"},{"index":"18086442758","data":"Have an innovative idea/startup in mind? Then head over to Intuit's HQ on August 16th: http://www.intuitcollaboratory.com/ent_day.html"},{"index":"18111692093","data":"Need Help Innovating Inside Big-Fat-Slow Organizations--check out this great book to help you restart now: http://www.rebootpartners.com/"},{"index":"183342413178343424","data":"The next-gen of home entertainment? Read about technology springing ahead here: http://bit.ly/GDFg3Z "},{"index":"182558025553428481","data":"With strong growth forecast for local digital spending (http://www.mediapost.com/publications/article/170553/local-online-ad-spend-to-grow-127-yearly.html … ), future looks bright for coupons."},{"index":"183702966023364609","data":"Insights from SXSW Interactive 2012 http://lnkd.in/rjHePV "},{"index":"183902469544345602","data":"Where’s Waldo? He’s easy to find now with new location based #technology. My new blog: http://bit.ly/H0cdb4 "},{"index":"183693409108766722","data":"Check out The Rise of Digital Influence at: http://www.slideshare.net/Altimeter/the-rise-of-digital-influence …"},{"index":"183977795318325248","data":"SMB's listen up...the more you deploy digital tools, the more you sell: http://www.marketingcharts.com/direct/heavy-web-use-and-sales-growth-seen-correlating-for-smbs-21558/?utm_campaign=newsletter&utm_source=mc&utm_medium=textlink …"},{"index":"184409183490281472","data":"Do you GOOGLE it -or- BING it?  Survey says: http://mashable.com/2012/03/26/search-stats-infographic/ …"},{"index":"184643613051985920","data":"Our CMO @melissafisher7's thoughts on small business, social media, and #coupons. Her latest blog: http://bit.ly/GXfHQ2 "},{"index":"18466348889","data":"What do employee's really want--start by asking them!:  http://www.rebootpartners.com/"},{"index":"185272642612367360","data":"Over 1 Billion smart/connected devices to ship in 2012. Are they/we dumb when the devices are disconnected? http://www.idc.com/getdoc.jsp?containerId=prUS23398412 …"},{"index":"185368168963915778","data":"Can innovative public/private partnerships fix 3800 water leaks, Chicago says yes, what say you Detroit?http://www.nytimes.com/2012/03/29/us/private-aid-will-help-chicago-with-7-billion-plan.html?_r=1&pagewanted=all?src=tp …"},{"index":"185957023731564544","data":"Walgreens is up next on Celebrity Apprentice Sunday, hold on, I hear this is a REALLY intense episode: http://www.nbc.com/the-apprentice/ "},{"index":"184863163580289024","data":"Google continues to make bold hyper-targeted bets on the future of connected consumers and businesses: http://www.fastcompany.com/1826341/signs-google-is-sweating-the-future-of-search …"},{"index":"186377451239256064","data":"Mobile Media is quickly becoming Personal Media. That's the subject of my latest blog: http://bit.ly/Hwy13f "},{"index":"186649191538364416","data":"It's no April Fools' joke, Entertainment will be on next week's episode of #CelebApprentice. http://bit.ly/H8O0m5 "},{"index":"186811533177782274","data":"Show us how you are a #SavingsCelebrity with @EntDotCom for a chance to win a new #iPad #giveaway. http://on.fb.me/Hf4j23 "},{"index":"186879472757248000","data":"See us present the task on #CelebApprentice by @realDonalTrump @DonaldJTrumpJr @IvankaTrump pic.twitter.com/u3taA7kM"},{"index":"187619376910966784","data":".@LouFerrigno @LisaLampanelli @DayanaMendoza @pennjillette look on as project managers are chosen. pic.twitter.com/K5tXTdF2"},{"index":"187586735121760256","data":"I witnessed frustration, pressure and ultimately innovation while shooting #CelebApprentice. Here's my latest post: http://bit.ly/HKgQJo "},{"index":"187881062838435840","data":"This Sunday #CelebApprentice will feature the new digital product @EntDotCom is launching in @WalGreens nationwide! http://bit.ly/I00KOo "},{"index":"187985534239518720","data":"Check out our FB page on how to win a trip to NYC for the #CelebApprentice finale in our King of Deal contest! http://on.fb.me/Hjqbf3 "},{"index":"187322397563699202","data":"We recently delivered 2000 books to soldiers at an AZ military base for @Op_Homefront. Learn more here http://bit.ly/HM0v5E "},{"index":"189009765714771971","data":"Catch the @EntDotCom team on tonight’s #CelebApprentice; Join our Live #TweetUp! http://bit.ly/HprFPr  #EntApprentice"},{"index":"188986324244643840","data":"Tune in tonight to watch The Dean and The Donald meet up and tweet up on The Celebrity Apprentice on NBC 9ET 8CT"},{"index":"189155949607518208","data":"Tonight's #CelebApprentice show is going to be a good one; fun being part of the show w/ @MelissaFisher7 #EntApprentice"},{"index":"189083975761932288","data":"Join us for live tweets during #CelebApprentice tonight at 9ET. You can win prizes like an http://Entertainment.com  Savings Membership!"},{"index":"189168506695204865","data":"It was great to meet you @DonaldTrumpJr. You are a class act. #EntApprentice #CelebApprentice"},{"index":"189159839400853504","data":"I was so inspired by the celebs enthusiasm we upped donation to the winning charity.  #EntApprentice #CelebApprentice"},{"index":"189172064429670401","data":"Interesting presentation approach from both teams. Which did you like best? #EntApprentice #CelebApprentice"},{"index":"189177089684017152","data":"The boardroom is on fire tonight! #EntApprentice #CelebApprentice"},{"index":"189180503524515840","data":"We are so proud to support @Nephcure for @Teresa_Giudice on #CelebApprentice.  Great job #TeamUnanimous #EntApprentice"},{"index":"189185916458377216","data":"What an exciting show! Want to join me at the finale? #Win a trip http://on.fb.me/HzDJRr  #EntApprentice #CelebApprentice"},{"index":"189179611941306368","data":"We really enjoyed both @ApprenticeNBC team's commercials; truly a tough decision #CelebApprentice #EntApprentice"},{"index":"189496749277188096","data":"Our CMO @MelissaFisher7 explains why @EntDotCom chose to be on #CelebApprentice and what made #Unanimous the winner. http://bit.ly/It50kY "},{"index":"189577280681553921","data":"NIU Alum, DeBiase chats up The Donald, ‘Trump’ to Trump http://shar.es/rqrGy "},{"index":"189581366801858562","data":"'Celebrity Apprentices' aid local firm http://on.freep.com/Hfvbvd  via @freep"},{"index":"189861656669589504","data":"Here's a great article from @IXchat on the #innovation that occurred backstage at #CelebApprentice. http://bit.ly/Hy8qZH "},{"index":"190851871831896064","data":"Want to know if the drama on #CelebApprentice was real? I spoke to @Local4News about it. Watch the video here http://bit.ly/IlEgUT "},{"index":"189582999384371200","data":"Backstage Innovation at the Celebrity Apprentice http://lnkd.in/pd4Mwv "},{"index":"192472665028689921","data":"Join me at the final Celebrity Apprentice and meet Donald. Trump the Celeb's video's here to win: http://www.facebook.com/getcoupons/app_381391245226681 …"},{"index":"19345592532","data":"Is Apple Better Than YOU?  Roll Tape!  http://www.pehub.com/77999/apple-is-better-than-you/"},{"index":"192487893963505665","data":"Want to meet Trump? Watch Donald intro/recap our episode, see the Celeb's commercials and submit yours to win: http://youtu.be/VSqukYAZT5M "},{"index":"188242238051074048","data":".@realDonaldTrump and I judge the celebrities' work. Check it out yourself this Sunday at 9/8c on NBC. pic.twitter.com/r2TR8T70"},{"index":"193477863201177601","data":"We had a highly charged \"State of the Union\" opening session at the Daily Deal Summit in NYC this week http://flic.kr/p/bPb35Z "},{"index":"193460337343856641","data":"It's time to focus on the \"deals\" not the \"daily.\" My takeaways from a recent Daily Deals Summit. http://bit.ly/I8furT  #deals #savings"},{"index":"193483577294458880","data":"Body language says all not in agreement at the \"State of the Union\" opening session of the Daily Deal Summit. http://flic.kr/p/bAgpmh "},{"index":"19364459295","data":"Start Up Princess–Plus 99 other smart sites for women:  http://www.rebootpartners.com/"},{"index":"195184729790758913","data":"For display ads - like life - sometimes just being there is what counts. http://www.comscore.com/Press_Events/Press_Releases/2012/4/For_Display_Ads_Being_Seen_Matters_More_than_Being_Clicked …"},{"index":"195369439330439168","data":"I'm excited about our grand opening of @1871Chicago next week, the huge momentum and new tenants too! http://www.chicagobusiness.com/article/20120425/BLOGS06/120429870/1871-picking-up-long-term-tenants …"},{"index":"19620706010","data":"Check out Donna Sturgess's new book Eyeballs Out at http://www.rebootpartners.com/"},{"index":"196661447835664385","data":"I discuss Purpose-driven Marketing and its imapct on the #deals industry in my latest post here: http://bit.ly/IhUvq9 "},{"index":"199940543797669888","data":"Are consumers saying \"yes\" to engagement? I discuss marketing and engagement in my latest post: http://bit.ly/LGJ1gx "},{"index":"200312393883070464","data":"The tide continues to turn. Traditional ad mainstay Kraft to shift more dollars to digital. http://www.mediapost.com/publications/article/174216/krafts-bough-backs-digital-mobile-shift.html …"},{"index":"200680405429522432","data":"Mobile #coupon programs give merchants biggest bang for their buck. @MelissaFisher7 discusses this in her latest post: http://bit.ly/K2yJ8T "},{"index":"20161523797","data":"Smart Business interview with Dean: How to Reboot your company for innovation and growth: http://www.rebootpartners.com/"},{"index":"203195733841674240","data":"Is proximity advertising the next step for local merchants? @MelissaFisher7 discusses this in her blog: http://bit.ly/JMhlVn "},{"index":"205146951417724928","data":"Entertainment forms partnership with Google http://www.dailydealmedia.com/127entertainment-promotions-teams-up-with-google-offers/ … via @dailydealmedia @boyanjosic"},{"index":"206036965974478849","data":"GM gets behind the wheels and hijacks Facebook's IPO. My latest post: http://bit.ly/JQmlKQ  http://bit.ly/JQmoq6 "},{"index":"208668024666988544","data":"As marketers become hyper-local, #coupons are the next-gen of advertising. My latest post: http://bit.ly/NpJe6b  http://bit.ly/NpJbHu "},{"index":"205429962344378368","data":"TechCrunch NYC Disrupt Conference - commerce next field to be \"democratized\" by tech http://techcrunch.com/2012/05/23/kpcbs-chi-hua-chien-disrupt-commerce/ …"},{"index":"204623916277301248","data":"Our CMO @MelissaFisher7 shares her thoughts on the importance of small businesses in her latest post: http://bit.ly/KG1yJQ "},{"index":"209434935684120576","data":"Check out my \"Out of the Ashes Innovation \" Reboot interview at http://www.innovationexcellence.com/blog/2012/06/03/out-of-the-ashes-innovation/ …"},{"index":"210110077758214144","data":"85% of the world to have high speed internet access in 5 years via 4G mobile connections (http://mashable.com/2012/06/05/mobile-internet-global-reach/ …)."},{"index":"211833870365102081","data":"Twitter's impact on local marketing and #coupons from @MelissaFisher7. http://bit.ly/MiOQwt "},{"index":"215855923426627584","data":"Make your experience memorable and your customers won't slip through your hands like sand. http://bit.ly/My3oKi  http://bit.ly/My3odc "},{"index":"212224984775540736","data":"As media providers find ways to skip the ads, advertising needs a reboot. http://bit.ly/LNIAxJ  http://bit.ly/LBoxGg "},{"index":"217986727699169280","data":"100,000 Thanks to our 100,000 Facebook fans! My latest post:  http://bit.ly/MpycAd  http://bit.ly/Mpyebl "},{"index":"222330195863011328","data":"Can't buy me love, but you can get 50% off! My latest blog on #coupons and dating: http://bit.ly/LBZrsu  http://bit.ly/LBZtjZ "},{"index":"224870168348729344","data":"I'm pleased to announce an expanded partnership with Interval International. http://bit.ly/NwwBH8  http://bit.ly/NwwBHg "},{"index":"230385054537371649","data":"Olympic sponsorships are ineffective unless the marketing provides some value. http://bit.ly/OHnjJD  http://bit.ly/Nj8IQw "},{"index":"228134378826518528","data":"Back to school looks like back to savings time - http://www.mediapost.com/publications/article/179413/bts-must-haves-free-shipping-m-commerce.html?edition=49388 …. Strong season forecast for coupon usage."},{"index":"230644217947508736","data":"See whats hot at the Innovation Summit next Wednesday August 8th in Chicago: http://lnkd.in/eDHGBq "},{"index":"23961382363","data":"Ralph de la Vega of AT&T wants to know: Do You Welcome Obstacles?  http://www.rebootpartners.com/"},{"index":"236456637957816320","data":"Are wearable tech devices the next coupon Innovation? http://bit.ly/PyeMKY  http://bit.ly/P2Ldgs "},{"index":"243078881991614464","data":"Goodbye Code Academy, hello Starter League, come visit 1871 and check it out yourself  http://www.1871.com/2012/09/introducing-the-starter-league/ …"},{"index":"243796833724407808","data":"Time to Reboot the innovation ecosystem http://www.innovationexcellence.com/blog/2012/09/03/the-innovation-ecosystem-infographic/ … via @sharethis"},{"index":"24519387360","data":"Time to Reboot Your Mobile Marketing, check out the latest Playbook at: http://www.rebootpartners.com/"},{"index":"251688409586860032","data":"Conversion shows with digital marketing, “It’s all about me.” My latest post. http://bit.ly/QKqizT  http://bit.ly/SIb7f9 "},{"index":"253594005277908993","data":"Our Tech/Media Innovation Journey…”What a Long Strange Tip It’s Been” http://www.rebootpartners.com/pages/3213#.UGyhXwr31NA.twitter …"},{"index":"242989080135221248","data":"2012 Future of Cloud Computing  by @mjskok on @slideshare http://www.slideshare.net/mjskok/2012-future-of-cloud-computing-2nd-annual-survey-results …"},{"index":"255062113976995840","data":"A Breakthrough in Measuring Cool http://lnkd.in/7q98nf "},{"index":"255066052638175232","data":"Don't miss Chicago's newest landmark @1871chicago during Chicago Ideas Week http://chicagoideas.com/events/76  #ciwtalks via @chicagoideas"},{"index":"257842909938855936","data":"Attending our Annual action packed #NACDBLC .... forming the next generation of boardroom innovation"},{"index":"257853421829357568","data":"#nacdblc announcement of Global Network of Directors Institutes http://GNDI.org "},{"index":"257897076334149632","data":"#nacdblc Leo Abruzzese, uneven 2013: us growth slow, EU recession, China slowing...& could EU or Fiscal Cliff trigger a double dip?"},{"index":"257870939805597696","data":"Just talked to Andy McKenna @McDonaldsCorp on his smart advice \"don't ever serve on a board where you don't respect the CEO\" #nacdblc"},{"index":"257869928676347904","data":"James Barresse, CTO Paypal: Cyber attacks are most difficult to catch because no one is looking  #NACDBLC"},{"index":"258809323961069568","data":"Thanks to Howard @Tullman for hosting our #KINglobal at @tribecachicago today...great people/great entrepreneurial school!"},{"index":"26205366327","data":"Teaching the next generation of innovative entrepreneurs--the Nike way! http://www.rebootpartners.com/"},{"index":"263398564405841920","data":"Good Times For Entrepreneurs and SMB’s http://lnkd.in/vAa32S "},{"index":"263401781776769025","data":"Calling All Entrepreneurs…Ready to Startup? http://lnkd.in/5CmY72 "},{"index":"266222467314487296","data":"Could the most Innovative, Entrepreneurial and Valuable Private Companies be Looking For an Early M&A Door? http://www.businessinsider.com/digital-100-revised-the-most-valuable-private-companies-in-the-world-2012-11 … …"},{"index":"266406660954787841","data":"Looking for top entrepreneurial people to help you drive growth?  Check out these 5 talent hubs and networks: http://www.entrepreneur.com/article/224880 "},{"index":"265318183509045248","data":"I keynoted SINET on educating next-gen cyber security pros. Considering a cyber career? Then check this list out http://shar.es/G1xn5 "},{"index":"266584343152050177","data":"BLACK THURSDAY isn’t Disruptive/Innovative Marketing @walmart, unless you count disrupting our Thanksgiving!  http://www.reuters.com/article/2012/11/08/us-walmart-blackfriday-idUSBRE8A70SV20121108 …"},{"index":"266412700626714625","data":"Calling all entrepreneurial STUDENTS!  NASA (your county) needs you...to help invent the next-gen \"ride\" http://venturebeat.com/2012/11/07/build-a-better-buggy-registration-opens-for-nasas-20th-annual-moonbuggy-race/ …"},{"index":"266613874344747008","data":"Our Tech/Media habits can destroy our bodies. Stand up & watch this video, it may extend your texting life span. http://techcrunch.com/2012/11/08/how-to-use-electronics-all-day-without-destroying-your-body/ …"},{"index":"266694669050707969","data":"Why will @BarackObama win lead to more M&A Deals? Ask VC and PE investors:http://finance.fortune.cnn.com/2012/11/07/ma-lawyer-obama-win-means-more-deals/ …"},{"index":"268439996636200961","data":"Rebooting STEM to STEEM http://lnkd.in/4WU3bt "},{"index":"267866559098269696","data":"Check out the latest interview from our new Innovation Excellence platform. http://lnkd.in/denW7J "},{"index":"267854394337423360","data":"The global governance debate, in the globalization age, takes center stage at The World Econimic Forum #WEF http://forumblog.org/2012/11/can-global-governance-keep-up-with-globalization/ …"},{"index":"268803173588811777","data":"Creating Ecosystems of Entrepreneurship http://lnkd.in/5NCanq "},{"index":"268803588720054272","data":"The World's Most Promising New Companies http://lnkd.in/CKc3Ji "},{"index":"268807333092655105","data":"Great Kauffman Sketchbook Video:  Don't waste too much time meeting with your startup team @starbucks--Just Go Be an E…http://lnkd.in/SqerkQ "},{"index":"268822262424158208","data":"Innovation is Action.  So Get Up, Get Out, and just go be an Entrepreneur.  Oh, enjoy this video first. http://lnkd.in/Wg9VHW "},{"index":"274274231200665601","data":"Memo to Washington: Once again, young/entrepreneurial firms saving the day.  Here is the research, PDF link:  http://l…http://lnkd.in/J7FDMw "},{"index":"277123199546847232","data":"2012 Social Sharing Trends highlights huge gap between @Facebook and @Twitter. http://lnkd.in/UG7qdV "},{"index":"277108145669668864","data":"Vivek @wadhwa Immigrant Exodus, a Book of the Year! Mr. President: H1B's=economic growth. http://econ.st/THB5PJ   http://amzn.to/THBJNg "},{"index":"278279411667722241","data":"National Speakers Association Update: Innovation Speaker Dean DeBiase http://lnkd.in/ZSeU_r "},{"index":"278637116987150336","data":"Check out the top startup cities, Chicago, with help of @1871Chicago, ranked in top 5 for Startup Performance... http:…http://lnkd.in/hPWmu6 "},{"index":"278348105596940288","data":"The four screen wars are on..check out who is winning losing hanging on and moving ahead. http://lnkd.in/BuWATM "},{"index":"278745599921242114","data":"@1871Chicago we've learned to foster an innovative entreprenurial ecosystem...but only just begun in Chicago  http://lnkd.in/rmRnZU "},{"index":"279359283257298944","data":"Check out some of the innovative pioneers and remarkable people, places and 2012 events in Google's Zeitgeist Year In …http://lnkd.in/un86cJ "},{"index":"278727147919638528","data":"@NIULive @NIUAthletics are # 2 of top 25 academic teams..and going to #orangebowl..be there!\nhttp://lnkd.in/B47si9 "},{"index":"279335696748122113","data":"With New FCC TV Audio Volume Controls in Effect, Will These Innovative @SuperBowl Advertisers Get Their Money’s Worth? http://lnkd.in/y9c7TX "},{"index":"279702004794793984","data":"Field of Dreams actor Dwier Brown produces historic @NIUAthletics Orange Bowl Video http://lnkd.in/Q2g8_B "},{"index":"281154429011509249","data":"Please share this cool @NIUAthletics Orange Bowl Video at http://www.youtube.com/user/deandebiase … by Field of Dreams actor & @NIULive friend Dwier Brown"},{"index":"281152681257619458","data":"Check out this @SteveCase video on what the second internet revolution may look like http://read.bi/R3OC3M "},{"index":"281443151724556289","data":"Top 20 2013 Trends, that will reboot your organization, people and strategy. http://lnkd.in/jMDwqd "},{"index":"284360243654311938","data":"6 Women Entrepreneurs http://onforb.es/Vb93ME "},{"index":"284361665179426817","data":"100 Diagrams That Changed the World | Brain Pickings http://www.brainpickings.org/index.php/2012/12/21/100-diagrams-that-changed-the-world/ … via @brainpicker"},{"index":"285050303483621376","data":"Trash the small stuff...and 9 other Resolutions To Make 2013 Your Best Year Ever http://lnkd.in/9KNCiQ "},{"index":"284899576610160641","data":"Thoughts on Where Social Media Could Take Us in 2013 http://lnkd.in/8x5Vxq "},{"index":"285270872133087232","data":"Nine charts that may surprise you...or shift your innovation strategy http://lnkd.in/wY5k7b "},{"index":"285266947531239425","data":"Are you an Innovative Idea Hunter!? How to Find New Business Ideas in Everyday Life http://lnkd.in/6-U9px "},{"index":"284902002893410305","data":"Welcome to the 5 to 9 job! http://lnkd.in/9vyE85 "},{"index":"285275558575763457","data":"33 HBR Blog Posts You Should Read Before 2013 gets ahead of you http://lnkd.in/9MEbmM "},{"index":"285278659940597760","data":"Worlds top CEOs, they are most of all, innovative: http://lnkd.in/vPW2JP "},{"index":"285545617000919041","data":"The death of the QR code and other digital trends to reboot your 2013 marketing mix\nhttp://lnkd.in/AgPjkX "},{"index":"285540998719889408","data":"Are you an overachiever?  Here is an exhaustive and exhausting checklist...brace yourself, its not for everyone! http://lnkd.in/4rqcCU "},{"index":"285533278545530880","data":"Post IPO brain (and innovation) drain may be good for solid startups looking to be acquired by brands who need an inno…http://lnkd.in/4W8Ead "},{"index":"285795993922961410","data":"Tips for our entrepreneurs & investors @1871chicago on being a more patient adventurer and Innovative sales perfection…http://lnkd.in/eRFzfb "},{"index":"285871320649052160","data":"Calling all innovative entrepreneurs...this is the place to be tonight! http://lnkd.in/rpWKxb "},{"index":"286179116078731264","data":"Check out what me and 19 of my Innovation Excellence partners are predicting about what innovators will be focused on …http://lnkd.in/-hA84U "},{"index":"286508460592492544","data":"What's Next In Personal Technology Innovation? For Starters Cheaper Talk, Smarter TV, Connected Cloud http://lnkd.in/SrjQ_U "},{"index":"285799307213418497","data":"For those who don't have time to actually READ The Economist....17 crib notes (and a Homer Simpson Video) to prep for …http://lnkd.in/iUw9wP "},{"index":"286595743689633793","data":"Hmmm...Did These Top Five 2012 New Media Predictions Come True? http://lnkd.in/2QuEyp "},{"index":"286639510148751362","data":"What Innovators are focusing on in 2013 http://lnkd.in/J9RPFg "},{"index":"286641393735188480","data":"Ten “Crucial Consumer Trends” That May Reboot Your Business http://lnkd.in/rywWXw "},{"index":"286511393014947840","data":"Video history of the Internet and computing #innovation in 71 seconds http://lnkd.in/99B8i5 "},{"index":"287236432622395392","data":"Higher Ed  to get rebooted by these innovative education disruption companies http://lnkd.in/f3gvJQ  #innovation #edtech"},{"index":"286971032802295811","data":"100 Cool Things to Watch for in 2013  #innovation #trends @JWTIntelligence http://lnkd.in/KKg97z "},{"index":"287335501264998403","data":"The Next Entrepreneurial Innovation Revolution @wadhwa #innovation #entrepreneurship http://lnkd.in/gGFztV "},{"index":"286964536752361472","data":"Fellow @TechNetUpdate Member John Chambers on MetCalfe’s law on steroids and The Internet of Everything #innovation http://lnkd.in/Fdpv5F "},{"index":"288323529395552256","data":"Does the perfect corporate board exist? Answer: http://www.rebootpartners.com/pages/3517   #innovation #Entrepreneurship @NACD @StanfordRock @CorpGovResearch"},{"index":"289097042733703168","data":"Putting the silicon in Silicon Valley & founders who \" dressed funny & didn't smell good\" watch:  http://lnkd.in/URUaSW "},{"index":"291077881315082241","data":"An update on the Chicago startup scene from @1871chicago and other friends http://lnkd.in/_hM4cr "},{"index":"291231581954244609","data":"@SteveCase looks to Chicago, other outposts for deals @1871chicago @Builtinchicago http://lnkd.in/MQPdRb "},{"index":"291450333304074240","data":"Is that a Phablet in your pocket or Are you just happy to screen me? Phones Are a Big-Screen Hit But a Fashion Challen…http://lnkd.in/3qtTaR "},{"index":"291787933332168704","data":"Do you have #entrepreneurial #innovation stiflers lurking in your organization? Are you sure? @HarvardBiz http://blogs.hbr.org/kanter/2013/01/nine-rules-for-stifling-innova.html …"},{"index":"293800059613618177","data":"Beyond 140 characters...real hard core innovation http://online.wsj.com/article/SB10001424127887323968304578245534163575510.html …"},{"index":"291245675641982977","data":"Dark clouds continue to hover, like a Borg, over the #entrepreneurial excitement around big data and cloud computing #…http://lnkd.in/TzXEag "},{"index":"293942379130531840","data":"Thanks Scott \"@scottmcnealy: Thank you @1871Chicago @una1871 @kwiller @ChicagosMayor @CHI_IntellEvent, really enjoyed speaking today....\""},{"index":"293947327369064449","data":"Innovation is broken and needs a reboot! http://lnkd.in/tCbE59 "},{"index":"294684450514665472","data":"Our latest Innovation Excellence Post: The Female Innovator’s Dilemma http://lnkd.in/-4S6ra "},{"index":"299038358846451712","data":"Fueling Economic Expansion through Investment in Entrepreneurs - Forbes http://lnkd.in/i3tRBu "},{"index":"297421376841715712","data":"JR DeBiase is filming this live show in Chicago...check it out.  Pete & Jane LIVE on @livestream: http://new.livestream.com/tfa/events/1828384 …"},{"index":"299042934802747392","data":"Can We Overturn Built-in Innovation Legacy? - http://su.pr/28dgAo  - #innovation #leadership #mgmt #tools #design #gro…http://lnkd.in/-zup6d "},{"index":"299765017371369472","data":"An update from one of my business partners at Innovation Excellence http://lnkd.in/tKWV7u  #innovation"},{"index":"301411074337566722","data":"Im in Newport Beach speaking at #CVIP on how corporations should dance with #startups to drive #innovation and #growth"},{"index":"306287404661211136","data":"Our latest Innovation Excellence interview with Robert Fabricant of frog design http://lnkd.in/anE2A7 "},{"index":"301779947821858816","data":"\"@corpventuring: Coming up is the Breakfast Panel Discussion: \"Dancing With the Start-Up\" #CVIP @DeanDeBiase\""},{"index":"306488026127802369","data":"@DeVryUniv Pinnacle Award Recipient interview with Dean DeBiase  http://www.rebootpartners.com  http://lnkd.in/NxKFng "},{"index":"294176783228616704","data":"Got Growth? #innovation http://lnkd.in/8_Rva2 "},{"index":"306300109036060672","data":"Back stage at TED is an exciting place to be. Tune in here and take yourself to the next level http://lnkd.in/7RWQfS "},{"index":"309446173591236609","data":"How to Save Our Farm (Economy)? Join us,  @trimble_chris & @ixchat for conversation Mar 12 http://bit.ly/WsYurm  #Tuck #StellaSavesFarm"},{"index":"310609004101517312","data":"Oh GOD!  Must I (you) send more updates when traveling? http://lnkd.in/XEdT-r "},{"index":"309803010807197697","data":"Why I Wish There Were No “I” in “Innovate” http://lnkd.in/6j8AZx "},{"index":"310123129345298432","data":"Facebook isn’t a platform for you to use, you are a platform for Facebook to use @mathewi  @facebook http://lnkd.in/cxnNCZ "},{"index":"309824993028608001","data":"The #innovation F-Bomb and the Top Ten Reasons we F*** http://lnkd.in/43a5tA "},{"index":"311170927771656194","data":"So, if you can't be here at #SXSWi, then enjoy Recap RAP videos right here http://lnkd.in/cBqNGA   #innovation #sxsw"},{"index":"314410463033184256","data":"Im Chairing the #itsef conference at Stanford...join us #innovation"},{"index":"308109540682002432","data":"MIT disruption list missing a few players, which companies would you add? http://lnkd.in/P-5Ef8 "},{"index":"311727998145527808","data":"Now that 26 is the new 18 @netfliix , @itunes & @att some parents may never stop sharing (paying) http://goo.gl/yposW "},{"index":"314492338875555840","data":"Just wrapped up our #ITSEF Shark Tank pitches...we will announce winner at end of conference today #innovation @abcsharktank"},{"index":"316714462889508864","data":"@startup commitment on display by @1871Chicago company @caremerge...founders 1st moved into a senior living facility!  #technori"},{"index":"316710259236417536","data":"Good show here tonight at #technori...glad so many of you made it tonight! @Technori  @chasenews Chicago"},{"index":"316610021519675392","data":"If you are in Chicago stop @Technori Pitch tonight! http://bit.ly/14lJE4c  @SecondCityCEO"},{"index":"315309869802602497","data":"@arneduncan & @JoeBiden 's wife Jill are out, so I'm honored to be the 2013 @CLCNewsRoom commencement speaker http://lnkd.in/sSaKXw "},{"index":"317856195673219073","data":"The revolution in education innovation will be televised http://wapo.st/YI9nnW "},{"index":"317857772173668352","data":"Making Innovation Happen...and Saving the Farm @ixChat http://lnkd.in/HcafAA "},{"index":"318846120367374336","data":"Join me at http://www.democracythatdelivers.com/agenda-speakers#.UVoPUxYo5OU …  April 9-10, 2013 @BuiltInChicago @1871Ch…http://lnkd.in/XR8Rh8 "},{"index":"312431279616454657","data":"Sometimes VCs are like grumpy cats @greycroftvc: Got to love impressive wrap up of #SXSW http://ow.ly/iVecO  via: @mashable"},{"index":"318410127025782786","data":"Innovation Excellence launches L'innovation excellente http://lnkd.in/jfbARn "},{"index":"319228816335704065","data":"I was happy to participate in selecting new #NIU President Douglas Baker...watch him take @NIUlive to the next level http://lnkd.in/GAA8bZ "},{"index":"323661236136992769","data":"Top 13 Trends from friend, colleague and my old aol boss @tedleonsis  http://lnkd.in/adb5Kh "},{"index":"325725974836678657","data":"I'm speaking at Northwestern's Corporate Governance Conference on Cyber Governance: Worst data breaches (so far) http://lnkd.in/nxCeDN "},{"index":"325844245124628480","data":"I'm speaking @KelloggSchool Corporate Governance Conference on Cyber Governance: Worst data breaches (so far) http://lnkd.in/nxCeDN "},{"index":"329073101088382977","data":"TechStars Chicago Names 10 Innovative Companies to Summer 2013 Roster http://lnkd.in/CKt6ry "},{"index":"329074423866986497","data":"Think BIG Build Smart and checkout @WavetableLabs  http://wavetable.com "},{"index":"329457821928275970","data":"How to keep America's leadership position growing in the global economy http://bit.ly/ZkTVvz  entrepreneurial #innovation"},{"index":"329089111531085824","data":"Jill Biden unavailable, so College of Lake County picks Dean DeBiase to speak at commencement http://lnkd.in/sSaKXw "},{"index":"320402123865063424","data":"@Motorola signs on as @TheTechweek top sponsor http://techweek.com/chicago/  @1871Chicago http://lnkd.in/iZ3kQ4 "},{"index":"330061050533789696","data":"Every two days we create as much info as we did from the dawn of civilization til 2003 #tedxmidwest"},{"index":"330839851115110400","data":"Wearable tech fashion http://lnkd.in/69DMA4 "},{"index":"328957924619718656","data":"i just signed up on @SocialCrunch, time to learn some secrets about all of YOU!!! http://socialcrunch.com/welcome "},{"index":"331603954091839489","data":"Check out these CMOs that get #bigdata at  http://lnkd.in/u8EkNY "},{"index":"331426081599004672","data":"Collaborative Platform modelH Announces Open Invitation At The Front End Of Innovation, FEI http://lnkd.in/krBPAb "},{"index":"331845892963446784","data":"The Big Data, Multi-Channel, Always-On, Cloud Consumer Internet Revolution is here…Again?! http://lnkd.in/GzbsSW "},{"index":"330051449415401473","data":"Check out #TEDxMidwest we are streaming live from Chicago"},{"index":"332991839118430208","data":"Every Every Every Generation Has Been the Me Me Me Generation - Elspeth Reeve - The Atlantic Wire http://www.theatlanticwire.com/national/2013/05/me-generation-time/65054/#.UY16XOjGFn4.twitter …"},{"index":"335086217123205120","data":"getting ready for commencement speech http://lnkd.in/BxDYf7 "},{"index":"333998061795803136","data":"BIG data meets BIG design...Artist Turns Data Into 3-D Displays http://lnkd.in/kw-ZDt "},{"index":"334854958023335936","data":"H-1B Workers and the Innovation Economy http://lnkd.in/ZeFMhG "},{"index":"336580942212759552","data":"First IX Research report by@DougWilliamsMHD available: Success Practices in #Cocreation / Learn how to get it here:…http://bit.ly/ixresearch "},{"index":"337392031573893120","data":"STEM to drive innovation and economic growth: DeBiase commencement interview http://lnkd.in/sceqvE "},{"index":"337196141743591424","data":"Dean DeBiase Named Executive Chairman at Digital Product Design Studio ÄKTA http://lnkd.in/aqxnUd "},{"index":"3368783397","data":"RayBan's “Never Hide” campaign balances user generated and professional creative/branding   http://www.youtube.com/v/KMT1FLzEn9I"},{"index":"337392783587422209","data":"DeBiase joins AKTA as chairman http://lnkd.in/27ePAp "},{"index":"338394435807244289","data":"Innovation Quote of the Week – Dean DeBiase http://lnkd.in/dBau8z "},{"index":"339605316515799041","data":"@Akta John Roa's TEDx Talk, Innovation < Invention http://lnkd.in/py-Cq8 "},{"index":"339597711496052736","data":"Dean DeBiase on BrightTALK: Cybersecurity Is The Board's Problem Too http://lnkd.in/WshesV "},{"index":"340680753417441280","data":"@DeanDeBiase speaking @Stanford University on Cybersecurity...a critical corporate board issue @NACD http://lnkd.in/WshesV "},{"index":"339841880156155905","data":"On @andrewmason exit, Dean DeBiase tells @CrainsChicago embrace failure to drive Chicago's innovation & growth! http://lnkd.in/YxZkt6 "},{"index":"340596305317490688","data":"Businessweek honors NIU College of Business on fourth roll call of... http://lnkd.in/vvxpyJ "},{"index":"343603678760017921","data":"Mobile momentum unstoppable http://lnkd.in/kiNndP "},{"index":"341544106549473281","data":"Advance of Android eats into developer loyalty to Apple - Innovation | UI/UX Technology http://lnkd.in/D5T9eH "},{"index":"342845815720652800","data":"@KauffmanFDN Sketchbook asks can you see the Unexpected http://lnkd.in/cK4XNy "},{"index":"344609552370651136","data":"The United States Of Innovation: Ranking The States (And A District) For Innovation http://lnkd.in/pviFPX "},{"index":"344327220313079808","data":"Dancing with Startups: 6 Reasons People Leave Big Companies To Join Startups http://lnkd.in/6svuCF "},{"index":"344329435849293825","data":"What Silicon Valley Entrepreneurs Get Wrong: 7 Lessons From The Rest Of The Ecosystem - Forbes http://lnkd.in/KCYcTG "},{"index":"345021044488290305","data":"Ailes awarded Bradley Prize ~ Great Acceptance Speech http://lnkd.in/KWF9xQ "},{"index":"345032408954961920","data":"The Top 10 Future Tech Trends from Silicon Valley at a spirited Churchill Club dinner http://lnkd.in/Mtv8kM "},{"index":"345560403704705025","data":"@AKTA we help brands avoid mishaps like: If You Can’t Sell to Me on My iPhone, @BestBuy, You Can’t Sell to Me at All http://lnkd.in/h-tmrj "},{"index":"345962924755521536","data":"Without a Good landing eXperience, Ads Wasted. @BestBuy example of the week http://lnkd.in/pfca9y "},{"index":"345419964649467904","data":"Entrepreneur's 100 Brilliant Companies -- 2013 http://lnkd.in/urN5_T "},{"index":"345666799712485378","data":"Join @BurtonGoldfield and I @1871 on June 25th to explore Silicon Valley startup secrets http://talkswtrinet-estw.eventbrite.com  via @eventbrite"},{"index":"345775842640662528","data":"Yes, it is good...we can help you make it great!\n@DeanDeBiase"},{"index":"345963943526801408","data":"Home Automation...the Next UX Innovation Frontier! http://lnkd.in/NsXjCx "},{"index":"345974393626845184","data":"http://AKTA.com  Expansion Helps Brands Take UX to Next Level http://lnkd.in/i4r34T "},{"index":"346313309018013696","data":"BIG FAT SLOW Companies Stop Growing and need an @DeanDeBiase REBOOT http://lnkd.in/qMXWYD "},{"index":"346308901202952192","data":"My friend @Naveen_Jian_ceo about Greatest Happiness...his Children..copy that! http://lnkd.in/CUtGbu  Happy Fathers day!"},{"index":"346668435612250112","data":"DeBiase, @Georgelucas66 and Spielberg Think Movie Ecosystem Needs a Reboot http://lnkd.in/BMxxju "},{"index":"346768078400544769","data":"Join us @1871Chicago http://lnkd.in/_-K3vM "},{"index":"346831831548694528","data":"@DeanDeBiase  Commencement Speech: “Semper Paratus” http://lnkd.in/twE8Xe "},{"index":"346837210307375104","data":"DeBiase Commencement Speech: “Semper Paratus”: The Video http://lnkd.in/HkQWg8 "},{"index":"347169928383721472","data":"@starterschool launches immersive, full-time 9-month software program @1871Chicago http://bit.ly/17VXpgt "},{"index":"346841068442120193","data":"STEM drives innovation & economic growth: DeBiase commencement interview http://lnkd.in/sceqvE "},{"index":"347801186226802692","data":"Fireside chat with @BurtonGoldfield & @DeanDeBiase next week @1871Chicago Free Tickets at: http://bit.ly/14hXZBA  http://bit.ly/14hXZBA "},{"index":"347368962545303552","data":"The Psychology Of Design: John Roa Shares A Look Inside AKTA http://lnkd.in/skN87c "},{"index":"347834287409725440","data":"@KauffmanFDN Offers Free eBook Now Through July 22 http://lnkd.in/rg8FCd "},{"index":"347920636162740228","data":"So, my friend @wadhwa 's Best Selling Book is FREE NOW @KauffmanFDN http://lnkd.in/rg8FCd "},{"index":"348070069718360064","data":"@techstars and @Nike \"Just Do it\" to Turn Physical Activity Into Motivational Currency @ExcelerateLabs http://lnkd.in/-UX-ZQ "},{"index":"348598147171377153","data":"How to be Semper Paratus. Tapping into Homeland Security's @USCoastGuard Moto http://lnkd.in/HkQWg8 "},{"index":"349336759290703875","data":"text me if you want tickets to @1871chicago tomorrow, see what startups are worth...@BurtonGoldfield @DeanDebiase fireside chat"},{"index":"349314457786265600","data":"get to @1871chicago tomorrow, see what startups are worth...@BurtonGoldfield @DeanDebiase fireside chat, Tickets: http://bit.ly/14hXZBA "},{"index":"349308992541048832","data":"@wadhwa    Debunking Myths About Highly-Skilled Immigration and the Global Race for Talent - Harvard Business Review http://lnkd.in/uqxzgd "},{"index":"348561203859189760","data":"Join my fireside chat at @1871Chicago Tuesday night!  http://lnkd.in/_-K3vM "},{"index":"350394546275880961","data":"@TEDxUNPlaza Global Entrepreneurship Week Bringing Together Uncommon Allies http://lnkd.in/q8wR5a "},{"index":"350463201034510336","data":"Party Time on the new TechNexus Outdoor Deck http://ita.cx/10ZGdEw "},{"index":"350251567959642113","data":"Free book @sbecouncil Unleashing Small Business Through IP http://lnkd.in/4D4XB7 "},{"index":"351438896405557249","data":"Skip Silicon Valley: Smart Startups Start In Europe or  @1871Chicago @Akta http://lnkd.in/xAPJXA "},{"index":"352290294500298754","data":"Top 20 Innovation Articles – June 2013 http://lnkd.in/fDgHm4 "},{"index":"352290820319219714","data":"@AKTA and The Future Of #innovation and UX Design: Tiny, Humanizing Details http://lnkd.in/EVq8SA "},{"index":"352292849364111362","data":"The World's Most Innovative Countries | http://lnkd.in/a9rmXq "},{"index":"352083036961112067","data":"Gartner: IT Spend Hits $3.7T...@AKTA Driving IT UX with new Digital Product Innovation Design Execution http://lnkd.in/CwSYb9 "},{"index":"352292098038435841","data":"Does the Hum of the Coffee Shop @1871Chicago Boost #innovation & Creativity--you bet! http://lnkd.in/ubf4Db "},{"index":"352792189597786116","data":"@akta & Tim Brown want to know, is The Secret to Your Success Making Others Successful?  @tceb62  http://ideo.is/12HBg1l .   @ideo"},{"index":"352786820297269248","data":"Some skills/character traits CEOs need  business to succeed. http://kff.mn/150tBfx . @KauffmanFDN"},{"index":"352842830324047873","data":"@akta & Tim Brown want to know, is The Secret to Your Success Making Others Successful? @tceb62 http://ideo.is/12HBg1l  @ideo"},{"index":"352792730230988801","data":"How Startup Valuation Works - Illustrated http://lnkd.in/4DkypK "},{"index":"352785072786649089","data":"Entrepreneurial stories and innovation @akta from @makerfairekc in #TopOfMind with @ThomRuhe http://www.entrepreneurship.org/en/e360tv/top-of-mind.aspx?video=3026 …"},{"index":"353555462630801408","data":"@akta 2D/3D design opportunities http://lnkd.in/quFMns "},{"index":"354098002819956736","data":"Passing 50% penetration, has  Smartphone Boom Peaked....not yet. http://lnkd.in/4Chr8S "},{"index":"354101726355263488","data":"@wadwha http://lnkd.in/SYXpCA  @1871Chicago"},{"index":"354256261937774594","data":"How long will the IPO window stay open for #innovation #technology companies? http://lnkd.in/AXfeaV "},{"index":"354605247353733121","data":"@1871Chicago we are delivering more “white space” innovation http://lnkd.in/TvVmWn "},{"index":"354307779093213184","data":"Want innovative solutions to solve complex global issues? Join me on 9/16  #TEDxUNPlaza: http://tedxunplaza.com/join  #TED http://lnkd.in/vYtcxX "},{"index":"354643362197938176","data":"DeBiase/Griffiths develop @SocialCrunch with @CrainsChicago @1871Chicago  @techstars http://lnkd.in/dzBCJT "},{"index":"354761882244104193","data":"@tullman Seeing Around Corners http://lnkd.in/6PpuAk "},{"index":"355003203466702849","data":"Today @erickschonfeld and I are evaluating cool startups @1871 to present @Demo"},{"index":"354760587739275265","data":"@AKTA Keeping the Digital Design of Everyday Things Simple #design #innovation http://lnkd.in/4XkWZQ "},{"index":"355006025037914112","data":"@1871Chicago with @Neal_Silverman selecting finalists for this years @Demo Conference.  Cool stuff!"},{"index":"355368054152101888","data":"@BuiltInChicago Startups Raised $146M in Q2 @1871Chicago @AKTA http://lnkd.in/QAY4CM "},{"index":"355537385750138881","data":"Join me @1871Chicago this weekend @ATT Mobile App Hackathon. Meet @pkaushik of @MotoSolutions & @ChicagoCTO http://lnkd.in/nUUQae "},{"index":"355932429002878977","data":"Join me @1871Chicago as I host Minister Commerce & Industry of @TwitterIndia, Anand Sharma with @AKTA @DonorPath & @JBPritzker teams."},{"index":"355553667312664577","data":"We're rockin @1871Chicago, as our startups @markix @rocket_miles attract talent/funding @chicagosmayor http://lnkd.in/P8VUZe "},{"index":"357178149081055236","data":"Article on Innovative Fashion House @Zaharoff in @michiganavemag @DanUslan http://lnkd.in/4_Eenz "},{"index":"357723971019472897","data":"@BenHorowitz on what  startups should do in this funding environment... @1871chicago has a solution http://lnkd.in/gNikaX "},{"index":"354257436217065472","data":"Is that an #innovation #cloud in your back pocket or are you just happy to.... http://lnkd.in/sQq_yD "},{"index":"359310601434038275","data":"Anatomy of an Accelerator – Hult Prize Finalists Gain Traction @1871Chicago http://lnkd.in/nbuGF8 "},{"index":"359525211361644545","data":"The UX CEO is on the Rise and partnering with @AKTA http://lnkd.in/Xtf5hR "},{"index":"358998984771117058","data":"Innovation Quotes of the Week – July 21, 2013 http://lnkd.in/b6wTyv "},{"index":"358079590830325760","data":"modelH update: #Healthcare Customer Segmentation – UX of Users, Buyers, and Intermediaries @AKTA http://lnkd.in/74ky9d "},{"index":"359884182060675074","data":"If you want to do UX Design right...better get @akta http://lnkd.in/hWF2v9 "},{"index":"359891974800683008","data":"To MOOC http://www.economist.com/news/business/21582001-army-new-online-cour … or no to MOOC http://chronicle.com/blogs/ …http://lnkd.in/Sk7ZBs "},{"index":"359818032274612225","data":"If you want to do UX Design...better get@AKTA http://lnkd.in/hWF2v9 "},{"index":"360975782924914689","data":"Your Facebook Mobile Stratagy Needs a Reboot and a Sit Down Innovation Strategy Session with @AKTA http://lnkd.in/rP94rW "},{"index":"360612084964270080","data":"@AKTA and I enjoyed a great event @ideo with @kelleybros previewing new book \"Creative Confidence\" the MBAs @MMMProgram loved it."},{"index":"361509648303534080","data":"Innovation Quotes of the Week – July 28, 2013 http://lnkd.in/-MkM4V "},{"index":"362057737158397953","data":"@AKTA User Interface Is More Important Than You Ever Thought It Was http://lnkd.in/dcEuUf "},{"index":"362072684688973826","data":"Mayor Emanuel & Daniel Hamburger Dedicate @devryUniv Chicago Campus Building #technology #innovation http://lnkd.in/snu6pp "},{"index":"363515006618312704","data":"5 Things to Remember When Conducting UX Research with Children @akta http://lnkd.in/HT3sXy "},{"index":"363387505476780032","data":"@akta and innovation excellence like #ux fist mover advantages http://lnkd.in/rns7ng "},{"index":"362790677484011520","data":"@AKTA was at @techstars @1871chicago tonight, great kickoff for countdown to #tsdemoday by @troyhenikoff and @davidcohen"},{"index":"363158241489854464","data":"@AKTA thinks the ultimate #ux will be on display @HarleyDavidson 110th #sturgis #hd110sturgis  http://lnkd.in/uvWARp "},{"index":"363893648573743104","data":"@akta has learned that 1/2 of Australian companies face challenges delivering great digital #ux http://lnkd.in/ySvJTd "},{"index":"363682837481795584","data":"More bad #ux on display as Digital Surpasses TV in Time Spent with US Media http://lnkd.in/P6EYhu "},{"index":"364035138897715200","data":"10 Emerging #edtech #innovation & How They Are Being Used Across the Globe http://lnkd.in/s9_R8U "},{"index":"363891875805016064","data":"@akta is taking #Gamification to the next level of #UX #Innovation ... long live userfication! http://lnkd.in/cG-hsF "},{"index":"364045982595428353","data":"Check out some of @akta favorite #innovation quotes from the week! http://lnkd.in/B_R9mw "},{"index":"364770705759404034","data":"I am hosting #cybersecurity #innovation  at #sinet @Columbia @thecyberwire"},{"index":"364602471613603842","data":"The next trend in #cybersecurity is #UX visualization, watch @AKTA Chairman host #sinetinnovate  @Columbia  http://lnkd.in/RhqP6K  …"},{"index":"364772289084010497","data":"#cybersecurity applications need a #ux reboot, from a #tech to a user  perspective #sinet @Columbia"},{"index":"365327037528936448","data":"User Experience Is More Than #ux  Design—It’s Strategy--and much more. http://lnkd.in/5td82R "},{"index":"367852786781650944","data":"Young Tech Firms Outpace Private Sector Job Creation..and I say #Chicago is in the top 10, check out @1871Chicago http://lnkd.in/dthWjB "},{"index":"367864452214837248","data":"Does #Illinios = #Detroit http://lnkd.in/nF27Vk "},{"index":"367644160020336640","data":"In always on device world, @akta Designers Weave Digital Seamlessly Into Everyday Lives #ux. #design #innovation http://www.wired.com/design/2013/08/design-and-the-digital-world/ …"},{"index":"367087693903040512","data":"#ux #infographic @akta, \"each $1 invested in ux returns up to $100...\" http://lnkd.in/X8w3dq "},{"index":"3683906446","data":"Should LEGO link to/leverage new video with 2.6 mil views and a tribute to 8bit games to boot?  http://bit.ly/8XIGo"},{"index":"369298540960305152","data":"Should #ux #design -ers  learn to code?  http://uxmag.com/articles/unicorn-shmunicorn-be-a-pegasus … http://lnkd.in/7Jb_uq "},{"index":"3683719986","data":"New Adidas Y3 satelite image campaign with zoom in coordinates really clicks: http://bit.ly/a7hR2"},{"index":"369822391502774272","data":"Digital Video Takes TV Dollars... #ux optimized video on tap @akta http://lnkd.in/yhUvPC "},{"index":"370356583340838912","data":"Bigger than Crack. Better than a Cronut: Candy Crush Lessons @akta http://lnkd.in/-HSVXS "},{"index":"370778125732311040","data":"DeBiase to Keynote #ConsumerGoods Growth & Innovation Forum #cmo #cpg http://lnkd.in/cSwjGH "},{"index":"370301429358931968","data":"@DeanDeBiase @akta to Keynote 2013 Consumer Goods Growth & Innovation Forum  http://lnkd.in/NCpzB6 "},{"index":"372574083851907074","data":"Our mentoring pauses @1871chicago @techstars for #tsdemoday, watch @socialcrunch (born @akta) take the stage http://lnkd.in/Wu4M5m "},{"index":"371018499117694976","data":"Dean DeBiase to Keynote 2013 Consumer Goods Growth & Innovation Forum http://lnkd.in/EUaWYh "},{"index":"376034088391438336","data":"@IXResearch has a new 5-min survey for innovation practitioners; participants get free results: http://lnkd.in/VGHVtn "},{"index":"3728495183","data":"CEO's can learn a lot from burger joints! IN-N-OUT's remarkable simplicity & scant choices drive raving fans http://www.rebootpartners.com/"},{"index":"3762078170","data":"Summer is ending, time for the CEO Fall Reading List.  WHY WORK SUCKS and 34 other books you may like>> http://www.rebootpartners.com/"},{"index":"379596827739164672","data":"Im speaking at #TEDxUNPlaza today watch live at http://tedxunplaza.com/live/  #TED #TEDx pic.twitter.com/u1LhL6nNuk"},{"index":"380692212377341954","data":"Pic of @DeanDeBiase @AKTA @1871CHICAGO opening up #cggi13for @CGTMagazine pic.twitter.com/PBDMoi91d5"},{"index":"379641370173915136","data":"Ready to talk at  #TEDxUNPlaza #Ted #Tedx about and how NONtrepreneurs are accelerating the entrepreneurial movement @1871Chicago"},{"index":"382189485837910016","data":"@tullman — Perspiration Principles (eBook Bundle: Volumes 1-5) https://ganxy.com/i/82618 "},{"index":"383410840524685312","data":"Kicking off the fall semester with our corporate #innovation class @kelloggschool pic.twitter.com/Q9k2wY3dva"},{"index":"384028117775290369","data":"Kicking off the semester @KelloggSchool #corporate #innovation class w/VERY committed Saturday MBA students http://twitter.com/DeanDeBiase/status/384027395964956674/photo/1pic.twitter.com/KAcif4pE0C "},{"index":"382508626566328322","data":"A few companies are missing from Top 100 Digital Chicago Companies http://lnkd.in/be_tsas "},{"index":"384348075940003842","data":"Check out The Accidental Innovator http://lnkd.in/be_2anq "},{"index":"385099791270547456","data":"Opening Cyber Governance remarks, Kellogg Corporate Governance Conference \nby Dean DeBiase, Chairman, Reboot Partner…http://lnkd.in/b82mRGm "},{"index":"385270104969060352","data":"\"@WeBlogtheWorld: @TEDxUNPlaza is LIVE @WJMtheband @JimStolze #ManojBhargava @DeanDeBiase @malloryweggeman http://ow.ly/popwB \""},{"index":"385104097474392064","data":"Rebooting Boardroom Innovation and Cyber Governance http://www.rebootpartners.com/pages/3830#.UksPjWkG6zY.twitter … pic.twitter.com/Sv1o1TiHBq"},{"index":"385813680148844545","data":"Dean DeBiase’s BRAVEntrepreneurs TED Talk http://lnkd.in/bByT_nR "},{"index":"385850561897041920","data":"#TEDx @tedtalks Dean DeBiase BRAVEntrepreneurs @TED_TALKS http://lnkd.in/bByT_nR   @TEDx  @TEDxUNPlaza @tedtalks ... thanks @TEDchris"},{"index":"385762626971512832","data":"After my BRAVEntrepreneurs TED Talk @TEDxUNPlaza  @malloryweggeman told her truley Brave Story http://fb.me/2EdtAgwmz "},{"index":"386185294006874112","data":"\"BRAVEntrepreneurs\" Video is now up on TED Talks http://lnkd.in/bFg7dqz "},{"index":"387409816286547968","data":"BRAVEntrepreneurs TED Talk is on @ixchat http://lnkd.in/bsgmtiE "},{"index":"387945570783862784","data":"@julieanixter  lives BRAVEntrepreneurs TED Talk http://ht.ly/pDiBq  The Connected Tissue of the Movement #entrepreneur @akta"},{"index":"387947769736220672","data":"Join the BRAVEntrepreneurial Movement, we need you! http://lnkd.in/bsgmtiE "},{"index":"388408848605659136","data":"I'm preparing my @cyber #governance talk @AKTA for @NACD  #corpgov conference #NACDBLC"},{"index":"388808614061699072","data":"Check out the @NACD #NACDBLC \"social media lab\" digital #governance needs a reboot https://twitter.com/NACD/nacdblc-2013/members … #corpgov"},{"index":"395633664978984960","data":"Project Impact Finals Event http://lnkd.in/b5FF7K2 "},{"index":"389784262553387008","data":"\"@MastrangeloA: Everything Directors Need to Know @NACD http://ow.ly/ez8uX  #CorpGov #NACDBLC pic.twitter.com/vU934QEBHf\" @NateHodgeSr"},{"index":"397390217973231616","data":"Hosting @NorthwesternU Womens Board @1871Chicago with @KIEIatNU @JBPritzker @darraghchicago http://lnkd.in/bwKGf_r "},{"index":"397448874488365056","data":"Hosting a press conference @1871Chicago with @ChicagosMayor and our top #entrepreneurs pic.twitter.com/cXEUuQBvrQ"},{"index":"389592803707064320","data":"\"@MastrangeloA: Everything Directors Need to Know @NACD http://ow.ly/ez8uX  #CorpGov #NACDBLC pic.twitter.com/vU934QEBHf\" @NateHodgeSr"},{"index":"4028882505","data":"Did social media overtake porn as #1 web activity...and other trends in this updated socialnomics video: http://www.rebootpartners.com/"},{"index":"403380289524600832","data":"I attended the Bloomberg Conference  today and had some good CEO chats http://lnkd.in/b2bpKy8 "},{"index":"410183001566236672","data":"\"@gl33p: Spotters, Planners, Builders, and Sustainers. An ontology from @DeanDeBiase of types of folks making @1871Chicago work.\""},{"index":"417650397772144641","data":"Why Service Design, CX and UX are all part of customer-led world @akta http://lnkd.in/b-e_-xz "},{"index":"412090537726853121","data":"Building a Business of Design Thinkers @theadmci @akta http://lnkd.in/b7MDruP "},{"index":"418777364026228737","data":"2014 #mobile #design @akta http://graphicdesignjunction.com/2013/05/beautiful-mobile-ui-design-with-amazing-user-experience/ …"},{"index":"418777673763016704","data":"2014 #mobile #design @akta http://lnkd.in/b34_cYx "},{"index":"4090420526","data":"Can CEO's, CMO's, and CFO's agree on Social Media Listening?  http://www.rebootpartners.com/pages/321"},{"index":"418778455027613696","data":"@1871chicago http://lnkd.in/bgHrPUB "},{"index":"418779137587687424","data":"@NACD  @StanfordBiz The priorities of CEOs and boards often differ. http://stnfd.biz/rVNIt  pic.twitter.com/weIqK0YG2K"},{"index":"4554675110","data":"Do you want to know The 100 Best Business Books of All Time?  http://www.rebootpartners.com/pages/606#"},{"index":"4646633196","data":"Do you think these are the 20 best places in the world to live?  http://bit.ly/7QJWz"},{"index":"4596002167","data":"Is \"California Dreamin\" in need of a reboot? http://bit.ly/3lTpp"},{"index":"4790338616","data":"Memo from CEO to CMO—what have we learned from snuggle blanket? http://www.rebootpartners.com/pages/727"},{"index":"50044634549862400","data":"DeBiase NY Times interview about Mattel rebooting Ken's image: http://www.nytimes.com/2011/03/22/business/media/22adco.html?src=busln"},{"index":"5756343490","data":"Is Facebook the future of micropayments?  http://www.cnn.com/2009/TECH/11/12/cashmore.facebook.micropayments/index.html"},{"index":"5688175948","data":"Top Nine List To Reboot Your Teams  http://www.rebootpartners.com/pages/763"},{"index":"4828350593","data":"Can innovation flow from tribal leadership? Even the \"My Life Sucks\" stage? http://bit.ly/cI0NA"},{"index":"5770975230","data":"What did Newsweek/facebook NOT include in the 20/10 video?  http://bit.ly/4E3IjK"},{"index":"5839482749","data":"Why do we love the Top Good, Bad and Ugly Lists?  http://www.rebootpartners.com/pages/803"},{"index":"6183051599","data":"Forget Black Friday, Welcome To Cyber Monday--Top Books for Your Colleagues: http://www.rebootpartners.com/pages/847"},{"index":"62563962302107649","data":"Reboot your mobile strategy in China with 1 Billion mobile phone users: http://soc.li/M2q1Gdf "},{"index":"6469733503","data":"Is This The Future of Magazines and Newspapers? Watch the Video and Decide  http://www.rebootpartners.com/pages/864"},{"index":"7306699304","data":"The Think Remarkable team,  just finished compiling The Remarkable People of 2009 http://thinkremarkable.com/"},{"index":"74250839040065536","data":"Dean DeBiase named Chairman & CEO of www.entertainment.com http://www.rebootpartners.com/pages/2439"},{"index":"7448141229","data":"Would Sherlock Holmes make a good VC? http://www.rebootpartners.com/pages/914"},{"index":"7379342162","data":"What Are Your 2010 M&A Predictions?  http://www.rebootpartners.com/pages/900"},{"index":"78653997459836928","data":"How to reboot your company for innovation and growth | Smart Business: http://bit.ly/kPsrfV  via @addthis"},{"index":"8161564662","data":"Check out Ted Leonsis and The Business of Happiness  http://www.rebootpartners.com/pages/957"},{"index":"8509249926","data":"Facebook passed AOL--is Yahoo next? Comscore thinks so! http://www.techcrunch.com/2010/02/01/facebook-yahoo-bigger-pageviews-comscore/"},{"index":"86324962448773120","data":"Can Social Likes Become Dislikes?: http://bit.ly/lpVDcr  via @AddThis"},{"index":"90270432028135424","data":"Are we ready for the next-gen of mobile?: http://bit.ly/qfj0Qt  via @AddThis"},{"index":"4370705049","data":"Does GOOGLE need a REBOOT?  http://www.rebootpartners.com/pages/540"},{"index":"92933028304797696","data":"At Donlen, we've been working on a deal with Hertz, and now they are our new owners! : http://online.wsj.com/article/SB10001424052702303795304576452151806939240.html …"},{"index":"92933889965830145","data":"Is It Better To Be Phone Smart -or- Book Smart? http://bit.ly/oltyxG "},{"index":"95896225634725890","data":"New York Times interview with Dean: Back to School? Summer Season for Shopping Is Early  http://www.rebootpartners.com/pages/2575 "},{"index":"99590680178987009","data":"What Is The “Value” Of Viral Marketing?: http://bit.ly/oGNoQi  via @AddThis"}]