[{"index":"311544907233902593","data":"Protection of minority languages is a human rights obligation, UN expert says\n http://ow.ly/iPhSM "},{"index":"307762832211054592","data":"Activist investor David Einhorn drops 'iPrefs' lawsuit against Apple http://gu.com/p/3e6kg/tw  vía @guardian"},{"index":"311888738030596096","data":"Otra joya de lectura via @harvardBiz Is Collaboration the New Greenwashing? http://ow.ly/iSoZJ "},{"index":"309426214953693184","data":"En UK: Ed Miliband claims hundreds of thousands of disabled people will lose £700 a year under plans http://ow.ly/itfgR  #SOSdiscapacidad"},{"index":"311254034222817280","data":"Pulpo con aceite de maravilla http://instagr.am/p/WvBLKynLrr/ "},{"index":"322354315274629120","data":":-) RT @sandyskees: Happiness! M. Porter unveils new health and happiness index to augment GDP as measure of success http://www.guardian.co.uk/sustainable-business/michael-porter-health-happiness-index …"},{"index":"322354669391319040","data":"Interesante RT @guardiansustbiz: Michael Porter discussing the new Social Progress Index live now - watch it here: http://ow.ly/jXSsV ..."},{"index":"324781927301263362","data":"Banks need to wake up to the risks of lending to unsustainable industries http://ow.ly/kaYhf  via @guardiansustbiz"},{"index":"324076892451897344","data":"Esto es #RSC en @europapress?! O_o -->El presidente de Fund Cajasol anima a defender el mundo del toro como cultura http://www.europapress.es/epsocial/rsc/noticia-presidente-fundacion-cajasol-anima-defender-complejos-mundo-toro-parte-cultura-20130415175706.html …"},{"index":"326974526682456064","data":"Lo veremos tb en Europa? SEC Gets Plea: Force Companies to Disclose Donations http://ow.ly/kmPdA  #RSC #Regulacion"},{"index":"327350406189559809","data":"@FairLaborAssoc I cannot download any report about New Wave Group, Why?"},{"index":"329259287270535168","data":":-) RT @davidcoethica: Triodos launches new ethical investment funds - http://bit.ly/ZxkUHR  #csr #finance #socent via @BusinessGreen"},{"index":"329257929108750338","data":"A.  \n\n. J@"},{"index":"327458732445401091","data":"Samsung admits its phones may contain tin from area mined by children http://gu.com/p/3fd2z/tw  vía @guardian"},{"index":"332403291810045952","data":"Recomendado RT @ramonarratia: My short book - 'Full Product Transparency' is out now - http://bit.ly/13jj0vn "},{"index":"337127977244573696","data":"A Business Model for Bangladesh via @harvardBiz http://ow.ly/lh038  #RSC"},{"index":"334961139261792256","data":"Must Read RT @guardiansustbiz: The Bangladesh factory collapse: why #CSR is more important than ever: http://ow.ly/l5i0S   #humanrights"},{"index":"337500249608310784","data":"US retailers see big risk in the Global Accord http://ow.ly/ljwYF  info The Daily Star #Bangladesh #RSC"},{"index":"344724532159991808","data":"ESG crítico para las TIC Google, Facebook and Microsoft Express Sudden, Renewed Interest in Surveillance Transparency http://ow.ly/lWO2E "},{"index":"341329856870612993","data":"BSR Case Study: Telefónica: Assessing Human Rights Risks and Opportunities, http://www.bsr.org/en/our-insights/case-study-view/telefonica-assessing-human-rights-risks-and-opportunities#.UavPy3IDVEA.twitter … via @bsrnews"},{"index":"337531347797176320","data":"Wine and Cola? It Works. El kalimotxo en el New York Times http://ow.ly/ljI8Z "},{"index":"344739108050042880","data":":-) RT @msci_inc: Barclays and MSCI Unveil Family of Global ESG Fixed Income Indices - Red the Press Release - http://www.msci.com/resources/pressreleases/Barclays_and_MSCI_Unveil_Family_of_Global_ESG_Fixed_Income_Indices.pdf …"},{"index":"350161780112236544","data":"You must read it \"Unprecedented times for social responsibility in the media\" http://ow.ly/mqCRy  via @guardiansustbiz"},{"index":"350162034249314305","data":"Great RT @koann: Scope 5 Helping Businesses Find New Insights Into Their Sustainability Data | Sustainable Brands http://www.sustainablebrands.com/news_and_views/info_tech/scope-5-helping-businesses-discover-power-we?utm_source=newsletter&utm_medium=innovation&utm_campaign=june26 …..."},{"index":"350255369991364609","data":"Read it RT @sarahlabo: NYT editorial endorses the Accord on Fire & Building Safety in #Bangladesh http://ow.ly/mr3at  @industriall-GU..."},{"index":"350531017980911616","data":"United Nations News Centre - UN forum adopts historic treaty to expand access to books for visually impaired: http://www.un.org/apps/news/story.asp?NewsID=45292&Cr=disabilit&Cr1=#.Uc1I8O6-Sj3.twitter …"},{"index":"352096688678252544","data":"Obama to Suspend Trade Privileges With Bangladesh http://ow.ly/mAH2d "},{"index":"355273559796482050","data":"Business start-up rates remain sluggish, new OECD data shows http://ow.ly/mRj2T "},{"index":"357987149578526720","data":"Research: Why Companies Keep Getting Blind-Sided by Risk http://ow.ly/n6G56  via @harvardBiz"},{"index":"357429760642662401","data":"Good Companies Are Storytellers. Great Companies Are Storydoers http://ow.ly/n2GIU  via @harvardBiz"},{"index":"373356018199429120","data":"Genial RT @davidcoethica: 7 #sustainability lessons from #StarTrek - http://bit.ly/14aFA7n  #csr #business #scifi @GuardianSustBiz"},{"index":"380248472487989249","data":"The rights of persons with disabilities should be in the standards of GRI. You can help it #GRI4disability @GRI_Secretariat..."},{"index":"380343704717758464","data":"@richardhowitt Join us http://www.gri4disability.org/  #GRI #gri4disability GRI FOR all. #DIVERSITY, #INCLUSIÓN AND #DISABILITY IN GRI GUIDELINES."},{"index":"380693007709642754","data":"Fight against fraud: new study confirms billions lost in VAT Gap » good read http://europa.eu/rapid/pressReleasesAction.do?reference=IP/13/844&format=HTML&aged=0&language=EN&guiLanguage=en …"},{"index":"387176884842541056","data":"Wellcome to @bangaccord the official twitter of the Accord on Fire and Building Safety in Bangladesh"},{"index":"373017386640625665","data":"Study: Air pollution causes 200,000 early deaths each year in the U.S. » good read http://web.mit.edu/newsoffice/2013/study-air-pollution-causes-200000-early-deaths-each-year-in-the-us-0829.html … vía @feedly"},{"index":"387227348501667840","data":"Protect human rights by tackling corruption http://www.europarl.europa.eu/news/en/news-room/content/20130225STO06078/ …"},{"index":"387885965169422337","data":"Countries should make carbon pricing the cornerstone of climate policy, says @OECD http://ow.ly/pDF2N "},{"index":"393703072528363520","data":"@SustAbility: What are the 6 attributes of extended sustainability leadership? Find out in the latest issue of #Radar magazine -..."},{"index":"390425395495178240","data":"TERRIBLE @UNEP Europe has around 3 times more food than it needs, ¾ is lost before it's eaten. #WFD2013 Can we #ThinkEatSave?..."},{"index":"395225289598697472","data":"Overview of the main risks and vulnerabilities in the EU banking sector via EBA http://ow.ly/qi04G "},{"index":"395224439983312897","data":"Robeco’s residual momentum: less risky and more sustainable | http://Robeco.com  http://www.robeco.com/en/professionals/insights/quantitative-investing/momentum/robecos-residual-momentum-less-risky-and-more-sustainable.jsp#.Um_g8JnEPk8.twitter …"},{"index":"395582450359078912","data":"Norway’s government pension fund excludes 4 companies posing environmental risk, after considering a renewables mandate for $790billion fund"},{"index":"395902297873870848","data":"Terrible RT @FRSIberoamerica: #Women in the garment industry have lower wages and poorer conditions than men http://betterwork.org/global/?page_id=3550 …..."},{"index":"395935506854191104","data":"The Next Financial Bubble: Indigenous Peoples Rights http://shar.es/IeUOd  vía @sharethis"},{"index":"398786045954621440","data":"I just voted for this Pink Glove Dance Competition video. Check it out!  http://www.pinkglovedance.eu/videos/2013-video-contest/la-paz/ … #pinkglovedance"},{"index":"423413783709880320","data":"Cierto RT @CarmenMarti_: @AsocDIRSE estrena web!! Enhorabuena amig@s!  #RSE http://www.dirse.es/noticias-dirse "},{"index":"414030928412147712","data":"IMPRESCINDIBLE 10 Sustainable Business Stories Too Important to Miss via @harvardBiz http://ow.ly/rX3tX  #RSC"},{"index":"423017807564271616","data":"GREAT New EY thought leadership series examines 2014 #sustainability trends, \"Let’s talk: sustainability\" http://www.ey.com/US/en/Services/Specialty-Services/Climate-Change-and-Sustainability-Services/EY-Lets-talk-sustainability … via @EYnews"},{"index":"426682052172595201","data":"Gracias a @Cermi_Estatal y a su presidente,@luiscayoperez x nombrarme expresamente en su discurso en la entrega del premio CERMI"},{"index":"307762832211054592","data":"Activist investor David Einhorn drops 'iPrefs' lawsuit against Apple http://gu.com/p/3e6kg/tw  vía @guardian"},{"index":"311888738030596096","data":"Otra joya de lectura via @harvardBiz Is Collaboration the New Greenwashing? http://ow.ly/iSoZJ "},{"index":"309426214953693184","data":"En UK: Ed Miliband claims hundreds of thousands of disabled people will lose £700 a year under plans http://ow.ly/itfgR  #SOSdiscapacidad"},{"index":"311254034222817280","data":"Pulpo con aceite de maravilla http://instagr.am/p/WvBLKynLrr/ "},{"index":"311544907233902593","data":"Protection of minority languages is a human rights obligation, UN expert says\n http://ow.ly/iPhSM "},{"index":"322354669391319040","data":"Interesante RT @guardiansustbiz: Michael Porter discussing the new Social Progress Index live now - watch it here: http://ow.ly/jXSsV ..."},{"index":"324076892451897344","data":"Esto es #RSC en @europapress?! O_o -->El presidente de Fund Cajasol anima a defender el mundo del toro como cultura http://www.europapress.es/epsocial/rsc/noticia-presidente-fundacion-cajasol-anima-defender-complejos-mundo-toro-parte-cultura-20130415175706.html …"},{"index":"326974526682456064","data":"Lo veremos tb en Europa? SEC Gets Plea: Force Companies to Disclose Donations http://ow.ly/kmPdA  #RSC #Regulacion"},{"index":"324781927301263362","data":"Banks need to wake up to the risks of lending to unsustainable industries http://ow.ly/kaYhf  via @guardiansustbiz"},{"index":"327458732445401091","data":"Samsung admits its phones may contain tin from area mined by children http://gu.com/p/3fd2z/tw  vía @guardian"},{"index":"327350406189559809","data":"@FairLaborAssoc I cannot download any report about New Wave Group, Why?"},{"index":"329257929108750338","data":"A.  \n\n. J@"},{"index":"332403291810045952","data":"Recomendado RT @ramonarratia: My short book - 'Full Product Transparency' is out now - http://bit.ly/13jj0vn "},{"index":"334961139261792256","data":"Must Read RT @guardiansustbiz: The Bangladesh factory collapse: why #CSR is more important than ever: http://ow.ly/l5i0S   #humanrights"},{"index":"337127977244573696","data":"A Business Model for Bangladesh via @harvardBiz http://ow.ly/lh038  #RSC"},{"index":"329259287270535168","data":":-) RT @davidcoethica: Triodos launches new ethical investment funds - http://bit.ly/ZxkUHR  #csr #finance #socent via @BusinessGreen"},{"index":"337531347797176320","data":"Wine and Cola? It Works. El kalimotxo en el New York Times http://ow.ly/ljI8Z "},{"index":"337500249608310784","data":"US retailers see big risk in the Global Accord http://ow.ly/ljwYF  info The Daily Star #Bangladesh #RSC"},{"index":"341329856870612993","data":"BSR Case Study: Telefónica: Assessing Human Rights Risks and Opportunities, http://www.bsr.org/en/our-insights/case-study-view/telefonica-assessing-human-rights-risks-and-opportunities#.UavPy3IDVEA.twitter … via @bsrnews"},{"index":"344724532159991808","data":"ESG crítico para las TIC Google, Facebook and Microsoft Express Sudden, Renewed Interest in Surveillance Transparency http://ow.ly/lWO2E "},{"index":"344739108050042880","data":":-) RT @msci_inc: Barclays and MSCI Unveil Family of Global ESG Fixed Income Indices - Red the Press Release - http://www.msci.com/resources/pressreleases/Barclays_and_MSCI_Unveil_Family_of_Global_ESG_Fixed_Income_Indices.pdf …"},{"index":"350161780112236544","data":"You must read it \"Unprecedented times for social responsibility in the media\" http://ow.ly/mqCRy  via @guardiansustbiz"},{"index":"350162034249314305","data":"Great RT @koann: Scope 5 Helping Businesses Find New Insights Into Their Sustainability Data | Sustainable Brands http://www.sustainablebrands.com/news_and_views/info_tech/scope-5-helping-businesses-discover-power-we?utm_source=newsletter&utm_medium=innovation&utm_campaign=june26 …..."},{"index":"350255369991364609","data":"Read it RT @sarahlabo: NYT editorial endorses the Accord on Fire & Building Safety in #Bangladesh http://ow.ly/mr3at  @industriall-GU..."},{"index":"350531017980911616","data":"United Nations News Centre - UN forum adopts historic treaty to expand access to books for visually impaired: http://www.un.org/apps/news/story.asp?NewsID=45292&Cr=disabilit&Cr1=#.Uc1I8O6-Sj3.twitter …"},{"index":"352096688678252544","data":"Obama to Suspend Trade Privileges With Bangladesh http://ow.ly/mAH2d "},{"index":"355273559796482050","data":"Business start-up rates remain sluggish, new OECD data shows http://ow.ly/mRj2T "},{"index":"357429760642662401","data":"Good Companies Are Storytellers. Great Companies Are Storydoers http://ow.ly/n2GIU  via @harvardBiz"},{"index":"357987149578526720","data":"Research: Why Companies Keep Getting Blind-Sided by Risk http://ow.ly/n6G56  via @harvardBiz"},{"index":"373017386640625665","data":"Study: Air pollution causes 200,000 early deaths each year in the U.S. » good read http://web.mit.edu/newsoffice/2013/study-air-pollution-causes-200000-early-deaths-each-year-in-the-us-0829.html … vía @feedly"},{"index":"373356018199429120","data":"Genial RT @davidcoethica: 7 #sustainability lessons from #StarTrek - http://bit.ly/14aFA7n  #csr #business #scifi @GuardianSustBiz"},{"index":"380343704717758464","data":"@richardhowitt Join us http://www.gri4disability.org/  #GRI #gri4disability GRI FOR all. #DIVERSITY, #INCLUSIÓN AND #DISABILITY IN GRI GUIDELINES."},{"index":"380248472487989249","data":"The rights of persons with disabilities should be in the standards of GRI. You can help it #GRI4disability @GRI_Secretariat..."},{"index":"380693007709642754","data":"Fight against fraud: new study confirms billions lost in VAT Gap » good read http://europa.eu/rapid/pressReleasesAction.do?reference=IP/13/844&format=HTML&aged=0&language=EN&guiLanguage=en …"},{"index":"387176884842541056","data":"Wellcome to @bangaccord the official twitter of the Accord on Fire and Building Safety in Bangladesh"},{"index":"387227348501667840","data":"Protect human rights by tackling corruption http://www.europarl.europa.eu/news/en/news-room/content/20130225STO06078/ …"},{"index":"322354315274629120","data":":-) RT @sandyskees: Happiness! M. Porter unveils new health and happiness index to augment GDP as measure of success http://www.guardian.co.uk/sustainable-business/michael-porter-health-happiness-index …"},{"index":"393703072528363520","data":"@SustAbility: What are the 6 attributes of extended sustainability leadership? Find out in the latest issue of #Radar magazine -..."},{"index":"390425395495178240","data":"TERRIBLE @UNEP Europe has around 3 times more food than it needs, ¾ is lost before it's eaten. #WFD2013 Can we #ThinkEatSave?..."},{"index":"387885965169422337","data":"Countries should make carbon pricing the cornerstone of climate policy, says @OECD http://ow.ly/pDF2N "},{"index":"395224439983312897","data":"Robeco’s residual momentum: less risky and more sustainable | http://Robeco.com  http://www.robeco.com/en/professionals/insights/quantitative-investing/momentum/robecos-residual-momentum-less-risky-and-more-sustainable.jsp#.Um_g8JnEPk8.twitter …"},{"index":"395225289598697472","data":"Overview of the main risks and vulnerabilities in the EU banking sector via EBA http://ow.ly/qi04G "},{"index":"395582450359078912","data":"Norway’s government pension fund excludes 4 companies posing environmental risk, after considering a renewables mandate for $790billion fund"},{"index":"395902297873870848","data":"Terrible RT @FRSIberoamerica: #Women in the garment industry have lower wages and poorer conditions than men http://betterwork.org/global/?page_id=3550 …..."},{"index":"395935506854191104","data":"The Next Financial Bubble: Indigenous Peoples Rights http://shar.es/IeUOd  vía @sharethis"},{"index":"398786045954621440","data":"I just voted for this Pink Glove Dance Competition video. Check it out!  http://www.pinkglovedance.eu/videos/2013-video-contest/la-paz/ … #pinkglovedance"},{"index":"414030928412147712","data":"IMPRESCINDIBLE 10 Sustainable Business Stories Too Important to Miss via @harvardBiz http://ow.ly/rX3tX  #RSC"},{"index":"423017807564271616","data":"GREAT New EY thought leadership series examines 2014 #sustainability trends, \"Let’s talk: sustainability\" http://www.ey.com/US/en/Services/Specialty-Services/Climate-Change-and-Sustainability-Services/EY-Lets-talk-sustainability … via @EYnews"},{"index":"423413783709880320","data":"Cierto RT @CarmenMarti_: @AsocDIRSE estrena web!! Enhorabuena amig@s!  #RSE http://www.dirse.es/noticias-dirse "},{"index":"426682052172595201","data":"Gracias a @Cermi_Estatal y a su presidente,@luiscayoperez x nombrarme expresamente en su discurso en la entrega del premio CERMI"}]