[{"index":"10107005653","data":"Went hiking in the sun today @MtPisgahArb! I am going to miss #Eugene"},{"index":"10127969834","data":"@lisaka I'm going back to the Bay Area for awhile and then San Diego at some point. How are you liking Portland??"},{"index":"10000812570","data":"Preparing my portfolio for tomorrow! Can't believe this term is almost over!"},{"index":"10090252324","data":"Korean couple let's baby die while raising a virtual one. http://bit.ly/dCnDmH"},{"index":"10060797341","data":"@jsoriano21 Congrats on getting the internship!! That is so exciting!"},{"index":"10156001991","data":"YES, Sandra Bullock! So classy! So elegant! #Oscars"},{"index":"10135361521","data":"Oh! @Lisaka please do!! Where are you going??"},{"index":"10157374985","data":"@kmatthews I like 1 and 2!"},{"index":"10189461817","data":"@Lisaka I've never been to Latin America, although I've heard some amazing things about it!"},{"index":"10203147085","data":"Just applied for a PR internship with Lewis PR in Tokyo... :D"},{"index":"10207333512","data":"@eolson5 Thank you! :)"},{"index":"10156304399","data":"@eolson5 Very emotional! She's so gracious!"},{"index":"10291829963","data":"YES! Drinks at Rennies! RT @sarahannelilly well...yes it is always fun! But @krhodey and I are hoping for drinks at Rennies :)"},{"index":"10335686308","data":"@ConanOBrien starting tour in #Eugene on April 12!! I wish I wasn't moving!! http://bit.ly/bNTd3U"},{"index":"10394855102","data":"Working with @andrewmphillips on finishing our final PR plan for @EugRec Outdoor Program!"},{"index":"10637510782","data":"So happy to be done with school! Thank you @derville and @kmatthews for teaching me about PR!"},{"index":"10738004123","data":"Back to California! Goodbye #Eugene!"},{"index":"10854811700","data":"@alexknott Thanks, Alex! I can't wait to come visit you and @jsoriano21 in LA!"},{"index":"10991618802","data":"@jsoriano21 Hi! How are you liking LA? How's the new job treating you?"},{"index":"12014999041","data":"@eolson5 I leave in a month! I'm so excited! How are you doing?"},{"index":"11898080688","data":"Plane tickets officially booked. Destination: Hanoi, Vietnam."},{"index":"12304617692","data":"@jsoriano21 Hey, John! I've been working for my dad while waiting to go to SD. What about you? Are you still liking LA??"},{"index":"12304499345","data":"Sad news. Vietnam postponed for later... South Korea here I come!"},{"index":"12304718878","data":"@andrewmphillips What's up Drew? How is the @EugRec internship going??"},{"index":"10279059781","data":"Last day of classes at the University of Oregon!!"},{"index":"12779732040","data":"I'm finding I like using Wordpress much better than Blogger... Or maybe I'm still in the learning curve."},{"index":"12856978918","data":"Just created a new travel blog! Check it out! http://bit.ly/besS4A"},{"index":"12660180398","data":"@jsoriano21 I'm moving to SD in July! I can't wait! We should meet up when I come down!"},{"index":"13144721110","data":"Just updated my travel blog! http://bit.ly/besS4A  Leaving for #Seoul in ten days!"},{"index":"14215320833","data":"Hello from Busan, South Korea!"},{"index":"13569834874","data":"Wow, good time to #travel to #Europe! Tempting... http://bit.ly/9KZxpF"},{"index":"14701524279","data":"This year's college grads have better hopes for jobs than last year's. http://nyti.ms/bghIly"},{"index":"14716781588","data":"@jsoriano21 You are going to the Dancing with the Stars finale??? So jealous!! Say hi to Evan Lysacek for me!!"},{"index":"15211849627","data":"New PR blog post on fighting high school bullies http://bit.ly/a3zVj5 and travel blog on \"Seoul food\" http://bit.ly/aBXUyp"},{"index":"15661509047","data":"The new Harry Potter trailer is such a tease! Can't wait for the movie! http://bit.ly/9M3TpJ"},{"index":"16869073314","data":"Just read some awesome posts on @EpicAsia's blog! http://bit.ly/aEEifv"},{"index":"17029092001","data":"Someone in San Francisco turned an old church into a huge family home! Take a look! http://bit.ly/9WJwuS"},{"index":"17339435471","data":"Go go go Japan!!! #jpn"},{"index":"16884813950","data":"@jsoriano21 I'm moving beginning of August! Can we please have a reunion!? I want to hear all about the new job too!"},{"index":"15739174364","data":"Just found out the new AP Styleguide 2010 now spells \"Web site\" as \"website.\" Good to know! http://bit.ly/EZr1O"},{"index":"20901804428","data":"Now officially living in #SanDiego!"},{"index":"20933679378","data":"@nikimae Nope nope. I'm permanently in San Diego now. What are you up to these days? :)"},{"index":"21044130479","data":"@nikimae Yes! We're also living with my friend and her bf. SD is so beautiful! If you're ever down here we should get together! :)"},{"index":"21044208233","data":"All settled into my apartment in San Diego. The job search is proving to be a challenge! #sandiego #jobs"},{"index":"21044159615","data":"@eolson5 Thanks! How's life in Portland?"},{"index":"218073213924675584","data":"@JSanger13 I can't wait to go to opening day with the Comunicano ladies! We need to find hats! #DelMarRaces #openingday"},{"index":"218368889912950786","data":"Ann Curry announces new role at NBC News http://bit.ly/L4fnn1  via @todayshow"},{"index":"22047795442","data":"This is crazy! Tiger Wood's ex-wife is getting 100 million in a divorce settlement. http://bit.ly/aVUHlE"},{"index":"22241313023","data":"@innabinna Haha! You're hilarious! :) I hope you get it to leave!"},{"index":"22732855868","data":"Absolutely LOVE the beautiful weather in #SanDiego"},{"index":"221372470324772865","data":"Great CNN article about my coworker's dual citizenship! http://bit.ly/LxdqLx   #cnn"},{"index":"22827034172","data":"@nikimae Hehe! Sorry! Even though SD is nice, I do miss #Eugene a lot! Especially the summers. :)"},{"index":"230744490430840832","data":"Uh oh! Dropbox Admits Hack, Adds More Security Features http://twb.io/QpYXob  @informationweek"},{"index":"231106517674385409","data":"@JSanger13 It's support group time!"},{"index":"217697595894673409","data":"Pictures that will restore your faith in humanity http://bit.ly/LCi1jj  #actsofkindness"},{"index":"233626921865461760","data":"@JSanger13 that's why I moved them all close to you!"},{"index":"251810643332714496","data":"@JSanger13 Don't leaaaavvve meeeee!"},{"index":"253910508149829632","data":"Japanese goody day at work! With @JSanger13 #asianfood #yumm pic.twitter.com/creH33t7"},{"index":"25339780175","data":"Just read an interview from the author of Viva Vegan on @bestofyoutoday and it was great! She sounds like she has great recipes!"},{"index":"253989719556378624","data":"Anyone in the San Diego area looking for a job as an AAE in PR? Contact me! #PRjobs #SanDiegojobs"},{"index":"267004172849774592","data":"@IrenaBoostani can't wait for lunch to get here! #sohungry @urbanplates"},{"index":"260408007609966592","data":"@JSanger13 I miss you in the office!! :( But thanks for the whoppie pie recipe! Yuuummm!!"},{"index":"253914917172822016","data":"@Gallicano Your class assignments make me miss PR classes! Hope all is well at UO!"},{"index":"268778336703098881","data":"Great #tech article! RT: @irenaboostani New tech promises on-the-spot mobile engagement http://bit.ly/SoFZNn  … via @fastcasual"},{"index":"269486725187911681","data":"Just got my #nutcracker tickets. Can't wait to see it! @sfballet"},{"index":"266691241842974720","data":"@dos_dedos I love using Mpme! RT: Nominate MPme for the Best Overall Startup of 2012 2012 Crunchie! http://is.gd/vf75CB   #crunchies"},{"index":"268775383468486658","data":"Congrats @IrenaBoostani! Just more evidence that you are #awesome! @comunicanonews"},{"index":"269488438363959296","data":"This video really makes me miss #Hanoi! RT:  @lonelyplanet 5mil scooters & no traffic light in sight. Welcome to Hanoi http://bit.ly/RYzkfZ "},{"index":"270030132226449408","data":"SO BUMMED. But I still love my ducks. #Oregon #GoDucks"},{"index":"270613134321012736","data":"I'll be looking forward to these this week! 10 Things a PR Girl Can Expect on Thanksgiving http://bit.ly/rYWT8x  @nycPRgirls #thanksgiving"},{"index":"274271222857089025","data":"Interesting market perspective for online #coupons -- LivingSocial: Things are going to get worse http://bit.ly/U5d5kM  via @FortuneMagazine"},{"index":"274205194970087425","data":"Good read for people in the #PR industry RT: @DaniERoss 5 Steps for Finding a Balance in PR Work and Life http://shar.es/6tZcd  #PRPros"},{"index":"274298004515745792","data":"@ctlncmbr Not caffeinated enough! #sleepy #toomuchtodo"},{"index":"279065748373131264","data":"Is it Worth it to Build an #NFC App Right Now? Read an expert opinion from Stefan Rust of @exicon http://mashable.com/2012/12/12/build-nfc-app/ … via @mashable"},{"index":"280818271622688768","data":"Such #heartwarming moments! Moments that Restored Our Faith in #Humanity in 2012 http://po.st/Dq5DUv  via @ebaumsworld"},{"index":"274592265576525824","data":"Voice commands in #mobileapps are awesome! Nominate OneTok for the Best Bootstrapped Startup 2012! #crunchies http://buff.ly/Rona1R "},{"index":"281913266467389440","data":"Another way to get into the #holiday spirit! Enjoy a holiday-themed keyboard on your #Android #smartphone http://zd.net/UfEoy6  @adaptxt"},{"index":"289178400143339520","data":"WOW! Allen Hall, you look AMAZING! #SOJC #UO @UOsojc http://bit.ly/10fSlR0 "},{"index":"327063788341850113","data":"Very true! RT @Hoojobs 7 myths about working from home http://ow.ly/klDrM   #workplace #worklifebalance"},{"index":"293766665630519296","data":"I've voted http://adaptxt.com  as \"Best mobile app\" in the TNW UK Startup Awards #UKSA http://tnw.to/ukawards "},{"index":"286996220604448768","data":"#GoDucks!! WTD!!"},{"index":"327518935975075841","data":"THIS IS AMAZING!! RT @EW @'Arrested Development' sneak peek: Buster and Lucille get closer than ever - EXCLUSIVE CLIP http://bit.ly/14S3SZf "},{"index":"330361774996066304","data":"RI becomes 10th state to legalize gay marriage - hoping my home state CA will follow suit! http://nbcnews.to/165TTiB  #marriageequality"},{"index":"332965422657847298","data":"Watching the #DalaiLama speaking at my alma mater online! http://uoregon.edu/dalai-lama  #UO #GoDucks"},{"index":"327455845812170752","data":"Yikes!! 'World's oldest hamburger' bought in 1999 looks exactly the same today   http://soa.li/0Wsyu8U  #disgusting"},{"index":"334677970683850752","data":"Very sad and interesting story - Orphaned and homeless: Surviving the streets of North Korea http://bit.ly/17YN1BN "},{"index":"401410010363592704","data":"This is so incredible and inspiring! SF Morphs Into Gotham City for Kid Battling Leukemia http://www.nbcbayarea.com/news/local/SF-Morphs-Into-Gotham-City-for-Batkid-Battling-Leukemia-232054521.html … #SFBatKid"},{"index":"4994121039","data":"is learning about hashtags in #J452"},{"index":"348086050104688641","data":"6 AP Style rules for press releases http://bit.ly/14O5PDu  #APTips #PressReleases"},{"index":"5013380855","data":"Hello, #J452 classmates! Feel free to add my blog to your aggregator. http://jonizuka.wordpress.com"},{"index":"5627961258","data":"Looking forward to doing social media projects for Ballet Fantastique!"},{"index":"5673336337","data":"Thank you for letting me use three Spanish Lit classes, J school! My last term at UO is going to be a lot easier now!"},{"index":"5703225522","data":"@iamlyddy  Haha I am very secretive about twitter! hehe... I've been busy! How about you? You going to be in Marin during December?"},{"index":"5713919985","data":"@iamlyddy Yeah, I leave the 28th... but I'm moving back to Cali in March! Sad, this does happen like EVERY year!"},{"index":"5703235054","data":"just went to the Ducks basketball game!"},{"index":"5713607263","data":"@iamlyddy Oh no! I get back to Cali on the 18th! Sad story."},{"index":"5719993698","data":"Feeling under the weather, but going to get some homework done before work."},{"index":"5781767643","data":"Oprah's interview with Sarah Palin is making me feel awkward..."},{"index":"5782981682","data":"@innabinna I felt kind of bad for her... lol! Inna, how are you?!"},{"index":"5787235949","data":"@innabinna I'm good! I'll be moving back to Cali in March! We should have a reunion dinner party!"},{"index":"5788515806","data":"@innabinna ...and spicy potatoes!! mmm..."},{"index":"5786841729","data":"Can't wait to register for my last term at UO!"},{"index":"5788546599","data":"The weather is freaking me out!"},{"index":"400321150011457537","data":"These were quite funny! RT 10 More Things PR Professionals ‘Love’ http://bit.ly/1gGvkha  @PRAssociation"},{"index":"6090590749","data":"Happy Thanksgiving!"},{"index":"5897632014","data":"Wow... I sure learned a lot about editing in #J452! My old assignments don't look very good anymore..."},{"index":"6178824064","data":"Parents just left to go back to California. Back to work..."},{"index":"5970777628","data":"Of course I would sign up for the wrong Spanish class on my last term and then not find out until all of the classes are filled. Of course."},{"index":"6229517587","data":"Practicing my #J452 speech on good employee management! Hopefully it will turn out ok!"},{"index":"5851293820","data":"@TopherV Congratulations on getting into the Peace Corps! Dominican Republic sounds amazing!"},{"index":"6223890325","data":"Didn't get a ticket to the Civil War game.... and I'm very upset about it."},{"index":"6330053535","data":"Got into the game without a ticket! Yes! Rose Bowl!!"},{"index":"7010868193","data":"@sfballet The Nutcracker was beautiful as always! This was my tenth consecutive year seeing it!"},{"index":"6869677136","data":"The Blind Side was such a good movie!!"},{"index":"7350529405","data":"Back to school tomorrow. Last term as an undergrad!"},{"index":"7536703878","data":"I wish I could play the piano like Chris Martin. :)"},{"index":"7432682870","data":"Just read a job listing for a PR rep that will increase a restaurant's notoriety... I wonder if that's what they meant. Hehe"},{"index":"8039825595","data":"Watching the Lion King with my roommate! New Disney movies are just not the same."},{"index":"8332961177","data":"@EugRec I love the programs you offer! You guys are awesome!"},{"index":"8663252025","data":"Who let me start reading The Lovely Bones during midterms? Too hard to put down..."},{"index":"8311077235","data":"My computer dies at such inopportune times... This means I should get a MacBook!"},{"index":"8529093941","data":"Today's Oprah is so inspiring! A girl had five types of cancer before she was 25!"},{"index":"8359785666","data":"People are so creative. Watch this Face Off spoof with The Office clips. So funny! http://bit.ly/DRrbu"},{"index":"8950062932","data":"@kmatthews Thanks, Kelli! Drew has really taken off with SEO! It's pretty complicated."},{"index":"9109167487","data":"Wow, Southwest. Way to be sensitive. http://bit.ly/aw5UGK"},{"index":"9218361133","data":"@jsoriano21 I was thinking about writing a blog about the Toyota Recall too! Nice job with the post!"},{"index":"9367240245","data":"Lunch today with @LeahROlson makes me want to go to Asia! Can't wait to go snowboarding with Eug. Outdoor Program on Sunday @EugRec"},{"index":"9376906957","data":"@johnsoriano21 Thanks, John! Did you see this apology from John Mayer? http://bit.ly/aQyZTu How effective do you think that is? Hmm...."},{"index":"9306564926","data":"Just had the most frustrating experience with Target. Not happy."},{"index":"9460878265","data":"Went snowboarding for the first time today @HoodooRec! It was sunny but the snow was like cement!!"},{"index":"9505404598","data":"I'm on a casserole craze... anyone know a good recipe??"},{"index":"9505655448","data":"Should hot dogs come with warning labels? This is crazy. Perhaps chewing lessons are in order. http://bit.ly/dsCqkA"},{"index":"9596702901","data":"A somewhat happy ending for two victims of Argentina's Dirty War. http://bit.ly/a6GBwM"},{"index":"9638122476","data":"@jsoriano21 Good luck!! You're going to do great!! Say hi to Alex for me! :)"},{"index":"9510874918","data":"Really tempted to buy a plane ticket to Thailand. Must...hold... off..."},{"index":"9669456614","data":"Yay for Kim Yu-na, Mao Asada and Joannie Rochette!!!"},{"index":"9645894277","data":"RT: @Lisaka  Worst Job Hunting Tweets (Feb 15-22, 2010) - http://tinyurl.com/ydtempd (via @gradversity)"},{"index":"9752139682","data":"#Chile Some impacting photojournalism from Chilean disaster. http://bit.ly/dAoLKP"},{"index":"9809106876","data":"I'm actually quite sad the olympics are over!"},{"index":"9813018188","data":"Sochi 2014 Olympics look very promising!! Can't wait!!"},{"index":"9748218601","data":"Mis pensamientos están con las personas que viven en Chile. My thoughts are with Hawaii as well."},{"index":"9749979623","data":"@iamlyddy My sister-in-law always went to Lana's Nails on Fourth St. Her nails were always very pretty! They also do good pedicures!"},{"index":"9815371028","data":"@alexstrack Did you not see the Sochi preview? It looked amazing."},{"index":"9958688596","data":"@TopherV Have fun in la Republica Dominicana!"},{"index":"9986043711","data":"Hey, PR students! There is an awesome internship with the City of Eugene Outdoor Program available for spring! http://tinyurl.com/yzcd3vv"},{"index":"9990601826","data":"Erg! That pole came out of nowhere..."}]