[{"index":"181373667853352961","data":"research #developer #job in semantic web/linked data and #disasters at @astonuniversity in #birmingham http://bit.ly/x1xLlR  please RT"},{"index":"188698533275242496","data":"Semantic Web and Agri-Food Workshop #SWAF2012 http://bit.ly/HvrvZb  at #SmartAgriMatics http://bit.ly/Hvryo6  abstract deadline  30 April"},{"index":"190380338139250688","data":"BBC News - Greece bartering system popular in Volos http://bbc.in/HCfJNH "},{"index":"185744251387252736","data":"reminder: research #developer #job in semantic web/linked data and #disasters at @astonuniversity in #birmingham http://bit.ly/x1xLlR  pls RT"},{"index":"197084113637867520","data":"Imperialism didn't end. These days it's known as international law | George Monbiot http://gu.com/p/378jk "},{"index":"201439035938451456","data":"Finnish appetite for local food: http://www.sitra.fi/en/articles/2012/finnish-appetite-grows-local-food …"},{"index":"197459377177886720","data":"Court rules organic farmers can sue conventional, GMO farmers http://www.trueactivist.com/court-rules-organic-farmers-can-sue-conventional-gmo-farmers-whose-pesticides-trespass-and-contaminate-their-fields/ … via @TrueActivist"},{"index":"201451676912197633","data":"How Greece could leave the eurozone – in five difficult steps http://gu.com/p/37gn9  #collapsonomics"},{"index":"202000597690486784","data":"Semantic Web Research Software Developer @astonbusiness, Birmingham, http://bit.ly/MbXnFZ  deadline 28 May"},{"index":"201740096683249664","data":"Oil prices could double by 2022, IMF warned http://gu.com/p/37h56/tw  via @guardian"},{"index":"202339332965666816","data":"Greece compared to Iceland http://bilbo.economicoutlook.net/blog/?p=19429 "},{"index":"203813763831447552","data":"I have 33 slaves working for me, find out how many slaves work for you at http://SlaveryFootprint.org . #slaveryfootprint"},{"index":"204320828324708353","data":"Why love trumps economics | Victoria Coren http://gu.com/p/37kqb "},{"index":"202405892782694400","data":"Need curry recommendations for around Aston University, Birmingham please. :-)"},{"index":"206026671088873474","data":"BBC News - Viewpoint: The time Britain slid into chaos http://www.bbc.co.uk/news/magazine-18159752 …"},{"index":"205063833897799680","data":"We must take back control of our food, before it's too late  http://bit.ly/Kv3i52  via @guardian"},{"index":"206062860055494657","data":"Vote Yes for Fiscal Compact Treaty (Ireland) Yes for Jobs: http://youtu.be/TZfzAOooEOU  via @youtube (Note this is satire ...)"},{"index":"206835449149403136","data":"Semantic Web research developer position on Disaster 2.0 project http://bit.ly/KkhQqe  at @aston http://bit.ly/MbXnFZ  deadline 31 May  pls RT"},{"index":"207556211388858369","data":"Local food policy could go a long way to helping cure social ills: expert http://www.ottawacitizen.com/health/Local+food+policy+could+long+helping+cure+social+ills+expert/6681276/story.html … via @ottawacitizen"},{"index":"209685409955987456","data":"Response to Vinay's Europe's New War | Edgeryders http://edgeryders.ppa.coe.int/practical-resilience/mission_case/response-vinays-europes-new-war …"},{"index":"209229034045968385","data":"We are sleepwalking into the Drone Age, unaware of the consequences | Clive Stafford Smith\nhttp://gu.com/p/383mv "},{"index":"210812670121738240","data":"Feeding Birmingham in 20150: Semantic Web and the food supply: event 11 June  http://bit.ly/MgAjEs  #TNOfood @smartagrifood @astonuniversity"},{"index":"211447764490522625","data":"Little Britain: why the UK is no longer a superpower @guardian http://bit.ly/LMS2BH "},{"index":"211156072759693313","data":"Yeah, I wonder about some kind of project to try and fill this theory gap and actually identify the underlying terrain. Book? Collab blog?"},{"index":"212227460316659713","data":"Feeding Birmingham in 2050: Semantic Web and the food supply: tonight  http://bit.ly/MgAjEs  #TNOfood @smartagrifood @astonuniversity"},{"index":"211955484360572928","data":"Semantic Web and Agri-Food Workshop and Hackathon  on 13 June in Paris http://bit.ly/Kua0IF    #SWAF12 #smartagrifood #smartagrimatics"},{"index":"212566550580961280","data":"Semantic Web #SWAF12 #smartagriexchange if you want to join us for the workshop/hackathon free tickets here: http://swaf12.eventbrite.co.uk/ "},{"index":"212581075711561728","data":"So the real question is \"what's the most violence that the supply chains will tolerate before they route around it?\" = adverse risk mgmt key"},{"index":"212849636124270593","data":"Listening to Johannes Keizer at #SWAF12 #smartagrimatics http://bit.ly/Kua0IF  annotating unstructured data using RDF triples"},{"index":"212962395906252803","data":"Thanks to everyone who attended #SWAF Semantic Web and Agri-Food today. Fantastic set of speakers http://bit.ly/Kua0IF  #smartagrimatics"},{"index":"212992866820161536","data":"The Greeks who are swimming against the tide http://bit.ly/LkViot  @guardian"},{"index":"213587816372903936","data":"Argyll and Bute council in censorship over school meals http://bit.ly/KMm9Ha  muzzling 9 year old blogger. We need a food revolution."},{"index":"213616878537543681","data":"I'm hiring. RA/RF Social Media in Disaster Response http://bit.ly/L0EczV   @astonuniversity  Disaster 2.0 project  http://bit.ly/KkhQqe "},{"index":"213617287318609922","data":"I'm hiring. RF Semantic Web in Disaster Response http://bit.ly/L0Eu9Y  @astonuniversity Disaster 2.0 project http://bit.ly/KkhQqe "},{"index":"213618108789821442","data":"@thejaymo is someone capturing all the tweets with #LOTE? Will there be a dump to play with?"},{"index":"213663352809996288","data":"@cbrewster Wish I fit the criteria, I'd be sorely tempted to look at that!"},{"index":"217622552758063105","data":"Please RT:  #Semantic web and #disaster response #job http://bit.ly/L0Eu9Y   #researchjobs  project  http://bit.ly/KkhQqe  @astonuniversity"},{"index":"213607835056095232","data":"Why young rural Greeks are set to embrace Syriza http://bbc.in/LfgXBN  @paulmasonnews relevant to #LOTE"},{"index":"218652616656289794","data":"Please RT: #Semantic Web and #Emergency Response RF #jobs http://bit.ly/L0Eu9Y  deadline today @astonuniversity http://bit.ly/KkhQqe "},{"index":"219871937336315905","data":"The Olympian Landscape http://bit.ly/MY8UYo  via @GuernicaMag"},{"index":"221167721323307009","data":"Attending Food security in the Global North meeting at @warwickuniversity today. Fantastic speaker line up #foodsecurity"},{"index":"221169122699001857","data":"Household Food Security in the Global North http://bit.ly/MEuOCm   meeting at Warwick University #foodsecurity"},{"index":"221179328807968768","data":"Now up Angela Donkin from UCL on food inequalities and health impacts #foodsecurity meeting @warwickuni"},{"index":"221178870487973888","data":"Excellent overview of the challenges  due to food insecurity  by Liz Dowler @warwickuniversity  #foodsecurity meeting"},{"index":"221186412278583296","data":"Caroline Carney says food poverty is 10.3% in Ireland  - #foodsecurity meeting at @warwickuni"},{"index":"221187150354456576","data":"Next up Nicole Darmon from AMU on food poverty in France #foodsecurity meeting @warwickuni"},{"index":"221182533109420032","data":"Now up Caroline Carey from Food Poverty Network in Ireland on indicators in of food poverty #foodsecurity meeting @warwickuni"},{"index":"221205670400229376","data":"Terrifying statistics on food poverty in Germany presented by Sabine Pfeiffer #foodsecurity @warwickuni more similar to UK than expected"},{"index":"221205976638951424","data":"next up Deirdre O'Connor on Food and austerity in Ireland #foodsecurity @warwickuni  on policy choices"},{"index":"221187505867866112","data":"Nicole Darmon says premature mortality has doubled in France in last 40 years #foodsecurity @warwickuni --> is this really true?"},{"index":"221200380741156865","data":"Next up Prof. Sabine Pfeiffer from Munich on food and poverty in Germany #foodsecurity @warwickuni"},{"index":"221201157496909824","data":"Did tax require the creation of money or did money make tax possible? A chicken and egg debate with my co-author Ronen Palan this morning"},{"index":"221234950526091264","data":"Next up Janet Popendieck on charity and food security in USA #foodsecurity meeting @warwickuni"},{"index":"224556256277442560","data":"god-damned near infinite computing power, and we still don't use it to process and correlate ideas, just bare text strings. Where's my LSA?"},{"index":"221270661891506176","data":"An eco-friendly community crops up in Evia http://bit.ly/NgStFb  #greece #food"},{"index":"221271139715002371","data":"Now on Anne Bellows on Gender, Nutrition and the right to food #foodsecurity meeting @warwickuni"},{"index":"228940343117242369","data":"@leashless RT @CMastication Printing guns at home. That escalated quickly. http://globalguerrillas.typepad.com/globalguerrillas/2012/07/printing-weapons-at-home-for-fun-and-mayhem.html …"},{"index":"228976522629894145","data":"Now Cameron wants us to spend again. And borrow. Have we learned nothing? http://bit.ly/SXV4r3  Deborah Orr @guardian"},{"index":"234377340573061121","data":"New Hurricane App Brings American Red Cross Safety Information to Smart Phones http://bit.ly/Ob4cXk "},{"index":"232151489810948096","data":"Join us for the Hackathon for Disaster Response #h4d2 on social media and semantic web 21-23 September in Birmingham http://www.h4d2.eu/ "},{"index":"235426233385631744","data":"Hackathon  for Disaster Response #h4d2 using Semantic Web and Linked Data http://www.h4d2.eu/   21-23 September"},{"index":"235113931276951553","data":"Including banks in macro models (finally!) on @slideshare http://www.slideshare.net/emacampiglio/including-banks-in-macro-models-finally … via NEF"},{"index":"237184466341212160","data":"Listening to Martin Palmer and @dougald on sacred stories at #unciv"},{"index":"235454908759941120","data":"Clearly, both for a business and the system as a whole, capitalism needs unemployment to be flexible. So why are we surprised it persists?"},{"index":"240798702262943744","data":"Ancient Corinth deserted. Clearly all tourists at home reading @leashless's tweets"},{"index":"242671277083602944","data":"Back in Birmingham after holidays"},{"index":"242671596593102848","data":"@leashless and I had a fascinating trip to Greece"},{"index":"221234401856593921","data":"11.3% of Canadians face food insecurity - Rachel Loopstra-Master at #foodsecurity meeting @warickuni. Dominance of charity food giving"},{"index":"242672269757915136","data":"@ortholithos Good to meet you in Athens with @leashless. Keep in touch about your courses"},{"index":"245225260268527618","data":"Bill Mitchel on the Job Guarantee, speaking to the EC http://bit.ly/P6SkYr   excellent talk"},{"index":"245225755922006016","data":"Come to the  Hackathon for Disaster Response http://h4d2.eu/  21-23 Sept, fantastic problems to solve, free food, have fun, please RT"},{"index":"245492294877331457","data":"Come to the Hackathon for Disaster Response http://h4d2.eu/   21-23 Sept, fantastic problems to solve, free food, have fun, please RT"},{"index":"245493200545005569","data":"#Sahana Feed-Data Integration via GDACS - problem space at #h4d2  hackathon http://bit.ly/QaJtp3  please come and join us 21-23 Sept"},{"index":"245493395462713344","data":"Trust4news in Disaster - problem space in #h4d2 hackathon 21-23 Sept Birmingham http://bit.ly/QaJtp3  come join us"},{"index":"245492736927612930","data":"Mobile Field Geodata Collection (EpiCollect & Drupal) - one problem space at the Hackathon for Disaster Response  http://bit.ly/QaJtp3 "},{"index":"245493736858087427","data":"Social Media on the #Sahana Dashboard - problem space in #h4d2 hackathon 21-23 Sept Birmingham http://bit.ly/QaJtp3  come join us - free food"},{"index":"245494040504713216","data":"Geo-Services from Linked Open Humanitarian Data - probelm space in #h4d2 hackathon 21-23 Sept Birmingham http://bit.ly/QaJtp3  come link us"},{"index":"247391681341698048","data":"Join us Hackathon for Disaster Response http://h4d2.eu/   21-23 Sept, fantastic problems to solve, free food, have fun, please RT #H4D2"},{"index":"247392122867707908","data":"#Sahana Feed-Data Integration via GDACS - problem space at #h4d2 hackathon http://bit.ly/QaJtp3   come and join us 21-23 Sept"},{"index":"247392294402150400","data":"Trust4news in Disaster - problem space in #h4d2 hackathon 21-23 Sept Birmingham http://bit.ly/QaJtp3   come join us"},{"index":"247390891000610816","data":"Mobile Field Geodata Collection #EpiCollect & #Drupal) - one problem at Hackathon for Disaster Response http://bit.ly/QaJtp3   #H4D2"},{"index":"247392640977489920","data":"Geo-Services from Linked Open Humanitarian Data - probelm space in #h4d2 hackathon 21-23 Sept Birmingham http://bit.ly/QaJtp3   come link us"},{"index":"248323141665947649","data":"Oppose the new system in UK Higher Education - Sign the Petition http://www.gopetition.com/petitions/opposing-the-crisis-in-higher-education.html …"},{"index":"247392573407256576","data":"Social Media on the #Sahana Dashboard - problem space in #h4d2 hackathon 21-23 Sept Birmingham http://bit.ly/QaJtp3  come join us -free food"},{"index":"248366635910578176","data":"@dougald phonemically /b'izantain/ stress on first syllable, last syllable to rhyme with tyne not teen"},{"index":"249446733770289152","data":"Fantastic talks about emergency response and disaster management #h4d2"},{"index":"249446162296369152","data":"@leashless now talking at #h4d2"},{"index":"249487139908222977","data":"Never cheat a person who can put liquids in your body OH #h4d2"},{"index":"249032927919357952","data":"Rising inequality demonstrates we haven’t learned much http://bilbo.economicoutlook.net/blog/?p=21026 "},{"index":"249544962486722561","data":"@leashless now talking at #h4d2"},{"index":"249564301147398145","data":"Back soon with more refreshments #h4d2"},{"index":"250493338225111040","data":"Drone attacks in Pakistan are counterproductive, says report http://bit.ly/S0fg91  via @guardian"},{"index":"250978120159617025","data":"@leashless \"You are suffering from an embarrassment of witches\""},{"index":"250541858265104384","data":"Shadow via @tenorune http://industry.tumblr.com/post/1143415174/art-created-using-shadows-via-bopuc … (who's whole tumblr is great.)"},{"index":"251239694497640448","data":"Lindsay Harris from DEFRA now speaking at #IGfoodsecurity"},{"index":"251242667177046016","data":"Some platitudes on 'Sustainability is good business' #IGfoodsecurity - no mention of the incompatibility of sustainability with growth"},{"index":"251248194690891776","data":"Peter Gregory from Reading now speaking at #IGfoodsecurity on Global Food Security"},{"index":"251245092537499648","data":"Question about food security and climate change from Joresph Rowntree Trust  @jrf_uk #IGfoodsecurity"},{"index":"251239503614861313","data":"I am the Inside Government Food Security event today http://bit.ly/TF874A  #IGfoodsecurity"},{"index":"251249360749355009","data":"\"Sustainably intensify food production\" #IGfoodsecurity"},{"index":"251251076534247424","data":"Yield growth in crops has been limited to very few crop species - Peter Gregory at #IGfoodsecurity"},{"index":"251252564711075842","data":"It may be that things that are profitable for food companies may not be those that contribute to food security - Gregory at #IGfoodsecurity"},{"index":"251251505179533314","data":"A large amount of the increase in food yields has been achieved by the use of fossil fuels - Peter Gregory at #IGfoodsecurity"},{"index":"251261179425595392","data":"Good question on controlling markets from Martin Mortimer from Liverpool -  #IGfoodsecurity"},{"index":"251257343680077824","data":"Extensive criticism of planned CAP reforms from Peter Kendall at #IGfoodsecurity"},{"index":"251253140052127744","data":"Peter Kendall from #NFU now speaking at #IGfoodsecurity on 'Securing the Future of UK Farming'"},{"index":"251263094800658434","data":"Are we living in cloud  cuckoo land when it comes to climate change and food security? Question at #IGfoodsecurity . Answer yes by panelists"},{"index":"251271519169302528","data":"Jeanette Longfield from  suatainweb onUK Eating Habits now speaking at #IGfoodsecurity"},{"index":"251277060880883714","data":"Brilliant talk  from Jeanette Longfield at #IGfoodsecurity"},{"index":"251277225616343040","data":"Longfield - \"Do not be timid with your research\" at #IGfoodsecurity"},{"index":"251272505959002112","data":"Longfield speaking about the impact of labelling on food reformulation at #IGfoodsecurity"},{"index":"251301216452222976","data":"Douglass Kell of #BBSRC now speaking on research into food security and sustainability at #IGfoodsecurity"},{"index":"251306463136468992","data":"Sorry correction:  Graham Wilson from @EnvAgency now speaking on  Water Security at #IGfoodsecurity"},{"index":"251307093334822912","data":"Wilson discussing the importance of irrigation for farm production at #IGfoodsecurity and water is scarce in some areas"},{"index":"251278019090587648","data":"Graham Wilson from @EnvAgency now speaking on the Sheffield Food Plan at #IGfoodsecurity"},{"index":"251307303276535808","data":"Historic water abstraction has caused substantial problems - Wilson at #IGfoodsecurity"},{"index":"251325193904091136","data":"Excellent suggestions from Gerry Clinton for national contract for milk for schools - organic 1/3 carton he proposes , at #IGfoodsecurity"},{"index":"251327584401498112","data":"Richard Miller from @Innovate_uk now speaking at #IGfoodsecurity on the role of technology in food security"},{"index":"251323628300423168","data":"Gerry Clinton from Havering Borough now speaking at #IGfoodsecurity on sustainable food procurement"},{"index":"253094817955983360","data":"@benvickers_ hello I am a friend of @Dougald and @leashless. I need help with a video and Vinay said to ask you . DM if possible"},{"index":"258102734937534464","data":"Masterclass in Social media and resilience to disasters @astonuniversity #birmingham #smem #msgu http://bit.ly/RZB8Vn   5/6 Nov"},{"index":"251330381410861057","data":"Europe is 30% self-sufficient in protein, rest comes from North and South America. How can we improve self-sufficiency? at #IGfoodsecurity"},{"index":"254620058712694785","data":"Michael Pollan: A plant's-eye view http://on.ted.com/bBC0  #TED"},{"index":"258495466923241472","data":"One needs solid perceptual food same as one needs solid nutriment; without it, you die of bulk-hunger. - Shockwave Rider"},{"index":"257867605455556609","data":"Using Social Media to strengthen public resilience to disasters - Masterclasses 5/6 Nov 2012 - come join us http://bit.ly/RZB8Vn  please RT"},{"index":"258973991228801024","data":"Silent Circle: Mike Janke’s iPhone app makes encryption easy, governments nervous. http://www.slate.com/articles/technology/future_tense/2012/10/silent_circle_mike_janke_s_iphone_app_makes_encryption_easy_governments.html …"},{"index":"259194178884476928","data":"I have removed access to dozen  apps hoping this will solve the problem. Apologies for inconvenience"},{"index":"259193858020216832","data":"Some spam app has accessed my account so please ignore the tweets you recieve"},{"index":"259281618924097536","data":"I believe I have resolved the hacking but DM me if it is still happening"},{"index":"259526993463369728","data":"The end of the New World Order | Seumas Milne http://gu.com/p/3b9xb "},{"index":"259647005075337216","data":"Trying this new Twitter app: http://knowyourfollowers.com?t=43392knowyourfollowers.com/?t=43392  - helps you understand your followers with maps, stats and graphs. #KnowYourFollowers"},{"index":"259653556896948224","data":"Big, Smart and Green: A Revolutionary Vision for Modern Farming | Wired Science | http://Wired.com  http://www.wired.com/wiredscience/2012/10/big-smart-green-farming/ …"},{"index":"259942981224783872","data":"@roserrr go to Twitter's web page, log in to your profile, find on left side apps menu, and cancel all apps. Then change your password.  ..."},{"index":"259943205280305152","data":"@roserrr then you add back apps you trust"},{"index":"259942986656399360","data":"n add back only apps you trust"},{"index":"260878009509240832","data":"A Greek exit would not cause havoc | Bill Mitchell |  http://bit.ly/QLl7Pv "},{"index":"261119862095626240","data":"@markiliffe Sorry I thought I was following you. C.A.Brewster@aston.ac.uk couple of questions to ask you off line"},{"index":"259945486771970048","data":"@roserrr yes try not to ....;-)"},{"index":"262117115748818945","data":"I just saved my spot on @RebelMouse. Sign up now to reserve your username https://www.rebelmouse.com/ "},{"index":"263766445949874176","data":"Cracks in the ivory tower: is academia’s culture sustainable? http://theconversation.edu.au/cracks-in-the-ivory-tower-is-academias-culture-sustainable-8294 … via @conversationedu"},{"index":"264792928407416832","data":"Excellent meeting with @ladyniasan this afternoon, talking about #LOTE2 #edgeryders"},{"index":"264084638430007296","data":"@cbrewster @ladyniasan please talk about EdgeRyders in Brussels Dec6th - soon!"},{"index":"264069117177393152","data":"@cbrewster @ladyniasan please talk about EdgeRyders in Brussels Dec6th - soon!"},{"index":"265142368955682817","data":"@annlytical - right, you need to talk to @cbrewster and possibly @bendiken"},{"index":"265153800057286657","data":"@annlytical - right, you need to talk to @cbrewster and possibly @bendiken"},{"index":"264984020213956608","data":"@ladyniasan  Sophie's number +32 485 996310 so that you have coffee together about L'usine #LOTE2"},{"index":"264663593352572928","data":"@ladyniasan  44 Rue du Doyenne, Uccle http://goo.gl/maps/lcufJ   tram 51 stop Bens"},{"index":"265205295846932480","data":"Talking of being rude + uneducated, I got it wrong abt @leashless + #DarkMountain + apologise. Tho he still scares the willies out of me."},{"index":"265369547106828288","data":"Disaster 2.0 project Masterclasses in social media and emergency response http://bit.ly/RZB8Vn   5-6 Nov, hashtag #d2m1, #sandy #smem"},{"index":"265445003701125120","data":"@GlennSebright now speaking at #d2m1 on London Fire Brigade's use of #smem"},{"index":"265251930983514113","data":"BBC News - Storm Sandy: Cuomo and Bloomberg warn on NY housing http://bbc.in/WmDxhJ "},{"index":"265465273539260416","data":"@_JusTech_ @Fidget02 encouraging us all to tweet at #d2m1 ..."},{"index":"265461150832029696","data":"Today's programme for the Disaster 2.0 Masterclass available here:  http://bit.ly/RZB8Vn   #d2m1 #smem"},{"index":"265461724147236864","data":"Today's programme for the Disaster 2.0 Masterclass available here:  http://bit.ly/RZB8Vn   #d2m1 #smem"},{"index":"265454375093280768","data":"Lively Q/A session here at #d2m1 following @glennsebright @LondonFire talk. Great questions, great answers"},{"index":"265475864572084227","data":"Can we be punished for what we say on Twitter? #d2m1 question from the floor"},{"index":"265476171947462656","data":"Some relevant documents for this masterclass are on our repository http://bit.ly/SnCCq9  #d2m1"},{"index":"265475685299154946","data":"What is the corporate voice? How do you manage that? #d2m1 comment from floor"},{"index":"265476962712182784","data":"Next up Eva Barnveld National Crisis Centre Netherlands #d2m1 Disaster 2.0 project"},{"index":"265480750667812864","data":"Eva Barnveld considers it ridiculous to try to be \"quicker\" than social media #d2m1"},{"index":"265452435399655424","data":"Today's programme for the Disaster 2.0 Masterclass available here:  http://bit.ly/RZB8Vn   #d2m1 #smem"},{"index":"265481955162861569","data":"@YvesDEer: Social media manager #NYFD Emily Rahimi was a Twitter Lifeline for 53,000 followers #Sandy  http://bit.ly/SnFSll  #d2m1"},{"index":"265478894885421056","data":"Yes, we can @cbrewster Can we be punished for what we say on Twitter? #d2m1 question from the floor http://twitpic.com/bals0n "},{"index":"265490579167793152","data":"Dramatic story of the dangers of Project X Harem party deriving from a facebook party invitation from Eva Barnveld #d2m1"},{"index":"265496644173324288","data":"@leashless How do you set up your camera to live stream to twitter? Are there any instructions online you can point me to?"},{"index":"265494714835431424","data":"@leashless How do you set up your camera to live stream to twitter? Are there any instructions online you can point me to?"},{"index":"265492363839930371","data":"@leashless How do you set up your camera to live stream to twitter? Are there any instructions online you can point me to?"},{"index":"265499433381265408","data":"Make it visual, make it easy, make it relevant _JusTech_ at #d2m1"},{"index":"265499930007859200","data":"You can do all this in your spare time, but be careful it is addictive @_JusTech_ #d2m1"},{"index":"265593347568201729","data":"@ladyniasan  Sophie's number +32 485 996310 so that you have coffee together about L'usine #LOTE2"},{"index":"265762412500754432","data":"Another article on Occupy #Sandy http://nyr.kr/REqZKX  #d2m1"},{"index":"265762694869700608","data":"@EM_antw pointing out different SM networks have different coverage in different countries/communities #d2m1"},{"index":"265493692360568832","data":"Now up Justinne Mackinnon @Fidget02 @_JusTech_ at #d2m1"},{"index":"265765467036205057","data":"@EM_antw showing fantastic slide with correlation between smoke and tweet distribution #d2m1"},{"index":"265777907543191553","data":"Amazing mindmap of SM in the Catalan government from @homedesmarc  #d2m1"},{"index":"265762961073778691","data":"So, what dya all think of contactless payment with credit cards? Fewer paper receipts definitely appeals. Any downsides, security aside?"},{"index":"265831321325150208","data":"#xapl Police station: Myfavourite, StrangeAlley 234, Birmingham, B45AB (test)"},{"index":"265807807675236352","data":"#sukey presenting serious challenge to policing according to @suptpaynewmp #d2m1"},{"index":"266251169331040256","data":"@ladyniasan  Sophie's number +32 485 996310 so that you have coffee together about L'usine #LOTE2"},{"index":"266242466804535296","data":"@ladyniasan  Sophie's number +32 485 996310 so that you have coffee together about L'usine #LOTE2"},{"index":"265830013910265856","data":"#xapl police station: Nechells Police Station (sub station), Fowler Street, Birmingham, B7 5DA"},{"index":"266901580186525697","data":"#sukey presenting serious challenge to policing according to @suptpaynewmp #d2m1"},{"index":"267310281590444032","data":"Sainsbury's use of the Red Tractor Logo - Red Tractor Assurance http://eeie.io/XnQCXg "},{"index":"267681255519293440","data":"The Fisher King | Jay Griffiths | Orion Magazine http://www.orionmagazine.org/index.php/articles/article/7145 …"},{"index":"268079140249407488","data":"http://www.guardian.co.uk/science/blog/2012/nov/12/pampered-humanity-less-intelligent …"},{"index":"268400080602660864","data":"#anonymous and #lulsec have done more for UK cybersecurity than anyone else"},{"index":"268434345361039360","data":"After a day at the #ISRS launch with lots of talk about innovation, now at the real coal face #findbetterproblems #gfn with real innovators"},{"index":"268436198991749120","data":"@gnewtcargo speaking at #findbetterproblems. Great idea!"},{"index":"268444873785479168","data":"#findbetterproblems so good to hear people's enthusiasm and ideas"},{"index":"268368264026009601","data":"Keynes is a real strategist"},{"index":"268745123691630592","data":"Italy floods prompt fears for future of farming http://gu.com/p/3bnpy/tw  via @guardian"},{"index":"268874200960339969","data":"@cbrewster Hi there, do you know what bandwidth you guys have at your place in bxl next to l'usine?"},{"index":"268764864758034432","data":"@ladyniasan  The bandwidth is a normal household broadband from Belgacom.  I cannot test it from here but I expect less than 10Mb"},{"index":"269000678272290818","data":"@ladyniasan Find me on Skype later on to explain what you mean - christopherbrewster"},{"index":"268874537431605249","data":"@cbrewster ok so maybe not great having 100 + people in there trending on twitter :)"},{"index":"269125988175192064","data":"@cbrewster Hi there, do you know what bandwidth you guys have at your place in bxl next to l'usine?"},{"index":"270327813880561664","data":"Governments that deliberately undermine their economies | Bill Mitchell #MMT http://bit.ly/Wfz8Y2 "},{"index":"270286914685378560","data":"Okay that is approaching something resembling more than a sticking plaster - where is the $2 trillion going to come from?"},{"index":"270432355544621056","data":"@ladyniasan Q. is can they sort out by 4th December?"},{"index":"270432077395152897","data":"@ladyniasan Before we complicate life, contact Belgacom  0800 55 500 - we need Internet Pro Extended and they do a temporary contract."},{"index":"268999979119566848","data":"@cbrewster Hi there, do you know what bandwidth you guys have at your place in bxl next to l'usine?"},{"index":"271206413659934720","data":"Is Gideon Levy the most hated man in Israel or just the most heroic? - Middle East - The Independent http://www.independent.co.uk/news/world/middle-east/is-gideon-levy-the-most-hated-man-in-israel-or-just-the-most-heroic-2087909.html … via @Independent"},{"index":"270434683056189440","data":"@ladyniasan In my previous tweet:  0800 55 500 or +32 2 819 11 36"},{"index":"270565026367152129","data":"SMERST 2013: Social Media and Semantic Technologies in Emergency Response conference  http://bit.ly/RKJiQo   April 2013 #smem #semanticweb"},{"index":"271391527509581827","data":"@ladyniasan sorry to hear that. Did anyone call them to check?"},{"index":"276762714876022785","data":"If you are sleeping at L'Usine and need to get in, knock at No. 44 to be let in to No. 40. Back about 10:30 #LOTE2"},{"index":"276677586258649088","data":"Democracy is crap at choosing a high quality dictator ... from a conversation with @leashless #LOTE2"},{"index":"276987361659846658","data":"Interview: Nic Marks, creator of the Happy Planet Index - video http://gu.com/p/3c2hz/tw  via @guardian"},{"index":"277060267748229120","data":"We need help at L'Usine setting up the party. Anyone not busy please come and help. #LOTE2"},{"index":"272298198326976513","data":"Is worried someone I know might be going senile. The quality of their thinking is dropping at an alarming rate. #ageingbites"},{"index":"275573936211763200","data":"@cbrewster what u doing w'end of 15-16 dec ?building my hexa if you are free to join in ? in deepest devon fyi"},{"index":"277071524995940352","data":"@ladyniasan we need your hifi/ amp forth party. Can you bring it? #lote2 "},{"index":"277084455670263808","data":"@ladyniasan we are sorted wrt. Amplifier no need to bring it #Lote2 "},{"index":"278623776764215296","data":"The Vertical Farming Scam » Counterpunch:  http://www.counterpunch.org/2012/12/11/the-vertical-farming-scam/ …"},{"index":"277801632480256000","data":"\"Artists are jerks - they cost the state money, they're like hippies and anarchists. Knowledge Integrators offer future prosperity.\" #LOTE2"},{"index":"279259630562050049","data":"A Eulogy for #Occupy | Wired Opinion | http://Wired.com  http://www.wired.com/opinion/2012/12/a-eulogy-for-occupy/all/ …"},{"index":"279360847229374465","data":"http://guardian.co.uk  article - UK's food poverty revealed: nutrition falls as fruit and veg prices rise http://gu.com/p/3cg3n "},{"index":"279495471716773888","data":"Inventor of the Barcode has died - If+It’s+for+Sale,+His+Lines+Sort+It http://nyti.ms/VBMuNQ "},{"index":"281359892785295360","data":"Social Media and Semantic Web for Emergency response Conference SMERST 2013| deadline 20 January| http://www.disaster20.eu/smerst-2013/call-for-papers/ …"},{"index":"281367224835534848","data":"@cbrewster http://boingboing.net/2012/12/17/machine-learning-algorithm-dev.html … filtering tweets in disasters"},{"index":"277803501705363457","data":"\"Artists are jerks - they cost the state money, they're like hippies and anarchists. Knowledge Integrators offer future prosperity.\" #LOTE2"},{"index":"283850648833892353","data":"The importance of beauty in defeating AI ¦ http://magazine.storycollider.org/2012/features/the-departed-queen/ …"},{"index":"281367681444245504","data":"Machine-learning algorithm develops heuristics for trustworthy tweets in time of emergency  (...) http://bo.tt/6r7cr "},{"index":"285058132705689600","data":"My Best Gift, Ever: I Saw the Solution to World Hunger http://huff.to/UthFib  via @HuffPostGreen"},{"index":"286757406543867905","data":"Masterclass \"Disaster information: the use of social media and semantic technologies\n\" 16-17 January #brussels #smem http://ow.ly/gvcV2 "},{"index":"287881376856940544","data":"Japan’s urban agriculture: cultivating sustainability and well-being - United Nations University http://unu.edu/publications/articles/japan-s-urban-agriculture-what-does-the-future-hold.html …"},{"index":"288684244002279424","data":"Microsoft Silicon Valley offices raided with only iPads stolen http://gu.com/p/3dv79/tw  via @guardian"},{"index":"290516402006278144","data":"Videos from Disaster 2.0 Masterclass 1 now available on Youtube http://bit.ly/V5xcE6   #smem enjoy!"},{"index":"284335098873139200","data":"#smerst13: Social Media and Semantic Technologies in Emergency Response\n15-16 April 2013 http://ow.ly/gnQOF  deadline 20/01/13 #smem"},{"index":"286756513299697664","data":"Disaster 2.0 project's Masterclass 2 \"the use of social media and semantic technologies\" http://ow.ly/gvcNL  16-17 January | come join us"},{"index":"291514789526634496","data":"#D2M2 Masterclass details are here  http://bit.ly/ZWGwtn   #smem"},{"index":"291554443244236800","data":"#D2M2 Kostis Kyzirakos explaining spatial/temporal #RDF for fire monitoring #semanticweb"},{"index":"291525380240715777","data":"#D2M2 Tomi Kauppinen now speaking on \"Visualizing and Interacting with Linked Data about Disasters\"  http://bit.ly/ZWGwtn "},{"index":"291516383727067137","data":"#D2M2 @wildflyingpanda from @ejcnet now speaking on \"Emergency journalism in the age of big data\" at D2 Masterclass http://bit.ly/ZWGwtn "},{"index":"291562980770975746","data":"#D2M2 Ian Reed on \"Coastal #flooding  in Lincolnshire, understanding our audience\" #smem"},{"index":"290516878508580864","data":"Reminder: #SMERST conference on social media, semantic web and disaster response http://bit.ly/VPmm1u  deadline 27th January"},{"index":"291514486580445184","data":"#D2M2 Masterclass in social media and semantic web now kicking off with Rina Tsubaki from European Journalism Centre"},{"index":"291820206920187904","data":"#D2M2 \"Twitter Day\" at Greater Manchester Police in October 2010 used to explain how police operate"},{"index":"291819617968586752","data":"#D2M2 Day 2: Amanda Coleman  of @gmpolice speaking now on \"Social Media at times of crisis\" #smem"},{"index":"291822029190082560","data":"#D2M2 @gmpolice had a clear strategy to be trusted source via Twitter during UK riots in 2011, via Amanda Coleman"},{"index":"291823723118473216","data":"#D2M2 @gmpolice now use #pinterest as well as #flickr, #facebook and #twitter, via Amanda Coleman"},{"index":"291825202000703488","data":"Amada Coleman explaining how to handle an inappropriate tweet - apologize, explain, get feedback, @gmpolice #D2M2"},{"index":"291828343626674176","data":"@gmpolice has 117,000 follows, more than readership of local newspaper, and people expect certain level of service, via @amandacomms #D2M2"},{"index":"291837069091815424","data":"@valenitna now speaking at #D2M2 about twitter usage during the 2011 heatwave"},{"index":"291839848870969344","data":"@valenitna speaking about identifying areas most affected by heatwave based on key terms in Twitter #D2M2"},{"index":"291846303065985024","data":"Great methods and insights in @valenitna and @alt_crisci work presented at #D2M2"},{"index":"291820934694858752","data":"#D2M2 Manchester police @gmpolice in UK have about 170 people putting out information on Twitter, via Amanda Coleman"},{"index":"291878568558989312","data":"@bertbrugghemans now speaking  on \"Using information from social media for emergency operations\" #D2M2 #smem"},{"index":"291856469035458561","data":"Kyla Evans  from @eurocontrol  speaking  Eyjaflallajokull Volcano - the use of social media to return stranded travellers home #smem #D2M2"},{"index":"291884366945202177","data":"@bertbrugghemans make the point that tweets are no more or less reliable than 112/999 calls #D2M2"},{"index":"291893601254899714","data":"Lukasz Bombala now speaking on \"Crisis management in Malopolska voivodship and the usage of IT tools\" #D2M2"},{"index":"292042638314590208","data":"Amada Coleman explaining how to handle an inappropriate tweet - apologize, explain, get feedback, @gmpolice #D2M2"},{"index":"291887560366620672","data":"Excellent advice to researchers and developers from @bertbrugghemans \"keep it simple if you want us to use your tools\" #D2M2 #smem"},{"index":"293130094568960001","data":"Could you share your presentation from thursday @amandacomms Slideshare or dropbox would be nice! cc @DeFlik @BertBrugghemans"},{"index":"294719963552444416","data":"Health of humans affected by health of trees http://www.eurekalert.org/pub_releases/2013-01/ufs--tah011613.php …"},{"index":"293120816672030720","data":"Could you share your presentation from thursday @amandacomms Slideshare or dropbox would be nice! cc @DeFlik @BertBrugghemans"},{"index":"294454076526174209","data":"Reminder: #SMERST13 deadline 27 January (academic)  3 February (practitioners) http://bit.ly/Vlsl4G  #SMEM #linkeddata #semanticweb #disaster"},{"index":"296894659299536897","data":"#smartagrifood stakeholder event http://bit.ly/XUf9P8  plus training course Future Internet and #agri-food  http://bit.ly/XUftO3  5-6th March"},{"index":"299311000295964672","data":"US farmers may stop planting GMs after poor global yields - 2/6/2013 - Farmers Weekly http://www.fwi.co.uk/articles/06/02/2013/137518/us-farmers-may-stop-planting-gms-after-poor-global-yields.htm …"},{"index":"297121991679434753","data":"Field work's dirty secret: agribusiness exploitation of undocumented labor | Sadhbh Walshe http://gu.com/p/3det5 "},{"index":"297263850980528128","data":"Aaron Swartz, JSTOR: MIT can make academic journals open to everyone. - Slate Magazine - http://www.slate.com/articles/technology/technology/2013/01/aaron_swartz_jstor_mit_can_honor_the_internet_activist_by_fighting_to_make.html …"},{"index":"299311720483151872","data":"Flying drones watch over farmers' fields - 2/5/2013 - Farmers Weekly http://bit.ly/14ThIHU "},{"index":"296537240404897793","data":"GTAs available for PhD study at @astonbusiness deadline 19 April. Come join us! http://bit.ly/VvaE2B "},{"index":"300969082549850112","data":"University of Oxford to identify 'stranded' high carbon assets http://gu.com/p/3dy75/tw  via @guardian"},{"index":"300239078224437248","data":"Aldi confirms up to 100% horsemeat in beef products http://gu.com/p/3dky9/tw  via @guardian"},{"index":"299414324840108032","data":"Average UK  #food or #grocery bill would be £450 if it had risen in line with housing inflation since 1970 @guardian  http://gu.com/p/3dj2g/tw "},{"index":"300961914073251840","data":"Traceability: Tracking from Farm to Fork  http://bit.ly/12G3JFX   #HarvestMark"},{"index":"301251325063229440","data":"Vers une \"mise sous surveillance\" de la filière viande en France - http://www.lemonde.fr/tiny/1829895/ "},{"index":"301248017254719488","data":"http://guardian.co.uk  article - Food and drink firms undermining public health policy, say scientists http://gu.com/p/3dyqc "},{"index":"301758834962206721","data":"Horsemeat scandal exposes the cheap food imperative | John Harris http://gu.com/p/3dybn/tw  via @guardian"},{"index":"302041789924245504","data":"@bodaceacat Sara I sent you an invitation concerning SMERST. Please respond  ... positively"},{"index":"301959489660268545","data":"Horsemeat scandal: the lesson from a Japanese car manufacturer | John Seddon - http://m.guardian.co.uk/commentisfree/2013/feb/13/horsemeat-scandal-japanese-car-manufacturer-lesson …"},{"index":"302464109704785920","data":"The European trade in horsemeat mapped - interactive http://gu.com/p/3dztb/tw  via @guardian"},{"index":"302887496738553856","data":"Probing Impact of Warming On the World's Food Supply by Olive Heffernan: Yale Environment 360 from @YaleE360 http://e360.yale.edu/feature/probing_impact_of_warming_on_the_worlds_food_supply/2616/ …"},{"index":"302888345497919488","data":"Renewable energy now cheaper than new fossil fuels in Australia | Bloomberg New Energy Finance http://about.bnef.com/2013/02/07/renewable-energy-now-cheaper-than-new-fossil-fuels-in-australia/ … via @BloombergNEF"},{"index":"303463114412814336","data":"How geography can facilitate supply chain integrity http://www.geovation.org.uk/geography-and-supply-chain-integrity/ … @Food_Nation @city_farmers @Sustaination @GeoVation #opendata"},{"index":"303102963965100033","data":"The meat scandal shows all that is rotten about our free marketeers | Will Hutton http://gu.com/p/3dp9c/tw  via @guardian"},{"index":"303091991632285696","data":"As the horsemeat scandal shows, thuggish supermarkets are endangering our food supply | Jay Rayner http://gu.com/p/3dp9k/tw  via @guardian"},{"index":"304574657762312193","data":"Life as the spouse of a suspected al-Qaida terrorist http://gu.com/p/3evt7/tw  via @guardian"},{"index":"303769310520811520","data":"http://guardian.co.uk  article - Online grocery market will double within five years http://gu.com/p/3dqbx "},{"index":"303971230300663809","data":"Very beautiful, very terrible http://bit.ly/132jTte  @midwayjourney"},{"index":"303770961126248448","data":"http://guardian.co.uk  article - How to turn a housing crisis into a homeless catastrophe http://gu.com/p/3dqa7 "},{"index":"306296712832614400","data":"Tell @edfenergy to drop legal action against No Dash for Gas activists https://www.change.org/en-GB/petitions/tell-edfenergy-to-drop-legal-action-against-no-dash-for-gas-activists … via @change"},{"index":"308317542093574144","data":"#h4d2 Hackathon for Disaster Response 2.0 (Take 2) http://h4d2.eu/  - contribute challenges/problems by 22 March #smem #lod #semantic"},{"index":"309263470820483072","data":"#h4d2 Hackathon for Disaster Response 2.0 (Take 2) http://h4d2.eu/  - contribute challenges/problems by 22 March #smem #lod #semantic"},{"index":"309338639429693440","data":"@h4d20 I think you should get ourselves & @humanityroad to give a joint presentation on our work in the Rockaways after #Sandy. #cuttingedge"},{"index":"309453569671716864","data":"The absurdity of Michael Porter's ideas on strategic management  http://onforb.es/105SgMM "},{"index":"309745497457963008","data":"Social Media and Linked Data for Emergency Response (SMILE) workshop at #eswc has extended deadline to 11 March http://bit.ly/XVNlwz  #smem"},{"index":"309360598746025985","data":"@cbrewster I sent you a message through Linkedin yesterday. Just wondering if you received it?"},{"index":"309942046708342784","data":"Publication Bias (or, Why You Can't Trust Any of the Research You Read) - Forbes http://onforb.es/yxA8KK "},{"index":"310388892366942210","data":"Programme | SMERST 2013: Social Media and Semantic Technologies in Emergency Response http://ow.ly/iCCjV "},{"index":"311121766338682880","data":"@dymaxion on \"Politics and Infrastructure Failure\" http://ow.ly/iKgQ7  @AstonBusiness today 17:00 or watch http://ow.ly/iKhgl "},{"index":"311730199567937536","data":"Six in 10 have changed shopping habits since horsemeat scandal, survey finds - http://gu.com/p/3eckb "},{"index":"312836912350121985","data":"@EE Second month running you are charging me for calls from the Netherlands. You promised a refund but zilch. #fail #roaming #ee"},{"index":"311858698727354368","data":"Police blogger quits as officers come under pressure over unofficial tweets http://gu.com/p/3edf6/tw  via @guardian #smem"},{"index":"311560042178560001","data":"Food is the Solution: Growing Your Own Food is Like Printing  Money That’s Why SWAT Teams Come Down on Gardeners! http://awe.sm/iEFF5 "},{"index":"313548324961677312","data":"Great to have @cbrewster here in Stockholm this w/e. Many fascinating conversations. (Now on a crash course in Modern Monetary Theory...)"},{"index":"313919087048810496","data":"Troika Technical Manual: How to wreck (another) country? - http://bilbo.economicoutlook.net/blog/?p=23094  Bill Mitchell on #Cyprus #mmt"},{"index":"313015770848296961","data":"@cbrewster Hi, please can you follow us and continue to follow, so that I am able to DM you back, thank you."},{"index":"313306108582322177","data":"What is Modern Monetary Theory, or \"MMT\"? http://bit.ly/ZAJVIZ  #mmt"},{"index":"315077141987487744","data":"Stopping a CAFO: The Biggest Victory You Never Heard About - http://civileats.com/2013/03/22/stopping-a-cafo-the-biggest-victory-you-never-heard-about/ …"},{"index":"315716148761096192","data":"The chancellor is for turning after all. And, whisper it, he's switching to Keynes | Will Hutton http://gu.com/p/3ek78 "},{"index":"314871472336273409","data":"Reminder #H4D2 hackathon problems due today 22 March http://ow.ly/jiMqx  #smem #semanticweb"},{"index":"318976882076954625","data":"Challenges have been added to the #h4d2 website http://h4d2.eu/problem-space/  #hackathon we welcome more!"},{"index":"318709289915133952","data":"Guardian launches 'augmented reality' specs to offer immersive liberal insight - http://gu.com/p/3ezge "},{"index":"314068429982281728","data":"Non-GM food labelling brought to UK http://www.globalmeatnews.com/Industry-Markets/Non-GM-food-labelling-brought-to-UK …"},{"index":"313004856124264450","data":"Discussing whether @cbrewster should stand as a Green Pirate at the next UK general election."},{"index":"318975405132505089","data":"I think a solid symposium on updating Gandhi's work for the new technologies on the table would be a really good idea. Who's got the mojo?"},{"index":"319684667907387392","data":"Identities of the rich who hide cash offshore - http://po.st/wMnujT "},{"index":"319787363293339649","data":"Mythbusters: \"Britain is broke - we can't afford to invest\"| http://po.st/0aFQCM "},{"index":"321555152903471104","data":"The Global Rise of a Regulatory Superstate in Europe by Anu Bradford - The Globalist http://www.theglobalist.com/storyid.aspx?storyid=9871&utm_source=British+Influence+supporters&utm_campaign=87d0123d52-EuropeWatch+2013-04-09&utm_medium=email …"},{"index":"319919922908102656","data":"Accounting regulations can change - Bill Mitchell on #Cyprus #mmt http://po.st/zg8Ydh "},{"index":"321741288204554241","data":"How to save the European Union | George Soros http://gu.com/p/3f26e "},{"index":"321235156423827458","data":"Reminder: come and join the #h4d2 Hackathon for Disaster Response http://h4d2.eu  Friday - Sunday 12-14 April #smem #semanticweb #lod"},{"index":"322416916780179456","data":"Neruda, Pinochet, and Thatcher: Finding Justice in a Poet’s Exhumed Remains : The New Yorker -  http://www.newyorker.com/online/blogs/comment/2013/04/neruda-pinochet-thatcher-chile-murder-exhumed.html?mbid=social_mobile_tweet …"},{"index":"322769635395112960","data":"#h4d2 @markiliffe talking about @taarifa_org"},{"index":"322490457701638145","data":"@h4d20 @cbrewster ETA Birmingham about 8:30PM. See you then!"},{"index":"322771858497884160","data":"#h4d2 @bodaceacat  discussing open defecation data"},{"index":"322775370095009792","data":"#h4d2 Shuangyan discussing D2's ontology framework"},{"index":"322776717380960256","data":"#h4d2 @bodaceacat talking about the ACAPS challenge"},{"index":"322774534673551360","data":"#h4d2 Seyyed Shah talking about D2's Sierra tool"},{"index":"322777421411667968","data":"#h4d2 @bodaceacat now talking on #hunchworks"},{"index":"322766922238279680","data":"#h4d2 lightening talks starting #smem"},{"index":"322785307609153536","data":"#h4d2 lively discussion about food and disasters"},{"index":"322815305518813184","data":"@leashless we have finished and I wsnt to fetch you from the station and go home"},{"index":"322815090405564416","data":"@leashless have you arrived?"},{"index":"322808048290770944","data":"#h4d2 lively discussion about food and disasters"},{"index":"322845478087712769","data":"Great start this evening to #h4d2 excellent ideas and discussions.  I look forward to tomorrow"},{"index":"323002083777314817","data":"@cbrewster Morning! Am at main reception of main building - where should I be ? ;)"},{"index":"323144772783054849","data":"Solving the airport power socket problem for humanitarian disaster relief #h4d2 http://ow.ly/k2j0y "},{"index":"323173070997172225","data":"Synthetic anti-malaria compound is bad news for artemisia farmers | Jim Thomas http://gu.com/p/3f5x7 "},{"index":"323765857253748738","data":"#smerst13 starting - everyone having lunch great conversations #h4d2"},{"index":"323354990016090112","data":"#h4d2 people getting started for the day"},{"index":"323048751419781122","data":"#h4d2 just finished a delicious lunch for the hackathon provided by @changekitchen"},{"index":"323799673464815616","data":"#smerst13 @semanticfire just finishing on fighting fires with semantic web technology #lod"},{"index":"324104438287564800","data":"#smerst13 excellent talk by @erapisardi of the multiple standards and confusions concerning emergency alerts in Italy"},{"index":"323857065397338112","data":"#smerst13 dinner very convivial http://ow.ly/i/1TGE2  #h4d2"},{"index":"323801502776963073","data":"#smerst13 Vita from @oakgroup now speaking on semantic forms to correlate emergency information in control rooms"},{"index":"324104600233861121","data":"#smerst13 now listening to Juan Sixto on geo-location of tweets"},{"index":"323908581139292161","data":"Absurdly enjoyable conversations tonight with @lishevita @cbrewster @hornbein @pmason00"},{"index":"324438542698807296","data":"The wealth imbalances aren't a problem: the living conditions of the worse off are a problem. You don't need a mandate to stop starvation."},{"index":"324436546872823808","data":"The wealth imbalances aren't a problem: the living conditions of the worse off are a problem. You don't need a mandate to stop starvation."},{"index":"324414618489454592","data":"The wealth imbalances aren't a problem: the living conditions of the worse off are a problem. You don't need a mandate to stop starvation."},{"index":"324536552908783618","data":"@LDNLutonAirport No sockets available anywhere after security! How do you expect busy travellers to work on their laptops. Sockets locked!!"},{"index":"324438970467508226","data":"The wealth imbalances aren't a problem: the living conditions of the worse off are a problem. You don't need a mandate to stop starvation."},{"index":"324536939652993024","data":"@LDNLutonAirport lack of sockets in Luton Airport - total #fail - also @easyjet staff tell me to go through security to find sockets but 0"},{"index":"324541088150990849","data":"@LDNLutonAirport No sockets available anywhere after security! How do you expect busy travellers to work on their laptops. Sockets locked!!"},{"index":"326312312573140992","data":"There's no need for all this economic sadomasochism | David Graeber - http://gu.com/p/3fa5e  @dougald @leashless "},{"index":"324837838648659969","data":"if you're in Birmingham/have friends in Birmingham, you/they need to see this on Sunday. http://www.lobelia.net/wordpressblog/category/lazy-sundays/ … #GigOfTheYear"},{"index":"327012128273887232","data":"If Abenomics works, Britain's leaders will look like monkeys | Simon Jenkins - http://gu.com/p/3fby6 "},{"index":"326997153555816448","data":"Birmingham folks, I'm doing a free public talk at Aston Business School on the evening of 2nd May - http://www1.aston.ac.uk/aston-business-school/research/groups/oim/events/stormblowing/ …"},{"index":"329523675969769473","data":"@solobasssteve @orangejon In case you guys are around tomorrow night, be lovely to see you! http://www1.aston.ac.uk/aston-business-school/research/groups/oim/events/stormblowing/ …"},{"index":"329698646394298368","data":"@dougald speaking @astonbusiness @astonuniversity Thursday 18:00 \"A Storm is blowing in from Paradise\" all welcome http://ow.ly/kCn8U "},{"index":"330023432370667521","data":"\"Meaning is connected to the things we can't measure and our connection to the past\" @dougald @astonbusiness  @astonuniversity"},{"index":"330068607948161025","data":"@solobasssteve  suggests @dougald is a friedmantite shaman"},{"index":"330016544694349824","data":"@dougald mentions @andrewjtaggart in his discussion of the Invisible College @astonbusiness @astonuniversity"},{"index":"336054315330453505","data":"@cbrewster you're immobilized, why not take a break and go see this?"},{"index":"329594370338742273","data":"@JoelSalatin giving great talk at the UK APPG on agroecology meeting"},{"index":"337597303965761537","data":"Victory! IDS's use of stats will be investigated after 96k signed Jayne & Debbie's @ukchange petition http://chn.ge/10dgOnZ "},{"index":"338934504880222208","data":"Going back to school today! Starting Swedish for Immigrants course this afternoon. Wish me luck!"},{"index":"341967922916364288","data":"@cbrewster folks asking, how can we actually trust this is a \"fairphone\"? Thoughts? http://www.fairphone.com/ "},{"index":"340763594100719616","data":"How Cooking Can Change Your Life: Michael Pollan at the RSA http://youtu.be/Q-BijoVKrBI  Brilliant!"},{"index":"342154086805819392","data":"How to destroy the future | Noam Chomsky - http://gu.com/p/3gb4z "},{"index":"343858946567700481","data":"Edward Snowden: the whistleblower behind the NSA surveillance revelations -http://gu.com/p/3gec7 "},{"index":"348582061457670144","data":"@leashless @smarimc no society so far has been both free and without oppression, usually of some invisible other. We hope that it possible."},{"index":"348066691462336512","data":"Why NSA surveillance is a threat to British doctors and lawyers | Ross Anderson http://gu.com/p/3gmak "},{"index":"348720449691189248","data":"How austerity has failed.  Martin Wolf in NYRB http://ow.ly/1XTrN1 "},{"index":"348807641218293760","data":"Blog entry about illegibility, the quest for the upper right quadrant, and orgasm-based media theory : http://blog.bl00cyb.org/2013/06/becoming-structured/ …"},{"index":"349893735527628801","data":"A Round Up of the Situation in Greece. http://www.2ndcouncilhouse.co.uk/blog/2013/06/14/a-round-up-of-the-situation-in-greece/ … - yikes."},{"index":"350234228945981442","data":"Questions. 1) Is terrorism going to sharply increase if #PRISM etc. is reined in? 2) Are there other approaches we could use instead?"},{"index":"349192176040804352","data":"When Jeremy Hunt can become health secretary, it's a sign Britain is sick | Oliver James http://gu.com/p/3gz5n "},{"index":"350236794786299904","data":"Questions. 1) Is terrorism going to sharply increase if #PRISM etc. is reined in? 2) Are there other approaches we could use instead?"},{"index":"350234533385342976","data":"Questions. 1) Is terrorism going to sharply increase if #PRISM etc. is reined in? 2) Are there other approaches we could use instead?"},{"index":"350236173475643393","data":"Questions. 1) Is terrorism going to sharply increase if #PRISM etc. is reined in? 2) Are there other approaches we could use instead?"},{"index":"350237100383277057","data":"Questions. 1) Is terrorism going to sharply increase if #PRISM etc. is reined in? 2) Are there other approaches we could use instead?"},{"index":"350312719703998465","data":"@leashless Athens airport metro station patrolled by black clad #goldendawn character #greece"},{"index":"350266188074450947","data":".@evangineer completely wasted most of that year barking up an end I could have told them was dead in about two hours of analysis. teh suck."},{"index":"353131141097730050","data":"France 'runs vast electronic spying operation using NSA-style methods' http://gu.com/p/3h4hn/tw "},{"index":"350619397246824449","data":"Let's not martyr the white-throated needletail to the anti-wind cause | Harry Huyton http://gu.com/p/3hvt3 "},{"index":"351351332860469248","data":"Waiting now more than 30 minutes for baggage at #manchesterairport fail @easyjet"},{"index":"354611176568655872","data":"How cryptography is a key weapon in the fight against empire states | Julian Assange - http://gu.com/p/3h6zn "},{"index":"355792878297038849","data":"LibreOffice kerning is so bad that I seriously might switch back to Macintosh to get away from it. It's horrific, like something from SAW."},{"index":"357428108502110208","data":"Take 2 'normal' people, add money to just one of them, and watch what happens next (via @Upworthy) http://www.upworthy.com/take-two-normal-people-add-money-to-just-one-of-them-and-watch-what-happens-next?g=2 …"},{"index":"357532551952347136","data":"@willowbl00"},{"index":"357516397066194947","data":"My mom's not-great .US to .IT adapter means her comp is shocking her. Bad for laptop, or just humorous?"},{"index":"357545814408699907","data":"My mom's not-great .US to .IT adapter means her comp is shocking her. Bad for laptop, or just humorous?"},{"index":"359427253844713472","data":"I'm proud of my daughter's abortion bill placard, despite the backlash | Billy Cain http://gu.com/p/3hf49 "},{"index":"359612925511614465","data":"I wonder if http://www.3ders.org/articles/20130723-microsoft-research-working-on-embedding-id-tags-in-3d-printed-objects.html … will speed up embedding of identifiers in individual food items http://qz.com/86685/the-audacious-plan-to-end-hunger-with-3-d-printed-food/ … /cc @cbrewster"},{"index":"359631273431547904","data":"I wonder if http://www.3ders.org/articles/20130723-microsoft-research-working-on-embedding-id-tags-in-3d-printed-objects.html … will speed up embedding of identifiers in individual food items http://qz.com/86685/the-audacious-plan-to-end-hunger-with-3-d-printed-food/ … /cc @cbrewster"},{"index":"359631802371014657","data":"I wonder if http://www.3ders.org/articles/20130723-microsoft-research-working-on-embedding-id-tags-in-3d-printed-objects.html … will speed up embedding of identifiers in individual food items http://qz.com/86685/the-audacious-plan-to-end-hunger-with-3-d-printed-food/ … /cc @cbrewster"},{"index":"359631017537056768","data":"I wonder if http://www.3ders.org/articles/20130723-microsoft-research-working-on-embedding-id-tags-in-3d-printed-objects.html … will speed up embedding of identifiers in individual food items http://qz.com/86685/the-audacious-plan-to-end-hunger-with-3-d-printed-food/ … /cc @cbrewster"},{"index":"359691075050418178","data":"One woman's stand against sexual harassment - http://gu.com/p/3eake "},{"index":"359899995375276032","data":"Peak oil lives, but will kill the economy | Nafeez Ahmed - http://gu.com/p/3hfta "},{"index":"360478626858283009","data":"#agrichatuk Q1/2 The danger is R&D reinforces current business models. New business models based on new tech needed to spread value better"},{"index":"360286693238128641","data":"Snooping Fears: German Firms Race to Shield Secrets - SPIEGEL ONLINE - http://spon.de/adZzU "},{"index":"360484704954236928","data":"@AgriChatUK 3a more from less without damaging the environment and utilising smart technology  #agrichatuk"},{"index":"360485121842876416","data":"3a 2/2  It's a vital ambition given population growth and diminishing natural resources  #AgriChatUK"},{"index":"360490528074252289","data":"#agrichat Q5a Data collection and management is a major hidden cost in agrifood, and is not used effectively (prediction, analytics, etc.)"},{"index":"360491101540454400","data":"#agrichatuk Q5a Data collection and management is a major hidden cost in agrifood, and is not used effectively (prediction, analytics, etc.)"},{"index":"360488207114182658","data":"Global population predicted to rise to 9bill by 2050. Currently 6. Current food production levels will not cope. #agrichatuk"},{"index":"360494502915481601","data":"#agrichat Q6a Investment also should aim to make ag a more attractive career (financially but also social prestige). No point if jobs lost"},{"index":"360492168919531520","data":"#agrichatuk Q5b I can provide a technical answer, but put simply use standards (ISOBUS, agrioRDF, Agrovoc, GS1 etc.)"},{"index":"360497218966396928","data":"#agrichatuk Q6b Changing business models may also attract new blood in ag"},{"index":"360494609937334273","data":"#agrichatuk Q6a Investment also should aim to make ag a more attractive career (financially but also social prestige). No point if jobs lost"},{"index":"360500198834835456","data":"#agrichatuk Q7a the supermarket"},{"index":"363730920437596161","data":"\"The engineers are ready to provide utopia if the politicians will let them\"  @leashless  at #ohm2013 @hexayurt https://www.youtube.com/watch?v=hRoxqF2zbIM&t=5m15s …"},{"index":"364692584242757632","data":"Mass Data: Transfers from Germany Aid US Surveillance - SPIEGEL ONLINE - http://spon.de/adZ9l "},{"index":"360504929930063875","data":"“If I had a £10m agri-tech fund, I would research or develop … agricultural data standards and apps\" #agri-napster #agrichatuk"},{"index":"360499527175774209","data":"#agrichatuk Q7a the supermarket"},{"index":"364976087941394435","data":"Greece's food crisis: families face going hungry during summer shutdown - http://gu.com/p/3hzk7 "},{"index":"366976314596528129","data":"Tutorial at #HAICTA2013 on #semantic web and #ontologies in #agri-food. Join us! http://ow.ly/nR8Sr  with Daniel Martini and @nimonika"},{"index":"367281602717814784","data":"Paper with @dougald accepted on legibility, privacy and creativity at #privon2013 #iswc2013 #semanticweb #snowden"},{"index":"367615516451405824","data":"Quiche thieves in five-hour police standoff | http://gu.com/p/3t22z/tw "},{"index":"367584477335535616","data":"SupplyShift Helps Companies Understand The Environmental Impact Of Their Supply Chain - http://techcrunch.com/2013/04/30/supplyshift-helps-companies-understand-the-environmental-impact-of-their-supply-chain/ …"},{"index":"367295894582222848","data":"@cbrewster http://vinay.howtolivewiki.com/blog/other/cyberinsecurity-is-there-a-cure-3496 … Any chance we might see you for this?"},{"index":"368721481330475008","data":"#unciv OH \"Shamanism is not my thing but I am very pessimistic if that is any consolation\""},{"index":"372464290847928321","data":"Mobilization and Money: http://neweconomicperspectives.org/2013/08/mobilization-and-money.html …"},{"index":"378509336991268864","data":"\"industrialise the moon and leave us alone!\" @leashless  Shooting for the moon, hitting Coventry http://tmblr.co/ZaIVFsuwFESA  - #cyberinsecurity"},{"index":"368731552424804353","data":"#unciv \"A couple of fires and stuff\" tagline for Dark Mountain according to Dougie Strang"},{"index":"374100048675880960","data":"\"Any unencrypted message sent over the Internet is being delivered to every intelligence service in the world.” -- Edward Snowden"},{"index":"378515700392132609","data":"@leashless can you link me to the things you've written on death? Particularly in the vein of: \"acceptance of death as the price of life\""},{"index":"378503639901671425","data":"@leashless can you link me to the things you've written on death? Particularly in the vein of: \"acceptance of death as the price of life\""},{"index":"378516260176547840","data":"Spent more than 20 minutes of your life reading tweets from @leashless? Spend 20 minutes on this video. Trust me. http://thoughtmenu.com/post/61106611978/as-a-designer-architect-and-systems-thinker …"},{"index":"380687313182797825","data":"Trying to find a quote - James C Scott? - about how the problems we face are increasingly consequences of solutions to previous problems."},{"index":"378774571597717504","data":"Jonathan Franzen: what's wrong with the modern world - http://gu.com/p/3tyzm "},{"index":"380693510371815424","data":"@alberto_cottica are we having this hangout?"},{"index":"381034104910659584","data":"Edward Snowden has started a global debate. So why the silence in Britain? | Simon Jenkins http://gu.com/p/3jvvb/tw  via @guardian"},{"index":"383911406824718336","data":"California prison hunger strike leader: 'If necessary we'll resume. This is war' http://gu.com/p/3j59n/tw "},{"index":"385675193068163073","data":"RT @leashless: Stupid people form the world's most powerful organization. http://www.ecotopia.com/webpress/stupidity/ … <- not sure 'organization' is right: group?"},{"index":"387468230945542144","data":"Attending today \"Social Computing and Crisis in the New Information Age\"\nhttp://www.iscintelligence.com/event.php?id=107 … #smem #h4d2"},{"index":"386473325544747010","data":"Just approved half a dozen essay-length blog comments on Patriarchy/Colonialism/Intersectionality http://vinay.howtolivewiki.com/blog/other/patriarchy-colonialism-and-intersectionality-a-definitively-unpopular-analysis-3519 … great thoughts, ta!"},{"index":"387475569719246848","data":"Social Computing and Crisis in the New Information Age meeting today Brussels #SSCNIA #smem"},{"index":"387491740468260865","data":"Eric Rasmussen now talking about a universal Biometric ID for displaced persons \"Out of the Shadows\" #SSCNIA #SMEM"},{"index":"387498270676619264","data":"Andrea Ricci questions the usability of social media for intel and infosec #SSCNIA #SMEM"},{"index":"387499276554616832","data":"Ricci: SM much more useful for operational purposes, emergency response, etc. #SSCNIA #SMEM"},{"index":"387494612090109953","data":"Rasmussen: Iris scanning has an ageing phenomenon, so needs a rolling enrolment. #SSCNIA #SMEM"},{"index":"387493965663985664","data":"I billion people have been subjected to biometric IDs worldwide one way or another. Only iris scanning works for disasters #SSCNIA #SMEM"},{"index":"386921437656674304","data":"But the second pass of this is globalist vs. nationalist on climate, and that's huge sledgehammer blows: whoever rules has to fix climate."},{"index":"387507105642471424","data":"Graham Archer now on \"Unity project for information sharing\" explains how he texts his daughter to come down to dinner"},{"index":"387507367786475520","data":"Graham Archer now on \"Unity project for information sharing\" explains how he texts his daughter to come down to dinner #SSCNIA #SMEM"},{"index":"387513939564580864","data":"Huan Liu from @arizonastate now up on their research on social computing #SSCNIA #SMEM"},{"index":"387550501157347328","data":"@marksimpkins @PaulGrahamRaven We could start a good open access critical infrastructure journal .... @thejaymo @leashless @lucasgonzalez"},{"index":"387551551369121794","data":"@marksimpkins @PaulGrahamRaven We could start a good open access critical infrastructure journal .... @thejaymo @leashless @lucasgonzalez"},{"index":"387552877830348800","data":"Claudio Cioffi-Revilla from @georgemasonU on forecasting disasters and humanitarian crises #SSCNIA #SMEM"},{"index":"387554363461222400","data":"@marksimpkins @PaulGrahamRaven We could start a good open access critical infrastructure journal .... @thejaymo @leashless @lucasgonzalez"},{"index":"387554705116655617","data":"@marksimpkins @PaulGrahamRaven We could start a good open access critical infrastructure journal .... @thejaymo @leashless @lucasgonzalez"},{"index":"387557659685044224","data":"@GuidoCervone from @penn_state now on \"Filling the gaps in remote sensing data using social media\" #SSCNIA #SMEM"},{"index":"387555557999009792","data":"@marksimpkins @PaulGrahamRaven We could start a good open access critical infrastructure journal .... @thejaymo @leashless @lucasgonzalez"},{"index":"387549994938400768","data":"@marksimpkins @PaulGrahamRaven We could start a good open access critical infrastructure journal .... @thejaymo @leashless @lucasgonzalez"},{"index":"387558363275358209","data":"@marksimpkins @PaulGrahamRaven We could start a good open access critical infrastructure journal .... @thejaymo @leashless @lucasgonzalez"},{"index":"387560532049289216","data":"@marksimpkins @PaulGrahamRaven We could start a good open access critical infrastructure journal .... @thejaymo @leashless @lucasgonzalez"},{"index":"387557893106454528","data":"@marksimpkins @PaulGrahamRaven We could start a good open access critical infrastructure journal .... @thejaymo @leashless @lucasgonzalez"},{"index":"387560980990799872","data":"@marksimpkins @PaulGrahamRaven We could start a good open access critical infrastructure journal .... @thejaymo @leashless @lucasgonzalez"},{"index":"387574653251624960","data":"Jurgen Pfeffer on \"firestorms\" in social media at #SSCNIA #SMEM http://bit.ly/17dJe1k "},{"index":"387583973808807937","data":"Corey Lofdahl from Charles River Analytics  discussing trust in HA/DR #SSCNIA #SMEM"},{"index":"387569195954601984","data":"Marc van den Homberg from #TNO speaking about @cobacore Community Based Recovery http://bit.ly/17dGQaT  #SSCNIA #SMEM"},{"index":"387575197194149888","data":"@galwaygrrl Twitter or more exactly @artied says we should meet"},{"index":"387560299890372608","data":"@marksimpkins @PaulGrahamRaven We could start a good open access critical infrastructure journal .... @thejaymo @leashless @lucasgonzalez"},{"index":"387906383581949952","data":"@willowbl00 just been speaking to Eric Rasmussen who sang your praises at this event: http://bit.ly/1bGTruU "},{"index":"388033268706074624","data":"@marksimpkins @PaulGrahamRaven We could start a good open access critical infrastructure journal .... @thejaymo @leashless @lucasgonzalez"},{"index":"388033627964981248","data":"@marksimpkins @PaulGrahamRaven We could start a good open access critical infrastructure journal .... @thejaymo @leashless @lucasgonzalez"},{"index":"389468777839996928","data":"Environmental Sustainability and Economic Growth | Bill Mitchell http://bit.ly/18bpIq2 "},{"index":"389754679238090752","data":"@marksimpkins @PaulGrahamRaven We could start a good open access critical infrastructure journal .... @thejaymo @leashless @lucasgonzalez"},{"index":"389754981039222784","data":"@marksimpkins @PaulGrahamRaven We could start a good open access critical infrastructure journal .... @thejaymo @leashless @lucasgonzalez"},{"index":"389768250370035712","data":"@marksimpkins Are you around? You may be the only one"},{"index":"390958836414414848","data":"ba0015"},{"index":"390944353952083968","data":"@DameWendyDBE Are you enjoying the flight delay? After Heathrow Express delays ...."},{"index":"390716785898840064","data":"The privatisation of universities in Britain http://www.lrb.co.uk/v35/n20/stefan-collini/sold-out …"},{"index":"387594093603217408","data":"@alberto_cottica what is your telephone number?"},{"index":"390959337478557696","data":"Still waiting for a much delayed BA0015 flight to Sydney to reach #ISWC2013 What will BA do about this?"},{"index":"391634760327389184","data":"Data Geeks Say War, Not Agriculture, Spawned Complex Societies | Wired Enterprise | http://Wired.com  http://www.wired.com/wiredenterprise/2013/09/cliodynamics_war/ …"},{"index":"392483560323428352","data":"@nimonika now presenting our Linked Pedigree paper at #cold2013 #iswc2013 #FIspace"},{"index":"392833543996719104","data":"Very disappointing lunch in a plastic box at #ISWC2013 cannot even open the plastic cheese."},{"index":"392486580981469184","data":"Legibility, Privacy and Creativity: Linked Dat… on @slideshare http://www.slideshare.net/christopherbrewster/legibility-privacy-and-creativity-linked-data-in-a-surveillance-society … in collaboration with @dougald #privon2013"},{"index":"391996957029597184","data":"Why have young people in Japan stopped having sex? - http://gu.com/p/3jtcn "},{"index":"398075772503474177","data":"@eurohumph references the #NSA #Snowden issue as bowl of spaghetti which endangers the internet #ict2013eu"},{"index":"398076546390298624","data":"Panel discussion all assume that going FASTER in innovation will be better #ict2013eu why?"},{"index":"398071102192099328","data":"Fascinating emphasis by @burtonlee on need to increase demand for technology at #ict2013eu reminds one of #MMT in economics"},{"index":"398077161640185856","data":"Plenary discussion mentions need to train society to accept technological changes. This assumes all tech is positive #ICT2013eu"},{"index":"398090439263518720","data":"Placement of ICT in Horizon 2020 #ict2013eu pic.twitter.com/PJlXB297qs"},{"index":"398120911481495552","data":"Police car clears traffic for our coaches going to dinner #ict2013eu royal treatment for geeks"},{"index":"398066946672820224","data":"Prof. Burton Lee emphasising the importance of demand for technology #ict2013eu"},{"index":"399552198662565888","data":"@fhr I tried to email you but it bounced. Can you email me so that I have correct address? Thanks."},{"index":"399564694798598144","data":"@fhr I tried to email you but it bounced. Can you email me so that I have correct address? Thanks."},{"index":"398679588949475329","data":"Letter from a Chinese forced-labor camp found in Kmart Hallowe'en decorations - http://feeds.boingboing.net/~r/boingboing/iBag/~3/d0U6AgumyX8/story01.htm …"},{"index":"400566543316029440","data":"@leashless @thejaymo @textdump @cbrewster @PaulGrahamRaven subtle nudge re: open access journal on crit infrastructure"},{"index":"400942536417898497","data":"Reminded this evening how some people are slow to offer remedy for the consequences of their actions, leaving others to pick up the tab."},{"index":"400770161659375617","data":"Reminded this evening how some people are slow to offer remedy for the consequences of their actions, leaving others to pick up the tab."},{"index":"401290787541237760","data":"@leashless @cbrewster shall we catch up today ? (email, googlechat?)"},{"index":"401291301007941632","data":"@leashless @cbrewster shall we catch up today ? (email, googlechat?)"},{"index":"402856048186626048","data":"While learning ontologies evaluation I show some references to the @cbrewster work. Christopher, you are famous! ;-)"},{"index":"403890109260365824","data":"What I'm talking about here is that most dangerous of things: a pan-species sized Will. We, the field monkeys with hands, make spaceships."},{"index":"403857598253780992","data":"What I'm talking about here is that most dangerous of things: a pan-species sized Will. We, the field monkeys with hands, make spaceships."},{"index":"403891476154683392","data":"What I'm talking about here is that most dangerous of things: a pan-species sized Will. We, the field monkeys with hands, make spaceships."},{"index":"403894738241060865","data":"What I'm talking about here is that most dangerous of things: a pan-species sized Will. We, the field monkeys with hands, make spaceships."},{"index":"402628009766969344","data":"Goldman Sachs helped the Greeks cook Euro books, then raped them in the markets using the truth http://www.businessinsider.com/goldman-sachs-shorted-greek-debt-after-it-arranged-those-shady-swaps-2010-2 … @cbrewster @artied"},{"index":"404043556563984384","data":"Going to be in Plymouth on Sunday. Is it totally insane to consider winter camping Sunday night? Is that _really_ unreasonable? Thoughts?"},{"index":"398678734657818625","data":"Infrastructure fiction: explaining infrastructure to artists and art to civil engineers - http://feeds.boingboing.net/~r/boingboing/iBag/~3/vy60_lvpVrA/story01.htm …"},{"index":"403894520007258112","data":"What I'm talking about here is that most dangerous of things: a pan-species sized Will. We, the field monkeys with hands, make spaceships."},{"index":"404181474540544001","data":"http://www.prospectmagazine.co.uk/art-books/camus-sartre-fbi-hoover/ … FBI is anti-narrative. Fascinating"},{"index":"405432629102526464","data":"\"Most problems today confronting the managers of local orders are outcomes of the problem-solving activity\" Bauman (cc @cbrewster)"},{"index":"406097737160351744","data":"#odifutures @jessibaker speaking about provenance and authenticity"},{"index":"405645455935430656","data":"Finished reading my first novel in Swedish today! Still so far to go to anything resembling fluency, but it feels like a landmark."},{"index":"406089704325791744","data":"#odifutures"},{"index":"406090210200793088","data":"#odifutures @psychemedia now talking about http://farmsubsidy.org  #odifutures"},{"index":"406099194509000705","data":"#odifutures @jessibaker \"openness is the currency of trust\""},{"index":"406445770234425344","data":"ODI: Show me the future of.... food and open data http://sfy.co/tJtC  #storify #odifutures #opendata"},{"index":"406169193965711360","data":"huge thanks to @cbrewster @eddowding @WheresThisFrom @psychemedia @jessibaker for insightful + entertaining talks @UKODI. #odifutures #food."},{"index":"406445775728934912","data":"@foodtradeHQ @giacecco You've been quoted in my #Storify story \"ODI: Show me the future of.... food and open data\" http://sfy.co/tJtC "},{"index":"406445775724744704","data":"@andrea_cox_ @UKODI You've been quoted in my #Storify story \"ODI: Show me the future of.... food and open data\" http://sfy.co/tJtC "},{"index":"407637213720350721","data":"London economics: rent, utilities, taxes to live alone £1500/month or so, all transferred to the property owning class."},{"index":"407636897658576896","data":"London economics: rent, utilities, taxes to live alone £1500/month or so, all transferred to the property owning class."},{"index":"407968338221215744","data":"The lies behind this transatlantic trade deal | George Monbiot - \nhttp://gu.com/p/3kpzm "},{"index":"407636654003081217","data":"London economics: rent, utilities, taxes to live alone £1500/month or so, all transferred to the property owning class."},{"index":"408144075645538304","data":"Thanks to the British Agricultural Bureau (represent #NFU, #NFUS etc) for organising my talk on #fairfoodchain to EU Parliament. #GCA"},{"index":"410170081449377792","data":"Seeking unilateral repatriation of powers is wrong way to get good deal for UK in EU @AlokSharma_RDG @BritInfluence BCCG Commerzbank event"},{"index":"410911145331945472","data":"Costa Rica being sued for protecting its rainforests?? http://bit.ly/1dA03YJ  via @Sum_Of_Us"},{"index":"406445776198717440","data":"@WheresThisFrom You've been quoted in my #Storify story \"ODI: Show me the future of.... food and open data\" http://sfy.co/tJtC "},{"index":"411193674916446209","data":"@BristolAnna would be great if u came. you should also talk to @cbrewster and @jessibaker about supply chains and open data."},{"index":"411594494254268416","data":"Would you assign or gift @RoadstoPower if it came out in paperback?  The publisher needs to know.  Send me an email or dm me please!"},{"index":"411593533674766337","data":"Would you assign or gift @RoadstoPower if it came out in paperback?  The publisher needs to know.  Send me an email or dm me please!"},{"index":"412172666318381056","data":"@leashless @dougald @bjorkmananna Ronnie says I just have a veneer of politeness underneath I am as bad as @leashless"},{"index":"411891002891186176","data":"@leashless Most people use a framework which hides most of the AJAX stuff e.g. Node.js + Express"},{"index":"411895934142799872","data":"/me bangs away binding javascript to sql with go, wondering if he's totally nuts..."},{"index":"412176880310431744","data":"Ronnie says she is proud to know a psychopath in @leashless"},{"index":"412177972305887232","data":"Ronnie says she is proud to know a psychopath in @leashless"},{"index":"412146470653931520","data":"@leashless 55% \"everything know moderation including moderation\"- makes me sound very boring #psychopathnight"},{"index":"412178354587308032","data":"Ronnie says she is proud to know a psychopath in @leashless"},{"index":"412178697199026176","data":"This, for example: \n\nvar p = d3.select(\"body\").selectAll(\"p\").data(theData).enter().append(\"p\").text(\"hello \")\n\nFucking *chained operators*"},{"index":"412183709694312448","data":"I scored 73% in the @channel4 psychopathic traits test. How psychopathic are you? http://www.channel4.com/psychopath  #psychopathnight #toldyou"},{"index":"412190354612690945","data":"@leashless @cbrewster Interesting. My instincts in this regard are almost *precisely* opposite to yours, I think."},{"index":"412196394909581312","data":"@leashless @cbrewster Interesting. My instincts in this regard are almost *precisely* opposite to yours, I think."},{"index":"412327289817686016","data":"Some people are seriously looking into automating big chunks of the permaculture design process."},{"index":"412330624444559360","data":"Watch \"The NSA is Coming to Town\" on YouTube - https://www.youtube.com/watch?v=8pcWlyUu8U4 …"},{"index":"412621778008408064","data":"@BristolAnna would be great if u came. you should also talk to @cbrewster and @jessibaker about supply chains and open data."},{"index":"413412704926195712","data":"Trying to find some stark figures I saw a while back on trends in German labour market since Hartz IV. Ring any bells? @novaramedia @noelito"},{"index":"412347902129098752","data":"Some people are seriously looking into automating big chunks of the permaculture design process."},{"index":"413615582261821440","data":"Horsemeat dinner is served, courtesy of the mafia | Felicity Lawrence - http://gu.com/p/3ybv4r "},{"index":"412325155277660160","data":"Some people are seriously looking into automating big chunks of the permaculture design process."},{"index":"415389819716386816","data":"Michael Pollan: How Smart Are Plants? http://www.newyorker.com/reporting/2013/12/23/131223fa_fact_pollan?mbid=social_retweet … via @NewYorker"},{"index":"413369551712436224","data":"This may be the first evidence I've seen of a direct hit to Military-Industrial complex earnings as a result of NSA's spying. Schadenfreude."},{"index":"412177516716359680","data":"This, for example: \n\nvar p = d3.select(\"body\").selectAll(\"p\").data(theData).enter().append(\"p\").text(\"hello \")\n\nFucking *chained operators*"}]