[{"index":"105895849300729856","data":"Was out mountain biking 15.14 km with #Endomondo. See it here: http://bit.ly/obcCXw "},{"index":"105574805570469888","data":"Was out swimming 0.06 km with #Endomondo. See it here: http://bit.ly/nE0CYJ "},{"index":"105564775387373568","data":"Was out running 2.07 km with #Endomondo. See it here: http://bit.ly/mXT5ma "},{"index":"104416940256276480","data":"Was out running 4.02 km with #Endomondo. See it here: http://bit.ly/nTOunl "},{"index":"102805955623915520","data":"Buscando zapatillas de running #fb (@ Decathlon Bonaire) http://4sq.com/pgQPmQ "},{"index":"106304959166939136","data":"Was out mountain biking 6.93 km with #Endomondo. See it here: http://bit.ly/q9CqCl "},{"index":"108828698144284672","data":"Was out running 4.37 km with #Endomondo. See it here: http://bit.ly/pJ8FvD "},{"index":"107858609311981568","data":"Was out running 3.09 km with #Endomondo. See it here: http://bit.ly/oBFxfn "},{"index":"109582468096602112","data":"Was out running 3.82 km with #Endomondo. See it here: http://bit.ly/qLSrDm "},{"index":"109961562286067712","data":"I'm at Centro Recreativo Rey Juan Carlos I (Crtra. A-3, Manises) http://4sq.com/pbd1ED "},{"index":"110938614971641857","data":"Was out running 4.11 km with #Endomondo. See it here: http://bit.ly/oYHQfi "},{"index":"111534547954450432","data":"probando #Hootsuite y #RememberTheMilk como apps de Chrome..."},{"index":"113114464307519488","data":"Was out running 4.18 km with #Endomondo. See it here: http://bit.ly/pEK1og "},{"index":"112860609711833090","data":"I just became the mayor of Centro Recreativo Rey Juan Carlos I on @foursquare! http://4sq.com/mZWzO0 "},{"index":"113840266191962112","data":"Was out mountain biking 9.66 km with #Endomondo. See it here: http://bit.ly/nRBV9G "},{"index":"112027442704691200","data":"Was out running 3.73 km with #Endomondo. See it here: http://bit.ly/r88qbB "},{"index":"115359885528547329","data":"De carreras (@ MicoKarting Mn4) http://4sq.com/nEGfWe "},{"index":"117640012467671041","data":"Was out running 5.67 km with #Endomondo. See it here: http://bit.ly/piGaek "},{"index":"116012779688824832","data":"Was out running 3.84 km with #Endomondo. See it here: http://bit.ly/qYw0Kn "},{"index":"116738372382363648","data":"Was out running 4.54 km with #Endomondo. See it here: http://bit.ly/qmO4MY "},{"index":"121448824303661056","data":"Was out running 4.13 km with #Endomondo. See it here: http://bit.ly/oqndkQ "},{"index":"122545137875300352","data":"Was out running 5.02 km with #Endomondo. See it here: http://bit.ly/p0zLQp "},{"index":"123626064978264064","data":"Was out running 5.28 km with #Endomondo. See it here: http://bit.ly/pIG92P "},{"index":"125251230896369664","data":"Was out hiking 2.35 km with #Endomondo. See it here: http://bit.ly/rtJ8FN "},{"index":"126523480534560768","data":"Was out running 5.19 km with #Endomondo. See it here: http://bit.ly/p7T7dN "},{"index":"125263035077103616","data":"Was out running 3.96 km with #Endomondo. See it here: http://bit.ly/oy2pCW "},{"index":"128699033832267777","data":"Was out running 4.35 km with #Endomondo. See it here: http://bit.ly/vKjyfO "},{"index":"131328328568287232","data":"Was out running 2.61 km with #Endomondo. See it here: http://bit.ly/uYlQP2 "},{"index":"136322163144798208","data":"Was out running 3.97 km with #Endomondo. See it here: http://bit.ly/tFRVy5 "},{"index":"138648981604548608","data":"Seguro que Goldman Sachs no gobierna el mundo? / Are we sure that Goldman Sachs doesn’t rule the wo http://bit.ly/vZAbhH  #fb #in"},{"index":"128780048625963008","data":"The 147 Companies That Control Everything http://lnkd.in/84aNUr "},{"index":"137817107009257472","data":"Was out running 6.51 km with #Endomondo. See it here: http://bit.ly/sOerFx "},{"index":"139356462672646144","data":"Samsung Is Going Right For Apple Fanboys' Jugular With Its Latest Commercial http://www.businessinsider.com/samsung-galaxy-s-ii-commercial-2011-11?utm_source=twbutton&utm_medium=social&utm_campaign=sai … vía @sai #fb"},{"index":"139818469876174848","data":"Was out running 5.21 km with #Endomondo. See it here: http://bit.ly/s8ZmUE "},{"index":"132203933639786496","data":"Where Should You Post Your Social Media Status  http://www.simplyzesty.com/social-media/where-should-you-post-your-social-media-status-step-by-step-guide/ … vía @simplyzesty @BelenSanz #in"},{"index":"140493821942317056","data":"Was out running 4.03 km with #Endomondo. See it here: http://bit.ly/vinjYa "},{"index":"143996584340889600","data":"Was out running 4.89 km with #Endomondo. See it here: http://bit.ly/vF1aEO "},{"index":"144518232043307008","data":"Was out running 4.87 km with #Endomondo. See it here: http://bit.ly/uI0mbj "},{"index":"145252353308770304","data":"Was out running 4.47 km with #Endomondo. See it here: http://bit.ly/vnKXWs "},{"index":"152859362489147392","data":"Was out running 4.45 km with #Endomondo. See it here: http://bit.ly/trK8u9 "},{"index":"153854527005663233","data":"I just unlocked the \"Jobs\" badge on @foursquare! http://4sq.com/szeAYD "},{"index":"150265884601090048","data":"Was out walking 2.16 km with #Endomondo. See it here: http://bit.ly/sDK2X4 "},{"index":"154099891176603649","data":"Was out running 5.26 km with #Endomondo. See it here: http://bit.ly/vjYKbJ "},{"index":"15045175617261569","data":"Tron Legacy (2010) Trailer (HD) http://www.youtube.com/watch?v=a1IpPpB3iWI … vía @youtube"},{"index":"154486424966660096","data":"I just synced @jogartra on http://SocialBro.com  for the first time. Looking forward to know better my Twitter community"},{"index":"154854869365305344","data":"I completed 545 tasks with Remember The Milk in 2011 #rtmstats http://rmilk.com/ "},{"index":"156479608928219137","data":"Was out running 5.76 km with #Endomondo. See it here: http://bit.ly/zOCksj "},{"index":"155624877355831296","data":"Was out running 6.30 km with #Endomondo. See it here: http://bit.ly/xImjww "},{"index":"157873348158820353","data":"zenhabits - Life as a Conscious Practice http://zenhabits.net/conscious/  #fb"},{"index":"157210209218072576","data":"Was out running 6.28 km with #Endomondo. See it here: http://bit.ly/xwEbTD "},{"index":"158535898596777984","data":"Was out running 4.16 km with #Endomondo. See it here: http://bit.ly/w2ZGs7 "},{"index":"160089277408096256","data":"Was out running 1.43 km with #Endomondo. See it here: http://bit.ly/yOgocU "},{"index":"161565595643543552","data":"Was out running 6.46 km with #Endomondo. See it here: http://bit.ly/yOcDgq "},{"index":"162964544115851264","data":"I just unlocked the “Flame Broiled” badge on @foursquare! Cheeseburgers all around! http://4sq.com/Amernk "},{"index":"163176769111859200","data":"Was out running 6.09 km with #Endomondo. See it here: http://bit.ly/AoHcsc "},{"index":"160467290532487168","data":"Was out running 5.96 km with #Endomondo. See it here: http://bit.ly/x0zTzr "},{"index":"164818256232849408","data":"Coming back home at 270 km/h"},{"index":"166104605397225475","data":"Was out running 6.27 km with #Endomondo. See it here: http://bit.ly/wczKV9 "},{"index":"173708450881216512","data":"Was out running 5.29 km with #Endomondo. See it here: http://bit.ly/wg6qJh "},{"index":"175460542885011457","data":"Was out running 5.22 km with #Endomondo. See it here: http://bit.ly/xUxI5r "},{"index":"178196462436495361","data":"I just ousted @evelyn_boop13 as the mayor of Burger King on @foursquare! http://4sq.com/c6Y7jZ "},{"index":"180549797831389184","data":"Was out running 4.09 km with #Endomondo. See it here: http://bit.ly/xAJJHe "},{"index":"182232038303215617","data":"LG Optimus Hyper Facade in Berlin - Long Version.flv: http://youtu.be/dJCy8i9m6xE  vía @youtube"},{"index":"182504379314749440","data":"We're moving!"},{"index":"184714465290358784","data":"Don't understimate the value of Doing Nothing, of just going along, listening to all the things you can' hear, and not bothering.A.Milne"},{"index":"182469703971778562","data":"Was out running 7.72 km with #Endomondo. See it here: http://bit.ly/GEKlwx "},{"index":"185096355704877057","data":"Was out running 4.45 km with #Endomondo. See it here: http://bit.ly/Hhcyrt "},{"index":"185832939093897216","data":"Ya está el full length trailer de Prometheus (2012): http://www.imdb.com/rg/tw_oshare/rt_ipad/title/tt1446714 … #IMDb #fb"},{"index":"189430173706366976","data":"Was out running 5.03 km with #Endomondo. See it here: http://bit.ly/Iwas9G "},{"index":"191465030875746305","data":"Was out running 0.11 km with #Endomondo. See it here: http://bit.ly/IIydyb "},{"index":"191476582819438592","data":"Was out running 6.26 km with #Endomondo. See it here: http://bit.ly/IoNtvx "},{"index":"194688526527377408","data":"I just unlocked the \"Trainspotter\" badge on @foursquare! http://4sq.com/HYacyE "},{"index":"194806112090996737","data":"(@ Neoris) http://ow.ly/1L843O "},{"index":"196569477285027840","data":"Was out running 5.05 km with #Endomondo. See it here: http://bit.ly/IiopYk "},{"index":"196614522365157377","data":"Was out running 0.88 km with #Endomondo. See it here: http://bit.ly/IvJD7J "},{"index":"191835201045921792","data":"I just unlocked the “4sqDay 2012” badge on @foursquare! Cupcakes and crowns for all! http://4sq.com/HKFtIF "},{"index":"202488329508372480","data":"Was out running 6.03 km with #Endomondo. See it here: http://bit.ly/L3QfWG "},{"index":"202864696179695617","data":"Neoris 3D Digital Factory.wmv: http://youtu.be/c9W9q0Agx3w  vía @youtube #in"},{"index":"203080833660227584","data":"Views From the Night Sky: London and the U.K. - In Focus - The Atlantic http://www.theatlantic.com/infocus/2012/05/views-from-the-night-sky-london-and-the-uk/100298/ … #fb"},{"index":"205354119899267072","data":"Was out running 7.82 km with #Endomondo. See it here: http://bit.ly/KyWalT "},{"index":"197943198063140864","data":"@jogartra Más info! :)"},{"index":"204137394423865344","data":"Was out running 5.79 km with #Endomondo. See it here: http://bit.ly/KphGtl "},{"index":"206848303986524160","data":"Remake de The Great Gatsby (2012): http://www.imdb.com/rg/tw_oshare/rt_ipad/title/tt1343092 … #IMDb promete"},{"index":"206295451610251266","data":"Was out running 6.22 km with #Endomondo. See it here: http://bit.ly/KK84tr "},{"index":"208836801484439552","data":"Was out running 5.06 km with #Endomondo. See it here: http://bit.ly/N5xqs9 "},{"index":"210404210238427136","data":"Was out running 0.27 km with #Endomondo. See it here: http://bit.ly/KR6877 "},{"index":"210114753039835136","data":"\"anyone who believes exponential growth can go forever in a finite world is either a madman or an economist.\" Kenneth Boulding, economist"},{"index":"210102362570899458","data":"Flares and ejections and solar eruptions, oh my! A year of studying magnetism on the sun. #NASAViz #fb http://svs.gsfc.nasa.gov/goto?10972 "},{"index":"210118158391058432","data":"\"Money is a new form of slavery, and distinguishable from the old simply by the fact that it is impersonal, there is no human relation..."},{"index":"210413738011000832","data":"Was out running 5.38 km with #Endomondo. See it here: http://bit.ly/KRihZF "},{"index":"213670309914619904","data":"Wind machine blast to the face [video] http://holykaw.alltop.com/wind-machine-blast-to-the-face-video … vía @GuyKawasaki #fb"},{"index":"216424817262465024","data":"Was out running 6.34 km with #Endomondo. See it here: http://bit.ly/MelIuZ "},{"index":"213711336549527552","data":"Cena infantil (@ Burguer King) [pic]: http://4sq.com/MY8nWS "},{"index":"214296352744681474","data":"Was out running 6.03 km with #Endomondo. See it here: http://bit.ly/KL29qq "},{"index":"216194892077084672","data":"BBC - Travel - Slideshow - Switzerland’s habitats in the sky http://www.bbc.com/travel/slideshow/20120608-switzerlands-habitats-in-the-sky … #fb #in"},{"index":"218221630206394368","data":"Was out running 4.79 km with #Endomondo. See it here: http://bit.ly/N5jVDy "},{"index":"219395289965010944","data":"Was out running 4.45 km with #Endomondo. See it here: http://bit.ly/LpKODT "},{"index":"218819099499823105","data":"My body is my weapon #fb http://www.youtube.com/watch?v=A_ooJE9Veo0&feature=youtube_gdata_player …"},{"index":"222653259804966912","data":"Was out running 3.66 km with #Endomondo. See it here: http://bit.ly/M07VHT "},{"index":"221897992897171456","data":"Was out running 5.07 km with #Endomondo. See it here: http://bit.ly/MMIZFf "},{"index":"223332270591844352","data":"Was out running 5.22 km with #Endomondo. See it here: http://bit.ly/N1PcNT "},{"index":"226372123952836609","data":"I just reached Level 2 of the \"Mall Rat\" badge on @foursquare. I’ve checked in at 5 different malls! http://4sq.com/MdUIZv "},{"index":"224828922058121217","data":"Was out running 6.60 km with #Endomondo. See it here: http://bit.ly/M2zgGR "},{"index":"230926316038402048","data":"Was out running 6.04 km with #Endomondo. See it here: http://bit.ly/NnsxGf "},{"index":"230247535883730944","data":"Was out running 6.63 km with #Endomondo. See it here: http://bit.ly/M0JfQz "},{"index":"232736079512498177","data":"Was out running 6.36 km with #Endomondo. See it here: http://bit.ly/NyecqD "},{"index":"227651081608503296","data":"Was out running 8.24 km with #Endomondo. See it here: http://bit.ly/MYjw6h "},{"index":"232419301804613632","data":"Parece q nos vamos digitalizando (al menos en UK) RT @Telegraph: Amazon sells more e-books than print titles in the UK http://tgr.ph/OFtej3 "},{"index":"247254707171627008","data":"Was out running 3.74 km with #Endomondo. See it here: http://bit.ly/U9xUiQ "},{"index":"248805201316806656","data":"Coming back home (@ Nuevos Ministerios) http://4sq.com/PL3wXF "},{"index":"249513871709188097","data":"My point of view right now  @ Parc de Capçalera http://instagr.am/p/P4I-s3sppL/ "},{"index":"250107313027964928","data":"Was out running 3.96 km with #Endomondo. See it here: http://bit.ly/RV32OM "},{"index":"23543310610071553","data":"Reading: When In Doubt Simplify http://bit.ly/ghTuiV via @zen_habits #fb"},{"index":"250710064791425025","data":"RT @jogartra: Volvemos a alquila el piso, por si conocéis a algún interesado: http://goo.gl/f1dMq "},{"index":"254476526479880192","data":"Was out running 5.28 km with #Endomondo. See it here: http://bit.ly/UqeQQl "},{"index":"251958233189736448","data":"Was out running 6.10 km with #Endomondo. See it here: http://bit.ly/Ssuqn8 "},{"index":"250469808330661888","data":"Was out running 4.04 km with #Endomondo. See it here: http://bit.ly/OZd2FO "},{"index":"256657883683504128","data":"Was out running 7.01 km with #Endomondo. See it here: http://bit.ly/UOY2Tg "},{"index":"257896327210475520","data":"Clay Shirky: How the Internet will (one day) transform government http://buff.ly/Rx3fMo  #TED.Relación entre #OpenSource y #OpenGovernment"},{"index":"257904083455856640","data":"Carrotmob - Wikipedia, the free encyclopedia http://buff.ly/QIk04j "},{"index":"260716015275618304","data":"Cloudwash... Dilbert comic strip for 10/21/2012 http://buff.ly/PL12he  pic.twitter.com/0U41EAgr"},{"index":"260253121530458113","data":"Was out running 4.55 km with #Endomondo. See it here: http://bit.ly/RQb5NI "},{"index":"261450120007135233","data":"Hoy toca Japo (@ Rte. Shintori Teppanyaki) http://foursquare.com/venue/4e008c5f1495692a4bb5f8e5 … con @peckepekpek"},{"index":"260755139013537792","data":"Folk a tope! ♫ Wait So Long – Trampled By Turtles http://spoti.fi/MQdvyn  #Spotify"},{"index":"261450126583799808","data":"I just reached Level 2 of the \"Bento\" badge on @foursquare. I’ve checked in at 5 different Japanese Restaurants! http://4sq.com/ThVmdW "},{"index":"261608749398122496","data":"Para mantenerme despierto a estas horas ♫ Whiskey In The Jar – The Dubliners http://spoti.fi/JuAE8G  #Spotify"},{"index":"261516402853294080","data":"I just unlocked the Back to School badge on @foursquare for checking in back on campus! Time to party! Er, study. http://4sq.com/RlWzyC "},{"index":"263264470015545344","data":"I just unlocked the \"Shutterbug\" badge on @foursquare for adding photos to my check-ins. Say cheese! http://4sq.com/W20uGI "},{"index":"264362537066319872","data":"Scaleno, the new natural iPhone docking station - YouTube http://buff.ly/SCR416 "},{"index":"264656646658203648","data":"Was out doing aerobics - with #Endomondo. See it here: http://bit.ly/YzHHjw "},{"index":"27110625922519040","data":"“@ubikuos: RT @ibmdesign “As far as the customer is concerned, the interface is the product.\" Jef Raskin” #in"},{"index":"274218891088117760","data":"Explore a Google data center with Street View http://buff.ly/RFeh25 "},{"index":"276725110222770176","data":"Time tracking on @trello: Help make it happen for Protillo on @indiegogo http://igg.me/p/266597/twtr/1864747 …"},{"index":"277836573649813504","data":"The Disciplined Pursuit of Less - @HarvardBiz http://blogs.hbr.org/cs/2012/08/the_disciplined_pursuit_of_less.html … #fb #in"},{"index":"279140531290918912","data":"Curso de Linked Data por el Ontology Engineering Group de la UPM con @peckepekpek (@ Red.es w/ 3 others) [pic]: http://4sq.com/UVdUBF "},{"index":"282024374595375104","data":"Try @trello. It's like sticky notes on steroids. https://trello.com/jogartra/recommend … (And it's free.)"},{"index":"269772833096355840","data":"Menos mal q hay crisis. Esto esta a parir (@ C.C. Bonaire w/ 3 others) http://4sq.com/T27ptk "},{"index":"283120199891288064","data":"Was out running 5.09 km with #Endomondo. See it here: http://bit.ly/V0JWtV "},{"index":"282396018056785920","data":"Was out running 3.75 km with #Endomondo. See it here: http://bit.ly/Wwy184 "},{"index":"284224535807541249","data":"Was out running 6.06 km with #Endomondo. See it here: http://bit.ly/UuPaRd "},{"index":"284594366230704128","data":"I completed 349 tasks with @rememberthemilk in 2012 #rtmstats"},{"index":"285675212257755136","data":"Was out running 6.19 km with #Endomondo. See it here: http://bit.ly/VthgJd "},{"index":"305713764102189056","data":"Was out doing elliptical training 3.14 km with #Endomondo. See it here: http://bit.ly/Wck6YV "},{"index":"285032978663477248","data":"En expojove con la tribu (@ Feria Valencia w/ 2 others) http://4sq.com/ZJlhRd "},{"index":"307822533338615809","data":"Was out doing elliptical training - with #Endomondo. See it here: http://bit.ly/ZUdIXG "},{"index":"309575800431190016","data":"Pa Madrid, a dar una charlita (at @adif_es w/ 6 others) http://4sq.com/16asOJf "},{"index":"316837430999261185","data":"Was out running 4.07 km with #Endomondo. See it here: http://bit.ly/14nC9Or "},{"index":"313262703240159232","data":"Was out running 4.38 km with #Endomondo. See it here: http://bit.ly/141dfnD "},{"index":"318752376527912960","data":"Was out running 0.04 km with #Endomondo. See it here: http://bit.ly/14A6tWh "},{"index":"317598644561911808","data":"Was out running 4.28 km with #Endomondo. See it here: http://bit.ly/YXzmUp "},{"index":"318763067984973824","data":"Was out running 4.18 km with #Endomondo. See it here: http://bit.ly/16fee0i "},{"index":"319526702529253377","data":"Was out running 5.13 km with #Endomondo. See it here: http://bit.ly/12hJIm1 "},{"index":"321033311466180608","data":"Por fin llegamos (@ Thorpe Park Hotel & Spa) http://ow.ly/1UKdO5 "},{"index":"321182854639939584","data":"En las oficinas centrales (at @Masternaut) http://4sq.com/Z2YugJ "},{"index":"330741491590914048","data":"Was out running 5.40 km with #Endomondo. See it here: http://bit.ly/16EtGaX "},{"index":"331391310411997185","data":"Was out running 3.44 km with #Endomondo. See it here: http://bit.ly/16MudYe "},{"index":"321962611111522304","data":"Having lunch (at @SubwayUkireland) http://4sq.com/Xs27fN "},{"index":"321948237881823232","data":"Leaving the HQ (at @Masternaut) http://4sq.com/YcwfZO "},{"index":"331849282942545920","data":"The Lanes Group wanted to clean up a new business tender http://lnkd.in/E8WUrn "},{"index":"332043129916125184","data":"Was out running 5.53 km with #Endomondo. See it here: http://bit.ly/10FMf62 "},{"index":"333509193271234561","data":"Was out running 6.39 km with #Endomondo. See it here: http://bit.ly/10PjILw "},{"index":"333859632495874048","data":"Was out running 7.22 km with #Endomondo. See it here: http://bit.ly/13T6SAy "},{"index":"332878912629649409","data":"Was out running 4.26 km with #Endomondo. See it here: http://bit.ly/13K9r82 "},{"index":"334290047887101952","data":"Was out running 3.60 km with #Endomondo. See it here: http://bit.ly/13YeQbz "},{"index":"331748898819407874","data":"Was out running 4.43 km with #Endomondo. See it here: http://bit.ly/16S5m5s "},{"index":"334588951224532993","data":"Was out running 4.69 km with #Endomondo. See it here: http://bit.ly/17tv3tp "},{"index":"334715485407047680","data":"Was out running 6.05 km with #Endomondo. See it here: http://bit.ly/17viwFU "},{"index":"336538014396329985","data":"Was out running 6.23 km with #Endomondo. See it here: http://bit.ly/13G2lSN "},{"index":"335378231802859521","data":"Was out running 4.39 km with #Endomondo. See it here: http://bit.ly/YOmWm2 "},{"index":"342176616715264000","data":"Masternaut to fuel growth with the acquisition of E.Novation BTC http://www.masternaut.com/news/press-releases/masternaut-to-fuel-growth-with-the-acquisition-of-e-novation-btc/#.Ua7kWbdStLs.twitter …"},{"index":"344512669740580864","data":"Cut your engine when you stop for more than 60 seconds!\nhttp://lnkd.in/aq49Gd "},{"index":"344552443339743233","data":"The Design Battle Behind Apple iOS7 http://lnkd.in/9KB2ui "},{"index":"346579366093938688","data":"Masternaut Telematics Test Driven at Rockingham Speedway http://lnkd.in/t65zJD "},{"index":"35074913903583232","data":"excellent social media promo :: KLM Surprise :: An experiment on how happiness spreads :: http://surprise.klm.com/  #in #fb"},{"index":"351587396028088320","data":"The Biggest Reason Most Sales Don't Close http://lnkd.in/yKTkWa "},{"index":"350568998380896256","data":"Interesting study on utilisation of complementary satellite networks for navigation. http://lnkd.in/m8Vn85 "},{"index":"354231628719079424","data":"Masternaut completes acquisition of E.Novation BTC, delivering a... http://lnkd.in/hPwkSn "},{"index":"350303794225102848","data":"Talking cars accelerate to launch http://lnkd.in/b4GT54 "},{"index":"357480737156497408","data":"Hoy toca Alicante. (@ Foster's Hollywood - @fosterhollywood) http://4sq.com/13vafuf "},{"index":"358629598437072896","data":"De compras (@ C.C. Bonaire w/ 4 others) http://4sq.com/13KR4fX "},{"index":"376433867072086016","data":"I flew up 1817m high to chase aurora!! http://bit.ly/17uqom4  pic.twitter.com/L98H5YdjTx"},{"index":"377052118546268160","data":"There was a Tiny Rabbit on Earth. He made a 'Carrot-fueled rocket engine' to chase aurora http://bit.ly/17uqom4  pic.twitter.com/texLFHbPcX"},{"index":"379669416373673986","data":"Coming back home (@ AVE) [pic]: http://4sq.com/14WjzPo "},{"index":"376295701153464320","data":"I flew up 1817m high to chase aurora!! http://bit.ly/17uqom4  pic.twitter.com/n7efBiaLk0"},{"index":"382504473370705920","data":"Tachograph Webinar – join us to unlock cost savings and deliver... http://lnkd.in/bqvmBRB "},{"index":"38538092709158912","data":"@rrhhymas bienvenido a twitter"},{"index":"380064474041827329","data":"Masternaut introduces digital tachograph to smartphones and tablets http://lnkd.in/b4pVRSt "},{"index":"397354390690205696","data":"Hoy por Castellón, ayudado por una hamburguesa Grand Chef (@ Foster's Hollywood - @fosterhollywood) http://4sq.com/1eaXcsP "},{"index":"400246929093033985","data":"De comida con ex compis (@ Marla Center w/ 2 others) http://4sq.com/HUwMxl "},{"index":"402741409767497728","data":"Masternaut deploy telematics for cranes and heavy lifting equipment http://lnkd.in/dSKa5DZ "},{"index":"401370427794423808","data":"Volvo Trucks - The Epic Split feat. Van Damme (Live Test 6) http://lnkd.in/dDNqB5W "},{"index":"411144104375222272","data":"Driving business costs down using vehicle tracking http://lnkd.in/dpEAMTx "},{"index":"44360250605842432","data":"http://open.spotify.com/track/0UopkfGuwDf3hx3tr8rPxC Stereophonics – Dakota - Decade In The Sun Version #fb"},{"index":"409744169046126592","data":"Guest house http://amzn.com/k/ajzfhs3kSkaVqkVd-6OUKw … “Guest House”: This being human is a guest house Every morning a new arrival. A joy, a depression,..."},{"index":"50544872406523905","data":"I just unlocked the \"Photogenic\" badge on @foursquare! http://4sq.com/i4vZAo"},{"index":"45977483962621952","data":"Eschuchando The White Stripes – The Denial Twist http://open.spotify.com/track/2TFdgTIV1S5xFVk8uf9DWn  #fb"},{"index":"51377036568178688","data":"Configurando mi brand new router Conceptronic 300 Mbps. A ver si esto del wifi n se nota"},{"index":"53453447860715521","data":"Comida reencuentro Neoris, Everis, Telvent e Indra (@ Shintori) http://4sq.com/gdKfZz"},{"index":"53196770246803456","data":"Neoris' Video Wall at SAPPHIRE http://www.youtube.com/watch?v=k9NJ7c71nls … vía @youtube #in"},{"index":"60595980822781953","data":"Genial Morgan Spurlock: The greatest TED Talk ever sold http://bit.ly/h8zaNy"},{"index":"55756704947781632","data":"Instalando dd-wrt en mi antiguo router Linksys para hacer un wireless bridge"},{"index":"63181284914118656","data":"Infrastructure now key to the future of the connected mobile health platform http://lnkd.in/MCCtNG"},{"index":"70615964177268736","data":"\"The Truth of the matter is that you always know what to do. The hard part is doing it\". Norman Schwarzkopf #fb #in"},{"index":"74108270989688833","data":"Comiendo con @dwerbam  (@ Fosters Bonaire) http://ow.ly/54qae"},{"index":"80682951188299776","data":"The Illusion of Control http://bit.ly/iv0d6a"},{"index":"85817489417711617","data":"A next generation digital book http://on.ted.com/9O2d #fb #in"},{"index":"90432947768930304","data":"Here I am again (@ Neoris VLC) http://4sq.com/rfYKkO"},{"index":"102805955623915520","data":"Buscando zapatillas de running #fb (@ Decathlon Bonaire) http://4sq.com/pgQPmQ "},{"index":"98008548574896128","data":"Advanced GTD with Remember the Milk http://blog.rememberthemilk.com/2008/05/guest-post-advanced-gtd-with-remember-the-milk/ …"},{"index":"105564775387373568","data":"Was out running 2.07 km with #Endomondo. See it here: http://bit.ly/mXT5ma "},{"index":"105574805570469888","data":"Was out swimming 0.06 km with #Endomondo. See it here: http://bit.ly/nE0CYJ "},{"index":"105895849300729856","data":"Was out mountain biking 15.14 km with #Endomondo. See it here: http://bit.ly/obcCXw "},{"index":"104416940256276480","data":"Was out running 4.02 km with #Endomondo. See it here: http://bit.ly/nTOunl "},{"index":"106304959166939136","data":"Was out mountain biking 6.93 km with #Endomondo. See it here: http://bit.ly/q9CqCl "},{"index":"107858609311981568","data":"Was out running 3.09 km with #Endomondo. See it here: http://bit.ly/oBFxfn "},{"index":"109582468096602112","data":"Was out running 3.82 km with #Endomondo. See it here: http://bit.ly/qLSrDm "},{"index":"110938614971641857","data":"Was out running 4.11 km with #Endomondo. See it here: http://bit.ly/oYHQfi "},{"index":"108828698144284672","data":"Was out running 4.37 km with #Endomondo. See it here: http://bit.ly/pJ8FvD "},{"index":"109961562286067712","data":"I'm at Centro Recreativo Rey Juan Carlos I (Crtra. A-3, Manises) http://4sq.com/pbd1ED "},{"index":"111534547954450432","data":"probando #Hootsuite y #RememberTheMilk como apps de Chrome..."},{"index":"112027442704691200","data":"Was out running 3.73 km with #Endomondo. See it here: http://bit.ly/r88qbB "},{"index":"113114464307519488","data":"Was out running 4.18 km with #Endomondo. See it here: http://bit.ly/pEK1og "},{"index":"113840266191962112","data":"Was out mountain biking 9.66 km with #Endomondo. See it here: http://bit.ly/nRBV9G "},{"index":"115359885528547329","data":"De carreras (@ MicoKarting Mn4) http://4sq.com/nEGfWe "},{"index":"112860609711833090","data":"I just became the mayor of Centro Recreativo Rey Juan Carlos I on @foursquare! http://4sq.com/mZWzO0 "},{"index":"116738372382363648","data":"Was out running 4.54 km with #Endomondo. See it here: http://bit.ly/qmO4MY "},{"index":"116012779688824832","data":"Was out running 3.84 km with #Endomondo. See it here: http://bit.ly/qYw0Kn "},{"index":"117640012467671041","data":"Was out running 5.67 km with #Endomondo. See it here: http://bit.ly/piGaek "},{"index":"123626064978264064","data":"Was out running 5.28 km with #Endomondo. See it here: http://bit.ly/pIG92P "},{"index":"125251230896369664","data":"Was out hiking 2.35 km with #Endomondo. See it here: http://bit.ly/rtJ8FN "},{"index":"125263035077103616","data":"Was out running 3.96 km with #Endomondo. See it here: http://bit.ly/oy2pCW "},{"index":"122545137875300352","data":"Was out running 5.02 km with #Endomondo. See it here: http://bit.ly/p0zLQp "},{"index":"126523480534560768","data":"Was out running 5.19 km with #Endomondo. See it here: http://bit.ly/p7T7dN "},{"index":"128780048625963008","data":"The 147 Companies That Control Everything http://lnkd.in/84aNUr "},{"index":"128699033832267777","data":"Was out running 4.35 km with #Endomondo. See it here: http://bit.ly/vKjyfO "},{"index":"132203933639786496","data":"Where Should You Post Your Social Media Status  http://www.simplyzesty.com/social-media/where-should-you-post-your-social-media-status-step-by-step-guide/ … vía @simplyzesty @BelenSanz #in"},{"index":"131328328568287232","data":"Was out running 2.61 km with #Endomondo. See it here: http://bit.ly/uYlQP2 "},{"index":"121448824303661056","data":"Was out running 4.13 km with #Endomondo. See it here: http://bit.ly/oqndkQ "},{"index":"137817107009257472","data":"Was out running 6.51 km with #Endomondo. See it here: http://bit.ly/sOerFx "},{"index":"136322163144798208","data":"Was out running 3.97 km with #Endomondo. See it here: http://bit.ly/tFRVy5 "},{"index":"138648981604548608","data":"Seguro que Goldman Sachs no gobierna el mundo? / Are we sure that Goldman Sachs doesn’t rule the wo http://bit.ly/vZAbhH  #fb #in"},{"index":"139356462672646144","data":"Samsung Is Going Right For Apple Fanboys' Jugular With Its Latest Commercial http://www.businessinsider.com/samsung-galaxy-s-ii-commercial-2011-11?utm_source=twbutton&utm_medium=social&utm_campaign=sai … vía @sai #fb"},{"index":"144518232043307008","data":"Was out running 4.87 km with #Endomondo. See it here: http://bit.ly/uI0mbj "},{"index":"139818469876174848","data":"Was out running 5.21 km with #Endomondo. See it here: http://bit.ly/s8ZmUE "},{"index":"143996584340889600","data":"Was out running 4.89 km with #Endomondo. See it here: http://bit.ly/vF1aEO "},{"index":"140493821942317056","data":"Was out running 4.03 km with #Endomondo. See it here: http://bit.ly/vinjYa "},{"index":"145252353308770304","data":"Was out running 4.47 km with #Endomondo. See it here: http://bit.ly/vnKXWs "},{"index":"150265884601090048","data":"Was out walking 2.16 km with #Endomondo. See it here: http://bit.ly/sDK2X4 "},{"index":"154099891176603649","data":"Was out running 5.26 km with #Endomondo. See it here: http://bit.ly/vjYKbJ "},{"index":"153854527005663233","data":"I just unlocked the \"Jobs\" badge on @foursquare! http://4sq.com/szeAYD "},{"index":"154854869365305344","data":"I completed 545 tasks with Remember The Milk in 2011 #rtmstats http://rmilk.com/ "},{"index":"155624877355831296","data":"Was out running 6.30 km with #Endomondo. See it here: http://bit.ly/xImjww "},{"index":"152859362489147392","data":"Was out running 4.45 km with #Endomondo. See it here: http://bit.ly/trK8u9 "},{"index":"154486424966660096","data":"I just synced @jogartra on http://SocialBro.com  for the first time. Looking forward to know better my Twitter community"},{"index":"157873348158820353","data":"zenhabits - Life as a Conscious Practice http://zenhabits.net/conscious/  #fb"},{"index":"158535898596777984","data":"Was out running 4.16 km with #Endomondo. See it here: http://bit.ly/w2ZGs7 "},{"index":"156479608928219137","data":"Was out running 5.76 km with #Endomondo. See it here: http://bit.ly/zOCksj "},{"index":"160089277408096256","data":"Was out running 1.43 km with #Endomondo. See it here: http://bit.ly/yOgocU "},{"index":"160467290532487168","data":"Was out running 5.96 km with #Endomondo. See it here: http://bit.ly/x0zTzr "},{"index":"157210209218072576","data":"Was out running 6.28 km with #Endomondo. See it here: http://bit.ly/xwEbTD "},{"index":"161565595643543552","data":"Was out running 6.46 km with #Endomondo. See it here: http://bit.ly/yOcDgq "},{"index":"162964544115851264","data":"I just unlocked the “Flame Broiled” badge on @foursquare! Cheeseburgers all around! http://4sq.com/Amernk "},{"index":"163176769111859200","data":"Was out running 6.09 km with #Endomondo. See it here: http://bit.ly/AoHcsc "},{"index":"166104605397225475","data":"Was out running 6.27 km with #Endomondo. See it here: http://bit.ly/wczKV9 "},{"index":"173708450881216512","data":"Was out running 5.29 km with #Endomondo. See it here: http://bit.ly/wg6qJh "},{"index":"175460542885011457","data":"Was out running 5.22 km with #Endomondo. See it here: http://bit.ly/xUxI5r "},{"index":"164818256232849408","data":"Coming back home at 270 km/h"},{"index":"182232038303215617","data":"LG Optimus Hyper Facade in Berlin - Long Version.flv: http://youtu.be/dJCy8i9m6xE  vía @youtube"},{"index":"178196462436495361","data":"I just ousted @evelyn_boop13 as the mayor of Burger King on @foursquare! http://4sq.com/c6Y7jZ "},{"index":"180549797831389184","data":"Was out running 4.09 km with #Endomondo. See it here: http://bit.ly/xAJJHe "},{"index":"182469703971778562","data":"Was out running 7.72 km with #Endomondo. See it here: http://bit.ly/GEKlwx "},{"index":"182504379314749440","data":"We're moving!"},{"index":"185096355704877057","data":"Was out running 4.45 km with #Endomondo. See it here: http://bit.ly/Hhcyrt "},{"index":"184714465290358784","data":"Don't understimate the value of Doing Nothing, of just going along, listening to all the things you can' hear, and not bothering.A.Milne"},{"index":"189430173706366976","data":"Was out running 5.03 km with #Endomondo. See it here: http://bit.ly/Iwas9G "},{"index":"185832939093897216","data":"Ya está el full length trailer de Prometheus (2012): http://www.imdb.com/rg/tw_oshare/rt_ipad/title/tt1446714 … #IMDb #fb"},{"index":"191465030875746305","data":"Was out running 0.11 km with #Endomondo. See it here: http://bit.ly/IIydyb "},{"index":"191476582819438592","data":"Was out running 6.26 km with #Endomondo. See it here: http://bit.ly/IoNtvx "},{"index":"191835201045921792","data":"I just unlocked the “4sqDay 2012” badge on @foursquare! Cupcakes and crowns for all! http://4sq.com/HKFtIF "},{"index":"194806112090996737","data":"(@ Neoris) http://ow.ly/1L843O "},{"index":"196569477285027840","data":"Was out running 5.05 km with #Endomondo. See it here: http://bit.ly/IiopYk "},{"index":"194688526527377408","data":"I just unlocked the \"Trainspotter\" badge on @foursquare! http://4sq.com/HYacyE "},{"index":"15045175617261569","data":"Tron Legacy (2010) Trailer (HD) http://www.youtube.com/watch?v=a1IpPpB3iWI … vía @youtube"},{"index":"197943198063140864","data":"@jogartra Más info! :)"},{"index":"202488329508372480","data":"Was out running 6.03 km with #Endomondo. See it here: http://bit.ly/L3QfWG "},{"index":"203080833660227584","data":"Views From the Night Sky: London and the U.K. - In Focus - The Atlantic http://www.theatlantic.com/infocus/2012/05/views-from-the-night-sky-london-and-the-uk/100298/ … #fb"},{"index":"204137394423865344","data":"Was out running 5.79 km with #Endomondo. See it here: http://bit.ly/KphGtl "},{"index":"202864696179695617","data":"Neoris 3D Digital Factory.wmv: http://youtu.be/c9W9q0Agx3w  vía @youtube #in"},{"index":"196614522365157377","data":"Was out running 0.88 km with #Endomondo. See it here: http://bit.ly/IvJD7J "},{"index":"205354119899267072","data":"Was out running 7.82 km with #Endomondo. See it here: http://bit.ly/KyWalT "},{"index":"206848303986524160","data":"Remake de The Great Gatsby (2012): http://www.imdb.com/rg/tw_oshare/rt_ipad/title/tt1343092 … #IMDb promete"},{"index":"206295451610251266","data":"Was out running 6.22 km with #Endomondo. See it here: http://bit.ly/KK84tr "},{"index":"208836801484439552","data":"Was out running 5.06 km with #Endomondo. See it here: http://bit.ly/N5xqs9 "},{"index":"210114753039835136","data":"\"anyone who believes exponential growth can go forever in a finite world is either a madman or an economist.\" Kenneth Boulding, economist"},{"index":"210102362570899458","data":"Flares and ejections and solar eruptions, oh my! A year of studying magnetism on the sun. #NASAViz #fb http://svs.gsfc.nasa.gov/goto?10972 "},{"index":"210118158391058432","data":"\"Money is a new form of slavery, and distinguishable from the old simply by the fact that it is impersonal, there is no human relation..."},{"index":"210404210238427136","data":"Was out running 0.27 km with #Endomondo. See it here: http://bit.ly/KR6877 "},{"index":"214296352744681474","data":"Was out running 6.03 km with #Endomondo. See it here: http://bit.ly/KL29qq "},{"index":"210413738011000832","data":"Was out running 5.38 km with #Endomondo. See it here: http://bit.ly/KRihZF "},{"index":"213670309914619904","data":"Wind machine blast to the face [video] http://holykaw.alltop.com/wind-machine-blast-to-the-face-video … vía @GuyKawasaki #fb"},{"index":"216194892077084672","data":"BBC - Travel - Slideshow - Switzerland’s habitats in the sky http://www.bbc.com/travel/slideshow/20120608-switzerlands-habitats-in-the-sky … #fb #in"},{"index":"213711336549527552","data":"Cena infantil (@ Burguer King) [pic]: http://4sq.com/MY8nWS "},{"index":"216424817262465024","data":"Was out running 6.34 km with #Endomondo. See it here: http://bit.ly/MelIuZ "},{"index":"218819099499823105","data":"My body is my weapon #fb http://www.youtube.com/watch?v=A_ooJE9Veo0&feature=youtube_gdata_player …"},{"index":"218221630206394368","data":"Was out running 4.79 km with #Endomondo. See it here: http://bit.ly/N5jVDy "},{"index":"219395289965010944","data":"Was out running 4.45 km with #Endomondo. See it here: http://bit.ly/LpKODT "},{"index":"222653259804966912","data":"Was out running 3.66 km with #Endomondo. See it here: http://bit.ly/M07VHT "},{"index":"221897992897171456","data":"Was out running 5.07 km with #Endomondo. See it here: http://bit.ly/MMIZFf "},{"index":"223332270591844352","data":"Was out running 5.22 km with #Endomondo. See it here: http://bit.ly/N1PcNT "},{"index":"226372123952836609","data":"I just reached Level 2 of the \"Mall Rat\" badge on @foursquare. I’ve checked in at 5 different malls! http://4sq.com/MdUIZv "},{"index":"227651081608503296","data":"Was out running 8.24 km with #Endomondo. See it here: http://bit.ly/MYjw6h "},{"index":"224828922058121217","data":"Was out running 6.60 km with #Endomondo. See it here: http://bit.ly/M2zgGR "},{"index":"232419301804613632","data":"Parece q nos vamos digitalizando (al menos en UK) RT @Telegraph: Amazon sells more e-books than print titles in the UK http://tgr.ph/OFtej3 "},{"index":"230247535883730944","data":"Was out running 6.63 km with #Endomondo. See it here: http://bit.ly/M0JfQz "},{"index":"232736079512498177","data":"Was out running 6.36 km with #Endomondo. See it here: http://bit.ly/NyecqD "},{"index":"23543310610071553","data":"Reading: When In Doubt Simplify http://bit.ly/ghTuiV via @zen_habits #fb"},{"index":"247254707171627008","data":"Was out running 3.74 km with #Endomondo. See it here: http://bit.ly/U9xUiQ "},{"index":"230926316038402048","data":"Was out running 6.04 km with #Endomondo. See it here: http://bit.ly/NnsxGf "},{"index":"249513871709188097","data":"My point of view right now  @ Parc de Capçalera http://instagr.am/p/P4I-s3sppL/ "},{"index":"248805201316806656","data":"Coming back home (@ Nuevos Ministerios) http://4sq.com/PL3wXF "},{"index":"250469808330661888","data":"Was out running 4.04 km with #Endomondo. See it here: http://bit.ly/OZd2FO "},{"index":"250107313027964928","data":"Was out running 3.96 km with #Endomondo. See it here: http://bit.ly/RV32OM "},{"index":"250710064791425025","data":"RT @jogartra: Volvemos a alquila el piso, por si conocéis a algún interesado: http://goo.gl/f1dMq "},{"index":"251958233189736448","data":"Was out running 6.10 km with #Endomondo. See it here: http://bit.ly/Ssuqn8 "},{"index":"256657883683504128","data":"Was out running 7.01 km with #Endomondo. See it here: http://bit.ly/UOY2Tg "},{"index":"254476526479880192","data":"Was out running 5.28 km with #Endomondo. See it here: http://bit.ly/UqeQQl "},{"index":"257896327210475520","data":"Clay Shirky: How the Internet will (one day) transform government http://buff.ly/Rx3fMo  #TED.Relación entre #OpenSource y #OpenGovernment"},{"index":"260253121530458113","data":"Was out running 4.55 km with #Endomondo. See it here: http://bit.ly/RQb5NI "},{"index":"260716015275618304","data":"Cloudwash... Dilbert comic strip for 10/21/2012 http://buff.ly/PL12he  pic.twitter.com/0U41EAgr"},{"index":"260755139013537792","data":"Folk a tope! ♫ Wait So Long – Trampled By Turtles http://spoti.fi/MQdvyn  #Spotify"},{"index":"257904083455856640","data":"Carrotmob - Wikipedia, the free encyclopedia http://buff.ly/QIk04j "},{"index":"261450126583799808","data":"I just reached Level 2 of the \"Bento\" badge on @foursquare. I’ve checked in at 5 different Japanese Restaurants! http://4sq.com/ThVmdW "},{"index":"261450120007135233","data":"Hoy toca Japo (@ Rte. Shintori Teppanyaki) http://foursquare.com/venue/4e008c5f1495692a4bb5f8e5 … con @peckepekpek"},{"index":"261516402853294080","data":"I just unlocked the Back to School badge on @foursquare for checking in back on campus! Time to party! Er, study. http://4sq.com/RlWzyC "},{"index":"264362537066319872","data":"Scaleno, the new natural iPhone docking station - YouTube http://buff.ly/SCR416 "},{"index":"261608749398122496","data":"Para mantenerme despierto a estas horas ♫ Whiskey In The Jar – The Dubliners http://spoti.fi/JuAE8G  #Spotify"},{"index":"263264470015545344","data":"I just unlocked the \"Shutterbug\" badge on @foursquare for adding photos to my check-ins. Say cheese! http://4sq.com/W20uGI "},{"index":"269772833096355840","data":"Menos mal q hay crisis. Esto esta a parir (@ C.C. Bonaire w/ 3 others) http://4sq.com/T27ptk "},{"index":"264656646658203648","data":"Was out doing aerobics - with #Endomondo. See it here: http://bit.ly/YzHHjw "},{"index":"27110625922519040","data":"“@ubikuos: RT @ibmdesign “As far as the customer is concerned, the interface is the product.\" Jef Raskin” #in"},{"index":"276725110222770176","data":"Time tracking on @trello: Help make it happen for Protillo on @indiegogo http://igg.me/p/266597/twtr/1864747 …"},{"index":"277836573649813504","data":"The Disciplined Pursuit of Less - @HarvardBiz http://blogs.hbr.org/cs/2012/08/the_disciplined_pursuit_of_less.html … #fb #in"},{"index":"274218891088117760","data":"Explore a Google data center with Street View http://buff.ly/RFeh25 "},{"index":"282396018056785920","data":"Was out running 3.75 km with #Endomondo. See it here: http://bit.ly/Wwy184 "},{"index":"282024374595375104","data":"Try @trello. It's like sticky notes on steroids. https://trello.com/jogartra/recommend … (And it's free.)"},{"index":"283120199891288064","data":"Was out running 5.09 km with #Endomondo. See it here: http://bit.ly/V0JWtV "},{"index":"279140531290918912","data":"Curso de Linked Data por el Ontology Engineering Group de la UPM con @peckepekpek (@ Red.es w/ 3 others) [pic]: http://4sq.com/UVdUBF "},{"index":"284224535807541249","data":"Was out running 6.06 km with #Endomondo. See it here: http://bit.ly/UuPaRd "},{"index":"285032978663477248","data":"En expojove con la tribu (@ Feria Valencia w/ 2 others) http://4sq.com/ZJlhRd "},{"index":"285675212257755136","data":"Was out running 6.19 km with #Endomondo. See it here: http://bit.ly/VthgJd "},{"index":"284594366230704128","data":"I completed 349 tasks with @rememberthemilk in 2012 #rtmstats"},{"index":"305713764102189056","data":"Was out doing elliptical training 3.14 km with #Endomondo. See it here: http://bit.ly/Wck6YV "},{"index":"309575800431190016","data":"Pa Madrid, a dar una charlita (at @adif_es w/ 6 others) http://4sq.com/16asOJf "},{"index":"313262703240159232","data":"Was out running 4.38 km with #Endomondo. See it here: http://bit.ly/141dfnD "},{"index":"307822533338615809","data":"Was out doing elliptical training - with #Endomondo. See it here: http://bit.ly/ZUdIXG "},{"index":"318763067984973824","data":"Was out running 4.18 km with #Endomondo. See it here: http://bit.ly/16fee0i "},{"index":"316837430999261185","data":"Was out running 4.07 km with #Endomondo. See it here: http://bit.ly/14nC9Or "},{"index":"319526702529253377","data":"Was out running 5.13 km with #Endomondo. See it here: http://bit.ly/12hJIm1 "},{"index":"318752376527912960","data":"Was out running 0.04 km with #Endomondo. See it here: http://bit.ly/14A6tWh "},{"index":"317598644561911808","data":"Was out running 4.28 km with #Endomondo. See it here: http://bit.ly/YXzmUp "},{"index":"321033311466180608","data":"Por fin llegamos (@ Thorpe Park Hotel & Spa) http://ow.ly/1UKdO5 "},{"index":"321948237881823232","data":"Leaving the HQ (at @Masternaut) http://4sq.com/YcwfZO "},{"index":"321962611111522304","data":"Having lunch (at @SubwayUkireland) http://4sq.com/Xs27fN "},{"index":"321182854639939584","data":"En las oficinas centrales (at @Masternaut) http://4sq.com/Z2YugJ "},{"index":"331391310411997185","data":"Was out running 3.44 km with #Endomondo. See it here: http://bit.ly/16MudYe "},{"index":"331748898819407874","data":"Was out running 4.43 km with #Endomondo. See it here: http://bit.ly/16S5m5s "},{"index":"330741491590914048","data":"Was out running 5.40 km with #Endomondo. See it here: http://bit.ly/16EtGaX "},{"index":"331849282942545920","data":"The Lanes Group wanted to clean up a new business tender http://lnkd.in/E8WUrn "},{"index":"332043129916125184","data":"Was out running 5.53 km with #Endomondo. See it here: http://bit.ly/10FMf62 "},{"index":"333509193271234561","data":"Was out running 6.39 km with #Endomondo. See it here: http://bit.ly/10PjILw "},{"index":"332878912629649409","data":"Was out running 4.26 km with #Endomondo. See it here: http://bit.ly/13K9r82 "},{"index":"333859632495874048","data":"Was out running 7.22 km with #Endomondo. See it here: http://bit.ly/13T6SAy "},{"index":"334290047887101952","data":"Was out running 3.60 km with #Endomondo. See it here: http://bit.ly/13YeQbz "},{"index":"335378231802859521","data":"Was out running 4.39 km with #Endomondo. See it here: http://bit.ly/YOmWm2 "},{"index":"342176616715264000","data":"Masternaut to fuel growth with the acquisition of E.Novation BTC http://www.masternaut.com/news/press-releases/masternaut-to-fuel-growth-with-the-acquisition-of-e-novation-btc/#.Ua7kWbdStLs.twitter …"},{"index":"334588951224532993","data":"Was out running 4.69 km with #Endomondo. See it here: http://bit.ly/17tv3tp "},{"index":"344512669740580864","data":"Cut your engine when you stop for more than 60 seconds!\nhttp://lnkd.in/aq49Gd "},{"index":"336538014396329985","data":"Was out running 6.23 km with #Endomondo. See it here: http://bit.ly/13G2lSN "},{"index":"334715485407047680","data":"Was out running 6.05 km with #Endomondo. See it here: http://bit.ly/17viwFU "},{"index":"346579366093938688","data":"Masternaut Telematics Test Driven at Rockingham Speedway http://lnkd.in/t65zJD "},{"index":"350303794225102848","data":"Talking cars accelerate to launch http://lnkd.in/b4GT54 "},{"index":"344552443339743233","data":"The Design Battle Behind Apple iOS7 http://lnkd.in/9KB2ui "},{"index":"351587396028088320","data":"The Biggest Reason Most Sales Don't Close http://lnkd.in/yKTkWa "},{"index":"350568998380896256","data":"Interesting study on utilisation of complementary satellite networks for navigation. http://lnkd.in/m8Vn85 "},{"index":"354231628719079424","data":"Masternaut completes acquisition of E.Novation BTC, delivering a... http://lnkd.in/hPwkSn "},{"index":"35074913903583232","data":"excellent social media promo :: KLM Surprise :: An experiment on how happiness spreads :: http://surprise.klm.com/  #in #fb"},{"index":"357480737156497408","data":"Hoy toca Alicante. (@ Foster's Hollywood - @fosterhollywood) http://4sq.com/13vafuf "},{"index":"358629598437072896","data":"De compras (@ C.C. Bonaire w/ 4 others) http://4sq.com/13KR4fX "},{"index":"379669416373673986","data":"Coming back home (@ AVE) [pic]: http://4sq.com/14WjzPo "},{"index":"376433867072086016","data":"I flew up 1817m high to chase aurora!! http://bit.ly/17uqom4  pic.twitter.com/L98H5YdjTx"},{"index":"377052118546268160","data":"There was a Tiny Rabbit on Earth. He made a 'Carrot-fueled rocket engine' to chase aurora http://bit.ly/17uqom4  pic.twitter.com/texLFHbPcX"},{"index":"380064474041827329","data":"Masternaut introduces digital tachograph to smartphones and tablets http://lnkd.in/b4pVRSt "},{"index":"376295701153464320","data":"I flew up 1817m high to chase aurora!! http://bit.ly/17uqom4  pic.twitter.com/n7efBiaLk0"},{"index":"382504473370705920","data":"Tachograph Webinar – join us to unlock cost savings and deliver... http://lnkd.in/bqvmBRB "},{"index":"38538092709158912","data":"@rrhhymas bienvenido a twitter"},{"index":"400246929093033985","data":"De comida con ex compis (@ Marla Center w/ 2 others) http://4sq.com/HUwMxl "},{"index":"402741409767497728","data":"Masternaut deploy telematics for cranes and heavy lifting equipment http://lnkd.in/dSKa5DZ "},{"index":"397354390690205696","data":"Hoy por Castellón, ayudado por una hamburguesa Grand Chef (@ Foster's Hollywood - @fosterhollywood) http://4sq.com/1eaXcsP "},{"index":"401370427794423808","data":"Volvo Trucks - The Epic Split feat. Van Damme (Live Test 6) http://lnkd.in/dDNqB5W "},{"index":"409744169046126592","data":"Guest house http://amzn.com/k/ajzfhs3kSkaVqkVd-6OUKw … “Guest House”: This being human is a guest house Every morning a new arrival. A joy, a depression,..."},{"index":"44360250605842432","data":"http://open.spotify.com/track/0UopkfGuwDf3hx3tr8rPxC Stereophonics – Dakota - Decade In The Sun Version #fb"},{"index":"50544872406523905","data":"I just unlocked the \"Photogenic\" badge on @foursquare! http://4sq.com/i4vZAo"},{"index":"45977483962621952","data":"Eschuchando The White Stripes – The Denial Twist http://open.spotify.com/track/2TFdgTIV1S5xFVk8uf9DWn  #fb"},{"index":"53196770246803456","data":"Neoris' Video Wall at SAPPHIRE http://www.youtube.com/watch?v=k9NJ7c71nls … vía @youtube #in"},{"index":"51377036568178688","data":"Configurando mi brand new router Conceptronic 300 Mbps. A ver si esto del wifi n se nota"},{"index":"53453447860715521","data":"Comida reencuentro Neoris, Everis, Telvent e Indra (@ Shintori) http://4sq.com/gdKfZz"},{"index":"411144104375222272","data":"Driving business costs down using vehicle tracking http://lnkd.in/dpEAMTx "},{"index":"60595980822781953","data":"Genial Morgan Spurlock: The greatest TED Talk ever sold http://bit.ly/h8zaNy"},{"index":"70615964177268736","data":"\"The Truth of the matter is that you always know what to do. The hard part is doing it\". Norman Schwarzkopf #fb #in"},{"index":"63181284914118656","data":"Infrastructure now key to the future of the connected mobile health platform http://lnkd.in/MCCtNG"},{"index":"55756704947781632","data":"Instalando dd-wrt en mi antiguo router Linksys para hacer un wireless bridge"},{"index":"80682951188299776","data":"The Illusion of Control http://bit.ly/iv0d6a"},{"index":"90432947768930304","data":"Here I am again (@ Neoris VLC) http://4sq.com/rfYKkO"},{"index":"85817489417711617","data":"A next generation digital book http://on.ted.com/9O2d #fb #in"},{"index":"98008548574896128","data":"Advanced GTD with Remember the Milk http://blog.rememberthemilk.com/2008/05/guest-post-advanced-gtd-with-remember-the-milk/ …"},{"index":"74108270989688833","data":"Comiendo con @dwerbam  (@ Fosters Bonaire) http://ow.ly/54qae"}]