[{"index":"345733397366337537","data":"@Lualvarez empezaste a ver The Killing?"},{"index":"348626136571465728","data":"Sufro"},{"index":"338839483027959809","data":"Se calman #Rating"},{"index":"347161216680071170","data":"Murió Facebook. Hoy se coge."},{"index":"345696735164784640","data":"Y sepan que los hombres malos hacen lo que los hombres buenos sueñan. ( Raffo/Silva)"},{"index":"354808321204699136","data":"#VersosDeConsultores is back"},{"index":"360846371928027136","data":"Playstation me da motivos para no comprar Playstation. Gracias. pic.twitter.com/UC1Y9hUfJv"},{"index":"364560443672510465","data":"whatisthis? #MartinFierro"},{"index":"356101889529626624","data":"Cuando notas q te sacan una foto con el teléfono, hay q decir algo?"},{"index":"357993544390156288","data":"New #myeventon version 2.1.13 is up for grabs now!"},{"index":"366356177858211840","data":"Parece que no se achica #Homeland en la 3º Temporada, sino todo lo contrario. Trailer http://www.youtube.com/watch?v=iXOUIsu-E0Q …"},{"index":"364589484874014721","data":"A P T R A"},{"index":"367634422163464192","data":"Sobrino in the morning... ¿No es hermoso? pic.twitter.com/mmTdIi1jSk"},{"index":"373518902636314625","data":"Twitter y sus rayitas celestes y rosas. Atenti Luber..."},{"index":"370917834869972992","data":"Empecé a ver \"House of cards\", muy bueno el primer episodio!"},{"index":"377249585871474688","data":"Farsantessss ssssha"},{"index":"375246992894881792","data":"Algún alma caritativa que me diga en dónde puedo ver el capítulo de ayer de #Farsantes"},{"index":"381957413517008897","data":"¿Olivier Martinez o Robert Downey Jr. andan por ahí? #Emmys"},{"index":"381954337452195840","data":"Todo mi amor para Homeland, The Walking Dead, The Killing y House of Cards #Emmys"},{"index":"380783977499729920","data":"El flagelo de \"teen beach movie\" y sus coreos"},{"index":"385577168601767936","data":"All you need is love, Homeland y chocolates."},{"index":"399752474682490880","data":"Twitter embole"},{"index":"385567231486480384","data":"Un whisky doble para mi."},{"index":"395375771608305664","data":"@hernandibello buen RT teacher!"},{"index":"345696735164784640","data":"Y sepan que los hombres malos hacen lo que los hombres buenos sueñan. ( Raffo/Silva)"},{"index":"393727276707106816","data":"#EncuestaFlash: ¿Cuáles son las tres primeras pestañas que abrís en el navegador?"},{"index":"345733397366337537","data":"@Lualvarez empezaste a ver The Killing?"},{"index":"348626136571465728","data":"Sufro"},{"index":"347161216680071170","data":"Murió Facebook. Hoy se coge."},{"index":"357993544390156288","data":"New #myeventon version 2.1.13 is up for grabs now!"},{"index":"338839483027959809","data":"Se calman #Rating"},{"index":"354808321204699136","data":"#VersosDeConsultores is back"},{"index":"356101889529626624","data":"Cuando notas q te sacan una foto con el teléfono, hay q decir algo?"},{"index":"360846371928027136","data":"Playstation me da motivos para no comprar Playstation. Gracias. pic.twitter.com/UC1Y9hUfJv"},{"index":"370917834869972992","data":"Empecé a ver \"House of cards\", muy bueno el primer episodio!"},{"index":"364560443672510465","data":"whatisthis? #MartinFierro"},{"index":"364589484874014721","data":"A P T R A"},{"index":"367634422163464192","data":"Sobrino in the morning... ¿No es hermoso? pic.twitter.com/mmTdIi1jSk"},{"index":"366356177858211840","data":"Parece que no se achica #Homeland en la 3º Temporada, sino todo lo contrario. Trailer http://www.youtube.com/watch?v=iXOUIsu-E0Q …"},{"index":"373518902636314625","data":"Twitter y sus rayitas celestes y rosas. Atenti Luber..."},{"index":"377249585871474688","data":"Farsantessss ssssha"},{"index":"375246992894881792","data":"Algún alma caritativa que me diga en dónde puedo ver el capítulo de ayer de #Farsantes"},{"index":"381957413517008897","data":"¿Olivier Martinez o Robert Downey Jr. andan por ahí? #Emmys"},{"index":"381954337452195840","data":"Todo mi amor para Homeland, The Walking Dead, The Killing y House of Cards #Emmys"},{"index":"380783977499729920","data":"El flagelo de \"teen beach movie\" y sus coreos"},{"index":"385577168601767936","data":"All you need is love, Homeland y chocolates."},{"index":"393727276707106816","data":"#EncuestaFlash: ¿Cuáles son las tres primeras pestañas que abrís en el navegador?"},{"index":"385567231486480384","data":"Un whisky doble para mi."},{"index":"399752474682490880","data":"Twitter embole"},{"index":"395375771608305664","data":"@hernandibello buen RT teacher!"}]