[{"index":"1222753333","data":"Jflex for processing blog posts"},{"index":"1221478164","data":"reading System of the World"},{"index":"1226845751","data":"re-reading David Kahn on Pearl Harbor (or Harbour)"},{"index":"101370359365902339","data":"Social Leopard: How to master and command the eRiots. http://socleopard.blogspot.com/2011/08/how-to-master-and-command-eriots.html?spref=tw …"},{"index":"1203644034","data":"icwsm work"},{"index":"1345837826","data":"working up assignments using Lingpipe"},{"index":"1398431309","data":"listening to younger son making tea for his friends (who believe he is an expert, because British)"},{"index":"1363331916","data":"drinking tea"},{"index":"14000148740","data":"Magpie consort concert tonight and next two nights.\n\nhttp://www.magpieconsort.org/"},{"index":"1334482415","data":"Liking \nclay shirky on newspapers and the internet."},{"index":"1404968135","data":"encouraging people to laugh in the face of the curse of dimensionality"},{"index":"1424504933","data":"learning lingpipe to teach a class"},{"index":"1448522888","data":"off to be a backing singer in a devilish concoction of Al Smyth's"},{"index":"1473917916","data":"went to hear Alex McDowell talk about PreViz in film production. Acting as emissary for Glenn and Edwina from Oxford"},{"index":"1404450128","data":"syllabus"},{"index":"1486038085","data":"understanding Pegasos"},{"index":"1486066431","data":"@j2bryson: AI or Cognitive Biology: more than a matter of emphasis?"},{"index":"1493348748","data":"@matthewhurst: understood the specific, not the general"},{"index":"1486041699","data":"planning  intro for Halevy, Norvig, Pereira"},{"index":"1533736494","data":"liking Cory Doctorow's scepticism at http://tinyurl.com/a2hu"},{"index":"1538575252","data":"gmail flickers for me"},{"index":"1545880860","data":"twitter will so be used for serious stuff. But how?"},{"index":"1620011881","data":"people didn't appreciate the PC until there were applications exemplifying the utility. Same for clouds?"},{"index":"1590442886","data":"Advice on how to network on the net: http://tinyurl.com/d3e8tq"},{"index":"1686305949","data":"@matthewhurst picture of apple taken with said iPhone? Why not banana?"},{"index":"184384623139237889","data":"Naughty red palace minivan. No potato and nailvarnish pizza for you next time #sprongbahreak"},{"index":"1705851261","data":"reading about controlled experiments on web"},{"index":"175352291828830208","data":"Grammar, Grandma Day /\nPasses from Grandma to Grandma /\nGrammar Grandma Day! / #grammarday"},{"index":"1804979213","data":"taking matthew to the other school for a tennis tournament"},{"index":"1853323906","data":"Considering dec 18 2012"},{"index":"1849105875","data":"Would OSU students like a social media course selection site?"},{"index":"2191477191","data":"being impeded by a cat"},{"index":"22662969095626752","data":"Linguistics 484 people: homework is a shift cipher"},{"index":"22881637616320512","data":"SEAN WIEUIIUZH DTG CNP LBHXGK OZ BJQB FEQT XZBW JJOY TK FHR TPZWK PVU RYSQ VOUPZXGG OEPH CK UASFKIPW PLVO JIZ"},{"index":"22881723918319616","data":"DAU FQTI WTTJ J DOGOAIA FLWHTXTI QLTR SEA LVLFLXFO"},{"index":"22907702405500929","data":"http://arstechnica.com/gadgets/news/2010/12/15-phone-3-minutes-all-thats-needed-to-eavesdrop-on-gsm-call.ars"},{"index":"22881690871406592","data":"HMN NVAEUD XYF DURJ BOVPA SF MLV FYYRDE LVPL NFYSIN XY FQEO NPK M OBPC PHIJFHOHT AS ETOV B OCAJOSVQU M ZTZV TPHY"},{"index":"24838741453438976","data":"Codes people: did you bring your multicoloured ceremonial lab coats?"},{"index":"249646360515706880","data":"4th place in http://www.kaggle.com/c/detecting-insults-in-social-commentary …"},{"index":"24541122546110464","data":"tweepy + oauth!"},{"index":"243845517929500672","data":"http://swtch.com/~rsc/regexp/regexp1.html … regexp link for  @Dan_S_Blanchard  and @haikuman"},{"index":"249646752234360834","data":"You have won second prize in a beauty contest (Card from Monopoly game)"},{"index":"249646556117094400","data":"ETS team fifth place in http://www.kaggle.com/c/asap-sas "},{"index":"249646946187362305","data":"Advance copies of http://www.amazon.com/Language-Computers-Markus-Dickinson/dp/1405183055 … are in the post."},{"index":"249710297554747392","data":"ETS team fifth place in http://www.kaggle.com/c/asap-sas "},{"index":"250009652287397889","data":"“@RichardWiseman: RT @RogerHighfield: Power hungry Internet http://www.nytimes.com/2012/09/23/technology/data-centers-waste-vast-amounts-of-energy-belying-industry-image.html?ref=science&_r=0moc.semityn.www … « real issue, but very poor knee-jerk article"},{"index":"252780301204459520","data":"Guess Mahela takes so long to get paid he isn't too fussed about giving up captaincy bonus for a day #wt20"},{"index":"249710336977039360","data":"ETS team fifth place in http://www.kaggle.com/c/asap-sas "},{"index":"252191331877785600","data":"Determined to get ALL THE SLEEPS!!! :D #sick"},{"index":"263440219326529536","data":"Damn. it's really hard to say anything in 100 words. #ADSabstract"},{"index":"265634531753742336","data":"Continuing with my increasingly difficult plan of not responding to any ignorant bullshit on facebook, ever."},{"index":"267026701144440832","data":"So, \"judgement\" is okay spelling in British English. It's becoming more popular & typical use is non-legal contexts. http://bit.ly/WLNjKi "},{"index":"267026339536711681","data":"So, \"judgement\" is okay spelling in British English. It's becoming more popular & typical use is non-legal contexts. http://bit.ly/WLNjKi "},{"index":"267026469274914816","data":"So, \"judgement\" is okay spelling in British English. It's becoming more popular & typical use is non-legal contexts. http://bit.ly/WLNjKi "},{"index":"270661363880325120","data":"Either Wood Hall is an endless maze of doom or the Security office I went to when I first started here no longer exists. lol"},{"index":"273176045593698305","data":"+1 for 31.6"},{"index":"273475791407443969","data":"@haikuman Is this BBC article on languages any good? http://bbc.in/110VqRL "},{"index":"272831218221977600","data":"Just saw something *wonderful*. The word \"upgedated\" in German text. Presumably past participle of \"updaten\". #denglish"},{"index":"273549130780008451","data":"If this carries on, governments are going to start blocking THE ONION ??\n\nhttp://onion.com/TrLbUM "},{"index":"273958933230673921","data":"#nimbadon"},{"index":"273926400057167872","data":"http://bit.ly/V6SbDc  Good concept"},{"index":"275051411753025536","data":"Tsk...NP != S RT @richlitt @Lazer 1) Holy crap how can one word mean an entire sentence? [...] pic.twitter.com/8pgVaME"},{"index":"276709845418250241","data":"Interesting CACM Blog post by @aria42  \nhttp://bit.ly/VIUw9q "},{"index":"27796944894042113","data":"Turing, Friedman, Babbage, Jefferson, watch out for coded messages yielding  bonus possibilities."},{"index":"277487800234942465","data":"Friday vacation day art in NYC http://bit.ly/VEXCit \n\nhttp://bit.ly/SGBkbJ \n\nhttp://bit.ly/UMyvrL  (with 2 Sheena pieces)"},{"index":"27864383015096320","data":"AEGJRRWTHJEGASMVETJHFLMULRPOOVVMXZTHJLTZSHUTABRLKARAWXUTBLTADETYIGNAZYEXUGTYMXUTHMTALTRWEWLSVYIULDUFT"},{"index":"27796634712678400","data":"Turing and Friedman earned 5 CryptoDollars each"},{"index":"277926640636534786","data":"Whoa. What?? They name snowstorms? Since when?? http://www.weather.com/news/weather-winter/winter-storm-caesar-20121208 …"},{"index":"283648754249256962","data":"Well-crafted, maybe a little dated. Martin Beck is a sympathetic protagonist. http://amzn.com/k/3X6GI7xJT2aL7aHNgfbsPA …"},{"index":"299888378227355649","data":"Revised singular value decomposition tutorial http://goo.gl/IcDD5  written 8 yrs ago for NLP seminar by @cbrew! Thnx all who reported errors"},{"index":"280490200449306624","data":"I'm at AMC Hamilton 24 for The Hobbit: An Unexpected Journey (Hamilton, NJ) w/ 3 others http://4sq.com/T2wdEi "},{"index":"27864421195841537","data":"ALKXFWHYDMDEGAYVYYIAOVLNMZFHYETJHILRLVNBMYHBAEZOUYIGNAYLAMOEK"},{"index":"291028925205864449","data":"Revised singular value decomposition tutorial http://goo.gl/IcDD5  written 8 yrs ago for NLP seminar by @cbrew! Thnx all who reported errors"},{"index":"300686357049798660","data":"Can anyone suggest a good introduction to #NLProc that would be accessible to a high school student?"},{"index":"300722113583673344","data":"Can anyone suggest a good introduction to #NLProc that would be accessible to a high school student?"},{"index":"303944416371027968","data":"Words ending with -ing are \"tricky\" for NLP? Huh? http://www.analyticbridge.com/group/textmining/forum/topics/seven-tricky-sentences-for-nlp-and-text-mining-algorithms?goback=%2Egmp_115439 …"},{"index":"304214861615865857","data":"Tonight, my daughter begged us to stay up late and do her math homework. This is the best day ever."},{"index":"306416379358216192","data":"flergh? (@ Educational Testing Service w/ 3 others) http://4sq.com/XYhfNH "},{"index":"304695109306437632","data":"\"Why work inTV news?\"asks my student comparing it to learning 2weave when the SpinningJenny has been invented. Answers plse? #EMBRACEONLINE"},{"index":"313685239845240832","data":"Anyone got good suggestions for \"can't miss\" stops in Ireland, maybe off the beaten path? The fam's returning to the homeland come June!"},{"index":"324193832","data":"reading about finance"},{"index":"320305696610586624","data":"Ahhhh some kind of wasp is like mating with my hat!! What do I do?? Make it go away!!!! pic.twitter.com/EHc5GoJAVu"},{"index":"315929541547798528","data":"I just had a typing mishap and produced \"import collection.mutable.LustBuffer\". Now that would be an interesting data structure. #scala"},{"index":"324376658255687680","data":"Oh, participant pseudonyms, always makin me sing musicals to ya...Sandra gets \"Grease,\" Maria gets \"West Side Story,\" Roger gets \"Rent\"..."},{"index":"342085059970469888","data":"\"Die Zeit\" rankings don't include #computational #linguistics, but the main DE unis are SB, S/Tü, LMU and HD  #Computerlinguistik #research"},{"index":"330514007318474753","data":"Still bewildered at presence & popularity of 'meat sauce' here (ad:'has premium chunks of meat!'). C'mon USA, demand a specific animal."},{"index":"349367879629684736","data":"... to the safe hands of #MontyPanesar at mid-on ... plus ça change http://es.pn/14n5Iwd "},{"index":"335471931442745344","data":"@jasonbaldridge has the best long paper been decided as well ?"},{"index":"349568737990557698","data":"One of my main complaints against most grammatical frameworks is that they're built ftom engineering principles, not scientific ones."},{"index":"349575150045364224","data":"One of my main complaints against most grammatical frameworks is that they're built ftom engineering principles, not scientific ones."},{"index":"349575962746306560","data":"One of my main complaints against most grammatical frameworks is that they're built ftom engineering principles, not scientific ones."},{"index":"350448360022482945","data":"if you had to parse (constit or dependency) 60m untagged sentences (500m words) in a thousand CPU hours, what parser/tagger would you use?"},{"index":"350685664032985088","data":"if you had to parse (constit or dependency) 60m untagged sentences (500m words) in a thousand CPU hours, what parser/tagger would you use?"},{"index":"349670460583194624","data":"Someday I will look like an adult when I travel. But that day is not today, as I sit on the terminal floor, Indian-style, in scrubby sweats"},{"index":"350458235351871488","data":"if you had to parse (constit or dependency) 60m untagged sentences (500m words) in a thousand CPU hours, what parser/tagger would you use?"},{"index":"350706885365727233","data":"Intercity rail travel in the USA is ridiculously expensive.  No financial motivation to leave the car at home whatsoever."},{"index":"350747099001913346","data":"Twelve Tones: http://youtu.be/4niz8TfY794  via @youtube. Vi Hart branches out from math into music, cogsci and EVERYTHING. So engaging..."},{"index":"350702617065828352","data":"Intercity rail travel in the USA is ridiculously expensive.  No financial motivation to leave the car at home whatsoever."},{"index":"352580935889326080","data":"Hmm - friend trained in NLP has morphed into ML and image processing because \"old school NLP and text analytics isn't paying the bills\""},{"index":"360960150611296256","data":"Sort of a same old, same old article about my poor life decisions, but if you're into that brand of masochism, voilà: http://chronicle.com/article/A-PhDa-Failure/44884/ …"},{"index":"359876825905758208","data":"“That is not what I meant at all;    That is not it, at all.”"},{"index":"361874793630400512","data":"Check out @LTAGgame, a mildly context-sensitive party game! http://ltaggame.com/  Could there be a CCGgame in the future? #nlproc #lx"},{"index":"363457067673059328","data":"Off to Sofia for #acl2013"},{"index":"364426360028008451","data":"A question for native speakers: Can an alternative question like “Is the number of planets even or not?” be answered with one word “No”?"},{"index":"370778892660776960","data":"A gargle of phoneticians. #linguistics #collectionnames @heatherfro @louBurnard"},{"index":"364420073387081730","data":"Proposing a novel poster vs. presentation selection criteria: English proficiency test. #acl2013 (and conferences in general)"},{"index":"364549303999545345","data":"Proposing a novel poster vs. presentation selection criteria: English proficiency test. #acl2013 (and conferences in general)"},{"index":"371123276489035776","data":"Whenever anyone starts a statement with \"The thing you've got to realize is ...\", my gut reaction is to not trust anything that follows."},{"index":"371792894970953728","data":"nice LanguageLog from @bgzimmer: \"-(i)versary is available for productive neologizing\" http://bit.ly/170EJfg  #language"},{"index":"376866578572144640","data":"http://discussion.theguardian.com/comment-permalink/26769693 …\n\n@skinnyrichcoach @lucyberesford Epic comment about the Dairy. Spoof or not?"},{"index":"375638536721924097","data":"somewhat related: octopuses, octopi, or octopodes? http://en.wikipedia.org/wiki/Octopus#Etymology_and_pluralization …"},{"index":"372749691194077184","data":"Google has ranked #nlproc publication venues http://scholar.google.com/citations?view_op=top_venues&hl=en&vq=eng_computationallinguistics&venue=pR_JUmMdsmMJ.2013 …"},{"index":"376826175923826688","data":"Google open sources word2vec - the \"crown jewel\" of natural language processing http://gigaom.com/2013/08/16/were-on-the-cusp-of-deep-learning-for-the-masses-you-can-thank-google-later/ …"},{"index":"377906766178033664","data":"War nie in Berlin zum Sylvester. Ist alles vom 29. zum 02.01 zu, oder kann ich relativ einfach Essen gehen / kaufen?"},{"index":"378018486494052352","data":"NLP: unscheduled, real, and live.: System 1.5: the dialog system thats expects the ex... http://socleopard.blogspot.com/2013/09/system-15-dialog-system-thats-expects.html?spref=tw …"},{"index":"378001563165274112","data":"Argh, THREE of my liberal intelligentsia friends are giving an unethical mafioso politician credit for a PR exercise.  Or two."},{"index":"378156407087837184","data":"Argh, THREE of my liberal intelligentsia friends are giving an unethical mafioso politician credit for a PR exercise.  Or two."},{"index":"378002285105664000","data":"Argh, THREE of my liberal intelligentsia friends are giving an unethical mafioso politician credit for a PR exercise.  Or two."},{"index":"378030637619220480","data":"Argh, THREE of my liberal intelligentsia friends are giving an unethical mafioso politician credit for a PR exercise.  Or two."},{"index":"378157177057210368","data":"Argh, THREE of my liberal intelligentsia friends are giving an unethical mafioso politician credit for a PR exercise.  Or two."},{"index":"378157948410687488","data":"Argh, THREE of my liberal intelligentsia friends are giving an unethical mafioso politician credit for a PR exercise.  Or two."},{"index":"378177912110739456","data":"McCain: Putin’s op-ed insults Americans’ intelligence: http://bit.ly/14OsyN5 "},{"index":"383001273689067521","data":"Rationalizing natural language grammar is pointless but rationalizing natural language alphabets, spelling & typography is not. Discuss."},{"index":"382529789749239808","data":"RT @KZhitomi @francescrook: I'm glad I am a woman. According to the #guardian obituaries pages women hardly ever die."},{"index":"382035045214453760","data":"David Hanson oh Independent Assoc of Prep schools will tell his conference paper exams will be a thing of the past by 2023 - all online"},{"index":"383002906514833408","data":"Rationalizing natural language grammar is pointless but rationalizing natural language alphabets, spelling & typography is not. Discuss."},{"index":"389066778506063872","data":"http://www.theonion.com/articles/high-school-football-coach-encourages-player-to-sh,34182/ …"},{"index":"383258507123769344","data":"Good to see my academic grandfather--Walter Kintsch--get some love in @pomeranian99's post on memory and tech: http://www.slate.com/articles/health_and_science/science/2013/09/are_search_engines_and_the_internet_hurting_human_memory.single.html …"},{"index":"389097587841572864","data":"Does \"barge pole\" translate into American English?"},{"index":"390797109706121216","data":"Well this is awkward. Sperber is a Wilson, and Wilson is a Sperber. Stupid pet-shop-Pam..."},{"index":"389886548591652864","data":"Uh oh. Stanford just called out @jasonbaldridge - \"Stanford NER outperforms OpenNLP NameFinder by 10%\" https://github.com/Berico-Technologies/CLAVIN-NERD … @greenbacker"},{"index":"390853750291955712","data":"Well this is awkward. Sperber is a Wilson, and Wilson is a Sperber. Stupid pet-shop-Pam..."},{"index":"392439359477010432","data":"Help, I want to write a dirty limerick about grammars but I can't think of a rhyme for \"context-freeness\"!"},{"index":"392011344259469312","data":"Austin to San Francisco this morning, now in Berkeley. Nice to have the same beautiful weather I left in Texas!"},{"index":"392018333446332416","data":"Austin to San Francisco this morning, now in Berkeley. Nice to have the same beautiful weather I left in Texas!"},{"index":"390363495662764032","data":"Listen, strange women lying in ponds distributing swords as a basis for a system of government is starting to sound better every minute."},{"index":"392440554060906497","data":"Help, I want to write a dirty limerick about grammars but I can't think of a rhyme for \"context-freeness\"!"},{"index":"394527318258876416","data":"New trend: CAT-fooding the company technology. Nibbling at it in a desultory way before mewing for something better."},{"index":"396363453859774465","data":"Ah, @conjugateprior thinks net neutrality is dead bc everyone supporting it was abusing it, so we’re in for private webs now #privacy #nsa"},{"index":"396342831557525504","data":"Ah, @conjugateprior thinks net neutrality is dead bc everyone supporting it was abusing it, so we’re in for private webs now #privacy #nsa"},{"index":"402338999676592128","data":"a child safety expert welcomes the Google initiatives @johnc1912  http://www.itv.com/news/2013-11-18/dramatic-new-steps-will-make-internet-safer-for-children/ …"},{"index":"406634635301384193","data":"Things I've learned at my 10yr HS reunion: \"have you been working out?\"='yr less fat than before!!' & avoid the folks who've become nuns :'("},{"index":"402339457711370240","data":"a child safety expert welcomes the Google initiatives @johnc1912  http://www.itv.com/news/2013-11-18/dramatic-new-steps-will-make-internet-safer-for-children/ …"},{"index":"4123155587","data":"it is clear that 140 chars is a good amount to write using Dasher"},{"index":"410600908221710336","data":"This anti-suffrage propaganda makes for a fascinating history lesson: http://thesocietypages.org/socimages/2013/12/04/the-feminization-of-the-cat-in-anti-suffrage-propaganda/ …"},{"index":"443536512","data":"Watching Breach"},{"index":"443909512","data":"sleep"},{"index":"411710710243020800","data":"Wait a minute. Outside-in is *not* the opposite of inside-out."},{"index":"6769586342","data":"\"I don't know what I want, but I want it now\" \n\nhttp://en.wikipedia.org/wiki/Sir_Henry_at_Rawlinson_End_(film)"},{"index":"805444758","data":"picking up coffee"},{"index":"678391592","data":"stroking a black cat"},{"index":"805439668","data":"pre-breakfast email"},{"index":"805462357","data":"working"},{"index":"805939498","data":"coling reviews: late, drattit"},{"index":"87507520544968704","data":"@jochenleidner surely finding topically relevant citations is all about precision?"},{"index":"87512481840373760","data":"@cbrew @jochenleidner quicker to search in author name in that case!  Tried it with a few abstracts and am really unconvinced @milesosborne"},{"index":"83036014922313728","data":"You don't have to die of humiliation, for you are strong person, and this is a learning experience #whichsong"},{"index":"88096213160824833","data":"“@kinggary: Google loses Twitter firehose http://ow.ly/5wA4F ”  Agreement terminated by whom? Twitter, bcoz of G+?"}]