[{"index":"330063645906194433","data":"The Amazing Spider-Man 2, primera imagen de Paul Giamatti como Aleksei Mikhailovich Sytsevich / Rhino \nhttp://1936visiones.blogspot.com.es/2013/05/the-amazing-spider-man-2-primera-imagen.html …"},{"index":"329372802551517184","data":"Imágenes de 'Captain America: The Winter Soldier' donde Chris Evans y Scarlett Johansson se enfrentan a un villano\nhttp://1936visiones.blogspot.com.es/2013/05/imagenes-de-captain-america-winter.html …"},{"index":"330063478381494272","data":"The Lone Rangers, Russian Trailer (Tráiler ruso)\nhttp://1936visiones.blogspot.com.es/2013/05/the-lone-rangers-russian-trailer.html …"},{"index":"329372591095705600","data":"Nueva imagen de Batman vs Deathstroke en el vídeojuego 'Batman: Arkham Origins'\nhttp://1936visiones.blogspot.com.es/2013/05/nueva-imagen-de-batman-vs-deathstroke.html …"},{"index":"329372864107139073","data":"Imagen de Hugh Jackman (Wolverine) en el rodaje d 'X-Men: Days of Future Past', twiteada por el director Bryan Singer\nhttp://1936visiones.blogspot.com.es/2013/05/imagen-de-hugh-jackman-wolverine-en-el.html …"},{"index":"330063900647247872","data":"Star Trek Into Darkness, 9 pósters con los personajes principales\nhttp://1936visiones.blogspot.com.es/2013/05/star-trek-into-darkness-espectacular.html …"},{"index":"330064064740990976","data":"Man of Steel, new poster and new TV Spot\nhttp://1936visiones.blogspot.com.es/2013/05/man-of-steel-new-poster-and-new-tv-spot.html …"},{"index":"331425390071517184","data":"The Wolverine, poster of Silver Samurai / Lobezno Inmortal, póster del Samurai de plata\nhttp://1936visiones.blogspot.com.es/2013/05/the-wolverine-poster-of-silver-samurai.html …"},{"index":"330063778056134658","data":"Captain America: The Winter Soldier, primeras imágenes de Anthony Mackie como Halcón (Falcon) y Concept Art de Bucky\nhttp://1936visiones.blogspot.com.es/2013/05/capainn-america-winter-soldier-primeras.html …"},{"index":"330359489725349888","data":"Guardianes de la Galaxia, Thor: The Dark World y The Wolverine (Lobezno Inmortal), nuevas imágenes\nhttp://1936visiones.blogspot.com.es/2013/05/guardianes-de-la-galaxia-thor-dark.html …"},{"index":"331793700734775299","data":"R.I.P.D., new poster\nhttp://1936visiones.blogspot.com.es/2013/05/ripd-new-poster.html …"},{"index":"331425416982183938","data":"Banners of Man of Steel, Pacific Rim and Prodigy-man\nhttp://1936visiones.blogspot.com.es/2013/05/banners-of-man-of-steel-pacific-rim-and.html …"},{"index":"331793799871344642","data":"Man of Steel, TV Spot 3\nhttp://1936visiones.blogspot.com.es/2013/05/man-of-steel-tv-spot-3.html …"},{"index":"331793900912144384","data":"Fotos de Emma Stone en el rodaje de 'The Amazing Spider-Man 2'\nhttp://1936visiones.blogspot.com.es/2013/05/fotos-de-emma-stone-en-el-rodaje-de.html …"},{"index":"332243837219110912","data":"Fotos de Megan Fox en 'Teenage Mutant Ninja Turtles' y de Sophie Okonedo en 'After Earth'\nhttp://1936visiones.blogspot.com.es/2013/05/fotos-de-megan-fox-en-teenage-mutant.html …"},{"index":"333965367368110080","data":"Nuevas imágenes de Paul Giamatti (Mikhilovich Sytsevich/El Rino) contra Spider-Man en 'The Amazing Spider-Man 2'\nhttp://1936visiones.blogspot.com.es/2013/05/nuevas-imagenes-de-paul-giamatti.html …"},{"index":"333965215857266688","data":"Nuevas imágenes d Joel Kinnaman con armadura en el reboot d 'Robocop' y 1ª imagen de 'Dawn of the Planet of the Apes'\nhttp://1936visiones.blogspot.com.es/2013/05/nuevas-imagenes-de-joel-kinnaman-con.html …"},{"index":"333966000821252097","data":"Películas de superhéroes 2013 - POSTERS de Iron Man 3, Prodigy-man, Man of Steel, Kick-Ass 2, The Wolverine y Thor 2\nhttp://1936visiones.blogspot.com.es/2013/05/peliculas-de-superheroes-2013-posters.html …"},{"index":"334442779889500160","data":"Man of Steel, TV Spot 5\nhttp://1936visiones.blogspot.com.es/2013/05/man-of-steel-tv-spot-5.html …"},{"index":"334745244484640771","data":"Nueva imagen de 'The Amazing Spider-Man 2'\nhttp://1936visiones.blogspot.com.es/2013/05/nueva-imagen-de-amazing-spider-man-2.html …"},{"index":"334745068600713216","data":"Riddick, new trailer\nhttp://1936visiones.blogspot.com.es/2013/05/riddick-new-trailer.html …"},{"index":"334745189660909569","data":"Imagen twitteada p Bryan Singer d Hugh Jackman (Wolverine) y Nicholas Hoult (Bestia) en X-men: Días del Futuro Pasado\nhttp://1936visiones.blogspot.com.es/2013/05/imagen-twitteada-por-bryan-singer-de.html …"},{"index":"335169794150129664","data":"The Lone Ranger (El Llanero Solitario), new Banner\nhttp://1936visiones.blogspot.com.es/2013/05/the-lone-ranger-el-llanero-solitario.html …"},{"index":"335170481030299649","data":"Hi! I want to share with you the final poster ( http://prodigy-man-files.blogspot.com.es/2013/05/poster-oficial-de-prodigy-man-la-nueva.html … ) of \n'Prodigy-man', a film that combines superheroes and Alzheimer."},{"index":"336491903098957827","data":"‘The Young and Prodigious Spivet’, tráiler de la nueva película de Jean-Pierre Jeunet (Amelie)\nhttp://1936visiones.blogspot.com.es/2013/05/the-young-and-prodigious-spivet-trailer.html …"},{"index":"336955618592174081","data":"2 vídeos del rodaje de 'Captain America: The Winter Soldier'\nhttp://1936visiones.blogspot.com.es/2013/05/2-videos-del-rodaje-de-captain-america.html …"},{"index":"336955895252676608","data":"The Wolverine, new Yukio and Viper character posters\nhttp://1936visiones.blogspot.com.es/2013/05/the-wolverine-new-yukio-and-viper.html …"},{"index":"337642567338438657","data":"Michael Caine y Jessica Chastain estarán en 'Interestellar' de Christopher Nolan (The Dark Knight Rises)\nhttp://1936visiones.blogspot.com.es/2013/05/michael-caine-y-jessica-chastain.html …"},{"index":"336492589857509376","data":"Joss Whedon confirms Quicksilver and Scarlet Witch in 'The Avengers 2'\nhttp://1936visiones.blogspot.com.es/2013/05/joss-whedon-confirma-que-mercurio-y-la.html …"},{"index":"337642738688344064","data":"The Amazing Spider-Man 2, primer póster \nhttp://1936visiones.blogspot.com.es/2013/05/the-amazing-spider-man-2-primer-poster.html …"},{"index":"337642769818480640","data":"The Wolverine, portada de Hugh Jackman en la revista Entertainment Weekly\nhttp://1936visiones.blogspot.com.es/2013/05/the-wolverine-portada-de-hugh-jackman.html …"},{"index":"339009846059859969","data":"Spot del Superman de 'Man of Steel' anunciando la hamburguesa Super Bacon Cheeseburger + Man of Steel - TV Spot 6 y 7\nhttp://1936visiones.blogspot.com.es/2013/05/spot-del-superman-de-man-of-steel.html …"},{"index":"340246644773773312","data":"21 new images from 'Man of Steel' (El Hombre de Acero) http://1936visiones.blogspot.com.es/2013/05/21-new-images-from-man-of-steel-el.html …"},{"index":"340246847312502785","data":"'Man of Steel' (El Hombre de Acero), spots TV 9, 10 y 11 en HD and 2 new Behind the Scenes http://1936visiones.blogspot.com.es/2013/05/man-of-steel-el-hombre-de-acero-spots.html …"},{"index":"341937276948996097","data":"'Man of Steel', Behind the Scenes 13-Minute\nhttp://1936visiones.blogspot.com.es/2013/06/man-of-steel-behind-scenes-13-minute.html …"},{"index":"340246568873652224","data":"6 new images from Thor: The Dark World http://1936visiones.blogspot.com.es/2013/05/6-new-images-from-thor-dark-world.html …"},{"index":"341937317323350017","data":"The Amazing Spider-Man 2, nuevas fotos con Emma Stone, Stan Lee y Andrew Garfield\nhttp://1936visiones.blogspot.com.es/2013/06/the-amazing-spider-man-2-nuevas-fotos.html …"},{"index":"340246284789223426","data":"Portadas alternativas X-Men- Terry Dodson, Humberto Ramos, Joe Madureira, Milo Manara, Scott Campbell ,Skottie Young  http://1936visiones.blogspot.com.es/2013/05/16-imagenes-de-mujeres-x-y.html …"},{"index":"341937375716466688","data":"Prodigy-man, new alternative poster\nhttp://1936visiones.blogspot.com.es/2013/06/prodigy-man-new-alternative-poster.html …"},{"index":"342397290834690048","data":"Matt Smith deja Doctor Who\nhttp://1936visiones.blogspot.com.es/2013/06/matt-smith-deja-doctor-who.html …"},{"index":"342397657303638017","data":"Evangeline Lilly (Lost) como Tauriel en 'The Hobbit: The Desolation of Smaug' de Peter Jackson\nhttp://1936visiones.blogspot.com.es/2013/06/evangeline-lilly-lost-como-tauriel-en.html …"},{"index":"342397587657203712","data":"Primera imagen de Magneto (Michael Fassbender) en 'X-Men: Days of Future Past' de Bryan Singer (Superman Returns)\nhttp://1936visiones.blogspot.com.es/2013/06/primera-imagen-de-magneto-michael.html …"},{"index":"342765744058155009","data":"Imágenes del rodaje del reboot de 'Godzilla' y 'Dawn of the Planet of the Apes'\nhttp://1936visiones.blogspot.com.es/2013/06/imagenes-del-rodaje-del-reboot-de.html …"},{"index":"342765831618441217","data":"R.I.P.D., Two New Banners\nhttp://1936visiones.blogspot.com.es/2013/06/ripd-two-new-banners.html …"},{"index":"342765704744931328","data":"Pacific Rim - TV Spot 2 and 5 new posters from 'The Lone Ranger' (El Llanero Solitario)\nhttp://1936visiones.blogspot.com.es/2013/06/pacific-rim-tv-spot-2-and-5-new-posters.html …"},{"index":"342765890254815232","data":"'The Wolverine' (Lobezno Inmortal), nueva imagen promocional\nhttp://1936visiones.blogspot.com.es/2013/06/the-wolverine-lobezno-inmortal-nueva.html …"},{"index":"344165837541888000","data":"Man of Steel, concept art\nhttp://1936visiones.blogspot.com.es/2013/06/man-of-steel-concept-art.html …"},{"index":"342765924283207682","data":"Man of Steel, Official Mobile Game Trailer\nhttp://1936visiones.blogspot.com.es/2013/06/man-of-steel-official-mobile-game.html …"},{"index":"344165812443168770","data":"Teenage Mutant Ninja Turtles: Out of the Shadows, new images from videogame\nhttp://1936visiones.blogspot.com.es/2013/06/teenage-mutant-ninja-turtles-out-of.html …"},{"index":"344592582514450434","data":"‘El hobbit: La desolación de Smaug‘ (‘The Hobbit: The Desolation of Smaug’, Peter Jackson, 2013) , tráiler y póster\nhttp://1936visiones.blogspot.com.es/2013/06/el-hobbit-la-desolacion-de-smaug-hobbit.html …"},{"index":"344166024750436353","data":"14 fotos de Gwen Stacy (Emma Stone) rescatada por Spider-Man (Andrew Garfield) en 'The Amazing Spider-Man 2' \nhttp://1936visiones.blogspot.com.es/2013/06/14-fotos-de-gwen-stacy-emma-stone.html …"},{"index":"346344936058269699","data":"Pósters de '300: Rise of an Empire', 'Elysium' y 'The Hobbit: The Desolation of  Smaug'\nhttp://1936visiones.blogspot.com.es/2013/06/posters-de-300-rise-of-empire-elysium-y.html …"},{"index":"346344966940942336","data":"Man of Steel, nuevo banner vertical\nhttp://1936visiones.blogspot.com.es/2013/06/man-of-steel-nuevo-banner-vertical.html …"},{"index":"345316523159736321","data":"The Wolverine, TV Spot\nhttp://1936visiones.blogspot.com.es/2013/06/the-wolverine-tv-spot.html …"},{"index":"346344992232599553","data":"Riddick, 2 new posters: Red and blue\nhttp://1936visiones.blogspot.com.es/2013/06/riddick-2-new-posters-red-and-blue.html …"},{"index":"345316492113489920","data":"R.I.P.D., International Trailer\nhttp://1936visiones.blogspot.com.es/2013/06/ripd-international-trailer.html …"},{"index":"346345092371595264","data":"Elysium, tráiler final\nhttp://1936visiones.blogspot.com.es/2013/06/elysium-trailer-final.html …"},{"index":"346345019499745281","data":"Kick-Ass 2, new banner\nhttp://1936visiones.blogspot.com.es/2013/06/kick-ass-2-new-banner.html …"},{"index":"346742065478135808","data":"Sony estrenará The Amazing Spider-Man 3 y 4 en 2016 y 2018\nhttp://1936visiones.blogspot.com.es/2013/06/sony-estrenara-amazing-spider-man-3-y-4.html …"},{"index":"346742335104745472","data":"Riddick, New International Trailer\nhttp://1936visiones.blogspot.com.es/2013/06/riddick-new-international-trailer.html …"},{"index":"346742626696978432","data":"The Amazing Spider-Man, imágenes promocionales no usadas de Andrew Garfield y Emma Stone\nhttp://1936visiones.blogspot.com.es/2013/06/the-amazing-spider-man-imagenes.html …"},{"index":"346742364255186945","data":"Kick-Ass 2, Behind the Scenes\nhttp://1936visiones.blogspot.com.es/2013/06/kick-ass-2-behind-scenes.html …"},{"index":"347372780716703744","data":"Man of Steel, Behind the Scenes with Henry Cavill and Antje Traue\nhttp://1936visiones.blogspot.com.es/2013/06/man-of-steel-behind-scenes-with-henry.html …"},{"index":"347828519927164929","data":"Han eliminado las escenas de Shailene Woodley como Mary Jane en 'The Amazing Spider-Man 2 \nhttp://1936visiones.blogspot.com.es/2013/06/han-eliminado-las-escenas-de-shailene.html …"},{"index":"347828858021634048","data":"Man of Steel, arte conceptual de Warren Manser, Peter Rubin, Andrei Riabovitchev y Christian Lorenz Scheurer\nhttp://1936visiones.blogspot.com.es/2013/06/el-hombre-de-acero-man-of-steel-arte.html …"},{"index":"347372553154748416","data":"Kick-Ass 2, New International Poster\nhttp://1936visiones.blogspot.com.es/2013/06/kick-ass-2-new-international-poster.html …"},{"index":"347829046928875523","data":"Prodigy-man, nuevo póster alternativo pic.twitter.com/CSbIWbkYEH"},{"index":"349604859382730753","data":"Póster de Famke Janseen (Jean Grey) para 'The Wolverine' (Lobezno Inmortal) http://1936visiones.blogspot.com.es/2013/06/poster-de-famke-janseen-jean-grey-para.html …"},{"index":"349604901946540032","data":"The Wolverine (Lobezno Inmortal), New International Poster http://1936visiones.blogspot.com.es/2013/06/the-wolverine-lobezno-inmortal-new.html …"},{"index":"349604772464181249","data":"Hans Zimmer and Man of Steel's Score, Behind the Scenes http://1936visiones.blogspot.com.es/2013/06/hans-zimmer-and-man-of-steels-score.html …"},{"index":"350379145290719233","data":"Teenage Mutant Ninja Turtles: Out of the Shadows, nuevo tráiler del vídeojuego\nhttp://1936visiones.blogspot.com.es/2013/06/teenage-mutant-ninja-turtles-out-of_27.html …"},{"index":"350379657771749378","data":"Kick-Ass invita a todo el mundo a ser superhéroe en un spot de marketing viral de Kick-Ass 2\nhttp://1936visiones.blogspot.com.es/2013/06/kick-ass-invita-todo-el-mundo-ser.html …"},{"index":"350379188768874497","data":"Pacific Rim,  Extended New TV Spot and 50 new images of new Guillermo Del Toro's movie and poster IMAX\nhttp://1936visiones.blogspot.com.es/2013/06/pacific-rim-extended-new-tv-spot-and-50.html …"},{"index":"350379574447702016","data":"The Wolverine (Lobezno Inmortal), new images and new banner\nhttp://1936visiones.blogspot.com.es/2013/06/the-wolverine-lobezno-inmortal-new_28.html …"},{"index":"351840273342537728","data":"Riddick, new poster http://1936visiones.blogspot.com.es/2013/07/riddick-new-poster.html …"},{"index":"355578823254876160","data":"Captain America: The Winter Soldier, new concept art and teaser poster http://1936visiones.blogspot.com.es/2013/07/captain-america-winter-soldier-new.html …"},{"index":"355578862379343873","data":"'The Amazing Spider-Man', photos of Electros (Jamie Foxx) with new look http://1936visiones.blogspot.com.es/2013/07/captain-america-winter-soldier-new.html …"},{"index":"354029916322414592","data":"The Wolverine (Lobezno Inmortal), nueva foto de Hugh Jackman http://1936visiones.blogspot.com.es/2013/07/the-wolverine-lobezno-inmortal-nueva.html …"},{"index":"355765471271854080","data":"Superhéroes para el verano 2013: 'Man of Steel'  'Prodigy-man', 'The Wolverine' (Lobezno Inmortal) y 'Kick Ass 2' http://1936visiones.blogspot.com.es/2013/07/superheroes-para-el-verano-2013-man-of.html …"},{"index":"357517111716876290","data":"All You Need is Kill, teaser poster, imágenes Tom Cruise y Emily Blunt, (novela viajes tiempo d Hiroshi Sakurazaka )http://1936visiones.blogspot.com.es/2013/07/all-you-need-is-kill-teaser-poster.html …"},{"index":"357517144214343682","data":"Póster de Yoji Shinkawa (Metal Gear, Zone of the Enders) para 'Pacific Rim' de Guillermo Del Toro http://1936visiones.blogspot.com.es/2013/07/poster-de-yoji-shinkawa-metal-gear-zone.html …"},{"index":"356683441804296194","data":"“Marvel’s Agents of S.H.I.E.L.D.”, featurette de la serie http://1936visiones.blogspot.com.es/2013/07/marvels-agents-of-shield-featurette-de.html …"},{"index":"357517205426024448","data":"Póster de Alex Ross para The Walking Dead season 4 http://1936visiones.blogspot.com.es/2013/07/poster-de-alex-ross-para-walking-dead.html …"},{"index":"357517238909145088","data":"The Amazing Spider-Man 2, nuevas imágenes con Emma Stone, Jamie Foxx, Andrew Garfield y Paul Giamatti y nuevo banner http://1936visiones.blogspot.com.es/2013/07/the-amazing-spider-man-2-nuevas.html …"},{"index":"357517282106281984","data":"Thor: El Mundo Oscuro (Thor: The Dark World), artes conceptuales (concepts art) http://1936visiones.blogspot.com.es/2013/07/thor-el-mundo-oscuro-thor-dark-world.html …"},{"index":"357998391394971648","data":"Godzilla, Comic Con Poster 2013 and concept art http://1936visiones.blogspot.com.es/2013/07/godzilla-comic-con-poster-2013-and.html …"},{"index":"357998560068898816","data":"The Amazing Spider-Man 2, primer teaser dedicado a Electro http://1936visiones.blogspot.com.es/2013/07/the-amazing-spider-man-2-primer-teaser.html …"},{"index":"357998530276769792","data":"Kick-Ass 2, primer TV Spot http://1936visiones.blogspot.com.es/2013/07/kick-ass-2-primer-tv-spot.html …"},{"index":"357998419991740418","data":"Ender's Game (El Juego de Ender), clip 'Mazer Rackham's Run' and teaser 'Battle School Needs You! http://1936visiones.blogspot.com.es/2013/07/enders-game-el-juego-de-ender-clip.html …"},{"index":"357998629480439808","data":"Lobezno Inmortal (The Wolverine), nuevo spot internacional http://1936visiones.blogspot.com.es/2013/07/lobezno-inmortal-wolverine-nuevo-spot.html …"},{"index":"359256466206625792","data":"‘Kick-Ass 2: con un par‘ (‘Kick Ass 2’) de Jeff Wadlow, tráiler extendido y Red Band http://1936visiones.blogspot.com.es/2013/07/kick-ass-2-con-un-par-kick-ass-2-de.html …"},{"index":"359256637602676736","data":"“Lobezno Inmortal”, nuevo clip / “The Wolverine”, new clip + declaraciones de Hugh jackman y James Mangold http://1936visiones.blogspot.com.es/2013/07/lobezno-inmortal-nuevo-clip-wolverine.html …"},{"index":"359811359803842561","data":"Nuevo footage de las series de animación  “Avengers Assemble” y “Hulk and the Agents of S.M.A.S.H.” y nuevo tráiler http://1936visiones.blogspot.com.es/2013/07/nuevo-footage-de-las-series-de.html …"},{"index":"359256492353925120","data":"Arrow, Season 2 Trailer - Comic-Con 2013 http://1936visiones.blogspot.com.es/2013/07/arrow-season-2-trailer-comic-con-2013.html …"},{"index":"359811080379310080","data":"The Walking Dead, Trailer Season 4 - Tráiler de la cuarta temporada  http://1936visiones.blogspot.com.es/2013/07/the-walking-dead-trailer-season-4.html …"},{"index":"361787951878897664","data":"“Marvel’s Agents of S.H.I.E.L.D.”, featurette centrada en la agente Melinda May http://1936visiones.blogspot.com.es/2013/07/marvels-agents-of-shield-featurette.html …"},{"index":"361787634005192705","data":"John Williams hará la música de Star Wars de J.J. Abrams y Hans Zimmer de The Amazing Spider-Man 2 http://1936visiones.blogspot.com.es/2013/07/john-williams-hara-la-musica-de-star.html …"},{"index":"362580069551579137","data":"Video: Sentinel turnaround X-Men: Days of Future Past http://1936visiones.blogspot.com.es/2013/07/video-sentinel-turnaround-x-men-days-of.html …"},{"index":"362584490436079616","data":"images and video about the sentinels and Peter Dinklage as Bolivar Trask at X-Men: Days of Future Past http://1936visiones.blogspot.com.es/2013/07/imagenes-y-video-de-los-centinelas-y-de_31.html …"},{"index":"362936816908771329","data":"23 Imágenes de Kick-Ass 2 + Concepts art de Iron Man 3, The Wolverine (Lobezno Inmortal)  http://1936visiones.blogspot.com.es/2013/08/23-imagenes-de-kick-ass-2-concepts-art.html …"},{"index":"362936905366642689","data":"La vida secreta de Walter Mitty, tráiler del remake protagonizado por Ben Stiller http://1936visiones.blogspot.com.es/2013/08/riddick-official-motion-comic.html …"},{"index":"362936870709100544","data":"Riddick Official Motion Comic - Blindsided - Vin Diesel voz en off http://1936visiones.blogspot.com.es/2013/08/riddick-official-motion-comic.html …"},{"index":"362936968335732736","data":"Batman: Arkham Origins - Online Multiplayer Trailer http://1936visiones.blogspot.com.es/2013/08/batman-arkham-origins-online.html …"},{"index":"362936636725669888","data":"“Marvel One-Shot: Agent Carter”, opening credits  http://1936visiones.blogspot.com.es/2013/08/marvel-one-shot-agent-carter-opening.html …"},{"index":"362937019472683008","data":"Injustice: Gods Among Us - Trailer Martian Manhunter (El Detective Marciano) http://1936visiones.blogspot.com.es/2013/08/batman-arkham-origins-online.html …"},{"index":"364505093963382785","data":"Peter Capaldi será el 12º Doctor Who y substituirá a Matt Smith http://1936visiones.blogspot.com.es/2013/08/peter-capaldi-sera-el-12-doctor-who-y.html …"},{"index":"364505244559872001","data":"Sherlock, Teaser Trailer de la temporada 3http://1936visiones.blogspot.com.es/2013/08/sherlock-teaser-trailer-de-la-temporada.html"},{"index":"364505469726896128","data":"Truth in Journalism, un corto fan-film sobre Venom http://1936visiones.blogspot.com.es/2013/08/truth-in-journalism-un-corto-fan-film.html …"},{"index":"364505185181118464","data":"Pósters: \"Agents of S.H.I.E.L.D.\", \"Thor: The Dark World\", \"El Juego de Ender\" (Ender's game) http://1936visiones.blogspot.com.es/2013/08/posters-agents-of-shield-thor-dark.html …"},{"index":"364505531794210817","data":"Cortos: 'Tales of Metropolis: Lois' y 'Tales of Metropolis: Bizarro' de DC Nation http://1936visiones.blogspot.com.es/2013/08/cortos-tales-of-metropolis-lois-y-tales.html …"},{"index":"365109158221066241","data":"Suisei no Gargantia, opening and ending de un anime de mechas http://1936visiones.blogspot.com.es/2013/08/suisei-no-gargantia-opening-and-ending.html …"},{"index":"365109305801846786","data":"Kick-Ass 2. Con un par – Hit Girl al rescate http://1936visiones.blogspot.com.es/2013/08/kick-ass-2-con-un-par-hit-girl-al.html …"},{"index":"365396327674290176","data":"Warner podría hacer una serie de policias ambientada entre 'The Dark Knight' y 'The Dark Knight Rises' http://1936visiones.blogspot.com.es/2013/08/warner-podria-hacer-una-serie-de.html …"},{"index":"364505336423514112","data":"Sherlock, Teaser Trailer de la temporada 3 - http://1936visiones.blogspot.com.es/2013/08/sherlock-teaser-trailer-de-la-temporada.html …"},{"index":"365396378685407233","data":"Pacific Rim, new banner http://1936visiones.blogspot.com.es/2013/08/pacific-rim-new-banner.html …"},{"index":"365396407269593088","data":"Thor: The Dark World, new trailer / Thor: El Mundo Oscuro, nuevo tráiler en inglés y español http://1936visiones.blogspot.com.es/2013/08/thor-dark-world-new-trailer-thor-el.html …"},{"index":"367027545759154177","data":"“Phineas and Ferb: Mission Marvel”, póster promocionales http://1936visiones.blogspot.com.es/2013/08/phineas-and-ferb-mission-marvel-poster.html …"},{"index":"367027769881800705","data":"Kick-Ass 2, nuevo TV Spot internacional http://1936visiones.blogspot.com.es/2013/08/kick-ass-2-nuevo-tv-spot-internacional.html …"},{"index":"368390982342946816","data":"Kick-Ass 2, behind the scenes http://1936visiones.blogspot.com.es/2013/08/kick-ass-2-behind-scenes.html …"},{"index":"368391046821978112","data":"Concepts arts of Vibe in 'The Wolverine' / Arte conceptual de Víbora en 'Lobezno Inmortal' http://1936visiones.blogspot.com.es/2013/08/concepts-arts-of-vibe-in-wolverine-arte.html …"},{"index":"369595790206840832","data":"Gatchaman (Comando G) Japanese Trailer (2013)  http://1936visiones.blogspot.com.es/2013/08/gatchaman-comando-g-japanese-trailer.html …"},{"index":"367035272497606656","data":"Primeros segundos de Captian America: The Winter Soldier' http://1936visiones.blogspot.com.es/2013/08/primeros-segundos-de-captian-america.html …"},{"index":"369595818388381696","data":"Stranger, teaser-tráiler de lo nuevo de J.J. Abrams (Star Wars, Star Trek, Lost, Fringe) http://1936visiones.blogspot.com.es/2013/08/stranger-teaser-trailer-de-lo-nuevo-de.html …"},{"index":"369895020184104960","data":"Imagen promocional de “Wolverine: Origin II”,  la secuela de “Wolverine: Origin” http://1936visiones.blogspot.com.es/2013/08/imagen-promocional-de-wolverine-origin.html …"},{"index":"369898514211274752","data":"Batman: Arkahm Origins, new trailer http://1936visiones.blogspot.com.es/2013/08/batman-arkham-originis-new-trailer.html …"},{"index":"370927613373452290","data":"Ben Affleck cambia a Daredevil por Batman."},{"index":"370927943872032768","data":"\"Marvel’s Agents of S.H.I.E.L.D.”,new promo e images http://1936visiones.blogspot.com.es/2013/08/marvels-agents-of-shield-nueva-promo-e.html …"},{"index":"370261741906563072","data":"LEGO Marvel Super Heroes, new trailer http://1936visiones.blogspot.com.es/2013/08/lego-marvel-super-heroes-new-trailer.html …"},{"index":"370931256931794944","data":"Creo que Ben Affleck es el primer actor en interpretar a Superman (George Reeves en 'Hollywoodland') y Batman ('Man of Steel 2')."},{"index":"370261774806683648","data":"Thor: El mundo oscuro (Thor: The Dark World), vídeo con making off http://1936visiones.blogspot.com.es/2013/08/thor-el-mundo-oscuro-thor-dark-world_21.html …"},{"index":"372021744699068416","data":"Divergent (Divergente), tráiler de la  película de Shailene Woodley, q iba a ser Mary Jane n The Amazing Spider-Man 2 http://1936visiones.blogspot.com.es/2013/08/divergent-divergente-trailer-de-la.html …"},{"index":"372021497805541377","data":"Monsters: Dark Continent, tráiler de la secuela de 'Monsters' http://1936visiones.blogspot.com.es/2013/08/monsters-dark-continent-trailer-de-la.html …"},{"index":"372021852861759488","data":"Iron Man 3 en versión 16 bits http://1936visiones.blogspot.com.es/2013/08/iron-man-3-en-version-16-bits.html …"},{"index":"372022057204068352","data":"Diseños de Kenneth Rocafort para el Lobo de TheNew52 http://1936visiones.blogspot.com.es/2013/08/disenos-de-kenneth-rocafort-para-el.html …"},{"index":"372475377563607041","data":"“Marvel’s Agents of S.H.I.E.L.D.”, nueva promo http://1936visiones.blogspot.com.es/2013/08/marvels-agents-of-shield-nueva-promo.html …"},{"index":"372475469431443456","data":"The Amazing Spider-Man 2, nueva imagen http://1936visiones.blogspot.com.es/2013/08/the-amazing-spider-man-2-nueva-imagen.html …"},{"index":"372475678832082944","data":"Storyboards animados con 2 escenas alternativas d Los Vengadores (The Avengers), realizados por Federico D'Alessandro http://1936visiones.blogspot.com.es/2013/08/storyboards-animados-con-dos-escenas.html …"},{"index":"372475523282128896","data":"Primera imagen de Michael Rooker como Yondu en 'Guardians of the Galaxy' (Guardianes de la Galaxia) http://1936visiones.blogspot.com.es/2013/08/primera-imagen-de-michael-rooker-como.html …"},{"index":"372475420026753024","data":"Thor: Un mundo Oscuro, dos nuevos pósters de Thor y Loki http://1936visiones.blogspot.com.es/2013/08/thor-un-mundo-oscuro-dos-nuevos-posters.html …"},{"index":"374549721664061441","data":"Imagen de Harrison Ford y  Arnold Schwarzenegger en 'Los Mercenarios 3' http://1936visiones.blogspot.com.es/2013/09/imagen-de-harrison-ford-y-arnold.html …"},{"index":"375730499911569408","data":"Cynthia Addai-Robinson interpretará a Amanda Waller en 'Arrow' http://1936visiones.blogspot.com.es/2013/09/cynthia-addai-robinson-interpretara.html …"},{"index":"375730530223812608","data":"Imagen del nuevo look de Skeletor en el cómic DC Universe vs Masters of the universe http://1936visiones.blogspot.com.es/2013/09/imagen-del-nuevo-look-de-skeletor-en-el.html …"},{"index":"373158218781835264","data":"James Spader interpretará a Ultrón en “The Avengers: Age of Ultron” http://1936visiones.blogspot.com.es/2013/08/james-spader-interpretara-ultron-en.html …"},{"index":"377326726302294016","data":"“Marvel’s Agents of S.H.I.E.L.D.”, sinopsis del primer episodio + promo + Featurette Behind the Scenes http://1936visiones.blogspot.com.es/2013/09/marvels-agents-of-shield-sinopsis-del.html …"},{"index":"378083215564484608","data":"Thor: The Dark World, German Trailer /tráiler alemán) http://1936visiones.blogspot.com.es/2013/09/thor-dark-world-german-trailer-trailer.html …"},{"index":"378083252944125952","data":"“Marvel’s Agents of S.H.I.E.L.D.”, 5 clips del episodio piloto http://1936visiones.blogspot.com.es/2013/09/marvels-agents-of-shield-5-clips-del.html …"},{"index":"378083509182550016","data":"Arrow, promo con Summer Glau interpretando a Isabel Rockev http://1936visiones.blogspot.com.es/2013/09/arrow-promo-con-summer-glau.html …"},{"index":"379728250622074881","data":"Primera de imagen de Arrow vs Bronze Tiger (Michael Jai White) http://1936visiones.blogspot.com.es/2013/09/grant-gustin-sera-flash-en-arrow-y-en.html …"},{"index":"379728207148105728","data":"Grant Gustin será Flash en 'Arrow' y en su propia serie 'The Flash' http://1936visiones.blogspot.com.es/2013/09/grant-gustin-sera-flash-en-arrow-y-en.html …"},{"index":"379904433141723136","data":"AMC planea un spin-off de The Walking Dead + Season 4, new poster http://1936visiones.blogspot.com.es/2013/09/amc-planea-un-spin-off-de-walking-dead.html …"},{"index":"380458438972555264","data":"Segundo tráiler extendido de 'Thor: El Mundo Oscuro' (Thor: The Dark World)  http://1936visiones.blogspot.com.es/2013/09/segundo-trailer-extendido-de-thor-el.html …"},{"index":"378465928221954048","data":"El spin-off de Breaking Bad se titulará Better Call Saul http://1936visiones.blogspot.com.es/2013/09/el-spin-off-de-breaking-bad-se-titulara.html …"},{"index":"381127746920796160","data":"The Dark Knight Legacy, corto con Capucha Roja y Nightwing (el posible John Blake de la trilogía de Batman de Nolan) http://1936visiones.blogspot.com.es/2013/09/the-dark-knight-legacy-corto-con.html …"},{"index":"381915836312604672","data":"Arkham Rising,  fan-film que narra como Bane libera al Joker y a todos los villanos de Arkham n The Dark Kinght Rises http://1936visiones.blogspot.com.es/2013/09/arkham-rising-un-fan-film-que-narra.html …"},{"index":"382415206145470464","data":"Emmys 2013: Lista de ganadores http://1936visiones.blogspot.com.es/2013/09/emmys-2013-lista-de-ganadores.html …"},{"index":"381915946375315456","data":"Vídeo en 8 bits de 'El Caballero Oscuro' (The Dark Knight) http://1936visiones.blogspot.com.es/2013/09/primera-prueba-de-christian-bale-para.html …"},{"index":"382415290132213760","data":"'Thor: El Mundo Oscuro' (Thor: The Dark World), nuevos pósters de Sif, Loki, Jane Foster y Odín http://1936visiones.blogspot.com.es/2013/09/thor-el-mundo-oscuro-thor-dark-world.html …"},{"index":"382415234889043968","data":"Dibujos de Tony Daniel para Superman/Wonder Woman http://1936visiones.blogspot.com.es/2013/09/dibujos-de-tony-daniel-para.html …"},{"index":"382415379873533952","data":"The Dark Knight, concept arts, gadgets y traje alternativo de Jamie Rama http://1936visiones.blogspot.com.es/2013/09/the-dark-knight-concept-arts-gadgets-y.html …"},{"index":"382415323338526720","data":"Dibujos de Brett Booth para Batman/Superman #5 http://1936visiones.blogspot.com.es/2013/09/dibujos-de-brett-booth-para.html …"},{"index":"382415352283406336","data":"Lobezno Inmortal (The Wolverine), storyboards de John Coven y Daniel James Cox http://1936visiones.blogspot.com.es/2013/09/lobezno-inmortal-wolverine-storyboards.html …"},{"index":"383225121952907264","data":"Thor: The Dark World, TV Spot con escenas nuevas http://1936visiones.blogspot.com.es/2013/09/thor-dark-world-tv-spot-con-escenas.html …"},{"index":"383225202319953920","data":"Marvel, Agents of S.H.I.E.L.D., promos del episodio 2 http://1936visiones.blogspot.com.es/2013/09/marvel-agents-of-shield-promos-del.html …"},{"index":"383225088629174273","data":"Batman: Arkham Origins, tráiler de Deathstroke http://1936visiones.blogspot.com.es/2013/09/batman-arkham-origins-trailer-de.html …"},{"index":"385162137473015809","data":"HOY EN http://1936visiones.blogspot.com.es/  Wonder Woman, corto fan-made de Rainfall Films"},{"index":"382644581616979968","data":"Arrow, nueva promo de la segunda temporada http://1936visiones.blogspot.com.es/2013/09/arrow-nueva-promo-de-la-segunda.html …"},{"index":"385162345640517632","data":"HOY EN http://1936visiones.blogspot.com.es/   Thor: Un mundo oscuro, dos nuevos TV Spots"},{"index":"385162061409304576","data":"HOY EN http://1936visiones.blogspot.com.es/  The Walking Dead Websidoes: The Oath, Part 1, 2 and 3 y promo de la temporada 4"},{"index":"385877948466614272","data":"HOY EN http://1936visiones.blogspot.com.es/  - El Rhino (Paul Gimatti) estará en 'The Amazing Spider-Man 3'"},{"index":"385878082491412480","data":"HOY EN http://1936visiones.blogspot.com.es/  - “Marvel’s Agents of S.H.I.E.L.D.”, promo del episodio 3"},{"index":"385877919840493568","data":"HOY EN http://1936visiones.blogspot.com.es/  - Anne Hathaway haciendo la prueba para ser Selina Kyle (Catwoman) en 'The Dark Knight Rises'"},{"index":"388687878789677056","data":"Legenderry: A Steampunk Adventure, un cómic Steampunk con Phantom, Flash Gordon, Green Hornet, Red Sonja y Bionic Man http://1936visiones.blogspot.com.es/2013/10/legenderry-steampunk-adventure-un-comic.html …"},{"index":"385878060903317504","data":"HOY EN http://1936visiones.blogspot.com.es/  - Imagen de 'Nick Fury: Agent of S.H.I.E.L.D.', un piloto protagonizado por David Hasselhoff"},{"index":"389505038189481984","data":"‘Hercules: The Legend Begins’ de Renny Harlin, tráiler http://1936visiones.blogspot.com.es/2013/10/hercules-legend-begins-de-renny-harlin.html …"},{"index":"389505147832770561","data":"Batman: Arkham Origins, tráiler del Electrocutioner http://1936visiones.blogspot.com.es/2013/10/batman-arkham-origins-trailer-del.html …"},{"index":"389874498368847872","data":"Green Lantern, imágen del storyboard de Michael Anthony Jackson (Iron Man, X-Men 3) http://1936visiones.blogspot.com.es/2013/10/green-lantern-imagen-del-storyboard-de.html …"},{"index":"389874600487550977","data":"Miracleman, dibujos de Joe Quesada, Leinil Francis Yu, Skottie Young, John Cassaday, Alan Davis y Mark Buckingham http://1936visiones.blogspot.com.es/2013/10/miracleman-dibujos-de-joe-quesada.html …"},{"index":"389874882156044288","data":"Superhéroes con capucha: Prodigy-man, Inhuman, Clark Kent en Smallville, Superman en Earth One, Prototype, Arrow http://1936visiones.blogspot.com.es/2013/10/superheroes-con-capucha-prodigy-man.html …"},{"index":"389505289394724864","data":"The Amazing Spiderman 2, Teaser e imagen del vídeojuego http://1936visiones.blogspot.com.es/2013/10/the-amazing-spiderman-2-teaser-e-imagen.html …"},{"index":"390961258960154624","data":"Batman: Arkham Origins, TV Spots de Bruce Wayne y ER (Urgencias) http://1936visiones.blogspot.com.es/2013/10/batman-arkham-origins-tv-spots-de-bruce.html …"},{"index":"390239871043772416","data":"Jack Ryan: Shadow Recruit, tráiler oficial de la nueva película de Kenneth Branagh (Thor) http://1936visiones.blogspot.com.es/2013/10/jack-ryan-shadow-recruit-trailer.html …"},{"index":"392382839506747392","data":"Batman: Arkahm Origins, vídeo de 17 minutos de gameplay http://1936visiones.blogspot.com.es/ "},{"index":"392382807848148992","data":"Rio 2, traíler http://1936visiones.blogspot.com.es/ "},{"index":"392770384690311168","data":"Captain America: The Winter Soldier, new poster http://1936visiones.blogspot.com.es/ "},{"index":"393501590323089408","data":"Batman: Arkham Origins Blackgate, vídeo con 10 minutos de gameplay http://1936visiones.blogspot.com.es/2013/10/batman-arkham-origins-blackgate-video.html …"},{"index":"392382877611982848","data":"Thor: The Dark World, 2 vídeos de making of http://1936visiones.blogspot.com.es/ "},{"index":"393134805530836992","data":"Thor: El Mundo Oscuro, sexto clip http://1936visiones.blogspot.com.es/ "},{"index":"394968415539982336","data":"SPECIAL ANIMATION Mr. Peadbody & Sherman, tráiler de lo nuevo de Dreamworks Animation http://1936visiones.blogspot.com.es/ "},{"index":"395310130125737984","data":"Imagen de Christian Bale (Batman) como Moisés en 'Exodus' de Ridley Scott (Blade Runner) http://1936visiones.blogspot.com.es/2013/10/imagen-de-christian-bale-batman-como.html …"},{"index":"395310253199216640","data":"Thor: The Dark World, extended fight scene http://prodigy-man.blogspot.com.es/ "},{"index":"395310338792366080","data":"X-Men: Days of Future Past, official trailer - premiere: May 23 http://prodigy-man.blogspot.com.es/ "},{"index":"395310184978862080","data":"Marvel Disk Wars: The Avengers, la nueva serie Marvel de anime http://1936visiones.blogspot.com.es/2013/10/marvel-disk-wars-avengers-la-nueva.html …"},{"index":"395310103835836418","data":"The Walking Dead: Season 4 Offical Trailer (HD) http://prodigy-man.blogspot.com.es/ "},{"index":"395310512965050368","data":"The Walking Dead: Season 4 Offical Trailer (HD) http://1936visiones.blogspot.com.es/ "},{"index":"395310786072965120","data":"X-Men: Days of Future Past, official trailer - premiere: May 23 http://1936visiones.blogspot.com.es/ "},{"index":"395310651301564416","data":"Thor: The Dark World, extended fight scene http://1936visiones.blogspot.com.es/ "},{"index":"397485429114429440","data":"Only Lovers Left Alive, tráiler de la película de Jim Jarmusch con Tom Hiddleston (Thor: El Mundo Oscuro) http://1936visiones.blogspot.com.es/2013/11/only-lovers-left-alive-trailer-de-la.html …"},{"index":"398214669363470336","data":"Prodigy-man's Premiere is on  Centre d'Arts de Santa Mònica in Barcelona. Link: http://www.artssantamonica.cat/default.aspx#activitat614 …"},{"index":"398213958630260737","data":"Lista de nominados a los People's Choice Awards 2014 http://1936visiones.blogspot.com.es/2013/11/lista-de-nominados-los-peoples-choice.html …"},{"index":"398214127383883776","data":"I, Frankenstein, póster debut de la nueva película de  Aaron Eckhart (The Dark Knight) http://1936visiones.blogspot.com.es/2013/11/i-frankenstein-poster-debut-de-la-nueva.html …"},{"index":"398214017589579777","data":"“Marvel’s Agents of S.H.I.E.L.D.”, promo del episodio 7, 'The Hub' http://1936visiones.blogspot.com.es/2013/11/marvels-agents-of-shield-promo-del.html …"},{"index":"400352271717761024","data":"HOY EN http://1936visiones.blogspot.com.es/  Marvel's Agents of SHIELD, promo del episodio 7 'The Hub'"},{"index":"399983728153210880","data":"Artworks no oficiales de 'Batman vs. Superman' de Zack Snyder. http://1936visiones.blogspot.com.es/2013/11/artworks-no-oficiales-de-batman-vs.html …"},{"index":"398543438125096960","data":"Últimos rumores sobre 'Batman vs Superman': Nightwing y Olga Kurylenko como Wonder Woman http://1936visiones.blogspot.com.es/2013/11/ultimos-rumores-sobre-batman-vs.html …"},{"index":"400352245956362240","data":"HOY EN http://1936visiones.blogspot.com.es/  Storyboards animados de 'Thor' con dos escenas alternativas realizados por Tom Nelson"},{"index":"400773973144641537","data":"Zack Snyder y Kevin Smith confirman q Batman vs. Superman no adaptará el cómic The Dark Knight Returns d Frank Miller http://1936visiones.blogspot.com.es/2013/11/zack-snyder-y-kevin-smith-confirman-que.html …"},{"index":"400774087015796736","data":"Superherois socials \"very\" low-cost, Prodigy-man i el Capità Raig Màgic http://1936visiones.blogspot.com.es/2013/11/superherois-socials-very-low-cost.html …"},{"index":"400774059383734272","data":"Els darrers superherois del 2013, Prodigy-man i el Capità Raig Màgic http://1936visiones.blogspot.com.es/2013/11/els-darrers-superherois-del-2013.html …"},{"index":"402558543913431040","data":"'Noé', tráiler de la nueva película de Darren Aronofsky, Russell Crowe (Man of Steel), Jennifer Connelly (Hulk) http://1936visiones.blogspot.com.es/2013/11/noe-trailer-de-la-nueva-pelicula-de.html …"},{"index":"401132196112510978","data":"“The Night of the Doctor“, un mini episodio web de 'Doctor Who' dirigido por Steven Moffat y congrandes revelaciones http://1936visiones.blogspot.com.es/2013/11/the-night-of-doctor-un-mini-episodio.html …"},{"index":"401132225984331776","data":"The Last Superheroes of 2013: Prodigy-man and the Captain Magic Ray. Free Premiere: November, 22. Barcelona http://1936visiones.blogspot.com.es/2013/11/the-last-superheroes-of-2013-prodigy.html …"},{"index":"402558705746468864","data":"Primera imagen de 'Star Wars: Episodio VII' con J.J. Abrams, Kathleen Kennedy y R2-D2 http://1936visiones.blogspot.com.es/2013/11/primera-imagen-de-star-wars-episodio.html …"},{"index":"401132258033012736","data":"Social Superheros \"very\" low-cost: Prodigy-man and The Captain Magic Ray. Premiere: November, 22. Barcelona http://1936visiones.blogspot.com.es/2013/11/social-superheros-very-low-cost-prodigy.html …"},{"index":"402945309073883137","data":"The Amazing Spider-Man 2, nueva imagen promocional http://1936visiones.blogspot.com.es/ "},{"index":"410908424742768640","data":"Hoy en http://1936visiones.blogspot.com.es/  tráilerEdge of Tomorrow, Godzilla y Jupiter Ascending"},{"index":"408375941472059393","data":"Arrow, clip del episodio 'The Scientist', donde Flash -con Felicity- conoce a Green Arrow http://1936visiones.blogspot.com.es/2013/12/arrow-clip-del-episodio-scientist-donde.html …"},{"index":"405481404504371200","data":"HOY EN http://1936visiones.blogspot.com.es/  Robocop, official International Trailer #4"},{"index":"410909068123832320","data":"The Amazing Spider-Man: El Poder de Electro se estrenará en IMAX 3D"},{"index":"413083164458766337","data":"HOY EN http://1936visiones.blogspot.com.es/  'Interstellar' de Christopher Nolan, teaser tráiler"},{"index":"416512720989474816","data":"Arrow, featurette de Canario Negro vs. The Dollmaker http://1936visiones.blogspot.com.es/ "},{"index":"417951232980832256","data":"Vídeos con 12 minutos de making off del Doctor Who Christmas Special 'The TIme of the Doctor' http://1936visiones.blogspot.com.es/ "},{"index":"417951301331206144","data":"Croft, a Tom Raider Fan Film http://www.youtube.com/watch?v=bnQTW9V61jo …"},{"index":"416512909347258369","data":"23 BREVES sobre COMICS, SUPERHÉROES, CINE, ANIMACION, SERIES TV Y REBOOTS http://1936visiones.blogspot.com.es/2013/12/23-breves-sobre-comics-superheroes-cine.html …"},{"index":"417952122697564160","data":"Kick-Ass 2: The VIdeogame, nuevas imágenes del vídeojuego de Kick-Ass  http://1936visiones.blogspot.com.es/ "},{"index":"417952515036958721","data":"TRAILERS SUPERHEROES 2014 The amazing Spider-Man 2: El poder de Electro http://www.youtube.com/watch?v=PpTGsZTMXlY …"},{"index":"417952984014651392","data":"!!Feliz Año Nuevo¡¡... Happy New Year!! pic.twitter.com/dYJWnIsf6d"},{"index":"417952413119565824","data":"TRAILERS SUPERHEROES 2014 RoboCop http://www.youtube.com/watch?v=_2tXxZOv_i4 …"},{"index":"417952686856613888","data":"Gal Gadot como Wonder Woman, Fan-Art pic.twitter.com/8CXN4MRMl5"},{"index":"411264810395770880","data":"Arrow: Blood Rush - Episodio 6 http://1936visiones.blogspot.com.es/2013/12/arrow-blood-rush-episodio-6.html …"},{"index":"417953501403021312","data":"TRAILERS SUPERHEROES 2014 Prodigy-man, trailer 2 http://www.youtube.com/watch?v=BD7cV-78L-I …"},{"index":"418766680177668096","data":"HOY EN http://1936visiones.blogspot.com.es/  Iron Man Mark Z Armour, corto fan-film"},{"index":"329372864107139073","data":"Imagen de Hugh Jackman (Wolverine) en el rodaje d 'X-Men: Days of Future Past', twiteada por el director Bryan Singer\nhttp://1936visiones.blogspot.com.es/2013/05/imagen-de-hugh-jackman-wolverine-en-el.html …"},{"index":"329372591095705600","data":"Nueva imagen de Batman vs Deathstroke en el vídeojuego 'Batman: Arkham Origins'\nhttp://1936visiones.blogspot.com.es/2013/05/nueva-imagen-de-batman-vs-deathstroke.html …"},{"index":"417954379442814976","data":"FELIZ AÑO NUEVO!... Y RECORDAD, LOS PRIMEROS SUPERHEROES DEL 2014 EN EL CORTE INGLÉS - GRATIS  http://prodigy-man.blogspot.com.es/  pic.twitter.com/j2BztY8hUz"},{"index":"329372802551517184","data":"Imágenes de 'Captain America: The Winter Soldier' donde Chris Evans y Scarlett Johansson se enfrentan a un villano\nhttp://1936visiones.blogspot.com.es/2013/05/imagenes-de-captain-america-winter.html …"},{"index":"330063478381494272","data":"The Lone Rangers, Russian Trailer (Tráiler ruso)\nhttp://1936visiones.blogspot.com.es/2013/05/the-lone-rangers-russian-trailer.html …"},{"index":"330063778056134658","data":"Captain America: The Winter Soldier, primeras imágenes de Anthony Mackie como Halcón (Falcon) y Concept Art de Bucky\nhttp://1936visiones.blogspot.com.es/2013/05/capainn-america-winter-soldier-primeras.html …"},{"index":"330064064740990976","data":"Man of Steel, new poster and new TV Spot\nhttp://1936visiones.blogspot.com.es/2013/05/man-of-steel-new-poster-and-new-tv-spot.html …"},{"index":"330063900647247872","data":"Star Trek Into Darkness, 9 pósters con los personajes principales\nhttp://1936visiones.blogspot.com.es/2013/05/star-trek-into-darkness-espectacular.html …"},{"index":"331425416982183938","data":"Banners of Man of Steel, Pacific Rim and Prodigy-man\nhttp://1936visiones.blogspot.com.es/2013/05/banners-of-man-of-steel-pacific-rim-and.html …"},{"index":"331425390071517184","data":"The Wolverine, poster of Silver Samurai / Lobezno Inmortal, póster del Samurai de plata\nhttp://1936visiones.blogspot.com.es/2013/05/the-wolverine-poster-of-silver-samurai.html …"},{"index":"331793700734775299","data":"R.I.P.D., new poster\nhttp://1936visiones.blogspot.com.es/2013/05/ripd-new-poster.html …"},{"index":"330063645906194433","data":"The Amazing Spider-Man 2, primera imagen de Paul Giamatti como Aleksei Mikhailovich Sytsevich / Rhino \nhttp://1936visiones.blogspot.com.es/2013/05/the-amazing-spider-man-2-primera-imagen.html …"},{"index":"331793799871344642","data":"Man of Steel, TV Spot 3\nhttp://1936visiones.blogspot.com.es/2013/05/man-of-steel-tv-spot-3.html …"},{"index":"330359489725349888","data":"Guardianes de la Galaxia, Thor: The Dark World y The Wolverine (Lobezno Inmortal), nuevas imágenes\nhttp://1936visiones.blogspot.com.es/2013/05/guardianes-de-la-galaxia-thor-dark.html …"},{"index":"333965367368110080","data":"Nuevas imágenes de Paul Giamatti (Mikhilovich Sytsevich/El Rino) contra Spider-Man en 'The Amazing Spider-Man 2'\nhttp://1936visiones.blogspot.com.es/2013/05/nuevas-imagenes-de-paul-giamatti.html …"},{"index":"331793900912144384","data":"Fotos de Emma Stone en el rodaje de 'The Amazing Spider-Man 2'\nhttp://1936visiones.blogspot.com.es/2013/05/fotos-de-emma-stone-en-el-rodaje-de.html …"},{"index":"333965215857266688","data":"Nuevas imágenes d Joel Kinnaman con armadura en el reboot d 'Robocop' y 1ª imagen de 'Dawn of the Planet of the Apes'\nhttp://1936visiones.blogspot.com.es/2013/05/nuevas-imagenes-de-joel-kinnaman-con.html …"},{"index":"333966000821252097","data":"Películas de superhéroes 2013 - POSTERS de Iron Man 3, Prodigy-man, Man of Steel, Kick-Ass 2, The Wolverine y Thor 2\nhttp://1936visiones.blogspot.com.es/2013/05/peliculas-de-superheroes-2013-posters.html …"},{"index":"334442779889500160","data":"Man of Steel, TV Spot 5\nhttp://1936visiones.blogspot.com.es/2013/05/man-of-steel-tv-spot-5.html …"},{"index":"334745189660909569","data":"Imagen twitteada p Bryan Singer d Hugh Jackman (Wolverine) y Nicholas Hoult (Bestia) en X-men: Días del Futuro Pasado\nhttp://1936visiones.blogspot.com.es/2013/05/imagen-twitteada-por-bryan-singer-de.html …"},{"index":"335169794150129664","data":"The Lone Ranger (El Llanero Solitario), new Banner\nhttp://1936visiones.blogspot.com.es/2013/05/the-lone-ranger-el-llanero-solitario.html …"},{"index":"334745068600713216","data":"Riddick, new trailer\nhttp://1936visiones.blogspot.com.es/2013/05/riddick-new-trailer.html …"},{"index":"334745244484640771","data":"Nueva imagen de 'The Amazing Spider-Man 2'\nhttp://1936visiones.blogspot.com.es/2013/05/nueva-imagen-de-amazing-spider-man-2.html …"},{"index":"332243837219110912","data":"Fotos de Megan Fox en 'Teenage Mutant Ninja Turtles' y de Sophie Okonedo en 'After Earth'\nhttp://1936visiones.blogspot.com.es/2013/05/fotos-de-megan-fox-en-teenage-mutant.html …"},{"index":"336491903098957827","data":"‘The Young and Prodigious Spivet’, tráiler de la nueva película de Jean-Pierre Jeunet (Amelie)\nhttp://1936visiones.blogspot.com.es/2013/05/the-young-and-prodigious-spivet-trailer.html …"},{"index":"335170481030299649","data":"Hi! I want to share with you the final poster ( http://prodigy-man-files.blogspot.com.es/2013/05/poster-oficial-de-prodigy-man-la-nueva.html … ) of \n'Prodigy-man', a film that combines superheroes and Alzheimer."},{"index":"336955618592174081","data":"2 vídeos del rodaje de 'Captain America: The Winter Soldier'\nhttp://1936visiones.blogspot.com.es/2013/05/2-videos-del-rodaje-de-captain-america.html …"},{"index":"336955895252676608","data":"The Wolverine, new Yukio and Viper character posters\nhttp://1936visiones.blogspot.com.es/2013/05/the-wolverine-new-yukio-and-viper.html …"},{"index":"337642567338438657","data":"Michael Caine y Jessica Chastain estarán en 'Interestellar' de Christopher Nolan (The Dark Knight Rises)\nhttp://1936visiones.blogspot.com.es/2013/05/michael-caine-y-jessica-chastain.html …"},{"index":"336492589857509376","data":"Joss Whedon confirms Quicksilver and Scarlet Witch in 'The Avengers 2'\nhttp://1936visiones.blogspot.com.es/2013/05/joss-whedon-confirma-que-mercurio-y-la.html …"},{"index":"337642738688344064","data":"The Amazing Spider-Man 2, primer póster \nhttp://1936visiones.blogspot.com.es/2013/05/the-amazing-spider-man-2-primer-poster.html …"},{"index":"337642769818480640","data":"The Wolverine, portada de Hugh Jackman en la revista Entertainment Weekly\nhttp://1936visiones.blogspot.com.es/2013/05/the-wolverine-portada-de-hugh-jackman.html …"},{"index":"340246284789223426","data":"Portadas alternativas X-Men- Terry Dodson, Humberto Ramos, Joe Madureira, Milo Manara, Scott Campbell ,Skottie Young  http://1936visiones.blogspot.com.es/2013/05/16-imagenes-de-mujeres-x-y.html …"},{"index":"340246644773773312","data":"21 new images from 'Man of Steel' (El Hombre de Acero) http://1936visiones.blogspot.com.es/2013/05/21-new-images-from-man-of-steel-el.html …"},{"index":"339009846059859969","data":"Spot del Superman de 'Man of Steel' anunciando la hamburguesa Super Bacon Cheeseburger + Man of Steel - TV Spot 6 y 7\nhttp://1936visiones.blogspot.com.es/2013/05/spot-del-superman-de-man-of-steel.html …"},{"index":"340246847312502785","data":"'Man of Steel' (El Hombre de Acero), spots TV 9, 10 y 11 en HD and 2 new Behind the Scenes http://1936visiones.blogspot.com.es/2013/05/man-of-steel-el-hombre-de-acero-spots.html …"},{"index":"340246568873652224","data":"6 new images from Thor: The Dark World http://1936visiones.blogspot.com.es/2013/05/6-new-images-from-thor-dark-world.html …"},{"index":"341937276948996097","data":"'Man of Steel', Behind the Scenes 13-Minute\nhttp://1936visiones.blogspot.com.es/2013/06/man-of-steel-behind-scenes-13-minute.html …"},{"index":"341937317323350017","data":"The Amazing Spider-Man 2, nuevas fotos con Emma Stone, Stan Lee y Andrew Garfield\nhttp://1936visiones.blogspot.com.es/2013/06/the-amazing-spider-man-2-nuevas-fotos.html …"},{"index":"342397290834690048","data":"Matt Smith deja Doctor Who\nhttp://1936visiones.blogspot.com.es/2013/06/matt-smith-deja-doctor-who.html …"},{"index":"341937375716466688","data":"Prodigy-man, new alternative poster\nhttp://1936visiones.blogspot.com.es/2013/06/prodigy-man-new-alternative-poster.html …"},{"index":"342397657303638017","data":"Evangeline Lilly (Lost) como Tauriel en 'The Hobbit: The Desolation of Smaug' de Peter Jackson\nhttp://1936visiones.blogspot.com.es/2013/06/evangeline-lilly-lost-como-tauriel-en.html …"},{"index":"342765704744931328","data":"Pacific Rim - TV Spot 2 and 5 new posters from 'The Lone Ranger' (El Llanero Solitario)\nhttp://1936visiones.blogspot.com.es/2013/06/pacific-rim-tv-spot-2-and-5-new-posters.html …"},{"index":"342765744058155009","data":"Imágenes del rodaje del reboot de 'Godzilla' y 'Dawn of the Planet of the Apes'\nhttp://1936visiones.blogspot.com.es/2013/06/imagenes-del-rodaje-del-reboot-de.html …"},{"index":"342397587657203712","data":"Primera imagen de Magneto (Michael Fassbender) en 'X-Men: Days of Future Past' de Bryan Singer (Superman Returns)\nhttp://1936visiones.blogspot.com.es/2013/06/primera-imagen-de-magneto-michael.html …"},{"index":"342765890254815232","data":"'The Wolverine' (Lobezno Inmortal), nueva imagen promocional\nhttp://1936visiones.blogspot.com.es/2013/06/the-wolverine-lobezno-inmortal-nueva.html …"},{"index":"344165812443168770","data":"Teenage Mutant Ninja Turtles: Out of the Shadows, new images from videogame\nhttp://1936visiones.blogspot.com.es/2013/06/teenage-mutant-ninja-turtles-out-of.html …"},{"index":"342765831618441217","data":"R.I.P.D., Two New Banners\nhttp://1936visiones.blogspot.com.es/2013/06/ripd-two-new-banners.html …"},{"index":"342765924283207682","data":"Man of Steel, Official Mobile Game Trailer\nhttp://1936visiones.blogspot.com.es/2013/06/man-of-steel-official-mobile-game.html …"},{"index":"344166024750436353","data":"14 fotos de Gwen Stacy (Emma Stone) rescatada por Spider-Man (Andrew Garfield) en 'The Amazing Spider-Man 2' \nhttp://1936visiones.blogspot.com.es/2013/06/14-fotos-de-gwen-stacy-emma-stone.html …"},{"index":"344592582514450434","data":"‘El hobbit: La desolación de Smaug‘ (‘The Hobbit: The Desolation of Smaug’, Peter Jackson, 2013) , tráiler y póster\nhttp://1936visiones.blogspot.com.es/2013/06/el-hobbit-la-desolacion-de-smaug-hobbit.html …"},{"index":"344165837541888000","data":"Man of Steel, concept art\nhttp://1936visiones.blogspot.com.es/2013/06/man-of-steel-concept-art.html …"},{"index":"345316523159736321","data":"The Wolverine, TV Spot\nhttp://1936visiones.blogspot.com.es/2013/06/the-wolverine-tv-spot.html …"},{"index":"345316492113489920","data":"R.I.P.D., International Trailer\nhttp://1936visiones.blogspot.com.es/2013/06/ripd-international-trailer.html …"},{"index":"346344966940942336","data":"Man of Steel, nuevo banner vertical\nhttp://1936visiones.blogspot.com.es/2013/06/man-of-steel-nuevo-banner-vertical.html …"},{"index":"346345019499745281","data":"Kick-Ass 2, new banner\nhttp://1936visiones.blogspot.com.es/2013/06/kick-ass-2-new-banner.html …"},{"index":"346742065478135808","data":"Sony estrenará The Amazing Spider-Man 3 y 4 en 2016 y 2018\nhttp://1936visiones.blogspot.com.es/2013/06/sony-estrenara-amazing-spider-man-3-y-4.html …"},{"index":"346345092371595264","data":"Elysium, tráiler final\nhttp://1936visiones.blogspot.com.es/2013/06/elysium-trailer-final.html …"},{"index":"346344992232599553","data":"Riddick, 2 new posters: Red and blue\nhttp://1936visiones.blogspot.com.es/2013/06/riddick-2-new-posters-red-and-blue.html …"},{"index":"346742364255186945","data":"Kick-Ass 2, Behind the Scenes\nhttp://1936visiones.blogspot.com.es/2013/06/kick-ass-2-behind-scenes.html …"},{"index":"346344936058269699","data":"Pósters de '300: Rise of an Empire', 'Elysium' y 'The Hobbit: The Desolation of  Smaug'\nhttp://1936visiones.blogspot.com.es/2013/06/posters-de-300-rise-of-empire-elysium-y.html …"},{"index":"346742335104745472","data":"Riddick, New International Trailer\nhttp://1936visiones.blogspot.com.es/2013/06/riddick-new-international-trailer.html …"},{"index":"347372780716703744","data":"Man of Steel, Behind the Scenes with Henry Cavill and Antje Traue\nhttp://1936visiones.blogspot.com.es/2013/06/man-of-steel-behind-scenes-with-henry.html …"},{"index":"346742626696978432","data":"The Amazing Spider-Man, imágenes promocionales no usadas de Andrew Garfield y Emma Stone\nhttp://1936visiones.blogspot.com.es/2013/06/the-amazing-spider-man-imagenes.html …"},{"index":"347372553154748416","data":"Kick-Ass 2, New International Poster\nhttp://1936visiones.blogspot.com.es/2013/06/kick-ass-2-new-international-poster.html …"},{"index":"347828519927164929","data":"Han eliminado las escenas de Shailene Woodley como Mary Jane en 'The Amazing Spider-Man 2 \nhttp://1936visiones.blogspot.com.es/2013/06/han-eliminado-las-escenas-de-shailene.html …"},{"index":"347829046928875523","data":"Prodigy-man, nuevo póster alternativo pic.twitter.com/CSbIWbkYEH"},{"index":"347828858021634048","data":"Man of Steel, arte conceptual de Warren Manser, Peter Rubin, Andrei Riabovitchev y Christian Lorenz Scheurer\nhttp://1936visiones.blogspot.com.es/2013/06/el-hombre-de-acero-man-of-steel-arte.html …"},{"index":"349604772464181249","data":"Hans Zimmer and Man of Steel's Score, Behind the Scenes http://1936visiones.blogspot.com.es/2013/06/hans-zimmer-and-man-of-steels-score.html …"},{"index":"349604859382730753","data":"Póster de Famke Janseen (Jean Grey) para 'The Wolverine' (Lobezno Inmortal) http://1936visiones.blogspot.com.es/2013/06/poster-de-famke-janseen-jean-grey-para.html …"},{"index":"350379145290719233","data":"Teenage Mutant Ninja Turtles: Out of the Shadows, nuevo tráiler del vídeojuego\nhttp://1936visiones.blogspot.com.es/2013/06/teenage-mutant-ninja-turtles-out-of_27.html …"},{"index":"350379574447702016","data":"The Wolverine (Lobezno Inmortal), new images and new banner\nhttp://1936visiones.blogspot.com.es/2013/06/the-wolverine-lobezno-inmortal-new_28.html …"},{"index":"350379188768874497","data":"Pacific Rim,  Extended New TV Spot and 50 new images of new Guillermo Del Toro's movie and poster IMAX\nhttp://1936visiones.blogspot.com.es/2013/06/pacific-rim-extended-new-tv-spot-and-50.html …"},{"index":"349604901946540032","data":"The Wolverine (Lobezno Inmortal), New International Poster http://1936visiones.blogspot.com.es/2013/06/the-wolverine-lobezno-inmortal-new.html …"},{"index":"351840273342537728","data":"Riddick, new poster http://1936visiones.blogspot.com.es/2013/07/riddick-new-poster.html …"},{"index":"354029916322414592","data":"The Wolverine (Lobezno Inmortal), nueva foto de Hugh Jackman http://1936visiones.blogspot.com.es/2013/07/the-wolverine-lobezno-inmortal-nueva.html …"},{"index":"350379657771749378","data":"Kick-Ass invita a todo el mundo a ser superhéroe en un spot de marketing viral de Kick-Ass 2\nhttp://1936visiones.blogspot.com.es/2013/06/kick-ass-invita-todo-el-mundo-ser.html …"},{"index":"355578823254876160","data":"Captain America: The Winter Soldier, new concept art and teaser poster http://1936visiones.blogspot.com.es/2013/07/captain-america-winter-soldier-new.html …"},{"index":"355765471271854080","data":"Superhéroes para el verano 2013: 'Man of Steel'  'Prodigy-man', 'The Wolverine' (Lobezno Inmortal) y 'Kick Ass 2' http://1936visiones.blogspot.com.es/2013/07/superheroes-para-el-verano-2013-man-of.html …"},{"index":"356683441804296194","data":"“Marvel’s Agents of S.H.I.E.L.D.”, featurette de la serie http://1936visiones.blogspot.com.es/2013/07/marvels-agents-of-shield-featurette-de.html …"},{"index":"355578862379343873","data":"'The Amazing Spider-Man', photos of Electros (Jamie Foxx) with new look http://1936visiones.blogspot.com.es/2013/07/captain-america-winter-soldier-new.html …"},{"index":"357517238909145088","data":"The Amazing Spider-Man 2, nuevas imágenes con Emma Stone, Jamie Foxx, Andrew Garfield y Paul Giamatti y nuevo banner http://1936visiones.blogspot.com.es/2013/07/the-amazing-spider-man-2-nuevas.html …"},{"index":"357517205426024448","data":"Póster de Alex Ross para The Walking Dead season 4 http://1936visiones.blogspot.com.es/2013/07/poster-de-alex-ross-para-walking-dead.html …"},{"index":"357517144214343682","data":"Póster de Yoji Shinkawa (Metal Gear, Zone of the Enders) para 'Pacific Rim' de Guillermo Del Toro http://1936visiones.blogspot.com.es/2013/07/poster-de-yoji-shinkawa-metal-gear-zone.html …"},{"index":"357517111716876290","data":"All You Need is Kill, teaser poster, imágenes Tom Cruise y Emily Blunt, (novela viajes tiempo d Hiroshi Sakurazaka )http://1936visiones.blogspot.com.es/2013/07/all-you-need-is-kill-teaser-poster.html …"},{"index":"357998391394971648","data":"Godzilla, Comic Con Poster 2013 and concept art http://1936visiones.blogspot.com.es/2013/07/godzilla-comic-con-poster-2013-and.html …"},{"index":"357517282106281984","data":"Thor: El Mundo Oscuro (Thor: The Dark World), artes conceptuales (concepts art) http://1936visiones.blogspot.com.es/2013/07/thor-el-mundo-oscuro-thor-dark-world.html …"},{"index":"357998419991740418","data":"Ender's Game (El Juego de Ender), clip 'Mazer Rackham's Run' and teaser 'Battle School Needs You! http://1936visiones.blogspot.com.es/2013/07/enders-game-el-juego-de-ender-clip.html …"},{"index":"357998530276769792","data":"Kick-Ass 2, primer TV Spot http://1936visiones.blogspot.com.es/2013/07/kick-ass-2-primer-tv-spot.html …"},{"index":"357998629480439808","data":"Lobezno Inmortal (The Wolverine), nuevo spot internacional http://1936visiones.blogspot.com.es/2013/07/lobezno-inmortal-wolverine-nuevo-spot.html …"},{"index":"357998560068898816","data":"The Amazing Spider-Man 2, primer teaser dedicado a Electro http://1936visiones.blogspot.com.es/2013/07/the-amazing-spider-man-2-primer-teaser.html …"},{"index":"359256492353925120","data":"Arrow, Season 2 Trailer - Comic-Con 2013 http://1936visiones.blogspot.com.es/2013/07/arrow-season-2-trailer-comic-con-2013.html …"},{"index":"359256466206625792","data":"‘Kick-Ass 2: con un par‘ (‘Kick Ass 2’) de Jeff Wadlow, tráiler extendido y Red Band http://1936visiones.blogspot.com.es/2013/07/kick-ass-2-con-un-par-kick-ass-2-de.html …"},{"index":"359811080379310080","data":"The Walking Dead, Trailer Season 4 - Tráiler de la cuarta temporada  http://1936visiones.blogspot.com.es/2013/07/the-walking-dead-trailer-season-4.html …"},{"index":"359256637602676736","data":"“Lobezno Inmortal”, nuevo clip / “The Wolverine”, new clip + declaraciones de Hugh jackman y James Mangold http://1936visiones.blogspot.com.es/2013/07/lobezno-inmortal-nuevo-clip-wolverine.html …"},{"index":"361787951878897664","data":"“Marvel’s Agents of S.H.I.E.L.D.”, featurette centrada en la agente Melinda May http://1936visiones.blogspot.com.es/2013/07/marvels-agents-of-shield-featurette.html …"},{"index":"362584490436079616","data":"images and video about the sentinels and Peter Dinklage as Bolivar Trask at X-Men: Days of Future Past http://1936visiones.blogspot.com.es/2013/07/imagenes-y-video-de-los-centinelas-y-de_31.html …"},{"index":"362936636725669888","data":"“Marvel One-Shot: Agent Carter”, opening credits  http://1936visiones.blogspot.com.es/2013/08/marvel-one-shot-agent-carter-opening.html …"},{"index":"361787634005192705","data":"John Williams hará la música de Star Wars de J.J. Abrams y Hans Zimmer de The Amazing Spider-Man 2 http://1936visiones.blogspot.com.es/2013/07/john-williams-hara-la-musica-de-star.html …"},{"index":"362580069551579137","data":"Video: Sentinel turnaround X-Men: Days of Future Past http://1936visiones.blogspot.com.es/2013/07/video-sentinel-turnaround-x-men-days-of.html …"},{"index":"362936870709100544","data":"Riddick Official Motion Comic - Blindsided - Vin Diesel voz en off http://1936visiones.blogspot.com.es/2013/08/riddick-official-motion-comic.html …"},{"index":"362936816908771329","data":"23 Imágenes de Kick-Ass 2 + Concepts art de Iron Man 3, The Wolverine (Lobezno Inmortal)  http://1936visiones.blogspot.com.es/2013/08/23-imagenes-de-kick-ass-2-concepts-art.html …"},{"index":"362937019472683008","data":"Injustice: Gods Among Us - Trailer Martian Manhunter (El Detective Marciano) http://1936visiones.blogspot.com.es/2013/08/batman-arkham-origins-online.html …"},{"index":"362936905366642689","data":"La vida secreta de Walter Mitty, tráiler del remake protagonizado por Ben Stiller http://1936visiones.blogspot.com.es/2013/08/riddick-official-motion-comic.html …"},{"index":"359811359803842561","data":"Nuevo footage de las series de animación  “Avengers Assemble” y “Hulk and the Agents of S.M.A.S.H.” y nuevo tráiler http://1936visiones.blogspot.com.es/2013/07/nuevo-footage-de-las-series-de.html …"},{"index":"362936968335732736","data":"Batman: Arkham Origins - Online Multiplayer Trailer http://1936visiones.blogspot.com.es/2013/08/batman-arkham-origins-online.html …"},{"index":"364505093963382785","data":"Peter Capaldi será el 12º Doctor Who y substituirá a Matt Smith http://1936visiones.blogspot.com.es/2013/08/peter-capaldi-sera-el-12-doctor-who-y.html …"},{"index":"364505185181118464","data":"Pósters: \"Agents of S.H.I.E.L.D.\", \"Thor: The Dark World\", \"El Juego de Ender\" (Ender's game) http://1936visiones.blogspot.com.es/2013/08/posters-agents-of-shield-thor-dark.html …"},{"index":"364505244559872001","data":"Sherlock, Teaser Trailer de la temporada 3http://1936visiones.blogspot.com.es/2013/08/sherlock-teaser-trailer-de-la-temporada.html"},{"index":"364505336423514112","data":"Sherlock, Teaser Trailer de la temporada 3 - http://1936visiones.blogspot.com.es/2013/08/sherlock-teaser-trailer-de-la-temporada.html …"},{"index":"364505531794210817","data":"Cortos: 'Tales of Metropolis: Lois' y 'Tales of Metropolis: Bizarro' de DC Nation http://1936visiones.blogspot.com.es/2013/08/cortos-tales-of-metropolis-lois-y-tales.html …"},{"index":"364505469726896128","data":"Truth in Journalism, un corto fan-film sobre Venom http://1936visiones.blogspot.com.es/2013/08/truth-in-journalism-un-corto-fan-film.html …"},{"index":"365109158221066241","data":"Suisei no Gargantia, opening and ending de un anime de mechas http://1936visiones.blogspot.com.es/2013/08/suisei-no-gargantia-opening-and-ending.html …"},{"index":"365396378685407233","data":"Pacific Rim, new banner http://1936visiones.blogspot.com.es/2013/08/pacific-rim-new-banner.html …"},{"index":"365109305801846786","data":"Kick-Ass 2. Con un par – Hit Girl al rescate http://1936visiones.blogspot.com.es/2013/08/kick-ass-2-con-un-par-hit-girl-al.html …"},{"index":"365396327674290176","data":"Warner podría hacer una serie de policias ambientada entre 'The Dark Knight' y 'The Dark Knight Rises' http://1936visiones.blogspot.com.es/2013/08/warner-podria-hacer-una-serie-de.html …"},{"index":"365396407269593088","data":"Thor: The Dark World, new trailer / Thor: El Mundo Oscuro, nuevo tráiler en inglés y español http://1936visiones.blogspot.com.es/2013/08/thor-dark-world-new-trailer-thor-el.html …"},{"index":"367027545759154177","data":"“Phineas and Ferb: Mission Marvel”, póster promocionales http://1936visiones.blogspot.com.es/2013/08/phineas-and-ferb-mission-marvel-poster.html …"},{"index":"367027769881800705","data":"Kick-Ass 2, nuevo TV Spot internacional http://1936visiones.blogspot.com.es/2013/08/kick-ass-2-nuevo-tv-spot-internacional.html …"},{"index":"367035272497606656","data":"Primeros segundos de Captian America: The Winter Soldier' http://1936visiones.blogspot.com.es/2013/08/primeros-segundos-de-captian-america.html …"},{"index":"369595790206840832","data":"Gatchaman (Comando G) Japanese Trailer (2013)  http://1936visiones.blogspot.com.es/2013/08/gatchaman-comando-g-japanese-trailer.html …"},{"index":"369595818388381696","data":"Stranger, teaser-tráiler de lo nuevo de J.J. Abrams (Star Wars, Star Trek, Lost, Fringe) http://1936visiones.blogspot.com.es/2013/08/stranger-teaser-trailer-de-lo-nuevo-de.html …"},{"index":"368390982342946816","data":"Kick-Ass 2, behind the scenes http://1936visiones.blogspot.com.es/2013/08/kick-ass-2-behind-scenes.html …"},{"index":"368391046821978112","data":"Concepts arts of Vibe in 'The Wolverine' / Arte conceptual de Víbora en 'Lobezno Inmortal' http://1936visiones.blogspot.com.es/2013/08/concepts-arts-of-vibe-in-wolverine-arte.html …"},{"index":"369895020184104960","data":"Imagen promocional de “Wolverine: Origin II”,  la secuela de “Wolverine: Origin” http://1936visiones.blogspot.com.es/2013/08/imagen-promocional-de-wolverine-origin.html …"},{"index":"369898514211274752","data":"Batman: Arkahm Origins, new trailer http://1936visiones.blogspot.com.es/2013/08/batman-arkham-originis-new-trailer.html …"},{"index":"370261741906563072","data":"LEGO Marvel Super Heroes, new trailer http://1936visiones.blogspot.com.es/2013/08/lego-marvel-super-heroes-new-trailer.html …"},{"index":"370927613373452290","data":"Ben Affleck cambia a Daredevil por Batman."},{"index":"370927943872032768","data":"\"Marvel’s Agents of S.H.I.E.L.D.”,new promo e images http://1936visiones.blogspot.com.es/2013/08/marvels-agents-of-shield-nueva-promo-e.html …"},{"index":"370261774806683648","data":"Thor: El mundo oscuro (Thor: The Dark World), vídeo con making off http://1936visiones.blogspot.com.es/2013/08/thor-el-mundo-oscuro-thor-dark-world_21.html …"},{"index":"372021852861759488","data":"Iron Man 3 en versión 16 bits http://1936visiones.blogspot.com.es/2013/08/iron-man-3-en-version-16-bits.html …"},{"index":"372021744699068416","data":"Divergent (Divergente), tráiler de la  película de Shailene Woodley, q iba a ser Mary Jane n The Amazing Spider-Man 2 http://1936visiones.blogspot.com.es/2013/08/divergent-divergente-trailer-de-la.html …"},{"index":"372021497805541377","data":"Monsters: Dark Continent, tráiler de la secuela de 'Monsters' http://1936visiones.blogspot.com.es/2013/08/monsters-dark-continent-trailer-de-la.html …"},{"index":"370931256931794944","data":"Creo que Ben Affleck es el primer actor en interpretar a Superman (George Reeves en 'Hollywoodland') y Batman ('Man of Steel 2')."},{"index":"372022057204068352","data":"Diseños de Kenneth Rocafort para el Lobo de TheNew52 http://1936visiones.blogspot.com.es/2013/08/disenos-de-kenneth-rocafort-para-el.html …"},{"index":"372475377563607041","data":"“Marvel’s Agents of S.H.I.E.L.D.”, nueva promo http://1936visiones.blogspot.com.es/2013/08/marvels-agents-of-shield-nueva-promo.html …"},{"index":"372475420026753024","data":"Thor: Un mundo Oscuro, dos nuevos pósters de Thor y Loki http://1936visiones.blogspot.com.es/2013/08/thor-un-mundo-oscuro-dos-nuevos-posters.html …"},{"index":"372475469431443456","data":"The Amazing Spider-Man 2, nueva imagen http://1936visiones.blogspot.com.es/2013/08/the-amazing-spider-man-2-nueva-imagen.html …"},{"index":"372475678832082944","data":"Storyboards animados con 2 escenas alternativas d Los Vengadores (The Avengers), realizados por Federico D'Alessandro http://1936visiones.blogspot.com.es/2013/08/storyboards-animados-con-dos-escenas.html …"},{"index":"373158218781835264","data":"James Spader interpretará a Ultrón en “The Avengers: Age of Ultron” http://1936visiones.blogspot.com.es/2013/08/james-spader-interpretara-ultron-en.html …"},{"index":"375730499911569408","data":"Cynthia Addai-Robinson interpretará a Amanda Waller en 'Arrow' http://1936visiones.blogspot.com.es/2013/09/cynthia-addai-robinson-interpretara.html …"},{"index":"372475523282128896","data":"Primera imagen de Michael Rooker como Yondu en 'Guardians of the Galaxy' (Guardianes de la Galaxia) http://1936visiones.blogspot.com.es/2013/08/primera-imagen-de-michael-rooker-como.html …"},{"index":"375730530223812608","data":"Imagen del nuevo look de Skeletor en el cómic DC Universe vs Masters of the universe http://1936visiones.blogspot.com.es/2013/09/imagen-del-nuevo-look-de-skeletor-en-el.html …"},{"index":"374549721664061441","data":"Imagen de Harrison Ford y  Arnold Schwarzenegger en 'Los Mercenarios 3' http://1936visiones.blogspot.com.es/2013/09/imagen-de-harrison-ford-y-arnold.html …"},{"index":"377326726302294016","data":"“Marvel’s Agents of S.H.I.E.L.D.”, sinopsis del primer episodio + promo + Featurette Behind the Scenes http://1936visiones.blogspot.com.es/2013/09/marvels-agents-of-shield-sinopsis-del.html …"},{"index":"378083215564484608","data":"Thor: The Dark World, German Trailer /tráiler alemán) http://1936visiones.blogspot.com.es/2013/09/thor-dark-world-german-trailer-trailer.html …"},{"index":"379728207148105728","data":"Grant Gustin será Flash en 'Arrow' y en su propia serie 'The Flash' http://1936visiones.blogspot.com.es/2013/09/grant-gustin-sera-flash-en-arrow-y-en.html …"},{"index":"378465928221954048","data":"El spin-off de Breaking Bad se titulará Better Call Saul http://1936visiones.blogspot.com.es/2013/09/el-spin-off-de-breaking-bad-se-titulara.html …"},{"index":"378083252944125952","data":"“Marvel’s Agents of S.H.I.E.L.D.”, 5 clips del episodio piloto http://1936visiones.blogspot.com.es/2013/09/marvels-agents-of-shield-5-clips-del.html …"},{"index":"379728250622074881","data":"Primera de imagen de Arrow vs Bronze Tiger (Michael Jai White) http://1936visiones.blogspot.com.es/2013/09/grant-gustin-sera-flash-en-arrow-y-en.html …"},{"index":"378083509182550016","data":"Arrow, promo con Summer Glau interpretando a Isabel Rockev http://1936visiones.blogspot.com.es/2013/09/arrow-promo-con-summer-glau.html …"},{"index":"379904433141723136","data":"AMC planea un spin-off de The Walking Dead + Season 4, new poster http://1936visiones.blogspot.com.es/2013/09/amc-planea-un-spin-off-de-walking-dead.html …"},{"index":"380458438972555264","data":"Segundo tráiler extendido de 'Thor: El Mundo Oscuro' (Thor: The Dark World)  http://1936visiones.blogspot.com.es/2013/09/segundo-trailer-extendido-de-thor-el.html …"},{"index":"381915836312604672","data":"Arkham Rising,  fan-film que narra como Bane libera al Joker y a todos los villanos de Arkham n The Dark Kinght Rises http://1936visiones.blogspot.com.es/2013/09/arkham-rising-un-fan-film-que-narra.html …"},{"index":"381915946375315456","data":"Vídeo en 8 bits de 'El Caballero Oscuro' (The Dark Knight) http://1936visiones.blogspot.com.es/2013/09/primera-prueba-de-christian-bale-para.html …"},{"index":"382415206145470464","data":"Emmys 2013: Lista de ganadores http://1936visiones.blogspot.com.es/2013/09/emmys-2013-lista-de-ganadores.html …"},{"index":"381127746920796160","data":"The Dark Knight Legacy, corto con Capucha Roja y Nightwing (el posible John Blake de la trilogía de Batman de Nolan) http://1936visiones.blogspot.com.es/2013/09/the-dark-knight-legacy-corto-con.html …"},{"index":"382415323338526720","data":"Dibujos de Brett Booth para Batman/Superman #5 http://1936visiones.blogspot.com.es/2013/09/dibujos-de-brett-booth-para.html …"},{"index":"382415234889043968","data":"Dibujos de Tony Daniel para Superman/Wonder Woman http://1936visiones.blogspot.com.es/2013/09/dibujos-de-tony-daniel-para.html …"},{"index":"382415290132213760","data":"'Thor: El Mundo Oscuro' (Thor: The Dark World), nuevos pósters de Sif, Loki, Jane Foster y Odín http://1936visiones.blogspot.com.es/2013/09/thor-el-mundo-oscuro-thor-dark-world.html …"},{"index":"382415352283406336","data":"Lobezno Inmortal (The Wolverine), storyboards de John Coven y Daniel James Cox http://1936visiones.blogspot.com.es/2013/09/lobezno-inmortal-wolverine-storyboards.html …"},{"index":"383225121952907264","data":"Thor: The Dark World, TV Spot con escenas nuevas http://1936visiones.blogspot.com.es/2013/09/thor-dark-world-tv-spot-con-escenas.html …"},{"index":"382415379873533952","data":"The Dark Knight, concept arts, gadgets y traje alternativo de Jamie Rama http://1936visiones.blogspot.com.es/2013/09/the-dark-knight-concept-arts-gadgets-y.html …"},{"index":"383225202319953920","data":"Marvel, Agents of S.H.I.E.L.D., promos del episodio 2 http://1936visiones.blogspot.com.es/2013/09/marvel-agents-of-shield-promos-del.html …"},{"index":"383225088629174273","data":"Batman: Arkham Origins, tráiler de Deathstroke http://1936visiones.blogspot.com.es/2013/09/batman-arkham-origins-trailer-de.html …"},{"index":"382644581616979968","data":"Arrow, nueva promo de la segunda temporada http://1936visiones.blogspot.com.es/2013/09/arrow-nueva-promo-de-la-segunda.html …"},{"index":"385162345640517632","data":"HOY EN http://1936visiones.blogspot.com.es/   Thor: Un mundo oscuro, dos nuevos TV Spots"},{"index":"385877919840493568","data":"HOY EN http://1936visiones.blogspot.com.es/  - Anne Hathaway haciendo la prueba para ser Selina Kyle (Catwoman) en 'The Dark Knight Rises'"},{"index":"385878060903317504","data":"HOY EN http://1936visiones.blogspot.com.es/  - Imagen de 'Nick Fury: Agent of S.H.I.E.L.D.', un piloto protagonizado por David Hasselhoff"},{"index":"385162137473015809","data":"HOY EN http://1936visiones.blogspot.com.es/  Wonder Woman, corto fan-made de Rainfall Films"},{"index":"385877948466614272","data":"HOY EN http://1936visiones.blogspot.com.es/  - El Rhino (Paul Gimatti) estará en 'The Amazing Spider-Man 3'"},{"index":"385162061409304576","data":"HOY EN http://1936visiones.blogspot.com.es/  The Walking Dead Websidoes: The Oath, Part 1, 2 and 3 y promo de la temporada 4"},{"index":"388687878789677056","data":"Legenderry: A Steampunk Adventure, un cómic Steampunk con Phantom, Flash Gordon, Green Hornet, Red Sonja y Bionic Man http://1936visiones.blogspot.com.es/2013/10/legenderry-steampunk-adventure-un-comic.html …"},{"index":"385878082491412480","data":"HOY EN http://1936visiones.blogspot.com.es/  - “Marvel’s Agents of S.H.I.E.L.D.”, promo del episodio 3"},{"index":"389505038189481984","data":"‘Hercules: The Legend Begins’ de Renny Harlin, tráiler http://1936visiones.blogspot.com.es/2013/10/hercules-legend-begins-de-renny-harlin.html …"},{"index":"389505289394724864","data":"The Amazing Spiderman 2, Teaser e imagen del vídeojuego http://1936visiones.blogspot.com.es/2013/10/the-amazing-spiderman-2-teaser-e-imagen.html …"},{"index":"389505147832770561","data":"Batman: Arkham Origins, tráiler del Electrocutioner http://1936visiones.blogspot.com.es/2013/10/batman-arkham-origins-trailer-del.html …"},{"index":"389874498368847872","data":"Green Lantern, imágen del storyboard de Michael Anthony Jackson (Iron Man, X-Men 3) http://1936visiones.blogspot.com.es/2013/10/green-lantern-imagen-del-storyboard-de.html …"},{"index":"389874600487550977","data":"Miracleman, dibujos de Joe Quesada, Leinil Francis Yu, Skottie Young, John Cassaday, Alan Davis y Mark Buckingham http://1936visiones.blogspot.com.es/2013/10/miracleman-dibujos-de-joe-quesada.html …"},{"index":"392382807848148992","data":"Rio 2, traíler http://1936visiones.blogspot.com.es/ "},{"index":"392382839506747392","data":"Batman: Arkahm Origins, vídeo de 17 minutos de gameplay http://1936visiones.blogspot.com.es/ "},{"index":"390961258960154624","data":"Batman: Arkham Origins, TV Spots de Bruce Wayne y ER (Urgencias) http://1936visiones.blogspot.com.es/2013/10/batman-arkham-origins-tv-spots-de-bruce.html …"},{"index":"390239871043772416","data":"Jack Ryan: Shadow Recruit, tráiler oficial de la nueva película de Kenneth Branagh (Thor) http://1936visiones.blogspot.com.es/2013/10/jack-ryan-shadow-recruit-trailer.html …"},{"index":"389874882156044288","data":"Superhéroes con capucha: Prodigy-man, Inhuman, Clark Kent en Smallville, Superman en Earth One, Prototype, Arrow http://1936visiones.blogspot.com.es/2013/10/superheroes-con-capucha-prodigy-man.html …"},{"index":"392770384690311168","data":"Captain America: The Winter Soldier, new poster http://1936visiones.blogspot.com.es/ "},{"index":"392382877611982848","data":"Thor: The Dark World, 2 vídeos de making of http://1936visiones.blogspot.com.es/ "},{"index":"393134805530836992","data":"Thor: El Mundo Oscuro, sexto clip http://1936visiones.blogspot.com.es/ "},{"index":"395310130125737984","data":"Imagen de Christian Bale (Batman) como Moisés en 'Exodus' de Ridley Scott (Blade Runner) http://1936visiones.blogspot.com.es/2013/10/imagen-de-christian-bale-batman-como.html …"},{"index":"395310184978862080","data":"Marvel Disk Wars: The Avengers, la nueva serie Marvel de anime http://1936visiones.blogspot.com.es/2013/10/marvel-disk-wars-avengers-la-nueva.html …"},{"index":"394968415539982336","data":"SPECIAL ANIMATION Mr. Peadbody & Sherman, tráiler de lo nuevo de Dreamworks Animation http://1936visiones.blogspot.com.es/ "},{"index":"395310103835836418","data":"The Walking Dead: Season 4 Offical Trailer (HD) http://prodigy-man.blogspot.com.es/ "},{"index":"395310338792366080","data":"X-Men: Days of Future Past, official trailer - premiere: May 23 http://prodigy-man.blogspot.com.es/ "},{"index":"395310651301564416","data":"Thor: The Dark World, extended fight scene http://1936visiones.blogspot.com.es/ "},{"index":"393501590323089408","data":"Batman: Arkham Origins Blackgate, vídeo con 10 minutos de gameplay http://1936visiones.blogspot.com.es/2013/10/batman-arkham-origins-blackgate-video.html …"},{"index":"395310512965050368","data":"The Walking Dead: Season 4 Offical Trailer (HD) http://1936visiones.blogspot.com.es/ "},{"index":"395310786072965120","data":"X-Men: Days of Future Past, official trailer - premiere: May 23 http://1936visiones.blogspot.com.es/ "},{"index":"397485429114429440","data":"Only Lovers Left Alive, tráiler de la película de Jim Jarmusch con Tom Hiddleston (Thor: El Mundo Oscuro) http://1936visiones.blogspot.com.es/2013/11/only-lovers-left-alive-trailer-de-la.html …"},{"index":"398213958630260737","data":"Lista de nominados a los People's Choice Awards 2014 http://1936visiones.blogspot.com.es/2013/11/lista-de-nominados-los-peoples-choice.html …"},{"index":"395310253199216640","data":"Thor: The Dark World, extended fight scene http://prodigy-man.blogspot.com.es/ "},{"index":"398214017589579777","data":"“Marvel’s Agents of S.H.I.E.L.D.”, promo del episodio 7, 'The Hub' http://1936visiones.blogspot.com.es/2013/11/marvels-agents-of-shield-promo-del.html …"},{"index":"398214127383883776","data":"I, Frankenstein, póster debut de la nueva película de  Aaron Eckhart (The Dark Knight) http://1936visiones.blogspot.com.es/2013/11/i-frankenstein-poster-debut-de-la-nueva.html …"},{"index":"398214669363470336","data":"Prodigy-man's Premiere is on  Centre d'Arts de Santa Mònica in Barcelona. Link: http://www.artssantamonica.cat/default.aspx#activitat614 …"},{"index":"398543438125096960","data":"Últimos rumores sobre 'Batman vs Superman': Nightwing y Olga Kurylenko como Wonder Woman http://1936visiones.blogspot.com.es/2013/11/ultimos-rumores-sobre-batman-vs.html …"},{"index":"399983728153210880","data":"Artworks no oficiales de 'Batman vs. Superman' de Zack Snyder. http://1936visiones.blogspot.com.es/2013/11/artworks-no-oficiales-de-batman-vs.html …"},{"index":"400352245956362240","data":"HOY EN http://1936visiones.blogspot.com.es/  Storyboards animados de 'Thor' con dos escenas alternativas realizados por Tom Nelson"},{"index":"400352271717761024","data":"HOY EN http://1936visiones.blogspot.com.es/  Marvel's Agents of SHIELD, promo del episodio 7 'The Hub'"},{"index":"401132225984331776","data":"The Last Superheroes of 2013: Prodigy-man and the Captain Magic Ray. Free Premiere: November, 22. Barcelona http://1936visiones.blogspot.com.es/2013/11/the-last-superheroes-of-2013-prodigy.html …"},{"index":"400773973144641537","data":"Zack Snyder y Kevin Smith confirman q Batman vs. Superman no adaptará el cómic The Dark Knight Returns d Frank Miller http://1936visiones.blogspot.com.es/2013/11/zack-snyder-y-kevin-smith-confirman-que.html …"},{"index":"400774059383734272","data":"Els darrers superherois del 2013, Prodigy-man i el Capità Raig Màgic http://1936visiones.blogspot.com.es/2013/11/els-darrers-superherois-del-2013.html …"},{"index":"400774087015796736","data":"Superherois socials \"very\" low-cost, Prodigy-man i el Capità Raig Màgic http://1936visiones.blogspot.com.es/2013/11/superherois-socials-very-low-cost.html …"},{"index":"401132196112510978","data":"“The Night of the Doctor“, un mini episodio web de 'Doctor Who' dirigido por Steven Moffat y congrandes revelaciones http://1936visiones.blogspot.com.es/2013/11/the-night-of-doctor-un-mini-episodio.html …"},{"index":"402558705746468864","data":"Primera imagen de 'Star Wars: Episodio VII' con J.J. Abrams, Kathleen Kennedy y R2-D2 http://1936visiones.blogspot.com.es/2013/11/primera-imagen-de-star-wars-episodio.html …"},{"index":"401132258033012736","data":"Social Superheros \"very\" low-cost: Prodigy-man and The Captain Magic Ray. Premiere: November, 22. Barcelona http://1936visiones.blogspot.com.es/2013/11/social-superheros-very-low-cost-prodigy.html …"},{"index":"405481404504371200","data":"HOY EN http://1936visiones.blogspot.com.es/  Robocop, official International Trailer #4"},{"index":"402558543913431040","data":"'Noé', tráiler de la nueva película de Darren Aronofsky, Russell Crowe (Man of Steel), Jennifer Connelly (Hulk) http://1936visiones.blogspot.com.es/2013/11/noe-trailer-de-la-nueva-pelicula-de.html …"},{"index":"402945309073883137","data":"The Amazing Spider-Man 2, nueva imagen promocional http://1936visiones.blogspot.com.es/ "},{"index":"408375941472059393","data":"Arrow, clip del episodio 'The Scientist', donde Flash -con Felicity- conoce a Green Arrow http://1936visiones.blogspot.com.es/2013/12/arrow-clip-del-episodio-scientist-donde.html …"},{"index":"411264810395770880","data":"Arrow: Blood Rush - Episodio 6 http://1936visiones.blogspot.com.es/2013/12/arrow-blood-rush-episodio-6.html …"},{"index":"413083164458766337","data":"HOY EN http://1936visiones.blogspot.com.es/  'Interstellar' de Christopher Nolan, teaser tráiler"},{"index":"416512720989474816","data":"Arrow, featurette de Canario Negro vs. The Dollmaker http://1936visiones.blogspot.com.es/ "},{"index":"410909068123832320","data":"The Amazing Spider-Man: El Poder de Electro se estrenará en IMAX 3D"},{"index":"410908424742768640","data":"Hoy en http://1936visiones.blogspot.com.es/  tráilerEdge of Tomorrow, Godzilla y Jupiter Ascending"},{"index":"416512909347258369","data":"23 BREVES sobre COMICS, SUPERHÉROES, CINE, ANIMACION, SERIES TV Y REBOOTS http://1936visiones.blogspot.com.es/2013/12/23-breves-sobre-comics-superheroes-cine.html …"},{"index":"417951232980832256","data":"Vídeos con 12 minutos de making off del Doctor Who Christmas Special 'The TIme of the Doctor' http://1936visiones.blogspot.com.es/ "},{"index":"417951301331206144","data":"Croft, a Tom Raider Fan Film http://www.youtube.com/watch?v=bnQTW9V61jo …"},{"index":"417952122697564160","data":"Kick-Ass 2: The VIdeogame, nuevas imágenes del vídeojuego de Kick-Ass  http://1936visiones.blogspot.com.es/ "},{"index":"417952413119565824","data":"TRAILERS SUPERHEROES 2014 RoboCop http://www.youtube.com/watch?v=_2tXxZOv_i4 …"},{"index":"417952515036958721","data":"TRAILERS SUPERHEROES 2014 The amazing Spider-Man 2: El poder de Electro http://www.youtube.com/watch?v=PpTGsZTMXlY …"},{"index":"417952984014651392","data":"!!Feliz Año Nuevo¡¡... Happy New Year!! pic.twitter.com/dYJWnIsf6d"},{"index":"417953501403021312","data":"TRAILERS SUPERHEROES 2014 Prodigy-man, trailer 2 http://www.youtube.com/watch?v=BD7cV-78L-I …"},{"index":"417954379442814976","data":"FELIZ AÑO NUEVO!... Y RECORDAD, LOS PRIMEROS SUPERHEROES DEL 2014 EN EL CORTE INGLÉS - GRATIS  http://prodigy-man.blogspot.com.es/  pic.twitter.com/j2BztY8hUz"},{"index":"418766680177668096","data":"HOY EN http://1936visiones.blogspot.com.es/  Iron Man Mark Z Armour, corto fan-film"},{"index":"417952686856613888","data":"Gal Gadot como Wonder Woman, Fan-Art pic.twitter.com/8CXN4MRMl5"}]