[{"index":"217509545327595520","data":"@maschahcsam wrong os?"},{"index":"217798136981225474","data":"@Datameer infographic wallboard showing Datameer 2.0 download locations \"real time\" pic.twitter.com/BsuMiUQu"},{"index":"216603300131381248","data":"Alan Turing: Inquest's suicide verdict 'not supportable' http://prsm.tc/lFeffi "},{"index":"216605621619933184","data":"Fisheye on a scatterplot with D3.js http://novus.github.com/nvd3/examples/scatterFisheyeChart.html …"},{"index":"216604600701173760","data":"How we die (in one chart) http://prsm.tc/Hwmurn "},{"index":"218197333681242112","data":"http://www.youtube.com/watch?v=MJCHeEQV454&feature=relmfu …"},{"index":"218040765077651456","data":"Surprised some folks at @datameer HQ in San Mateo when I dropped in for work today."},{"index":"218384611129036802","data":"excited to finally get access to @Datameer 2.0. Will be using it to look at FEC data."},{"index":"218459497843273729","data":"Just analyzed my emails w/ @Datameer - now I know who is bugging me the most ;)   http://bit.ly/LpX4SY  #hadoop pic.twitter.com/1vnUxAWR"},{"index":"218562964414935040","data":"@serby #ruby and #regex? How many handbreaks can you build into a hadoop job? :-) Anything that runs in the same jvm will run in 10min."},{"index":"218808005758681088","data":"@StefanGroschupf ... ahem... there is a certain player missing from this graphic :) http://gigaom.com/cloud/whos-connected-to-whom-in-hadoop-world-infographic/ …"},{"index":"219122763875627008","data":"@StefanGroschupf just another \"small outage\" affecting \"a number of instances\""},{"index":"219122383326425088","data":"I wished I could short (AWS) datacenters, cc/ @goldmansachs #awsfail"},{"index":"219519255752871936","data":"Funny, we (@Datameer) had to reboot all our servers as well, #LeapSecondProblem in #debian."},{"index":"219523707142537216","data":"We really should rethink NTP if we want to take Linux based devices on time travels in the future. :) #LeapSecondProblem"},{"index":"219625993491587074","data":"Nice, @datameer had much more reach than last week. #socialmedia #analytics http://www.datameer.com/gallery/84?t=undefined …"},{"index":"219661473750859776","data":"OS X, single application mode. I love it. http://zackshapiro.com/post/26300586593/single-application-mode-my-favorite-hidden-feature-of …"},{"index":"220314080068640768","data":"Downloading #Datameer tonight and taking it for a spin.  Can't wait to see what kind of experience they can deliver."},{"index":"220696192865153024","data":"pic.twitter.com/Gk7LKDQC"},{"index":"219841555924660227","data":"Happy 1st Anniversary @datameer to @wbenica @KathrinPauly @sfroehlich008 #peterreichenbach pic.twitter.com/gRGRCYSV"},{"index":"221679050584891393","data":"pic.twitter.com/SaZZJzA7"},{"index":"222712803302182914","data":"I would love to change the world but they won't give me the source code."},{"index":"221756751509336065","data":"I would love to change the world but they won't give me the source code."},{"index":"222363620502274048","data":"I just analyzed my twitter stream with @Datameer to learn more about my followers: http://www.datameer.com/gallery/115?t=2  #BigData #SocialMedia"},{"index":"223308809177792513","data":"Believe in your dreams. pic.twitter.com/p0e7TAAR"},{"index":"222856972251308032","data":"@murphdec thanks making us aware. So you mean our website or within the product?"},{"index":"223895900790063104","data":"Troll sues Facebook, Amazon and others for using Hadoop http://gigaom.com/2012/07/13/troll-sues-facebook-amazon-and-others-for-using-hadoop/ …"},{"index":"223860282676613120","data":"Analytics a $51B business by 2016 thanks to big data http://prsm.tc/cIsrDO "},{"index":"223967587023863808","data":"for those paying attention, the @Cascading SDK is now up. https://github.com/Cascading/CascadingSDK … feel free to test and comment. formal announcement next week"},{"index":"224231817715265537","data":"Find out where the most UFO sighting in US are. #dataanalytics #tutorial #hadoop http://www.datameer.com/documentation/display/DAS20/UFO+Sightings …"},{"index":"225256253365035008","data":"@datameer is it possible to create a data link to a google spreadsheet? I'm getting 'can not parse input' on http://bit.ly/Ny0xTa "},{"index":"225265830450036736","data":".@mhawksey I downloaded the file and I'm able to import it with 2.0.1. What version do you use. I'm not using http though."},{"index":"225257016036298752","data":"@datameer is it possible to create a data link to a google spreadsheet? I'm getting 'can not parse input' on http://bit.ly/Ny0xTa "},{"index":"225258441281765376","data":"just for a brief moment at this Hadoop tutorial, I thought I was 1/1000th of the way towards becoming a #datascientist - but naah! #cloudera"},{"index":"225261517992501249","data":".@mhawksey I downloaded the file and I'm able to import it with 2.0.1. What version do you use. I'm not using http though."},{"index":"225636081608040448","data":"AWESOME, RT @davefauth: a post http://bit.ly/OVSOfX  on using @datameer to analyze MN campaign contributions http://bit.ly/OdjcV6 "},{"index":"225729100709511169","data":"A Sequential I/O Reading List http://codedependents.com/2012/07/08/a-sequential-io-reading-list/ …. Thanks for sharing Kelly!"},{"index":"225287097907548160","data":"@datameer is it possible to create a data link to a google spreadsheet? I'm getting 'can not parse input' on http://bit.ly/Ny0xTa "},{"index":"225741009965944832","data":"Do you need to parachute in a data analytics solution? No Problem! Checkout @Datameer in a Pelican case. pic.twitter.com/t5YxplYV"},{"index":"225801207187390464","data":"@techmilind sounds like you have the most complete Hadoop shirt collection. :)"},{"index":"225322579605463040","data":"@datameer is it possible to create a data link to a google spreadsheet? I'm getting 'can not parse input' on http://bit.ly/Ny0xTa "},{"index":"225802064037568513","data":"are people really, REALLY paying $2k for a fucking studio in this town? i mean, come on. that is such a ripoff."},{"index":"225805763065569280","data":"At least now I know the ip of the airbus 340 I'm flying to Europe with. Scary thought what would be possible. DDOS pic.twitter.com/4fyH0Iow"},{"index":"238164947044012032","data":"Don't bother with Big Data – listen to customers instead http://prsm.tc/88lPnE "},{"index":"238131829411033088","data":"Shut Up and Play the Hits - http://itun.es/i6jW6ws  #iTunes #LCDSoundSystem"},{"index":"238332247881707520","data":"Say no! 8 Ways to Keep Your Brain Innovative http://www.inc.com/geil-browning/personal-productivity-keep-your-brain-innovative-eight-ways.html …"},{"index":"226200051184173056","data":"So that's Cloudera plus Datameer on Dell. Nice, @StefanGroschupf! http://bit.ly/P7wDUa "},{"index":"238459308277379072","data":"Last weekend beach camping, this weekend downhill mountain biking. \nI <3 CA pic.twitter.com/PTSaXGiS"},{"index":"238339646784946176","data":"Citi is hiring a @Datameer big data analyst: http://jobs.citi.com/warren/technology/jobid2632473-hadoop-engineer-jobs?apstr=%26src%3DJB-14023 … Get Certified Now: http://www.datameer.com/support/certification/certification_program.html …"},{"index":"238395614310834176","data":"Think before you debug! http://www.informit.com/articles/article.aspx?p=1941206 …"},{"index":"238474655877443585","data":"How Big Is Facebook’s Data? 2.5 Billion Pieces Of Content and 500+ Terabytes Ingested Every Day http://prsm.tc/7p4r69  via @prismatic"},{"index":"238475243683983360","data":"Why Innovative People Fail http://prsm.tc/P2CYiR "},{"index":"238519166607429633","data":"What Successful People Do With The First Hour Of Their Work Day http://prsm.tc/XBAmXx "},{"index":"238474842985357312","data":"When Freemium Fails http://prsm.tc/BXzum0 "},{"index":"238475832778190849","data":"Meet Your Company's New Chief Customer Officer http://prsm.tc/REIZag "},{"index":"238725297153925121","data":"@bradfordcross @prismatic Congrats on the iphone app launch. I'm looking forward to use it."},{"index":"238707115106136064","data":"Lessons GrubHub's CEO Learned Using Freemium http://prsm.tc/NBWU4y "},{"index":"238744698401984512","data":"Fact: 4 people are engaged right now at Datameer. The average # of weddings per person? An even 2. #crazytown"},{"index":"238808124390248448","data":"Manage Creativity in Your Company by Dedicating Time http://prsm.tc/TnNWw6 "},{"index":"238726376918773760","data":"4 Questions to Ask Before Starting a Big Data Initiative http://prsm.tc/CAeiau "},{"index":"238808317923827713","data":"114 Entrepreneurs On 1 Train For 8 Hours Pitching Ideas http://prsm.tc/qG1euH "},{"index":"238809141714513920","data":"Five Ways San Francisco Improves During Burning Man http://prsm.tc/TQ3RZe "},{"index":"239055659402936322","data":"Understanding Customers in the Solution Economy http://prsm.tc/PXBD4W  #startup"},{"index":"239055961719984128","data":"Should Start-Up Founders Make Six Digits? http://prsm.tc/FalhfO  #startup"},{"index":"239056023871168512","data":"O'Reilly Media: Staying ahead of the curve with big data http://prsm.tc/jYMExH  #bigdata"},{"index":"239058759773732865","data":"Screw design and get data, says Ben Huh of I Can Has Cheezburger http://prsm.tc/W52wEx  #startup"},{"index":"239056260476059649","data":"Screw design and get data, says Ben Huh of I Can Has Cheezburger http://prsm.tc/W52wEx  #startup"},{"index":"239428527311683585","data":"The next billion-dollar enterprise tech companies http://prsm.tc/NOQpaD  #startup #hadoop"},{"index":"239453701322985473","data":"Defining Big Data for the Public CIO http://prsm.tc/kpNiMW  #bigdata"},{"index":"239454225367699456","data":"Wow, Apple awarded over $1bn in Samsung patent infringement trial http://prsm.tc/i9XE1u "},{"index":"239461632152068097","data":"Un, un, unbelievable amazing http://www.break.com/index/breathtaking-human-flight-is-also-frightening-2362231 …"},{"index":"239201706422988800","data":"Hey @rqtaylor, you jealous much? weezer Heads to San Francisco for BoxWorks 2012 | The Box Blog http://blog.box.com/2012/08/weezer-heads-to-san-francisco-for-boxworks-2012/ … via @BoxHQ"},{"index":"239773764106190849","data":"Neil Armstrong: One Small Step http://www.youtube.com/watch?v=HCt1BwWE2gA …"},{"index":"239774255661867008","data":"We Stopped Dreaming: http://www.youtube.com/watch?v=CbIZU8cQWXc … #NASA"},{"index":"239833816791928832","data":"Stanford biologist and computer scientist discover the 'anternet' http://prsm.tc/3Aj46H  #tech"},{"index":"239517624172691456","data":"Mountain biking in the Sierra foot hills. cc: @JonOslowski pic.twitter.com/NDPZ2kr8"},{"index":"240237825113600001","data":"Big data: all you need to know http://prsm.tc/K46x4j  #bigdata"},{"index":"240238145831063552","data":"Examining the True Cost of Big Data http://prsm.tc/jv6jNi   #bigdata"},{"index":"240238738519756800","data":"How to Enter New Markets in 3 Steps http://prsm.tc/NtJzWM  #startup"},{"index":"240238561054564352","data":"Hadoop, Business Analytics and Beyond http://prsm.tc/fDw3Br  #bigdata"},{"index":"240243172943462403","data":"6 Steps to Successfully Grow Your Small Business from Richard Branson http://prsm.tc/UUwCSW  #startup"},{"index":"240501514702041088","data":"The Rise Of Visual Social Media http://prsm.tc/qNucWW "},{"index":"240501660315705344","data":"Big Data Be Damned, The Web Still Needs a Human Touch http://prsm.tc/9cHLfE  #bigdata"},{"index":"240501992445853696","data":"Don't drink the startup Kool-Aid – find a problem and try to solve it http://prsm.tc/eeB0tb  #startup"},{"index":"240502787312594944","data":"I.B.M. Mainframe? Really?  http://prsm.tc/IdxvfW "},{"index":"240502996973256704","data":"Freemium Business Models: How Not to Go Broke http://prsm.tc/p5rIpe  #startup"},{"index":"240890333339193344","data":"Hadoop: The Definitive Guide, 3rd Edition http://prsm.tc/ZvU65h  #hadoop"},{"index":"240889775299624960","data":"Check out my infographic on @Datameer http://www.datameer.com/gallery/181 "},{"index":"240598045715218432","data":"New York, New York. pic.twitter.com/ta02I8As"},{"index":"240890597215453184","data":"MongoDB 2.2 Released http://prsm.tc/4eEJoX  #nosql"},{"index":"240943176301559810","data":"5 Tips on Fast Growth from a 5-Time Inc. 5000 Company http://prsm.tc/Pcdkf2  #Startup Culture"},{"index":"240944015787307008","data":"Four Things to Get Right When Starting a Company - Bruce Gibney and Ken Howery http://prsm.tc/aNwVRF  #startup"},{"index":"240942565581549568","data":"Employee Recognition: 5 Steps to Make Yours One of the Best Companies to Work for http://prsm.tc/xyixC6  #startup"},{"index":"240944341412089857","data":"Effective CEOs Spend Their Time http://prsm.tc/ntWKjr  #startup"},{"index":"241277547692838912","data":"Do You Need a Data Dictator? http://prsm.tc/GxfTeN  #data"},{"index":"241277613660860416","data":"Using Market Research Just for Marketing Is a Missed Opportunity http://prsm.tc/6pwhrE  #startup"},{"index":"241276568306061313","data":"Big Data Makes Better Business Decisions http://prsm.tc/Z97E8u  #bigdata"},{"index":"241278613343830019","data":"Facebook Updates Graph API To Make Data More Accessible To Developers http://prsm.tc/EM8Po4  #data"},{"index":"241285640455602176","data":"I Further Predict the Death of Your Web Framework\nhttp://mailinator.blogspot.com/2012/08/i-further-predict-death-of-your-web.html …"},{"index":"241306722256424961","data":"What numbers and a new book tell us about the Y Combinator way http://prsm.tc/kvsHlV  #startup"},{"index":"241277700969488385","data":"Big Brother on a budget: How Internet surveillance got so cheap http://prsm.tc/wucOMO  #bigdata"},{"index":"241307878516998145","data":"Learn More By Asking Fewer Questions http://prsm.tc/AwM0pB "},{"index":"241309653424820224","data":"http://twitpic.com/apdd6w  who will be the winner at today's #SAP #HANA @SAPStartups forum event in Palo Alto. My pick is @Datameer"},{"index":"241314310234701824","data":"How fun, \"Shooting The Tube\" :) \nhttp://youtu.be/W0Hzl_KCX2k "},{"index":"241308238895800320","data":"The Dangerous Seduction of the Lifetime Value (LTV) Formula http://prsm.tc/sM9t1n  #startup, #businessmodel"},{"index":"241525797557506049","data":"Intro To Hadoop http://prsm.tc/s62V9Z  #bigdata"},{"index":"241371904315883520","data":".. and the people's choice awards go to: @datameer #BigData #SAP #Hanna pic.twitter.com/ZP6YTxrd"},{"index":"241526969341190145","data":"Introducing the ISTC for Big Data Blog http://prsm.tc/VD2yi0  #bigdata #intel"},{"index":"241652684216729601","data":"Think Your Private Data Is Secure? Scientists Can Hack Your Brain http://prsm.tc/beY8ka "},{"index":"241693145048416256","data":"The top ten TED and TEDx startup talks http://prsm.tc/DI2R4N  #startup"},{"index":"242577807098667012","data":"Customer to me: \"Next time you can take our latest super car for a spin on the race track.\" Great that everybody needs big data today. :)"},{"index":"241731927902662657","data":"Spectacular Curiosity Panorama Puts You on Mars http://prsm.tc/tSsOzl "},{"index":"242620309574914050","data":"Why big data means big things for the future of marketing http://prsm.tc/USykah  #bigdata"},{"index":"241692493798854656","data":"Bye, bye NYC."},{"index":"242687182823886848","data":"The value of data http://prsm.tc/6MHfiY  #data"},{"index":"242687750715875329","data":"Daily chart: The Devil's in the deterrent http://prsm.tc/cs6JYI "},{"index":"242687966814806017","data":"Big Data Working Group formed aims to solve real world problems http://prsm.tc/VVP6mE  #bigdata"},{"index":"243007596217376768","data":"Looking for a technical co-founder? Be hacker in 10 sec: http://hackertyper.net/ \n#startup"},{"index":"243389272604942336","data":"More Tweets across the web http://prsm.tc/6NLi5W "},{"index":"242952494647496705","data":"Awesome video animation put together by @Datameer's design team. Learn more about Financial Compliance: http://vimeo.com/48607207 "},{"index":"243387665305698305","data":"@StefanGroschupf that's awesome! @JoyceMSullivan @belbey @cmply check this out @datameer for financial compliance http://vimeo.com/48607207 "},{"index":"243389552042053634","data":"5 Tips and Tools to Create a Company Culture When You Run a Virtual Business http://prsm.tc/KZufbn  #startup"},{"index":"243389334206697473","data":"Use Big Data to Predict Your Customers' Behaviors http://prsm.tc/LnpG5Q "},{"index":"243389835333734400","data":"Big Data is Creating A Digital Nervous System http://prsm.tc/5q56NX  #bigdata"},{"index":"244015426542116864","data":"Data Visualization - Free Trial of Datameer http://awe.sm/h4Kt6 : Anyone have experience using this tool?"},{"index":"244017544619491328","data":"“In the Studio,” LinkedIn’s Pete Skomoroch Discusses The Voltron Of Data Science http://prsm.tc/B3hsR1  #data"},{"index":"244014936680976384","data":"Data Visualization - Free Trial of Datameer http://awe.sm/h4Kt6 : Anyone have experience using this tool?"},{"index":"244417176554061824","data":". @Datameer at Forbes: http://www.forbes.com/sites/davefeinleib/2012/09/07/the-big-data-science-behind-todays-most-popular-content/ …"},{"index":"242627460905189376","data":"Data Visualization - Free Trial of Datameer http://awe.sm/h4Kt6 : Anyone have experience using this tool?"},{"index":"244018156983709696","data":"Y Combinator Founder Paul Graham Issues New Warning to Start-ups http://prsm.tc/VUvr4u  #startup"},{"index":"244018278249422848","data":"Keep Your Best Employees: 5 Steps http://prsm.tc/01qrJM  #startup"},{"index":"245264055265280001","data":"Put together some thoughts on bursting this Big Data bubble. First posted on ZDNet; republished on our blog: http://bit.ly/P5dynJ  #hadoop"},{"index":"245343945863876609","data":"How Bad Leadership Spurs Entrepreneurship http://prsm.tc/CsxaY0  #startup"},{"index":"245343683229138944","data":"Jack Dorsey: A Founder Is Not A Job, It’s A Role http://prsm.tc/zMDXdy  #startup"},{"index":"245344142505435137","data":"16 free fall Stanford classes that will help you build your business http://prsm.tc/Xx80qa  #startup"},{"index":"245646081336176640","data":"Big Data's Management Revolution  - Erik Brynjolfsson and Andrew McAfee http://prsm.tc/J46vzW  #bigdata"},{"index":"245601252535312384","data":"What do you think about our new @Datameer website? http://www.datameer.com/hbr/index.html "},{"index":"245382685957160961","data":"… it compiling… #nerdjokes pic.twitter.com/AY4mMcpz"},{"index":"245647083045003265","data":"Welcome to HBR's Big Data Insight Center http://prsm.tc/z3AbDH  #data"},{"index":"245646951163494400","data":"The GPU \"Sweet Spot\" for Big Data http://prsm.tc/cDo1JS  #bigdata"},{"index":"245687950594174976","data":"Box CEO Aaron Levie: Startups Have An “Unfair Advantage” In The Enterprise Market http://prsm.tc/BQHYZA  #startup"},{"index":"245688913522479106","data":"Box CEO Aaron Levie: Startups Have An “Unfair Advantage” In The Enterprise Market http://prsm.tc/BQHYZA  #startup"},{"index":"245689348102705154","data":"Box CEO Aaron Levie: Startups Have An “Unfair Advantage” In The Enterprise Market http://prsm.tc/BQHYZA  #startup"},{"index":"245646178719514624","data":"Box CEO Aaron Levie: Startups Have An “Unfair Advantage” In The Enterprise Market http://prsm.tc/BQHYZA  #startup"},{"index":"246276529783455744","data":"Jim Collins: 7 of the 10 most critical ceo decisions should be people decisions. #KPCEOSUMMIT"},{"index":"245717034086854656","data":"Box CEO Aaron Levie: Startups Have An “Unfair Advantage” In The Enterprise Market http://prsm.tc/BQHYZA  #startup"},{"index":"246647953635307520","data":"What Executives Don't Understand About Big Data http://prsm.tc/dYHj0C  #bigdata"},{"index":"246648591467298816","data":"Who's Really Using Big Data - Paul Barth and Randy Bean http://prsm.tc/dWP0ys  #bigdata"},{"index":"246647756528173056","data":"Sequoia's Jim Goetz On Enterprise Startups http://prsm.tc/OcjKeF  #startup"},{"index":"247569664283119616","data":"100 Books Every Entrepreneur Should Read @sujanpatel http://prsm.tc/dO1L4S  #startup"},{"index":"247571658875994112","data":"The amazing map that shows all of the world's recorded hurricanes in a single image http://prsm.tc/Zb4Nut  #infographic"},{"index":"247572410763722752","data":"15 Ways To Keep Startup Employees Happy http://prsm.tc/KJNZgy  #startup"},{"index":"247574820139720705","data":"From $10M To $100M--The Steps To Meteoric Business Success http://prsm.tc/AJu7Rf  #startup"},{"index":"247741770006401024","data":".@dsdownunder Sorry about this. This should be fixed now. Thanks for pointing it out."},{"index":"247792750093815808","data":"Big Data's Human Component http://prsm.tc/sjRr5v  #bigdata"},{"index":"247792937847631872","data":"Analyzing our Bamboo Performance http://prsm.tc/BD2izK  #hadoop"},{"index":"247793330715500546","data":"Amazon Developing Its Own Mapping Service http://prsm.tc/yDbKVg "},{"index":"248186453719404545","data":"Distributed Algorithms in NoSQL Databases http://prsm.tc/oljPGc  #bigdata"},{"index":"248186935204536321","data":"Another day, another job offering (I had never imagined Infovis would be so trendy). Sorry, my  is with the Datameer folks"},{"index":"248185584579923969","data":"Prismatic takes on Twitter in the race to build a better serendipity engine http://prsm.tc/IZVFLA "},{"index":"248966377430462464","data":"Gnip Offers Twitter's Complete Archive for Analysis http://prsm.tc/kgi6cA  #social #data"},{"index":"248966624172969984","data":"If 'Big Data' Simply Meant Lots of Data, We Would Call It 'Lots of Data' http://prsm.tc/oDakzk  #bigdata"},{"index":"248966921385570306","data":"8 Reasons Startups With Good Ideas Fail http://prsm.tc/UEekwc "},{"index":"248966781979463680","data":"7 new types of jobs created by Big Data http://prsm.tc/DENiWg "},{"index":"249260737082564608","data":"Three Questions to Ask Your Advanced-Analytics Team http://prsm.tc/6UAZty "},{"index":"249285564904394753","data":"The Deadly Cost Of Ignoring Big Data: $71.2 Million Per Year http://prsm.tc/loHSAR  #bigdata"},{"index":"249285292677271552","data":"Think Stats: Probability and Statistics for Programmers http://prsm.tc/rnXyKW  #data"},{"index":"249285985681154050","data":"Google's Dremel Makes Big Data Look Small http://prsm.tc/a9lXXb  #bigdata"},{"index":"249286318570500097","data":"Visualizing the news, literally http://prsm.tc/4PVBqZ  #data"},{"index":"249257031679238144","data":"@StefanGroschupf we can all be friends here, I just got your boy @rqtaylor a ticket to boxworks with no strings attached."},{"index":"249286840484495361","data":"Your digital Mirror. http://prsm.tc/OHnqyt "},{"index":"250035266167898112","data":"The Most Astounding Fact. http://www.youtube.com/watch?v=9D05ej8u-gU …"},{"index":"249286917441609728","data":"Trulia's IPO Blows Past Expectations http://prsm.tc/vzILJ0 "},{"index":"249288208200921088","data":"Amazing! The most concerning is that can profile a person just by this kind of data so well.\nhttp://mirror.nationalmediamuseum.org.uk/?UserId=6dcb5fc4-f27f-4626-8d68-459cdce88d0a …"},{"index":"250307982187982848","data":"@techmilind ... And how long did it took for you to learn awk? :)"},{"index":"250697470655483905","data":"Metrics Are Easy; Insight Is Hard http://prsm.tc/1yqkH3  #data"},{"index":"251723723500044288","data":"Why Big Companies Can't Innovate http://prsm.tc/o98Vd4 "},{"index":"252164760810971136","data":"Balancing team passion and product-market fit http://prsm.tc/YM77ex  #startup"},{"index":"252175591728627712","data":"K-means, Classifiers, Logistic Regression, Evaluation http://prsm.tc/lp8qge "},{"index":"252166347352584193","data":"Why I got Fired from Facebook (a $100 Million dollar lesson) http://prsm.tc/d4n0md  #startup"},{"index":"252166774613762048","data":"Become A Leader Others Want To Follow http://prsm.tc/Q6mYGp  #leadership"},{"index":"252895723471925248","data":"I just learned in a #Hadoop class that hive and pig are not all java some of it is actually into bite code. :) #fail"},{"index":"252559226264760320","data":"Why Everyone (Not Just Geeks) Should Care About Big Data | Wired Enterprise | http://Wired.com  http://www.wired.com/wiredenterprise/2012/09/human-face-of-big-data/ …"},{"index":"252896147977428993","data":"@mrflip still in the hyatt?"},{"index":"252989739513286656","data":"Worldwide, the digital warehouses use about 30 billion watts of electricity. http://www.siliconvalley.com/news/ci_21609749/power-pollution-and-internet … \n#hadoop #green"},{"index":"252995497437044737","data":"Meet the New Boss: Big Data http://online.wsj.com/article_email/SB10000872396390443890304578006252019616768-lMyQjAxMTAyMDIwMDAyODA3Wj.html?mod=wsj_valetleft_email …"},{"index":"253012525451444224","data":"Shocker! Oracle clouds will run all-Oracle-all-the-time http://prsm.tc/MLZBqn "},{"index":"253013141858959360","data":"How to Be Happier at Work: 10 Tips http://prsm.tc/mAnMCK "},{"index":"253013311120105472","data":"Richard Branson’s Six Secrets to Productivity http://prsm.tc/fusOqF "},{"index":"253220647365406720","data":"Test You Startup Ideas With This Free Validation Board http://prsm.tc/CYHwIf "},{"index":"253037379097595904","data":"What an Astronaut's Camera Sees at Night http://flpbd.it/jis8Q "},{"index":"253012771170549761","data":"Machine Learning Demos http://prsm.tc/xjk8mq "},{"index":"253220798523904000","data":"Big Data's Biggest Obstacles http://prsm.tc/KqV9Mg "},{"index":"253221398233903104","data":"The Evolution of Big Data as a Research and Scientific Topic: Overview of the Literature http://prsm.tc/kzJGNi "},{"index":"253381447912681472","data":"Steve Jobs Speech in 1983 Reveals Apple Working on iPad for 27 Years http://prsm.tc/QGa1TR "},{"index":"256466422123859968","data":"How to Develop a Culture of Innovation http://prsm.tc/FL6teS  #startup"},{"index":"253221831878791169","data":"Nick Woodman: How I Bootstrapped GoPro http://prsm.tc/63VIgQ "},{"index":"253382666139881472","data":"3 Employees You Need To Fire. Now http://prsm.tc/b5GuJE "},{"index":"256467009305473024","data":"15 Billion Page Views a Month and Harder to Scale than Twitter http://prsm.tc/2op9yQ "},{"index":"256468762033811456","data":"Prismatic blog - Prismatic Blog - Prismatic's \"Graph\" at Strange Loop http://blog.getprismatic.com/blog/2012/10/1/prismatics-graph-at-strange-loop.html …"},{"index":"256620262185906177","data":"John Maeda: How art, technology and design inform creative leaders #TED\nhttp://www.ted.com/talks/john_maeda_how_art_technology_and_design_inform_creative_leaders.html …"},{"index":"257149126033162240","data":"Goldman Sachs: Biggest opportunities are in data, efficiency http://prsm.tc/pPpkGV "},{"index":"258980924350398465","data":"Big Data To Drive $232 Billion In IT Spending Through 2016 http://prsm.tc/Mq7W27 "},{"index":"262325514902052864","data":"pic.twitter.com/O8ngTz5Q"},{"index":"258982008242446336","data":"Even Stranger than Expected: a Systematic Look at EC2 I/O http://prsm.tc/0wDJJB "},{"index":"260812799536672768","data":"Imitation is the sincerest form of flattery! See yourself. cc @alexwilliams pic.twitter.com/xoqPShxl"},{"index":"263102050097823744","data":"Richard Branson on the Entrepreneurs He Admires http://prsm.tc/Xd7foW "},{"index":"263101730475098112","data":"Hadoop Creator Outlines the Future of Big Data Platform http://prsm.tc/XoSJ3Z "},{"index":"260794096774438914","data":"Find an analytic app, then tweak it to meet your needs: Interesting move by @StefanGroschupf & the @Datameer crew http://goo.gl/9MiZF "},{"index":"263826277805457408","data":"UA Study Examines How News Spreads on Twitter http://uanews.org/story/ua-study-examines-how-news-spreads-twitter …"},{"index":"263102509516742657","data":"Getting into Y Combinator as a single non-technical founder http://prsm.tc/buJjMK "},{"index":"263826509360398336","data":"Playing with @datameer. Impressed."},{"index":"265922818145918976","data":"Workday drops the Other Shoe(s): BigData Analytics, Recruiting, and Extensible Objects http://www.bersin.com/blog/post/2012/11/Workday-drops-the-Other-Shoe(s)--BigData-Analytics2c-Recruiting2c-and-Extensible-Objects.aspx …"},{"index":"265653510056595456","data":"Leaving to #Wday Rising conference to Las Vegas tonight."},{"index":"263863990617255936","data":"Why Sears Is Going All-In On Hadoop http://prsm.tc/W1S8fq "},{"index":"265924682090434560","data":"@Datameer seriously being able to sit right on Hadoop is crazy cool. Does your software generate MR job based off built in functions?"},{"index":"265958321213825027","data":"RT @TonyBaer: packaged analytic apps converging head on into #Hadoop http://bit.ly/TtrmYf  > nice move for #Datameer partnering w #Workday"},{"index":"266261628687904769","data":"Big data center opening in Cambridge http://prsm.tc/7cIUN4 "},{"index":"266328432013611008","data":"Was happy to see that my boss (who's not American) encouraged his employees to vote yesterday. Kick ass! @StefanGroschupf"},{"index":"265924270595649536","data":"@Datameer seriously being able to sit right on Hadoop is crazy cool. Does your software generate MR job based off built in functions?"},{"index":"265958609479946240","data":"RT @TonyBaer: packaged analytic apps converging head on into #Hadoop http://bit.ly/TtrmYf  > nice move for #Datameer partnering w #Workday"},{"index":"268777461494464512","data":"beautiful weather infographic user interface for iPhone http://partlycloudy-app.com/ "},{"index":"269093056656048128","data":"Enterprises Spend Big On 'Big Data' http://prsm.tc/8U78Cg "},{"index":"268829177120161792","data":"@Prismatic When clicking the login via twitter button many times quick enough the iPhone app crashes for me."},{"index":"269104081916792832","data":"@obrienjw Refreshing accurate understanding of Hadoop and big data at #TDWI"},{"index":"269145855754379264","data":"Is Big Data Right for Your Business? President Obama Thinks So. http://prsm.tc/rNCYiC "},{"index":"269100034606391297","data":"Enterprises Spend Big On 'Big Data' http://prsm.tc/8U78Cg "},{"index":"269180348494143491","data":"Why in the world would anyone use #Hive and create debt with undocumented  HiveQL queries when they could write clean #Pig scripts? Beats me"},{"index":"269175370467651584","data":"Why in the world would anyone use #Hive and create debt with undocumented  HiveQL queries when they could write clean #Pig scripts? Beats me"},{"index":"269200431916384257","data":"Hack any skype account in 6 easy steps. (They fixed it yesterday) http://pixus-ru.blogspot.ru/2012/11/hack-any-skype-account-in-6-easy-steps.html …"},{"index":"269182922018418690","data":"Why in the world would anyone use #Hive and create debt with undocumented  HiveQL queries when they could write clean #Pig scripts? Beats me"},{"index":"276102070581485568","data":"2012 KPCB Internet Trends Year-End Update http://prsm.tc/yRxomI "},{"index":"269230370921250816","data":"Urgh, but wow. “@mlalebasak: Urine-powered generator unveiled at international exhibition http://lnkd.in/kgtR7d ”"},{"index":"269497512228954112","data":"Congrats to DataMeer for partnership with Workday on Big Data Analytics for HR and Finance http://www.workday.com/company/news/press_archive/workday_unveils_big_data_analytics_for_hr_and_finance.php … #HR #CFO"},{"index":"276102269517316096","data":"5 Signs You're Sucking as an Entrepreneur http://prsm.tc/7osZvX "},{"index":"277515581945675776","data":"#ff @StefanGroschupf @ibmbigdata @Bigdataborat @jameskobielus @tonybaer @Neo4j @10gen @CouchDB @natishalom @Chris_Gaun  @data_nerd @ajbowles"},{"index":"280894936604360705","data":"Twitter's Giving You Your Data Back, Enables Archiving http://prsm.tc/UURuJp "},{"index":"280894865347317760","data":"Apache Ambari: Hadoop Operations, Innovation, and Enterprise Readiness http://prsm.tc/0Y7hs8 "},{"index":"280895004652761088","data":"Oracle upgrades Big Data Appliance with Xeon E5s http://prsm.tc/2VLoy1 "},{"index":"280896961396215808","data":"Revenue is the new black http://prsm.tc/PgccFY "},{"index":"280895235280740352","data":"Revenue is the new black http://prsm.tc/PgccFY "},{"index":"281509755493699584","data":"My prediction for 2013 - goodbye Hadoop, hello Big Data: http://bit.ly/TzCF4r "},{"index":"281569747756277760","data":"Your Twitter archive http://prsm.tc/2wyeFi "},{"index":"269200172314140672","data":"Why in the world would anyone use #Hive and create debt with undocumented  HiveQL queries when they could write clean #Pig scripts? Beats me"},{"index":"280895151679889409","data":"Big Data's Surprising Uses: From Lady Gaga To CIA http://prsm.tc/ESFOBm "},{"index":"281173678736162817","data":"Big Dollars from Big Data http://prsm.tc/l4gco8 "},{"index":"281570064522698752","data":"Foundation: Tony Hsieh On Building A Great Company Culture http://prsm.tc/FRY3Km  #startup"},{"index":"281567225645789185","data":"How about \"Goodbye Hype\" and Hello Reality\"? @StefanGroschupf: My prediction for 2013 - goodbye Hadoop, hello Big Data: http://bit.ly/TzCF4r "},{"index":"281570211335921664","data":"Why big data means big business for online retailers http://prsm.tc/6cgN4q   #bigdata"},{"index":"281870308573601792","data":"Kleiner Partners' View of the Future of Tech http://prsm.tc/admCro "},{"index":"282242521374027776","data":"A Former Facebook Executive Warns About The Problem That Could Kill The Company http://prsm.tc/g2tSv1  #startup"},{"index":"281937434416148480","data":"Good post @Datameer on big data moving from tech hype cycle to mainstream in '13. \"Big Data – Crossing the Chasm '13!\" http://shar.es/hh7rR "},{"index":"282243090905964544","data":"The Hierarchy Of Business Needs http://prsm.tc/5cCDpY "},{"index":"282270191021355008","data":"The Hierarchy Of Business Needs http://prsm.tc/VY4ABO "},{"index":"282270432911052800","data":"Beyond Hadoop http://prsm.tc/u2TXg3 "},{"index":"282269868240293888","data":"Big data word of the year? #npr \nhttp://www.npr.org/2012/12/20/167702665/geoff-nunbergs-word-of-the-year-big-data?sc=tw&cc=share … cc: @merv"},{"index":"282322722560811008","data":"Datameer 2.1.1 released. New and Noteworthy\nhttp://www.datameer.com/documentation/current/2.1.1+New+and+Noteworthy …"},{"index":"284482633541488640","data":"Can Big Data  Solve America's Gun Problem?\nhttp://www.theatlantic.com/politics/archive/2012/12/how-big-data-can-solve-americas-gun-problem/266633/ …"},{"index":"284540833225650177","data":"Datameer 2012 Video -Wow, I work with fun and amazing colleagues: https://vimeo.com/55546001 "},{"index":"284484382939574274","data":"Datameer 2012 Video -Wow, I work with fun and amazing colleagues: https://vimeo.com/55546001 "},{"index":"284785028179828736","data":"Which Best Practice Is Ruining Your Business?http://blogs.hbr.org/cs/2012/12/which_best_practice_is_ruining.html …"},{"index":"284839896068280320","data":"Acoustically experience the Nasdaq and apple trading. #data https://docs.google.com/presentation/pub?id=17FngGmMTcOcQFMvPNgV3QZTIwXTwkVB8OMa52mhQsSg&start=false&loop=false&delayms=3000#slide=id.p …"},{"index":"291212598471442434","data":"Hortonworks adds Ambari control freak to Hadoopery http://prsm.tc/AaEAav "},{"index":"291212655623020546","data":"The CTOvision Disruptive IT List: Firms we believe all enterprise technologists should be tracking http://prsm.tc/oduNnN "},{"index":"291502461838041088","data":"A Visual History of Nobel Prizes http://www.brainpickings.org/index.php/2012/11/29/giorgia-lupi-noble-prizes-visualization/ …"},{"index":"291212853359284224","data":"Why is Map Reduce faster? -- A practical example of data joins http://prsm.tc/ojE5xt "},{"index":"284485782931128320","data":"Wow we resolved 6,756 jira tickets this year. A lot of very cool new features to come in 2013…. @datameer #bigdata"},{"index":"293787493600460802","data":"Marketers Upping the Ante on Big Data in 2013 http://prsm.tc/nfx9xf "},{"index":"291998078406365184","data":"How the Most Productive Bosses Spend Their Day http://prsm.tc/FyYNPA "},{"index":"294762596832247808","data":"Redesigning Google: how Larry Page engineered a beautiful revolution http://prsm.tc/pHuICt "},{"index":"290844384210087936","data":"Netflix shows off its Hadoop architecture http://prsm.tc/XN25IJ "},{"index":"294764316345921537","data":"Big medical data http://prsm.tc/fFZc8S "},{"index":"301186820417400832","data":"How http://Ancestry.com  uses @Datameer, @Mapr, @10gen MongoDB via @Forbes http://www.forbes.com/sites/tomcoughlin/2013/02/11/the-ascent-of-storage-preserving-family-history/ …"},{"index":"301170722452156416","data":"The Best Entrepreneurs Are Older, Have Less Ego http://prsm.tc/Dezna5 "},{"index":"301817685778513920","data":"Big Data: Why it's not always that big nor even that clever http://prsm.tc/xTNJJv "},{"index":"301170228329594880","data":"Congrats team! @datameer one of the World's Top 10 Most Innovative Companies in Big Data http://prsm.tc/tucZFD  via @prismatic"},{"index":"302663849218306048","data":"Turning Data Into Profit http://prsm.tc/QYWkIN "},{"index":"304080506214047745","data":"Awwww, don't.. @Scobleizer \"Robert Scoble Is Switching To Android\" They will find a new head of QA (aka visionary ceo) http://prsm.tc/vvrbE3 "},{"index":"304081456588800001","data":"On a serious note, a product CEO is 10% vision and 90% QA - means push a vision  all the way through is a lot of work."},{"index":"304725204293263360","data":"Social media experts, turned mobile, turned bigdata experts predict SQL is what  #Hadoop needs. Though, intentionally we made it NO-SQL!"},{"index":"305898204224954368","data":"Data Mining Systems Improve Cost and Quality of Healthcare http://prsm.tc/mTdMs6 "},{"index":"305897979603218434","data":"A futuristic gesture: PointGrab aims to bring remote motion control to iOS devices http://prsm.tc/hEn3CQ "},{"index":"305898303097286656","data":"Fast clustering algorithms for massive datasets http://prsm.tc/qaUpkb "},{"index":"305897761201590273","data":"Pushback against 'Big Data' begins http://prsm.tc/5TxYZT "},{"index":"306598461766242306","data":"Awesome, as more #Hadoop distros as better, since eventually each Hadoop will run a @Datameer. @intel, we welcome you to the big data market"},{"index":"305900067460620288","data":"Visa stacks its database for big data analysis http://prsm.tc/x76gmj "},{"index":"305900184540438528","data":"#GartnerBI and Big Data: Fear, Loathing, and Business Breakthroughs http://prsm.tc/iAotRt "},{"index":"305899783002918912","data":"Put analytics at centre of business or perish: Gartner http://prsm.tc/wNzFgX "},{"index":"306601449402531840","data":"Big Data brings intelligence-based security, RSA chief says http://prsm.tc/58XyUL "},{"index":"306626029005447168","data":"DataDirect Networks brings out Hadoop appliance for enterprises http://prsm.tc/SEwMBp "},{"index":"310089829016817665","data":"10 interesting digital marketing stats we've seen this week http://prsm.tc/aIj2uG "},{"index":"310089426439135232","data":"Forget Big Data, Think Mid Data | OdinText Blog http://prsm.tc/jfexRU "},{"index":"311595783440973825","data":"Proprietary Hadoop Is A Losing Strategy http://prsm.tc/Slik57 "},{"index":"311265785685348352","data":"‘Big Data’ Generates Big Returns: Q&A With VC Roger Ehrenberg http://prsm.tc/9tWGiW "},{"index":"310456645505400832","data":"IBM CEO Predicts Three Ways Technology Will Transform The Future Of Business http://prsm.tc/OmyvIa "},{"index":"311596108356911105","data":"Big Data Is Enabling Marketers to Do More With Less http://prsm.tc/dLpWXu "},{"index":"310950851374104576","data":"The big data world is operating at 1 percent http://prsm.tc/xUQHSz "},{"index":"311879542002302977","data":"Hadoop as a Data Hub. A Sears Case Study. Join the webinar with Phil Shelley, CTO of Sears. http://info.datameer.com/Hadoop-as-a-Data-Hub-Sears.html …"},{"index":"311595883668070401","data":"Big data investments ramp, says Gartner http://prsm.tc/Nek1WJ "},{"index":"312039394431340545","data":"Join me tomorrow at Bloomberg Big Data conference. From hype to value http://www.bloomberglink.com/event/big-data/ "},{"index":"312610935317618688","data":"Top Ten Mistakes of Entrepreneurs (Guy Kawasaki)\nhttp://www.slideshare.net/GKawasaki/top-ten-mistakes-of-entrepreneurs?utm_source=slideshow&utm_medium=ssemail&utm_campaign=weekly_digest …"},{"index":"312202822471016449","data":"Discussing from hype to value at #bloomberg's big data conference #bbdata #hadoop pic.twitter.com/y21DmUCzU0"},{"index":"313702884317474817","data":"Sears is using Hadoop and Datameer for reporting and #BI analysis. Anyone using them in healthcare? #bigdata"},{"index":"313720884965810176","data":"Reminder #InMemory != #BigData. Keep it real kids."},{"index":"313736849099202562","data":"Walmart Makes Big Data Part of Its DNA http://prsm.tc/OiIrrt "},{"index":"313703832557330433","data":"Reminder #InMemory != #BigData. Keep it real kids."},{"index":"314048254801235968","data":"@StefanGroschupf: Just got kicked off, call me back at the number at http://redmonk.com/contact/  if you get this"},{"index":"313823902000349184","data":"Visa identifies $2b in annual fraud with \"Hadoop based analytics\" cc @datameer.\nhttp://blogs.wsj.com/cio/2013/03/11/visa-says-big-data-identifies-billions-of-dollars-in-fraud/ …\n\nhttp://www.datameer.com/ "},{"index":"314075151425732608","data":"The world is ready for the consumer-grade enterprise http://prsm.tc/wmHL4l "},{"index":"314076564897820672","data":"The City of Chicago wants you to fork its data on GitHub http://prsm.tc/JizYHU "},{"index":"314447059010846721","data":"Great talk by Gus Hunt. #bigdata at #gov\nhttp://gigaom.com/2013/03/20/even-the-cia-is-struggling-to-deal-with-the-volume-of-real-time-social-data/ …"},{"index":"314924098805440512","data":"Living in the future is great.  http://prsm.tc/P2RTFW  via @prismatic"},{"index":"312401354427613184","data":".@datameer at #Bloomberg #bigData from Hype to Value http://www.bloomberg.com/video/altman-groschupf-mahony-strawn-big-data-value-YIifIV~KRcCmDxtZqd891A.html …"},{"index":"316756558736392195","data":"Message To The Future - Neil DeGrasse Tyson http://www.break.com/index/message-to-the-future-neil-degrasse-tyson-2427338 …"},{"index":"316440317014441984","data":"Big Data Right Now: Five Trendy Open Source Technologies http://prsm.tc/ENqP78 "},{"index":"314924967244488707","data":"Focus, focus, focus.  http://prsm.tc/tn353R "},{"index":"316793113622491137","data":".@techmilind even worst in memory clusters are slower due to network latency, where my SSD has full Disk to CPU IO."},{"index":"316791876969697280","data":".@techmilind I couldn't disagree more! My macbook SSD has 750GB for 3k, you spend 50k+ for a 200GB in memory cluster. -> Tiny data."},{"index":"316800271625883648","data":"Does Big Data Spell the End of Business Intelligence As We Know It? http://prsm.tc/XiO2d4 "},{"index":"317407291932553216","data":"Doctors turn to big data for help with cancer care http://prsm.tc/elFALt "},{"index":"317407003037278208","data":"Oracle’s is in Big Trouble : Big Data is to Blame http://prsm.tc/16RblZ "},{"index":"318079808263303168","data":"Top 11 Reasons Startups Succeed http://prsm.tc/iiPFqJ "},{"index":"317014997031088128","data":"My colleague @mattschumpert just send me a document and attached a picture with his current view. #inflightWIFI pic.twitter.com/huCpz8wiPc"},{"index":"317497060888809472","data":"\"You own it to your children to take as far as you can.\" Right on! @carterac #startup @thestartupkids http://thestartupkids.com "},{"index":"318081041598382080","data":"Horizon, 2013-2014, The Age of Big Data http://prsm.tc/1ggtJT "},{"index":"318442663697317888","data":"How Vizify Gives Recruiters Context for Your Digital Identity http://prsm.tc/bBj0SX "},{"index":"318442828541878273","data":"The new analytic stack is all about management, transparency and users http://prsm.tc/Ivf84X "},{"index":"318906103096299521","data":"The Skills Most Entrepreneurs Lack http://prsm.tc/axhW6s "},{"index":"318443306541535232","data":"Amazon buys Goodreads: We’re all just data now http://prsm.tc/HMM0jX "},{"index":"318929246796009472","data":"Harvard Business Review: A Data Scientist's Real Job: Storytelling http://s.hbr.org/14oR5Mf "},{"index":"321397578166054912","data":"Data For All! How New Tools Democratize Visualization http://prsm.tc/DuiZF8 "},{"index":"321415840740290562","data":"Peter Thiel's 3 Rules for Starting a Business http://prsm.tc/0ks2PQ "},{"index":"322220217822494720","data":"The Best Data Minning Tools You Can Use for Free in Your Company http://prsm.tc/ZycdNr "},{"index":"319565837440778241","data":"RT @shawnrog: Nice to see #Datameer on Big Data panel at #bigdatamgmt @StefanGroschupf talking abt Nutch project. http://tinyurl.com/cwg7et9 "},{"index":"322219701604343808","data":"NASA-backed fusion engine could cut Mars trip down to 30 days http://prsm.tc/sQDG7P "},{"index":"322220476040609793","data":"Gartner: CIOs and CMOs must 'turn sparks into flame\" http://prsm.tc/J0Woz6 "},{"index":"322821825790885889","data":"The Modern Data Nerd Isn't As Nerdy As You Think http://prsm.tc/GXbX9P "},{"index":"322821888772546560","data":"Big data and society - interview with Kenneth Cukier, The Economist http://prsm.tc/xZpffI "},{"index":"324217164796157952","data":"thearn/webcam-pulse-detector · GitHub http://prsm.tc/N7FFhl "},{"index":"324216577891381248","data":"IDC: Big data alone will drive billions in storage sales http://prsm.tc/4PaXKY "},{"index":"323935284523827200","data":"@theMasterLink Just got a Roubaix E. SL4 Disc. When back breaking the plastic that runs the break cable on the bottom of the bike moves? :("},{"index":"324217728066015233","data":"Ex-Googler releases big update to Disconnect, a data-blocking tool http://prsm.tc/TFizTz "},{"index":"322220309468028928","data":"Google Turns to Big Data to Unmask Human Traffickers http://prsm.tc/YPleQk "},{"index":"324218169214509057","data":"Big data could uncover clue on marathon: Column http://prsm.tc/Zdo1aQ "},{"index":"326791533896548354","data":"Why Getting Comfortable With Discomfort is Crucial to Success http://prsm.tc/ax4zCh "},{"index":"325714608511922176","data":"Cognitive Overhead, Or Why Your Product Isn’t As Simple As You Think http://prsm.tc/LbsP9e "},{"index":"326791110192152576","data":"The Big Data Landscape Revisited http://prsm.tc/cN0iNZ "},{"index":"326927283455655936","data":"Hello! We have great mpp db's. Making #Hadoop look like one is the biggest marketing non sense in big data ever. It's sequential IO!"},{"index":"326940966030303233","data":"Apache Mahout http://prsm.tc/YSA41o "},{"index":"326791612736892928","data":"Big money in Big Data: SGI debuts petabyte-juggling archiving tool http://prsm.tc/FcHlz4 "},{"index":"327504887078330368","data":"MacBook Pro Is 'Best Performing' Windows Laptop, Report Claims http://prsm.tc/0bs0QW "},{"index":"327519346861678592","data":"Without Analytics, Big Data is Just Noise http://prsm.tc/tRctFm "},{"index":"327518981885931520","data":"How big data will save your life http://prsm.tc/U8iZSG "},{"index":"327783198937468928","data":"Wikipedia is now drawing facts from the Wikidata repository, and so can you http://prsm.tc/sNRgVX "},{"index":"327995469202612224","data":"How Big Data Will Mean the End to Job Interviews http://prsm.tc/QQbB70 "},{"index":"327995239161798657","data":"Big Data Gets Bigger: Now Google Trends Can Predict The Market http://prsm.tc/zTBIvz "},{"index":"328948531631099906","data":"@tlipcon LOL :)"},{"index":"328960558260961280","data":"3 Steps To Incorporate Big Data Into Your Small Business http://prsm.tc/1tWt9i "},{"index":"328960675877646336","data":"The Rising Costs Of Misunderstanding Big Data http://prsm.tc/VPxGXF "},{"index":"328960345517477890","data":"How Twitter Stores 250 Million Tweets a Day Using MySQL http://prsm.tc/0cDOi1 "},{"index":"328961711648407554","data":"Data-Driven Band 'CSV Soundsystem' Makes Music From Spreadsheets http://prsm.tc/IQYbYL "},{"index":"328961299704840192","data":"Healthcare's Big Problem With Little Data http://prsm.tc/WnhJMQ "},{"index":"328960978257575936","data":"Hadoop: Expect enhanced performance soon http://prsm.tc/u7Y35e "},{"index":"329044864845107201","data":"SAPVoice: Big Data Is Hollywood's New Rising Star http://prsm.tc/qIngwX "},{"index":"329044967530041344","data":"More data usually beats better algorithms http://prsm.tc/P41xZg "},{"index":"329297816461651968","data":"“Entrepreneurs should become experts at learning from mistakes” Laurence Weinzimmer, co-author, The Wisdom of Failure http://prsm.tc/1i6ikj "},{"index":"329984068362072064","data":"3 Ways Big Data has Changed Retail Analytics Forever http://prsm.tc/F5ypAx "},{"index":"330173889051254784","data":"Deleting Photoshop or: How I Learned to Stop Worrying and Love Keynote http://prsm.tc/wwzh8J "},{"index":"330363601003098112","data":"The @platfora visualization permissions and comments look really exciting here http://www.platfora.com/learn/  #hadoop"},{"index":"330196574070247425","data":"The @platfora visualization permissions and comments look really exciting here http://www.platfora.com/learn/  #hadoop"},{"index":"330906180966809601","data":"Little Data Makes Big Data More Powerful http://prsm.tc/gsrCgi "},{"index":"330196745931878400","data":"When a defense contractor gets hacked repeatedly, you know cybersecurity is a problem http://gigaom.com/2013/05/02/when-a-defense-contractor-gets-hacked-repeatedly-you-know-cybersecurity-is-a-problem/ … via @gigaom"},{"index":"330906000305553408","data":"Halley's Comet Meteor Shower Peaks Sunday: Watch Online http://prsm.tc/B226vp "},{"index":"330907151428120577","data":"CIOs like big data, just not in the cloud http://prsm.tc/hyGBIL "},{"index":"330907503204380673","data":"For \"Big Data\" to make a difference, we should also listen to its doubters. http://prsm.tc/LWEWSr "},{"index":"331182708682260481","data":"5,000,000 free datasets at the tip of your fingers! http://prsm.tc/aRdvrB "},{"index":"331841082990133249","data":"What is Personal Data and How Much Personal Data Exists? http://prsm.tc/OlmmAZ "},{"index":"331894296800264193","data":"Come join us for the big data future panel discussion at #Interop with @brunoaziza"},{"index":"331841986896199681","data":"John Doerr's Plan To Reclaim The Venture Capital Throne http://prsm.tc/yAKCVM "},{"index":"332180521469763584","data":"How Nest and Opower quietly morphed into competitors http://prsm.tc/3pBVoD "},{"index":"332179153954672643","data":"I don't think people yet get what impact 3d printing in the world will have. \nhttp://www.youtube.com/watch?feature=player_embedded&v=WT3772yhr0o# …!"},{"index":"332182096128901120","data":"Teradata gets into the in-memory biz to take on SAP’s HANA http://prsm.tc/pAp8uj "},{"index":"332328896764710912","data":"Real-Time Venture Capital Investing: Chi-Hua Chien's Data-Based Approach http://prsm.tc/LRhqwh "},{"index":"332324969713393664","data":"Why don’t we just Hadoopify it? Datameer at InterOp Las Vegas http://prsm.tc/WxmJz4 "},{"index":"332331630465269760","data":"Hortonworks Sandbox http://prsm.tc/N6iihk "},{"index":"332329310197272576","data":"Becoming a change agent - data-driven marketing http://prsm.tc/4nbd9k "},{"index":"332597756025786368","data":"Obama Administration Releases Historic Open Data Rules to Enhance Government Efficiency and Fuel Economic Growth http://prsm.tc/JSKfr3 "},{"index":"332862139498889216","data":"Hadoop Adoption Accelerates, But Not For Data Analytics http://prsm.tc/Inr8ll "},{"index":"332610887699550208","data":"@mchui: The biggest #bigdata questions for our clients: #privacy & #security coupled with intellectual property. #McKDisrupt #NYIdeas"},{"index":"334008787239329792","data":"Bill Gates: I Wish I Had Steve Jobs' Sense of Design http://prsm.tc/z8dlDd "},{"index":"334027809011941377","data":"Chris Hadfield, Space Oddity\nhttp://www.youtube.com/watch?feature=player_embedded&v=KaOC9danxNo …"},{"index":"334468339164405760","data":"Can Big Data Cure Your Churn Rate? http://prsm.tc/2X6XXb "},{"index":"334407750253686784","data":"Big data: @Datameer triples revenues in a year http://venturebeat.com/2013/05/13/big-data-hits-the-big-time-datameer-triples-revenues-in-a-year/#PAWu6dXCOYDoXVhT.02 … by @mmarshall via @venturebeat - Congrats @StefanGroschupf and team!"},{"index":"334790236024479744","data":"Larry Page Lays Out His Vision For The Future Of Google And Technology http://prsm.tc/YUxWTm "},{"index":"334801268243574785","data":"Is It Wrong to Use Data From the World's First 'Nice' Botnet? http://prsm.tc/vDiyGS "},{"index":"335423074163884033","data":"The Art of Data Visualization\nhttp://de.engadget.com/2013/05/16/video-the-art-of-data-visualization/ …"},{"index":"335454747005972480","data":"\"Look after truth and goodness and beauty will look after her self\"\nEdward Tufte #inforgraphics"},{"index":"335777319732011009","data":"Nine Lessons for Innovators from a Nobel Prize-Winning Psychologist http://prsm.tc/y26ps8 "},{"index":"335777385737764866","data":"Entrepreneurial Advice from SaaS Pioneer and Salesforce CEO Marc Benioff http://prsm.tc/VTK8ke "},{"index":"335823015449346049","data":"Why use a database instead of just saving your data to disk? http://prsm.tc/wUtiGI "},{"index":"336233141985488896","data":"Yahoo! and AOL Back On Top! Time To Party Like It's 1999! http://prsm.tc/JfCaKs "},{"index":"336570625340612608","data":"The IPO market is back—for enterprise tech http://prsm.tc/z5zjMe "},{"index":"336622988810129408","data":".@marissamayer Respect! Awesome job bring Y! back to the 21 century."},{"index":"336658730588459008","data":"SVB Startup Outlook Report: \"Twenty-two percent of startups have one or more women on their founding team.\" We need more woman in startups!"},{"index":"336570762511151104","data":"NASA and Google Plan to Tackle Big Data with Quantum Computing http://prsm.tc/zRSDUq "},{"index":"336659954477973505","data":"Excited to see @Datameer's new NYC office tonight."},{"index":"336658954841096192","data":"SVB Startup Outlook Report: \"Forty-six percent of startups have one or more foreign born persons on their founding team.\" #startup"},{"index":"336842522125025280","data":"Machine learning climbs atop Hadoop http://prsm.tc/HAg7BO "},{"index":"336645067957731328","data":"Excited to see @Datameer's new NYC office tonight."},{"index":"336843119905624064","data":"Amazon's cloud services cleared for US government use http://prsm.tc/ZHNfih "},{"index":"336869394632290305","data":"Fred Wilson: Yahoo Will Put Tumblr on Same Level as Facebook, Twitter http://prsm.tc/IWGLl8 "},{"index":"337267606031589376","data":"@rshah702 thank you so much! :)"},{"index":"336869129338355712","data":"Big Data is headed to HR http://prsm.tc/wIuJlK "},{"index":"336868679654469632","data":"Practical Data Science with R http://prsm.tc/BeLRDQ "},{"index":"337292312340201472","data":"People Getting Dumber? Human Intelligence Has Declined Since Victorian Era, Research Suggests http://prsm.tc/RP2kk3 "},{"index":"339448682200055808","data":"Researchers discover why we laugh when tickled - and the answer is not funny http://prsm.tc/DltvC0 "},{"index":"339449368358838272","data":"Seven Strategies for Simplifying Your Organization http://prsm.tc/PnItNc "},{"index":"339450755943641088","data":"Google Launches Quantum Artificial Intelligence Lab http://prsm.tc/UrrArB "},{"index":"337291263055388672","data":"Inside Google's Secret Lab http://prsm.tc/QRb47x "},{"index":"339803360993611778","data":"Google’s Dead-Simple Tool For Making UX Decisions: 2 Jars Of Marbles http://prsm.tc/VtnRoE "},{"index":"339863613240139776","data":"The Race to Scale: How Fast Should You Accelerate? http://prsm.tc/6qnqJI "},{"index":"339920521489686529","data":"Americans No Longer the Center of the Online Universe, and Other Surprises From Mary Meeker’s Epic Slide Deck http://prsm.tc/vKIEfc "},{"index":"340187975453376512","data":"Google's Eric Schmidt Invests in Obama's Big Data Brains http://prsm.tc/RhFtyM "},{"index":"339923436476461056","data":"Poll Results: Hadoop YARN vs. pre-YARN http://lnkd.in/upwRyi "},{"index":"340473202054664194","data":"We all spend too much time on small ideas. Let's follow Elon Musk. http://prsm.tc/gP9jeB "},{"index":"340135285960626176","data":"Coffee vs. beer: which drink makes you more creative?  https://medium.com/what-i-learned-today/f7fcb3b786b1 …"},{"index":"340572222739578883","data":"Demoing @Datameer at work. Came in today, and the data scientist was wearing a Datameer shirt. Wear's my swag? #wth"},{"index":"339862219774898179","data":"The Real Reason Hadoop Is Such A Big Deal In Big Data http://prsm.tc/qf35dR "},{"index":"340592743325782016","data":"Is the Sample Good Enough? Comparing Twitter’s Streaming API with Twitter’s Firehose http://prsm.tc/wg35LH "},{"index":"341622362741014528","data":"Friends, Supporters, please vote Datameer into the top 10 Big Data Startups for @CIOonline http://startup50.com/BigData-42  -- single click, no signup"},{"index":"341689672591884288","data":"Friends, Supporters, please vote Datameer into the top 10 Big Data Startups for @CIOonline http://startup50.com/BigData-42  -- single click, no signup"},{"index":"341729088395956224","data":"5 Women CEOs Who Are Saving Tech http://prsm.tc/xvA3fY "},{"index":"341706123134525440","data":"3 Ways Your Content Marketing Strategy Can Use Big Data http://prsm.tc/rf2eTJ "},{"index":"342040414498463747","data":"pic.twitter.com/4frk0Rif6n"},{"index":"341690179033128961","data":"Nice! @Datameer made it into the \"The 100 Companies That Matter Most in Data\".\nhttp://www.dbta.com/Articles/ReadArticle.aspx?ArticleID=89876 …"},{"index":"340592957554053121","data":"The 10 Best Pieces of Advice for Entrepreneurs http://prsm.tc/p45cxC "},{"index":"342056345551392770","data":"Jack Dorsey's Five Startup Tips To A 17-Year-Old Entrepreneur http://prsm.tc/Tbkf24 "},{"index":"342419890914873344","data":"Congrats! RT @datameer: :) Datameer named 1 of 14 Big Data Startups You'll be Hearing More About by @BI_Enterprise http://read.bi/16JY98A "},{"index":"342056419413073920","data":"Tracking the progress of large-scale Query Engines http://prsm.tc/Grd9bV "},{"index":"342700374068695040","data":"Al Gore: The information explosion is a tool to help solve the climate crisis http://gigaom.com/2013/06/06/al-gore-the-information-explosion-is-a-tool-to-help-solve-the-climate-crisis/ …"},{"index":"342708311474446336","data":"Revealed: The CIA agent who cracked famous coded sculpture outside Langley HQ and it only took him SEVEN years http://prsm.tc/aBD9iX "},{"index":"343055743995490305","data":"Google Is Able to Predict Box Office With 94% Accuracy http://prsm.tc/xPQxKq "},{"index":"344650768617451520","data":"NASA Rover Opportunity Makes Big Discovery, Keeps on Truckin' http://prsm.tc/NN9VfZ "},{"index":"344799561090494464","data":"Be a good boss: Hire brilliant people and set context and get out of their way. The hard part is the hiring. :) @Datameer"},{"index":"344864836255092736","data":"Apple's Next Big Thing: Craig Federighi http://prsm.tc/WybBcT "},{"index":"344166954401144832","data":"Apple, it's good to have you back!"},{"index":"344866900838326272","data":"A New Framework for Customer Segmentation - Judy Bayer and Marie Taillard http://prsm.tc/LUR8Mv "},{"index":"344778734190080001","data":"Hi @StefanGroschupf could you check your schedule for september ? thanks"},{"index":"344867834561703936","data":"What is the role of big data in marketing? http://prsm.tc/iVIPaW "},{"index":"346750735922368514","data":"How to Get Yourself to Do the Things That Scare the Sh*t Out of You http://prsm.tc/dgPGAL "},{"index":"347079358202138624","data":"Game theory is no longer just for economists. http://prsm.tc/SEaxNv "},{"index":"347078967351726080","data":"Rewarding discussion with @StefanGroschupf today about #BI on Hadoop. @datameer is bringing some great innovation to this space."},{"index":"347069917515878400","data":"I'm at Datameer, Inc. (San Mateo, CA) http://4sq.com/1apF6j8 "},{"index":"347147060379791362","data":"Hey next gen entrepreneurs! Learn to designing products, not to code! \nhttp://gigaom.com/2013/06/18/meet-the-design-focused-minds-behind-the-designer-fund-video/ …"},{"index":"347726032104718336","data":"25 Habits Of People Who Are Happy, Healthy & Successful http://prsm.tc/JN6du9 "},{"index":"347422728254533634","data":"My Secret to Reading A Lot of Books http://prsm.tc/0ACgX8 "},{"index":"349046987896786944","data":"The best way out is always through. [Robert Frost]"},{"index":"347800061708746753","data":"Datameer in the New York Times. pic.twitter.com/yawXOqY3ew"},{"index":"349181742038523904","data":"Datameer introduces Smart Analytics! http://www.datameer.com/learn/videos/product-datameer30.html …"},{"index":"349187659320664064","data":"Introducing Datameer 3.0! Read the release here http://bit.ly/12ZrklG  & check out my blog http://bit.ly/12Ztxxq  #bigdata"},{"index":"349938220835946496","data":"Bearden talking up yarn as interactive Hadoop - want to discuss this w Stefan of datameer who has been skeptical of the broad movement"},{"index":"349742724183896065","data":"What the Companies Winning at Big Data Do Differently http://prsm.tc/K1qqcI "},{"index":"349986956496744448","data":"Great briefing from Stefan Groschupf, CEO of @datameer. Datameer 3.0 has some nice built-in & easy to use statistical modules #hadoopsummit"},{"index":"349277968905932800","data":"Great to see Datameer 3 coming: http://www.datameer.com/company/news/press-releases/datameer-empowers-datascientist-datameer30.html … The team @gfknurago was a fan from day 1. Good Job @StefanGroschupf and team in HAL!"},{"index":"350336365919088640","data":"Climbing the Los Gatos hills with Sky Christopherson, who used data to help the US women's cycling team win Silver! pic.twitter.com/AzxZ4Ed83u"},{"index":"353213084552269824","data":"Measuring Management At BrAun 1960s v. Apple 2000s http://prsm.tc/aIctGH "},{"index":"351200330312187906","data":"How to Get Everything You Want. Seriously http://prsm.tc/hMfmLl "},{"index":"352560505531023361","data":"Guide to Big Data Analytics, great free e-book at:\nhttp://lnkd.in/WjUN3F "},{"index":"352518965865615361","data":"Very true: 5 Secrets Entrepreneurs Will Never Reveal http://prsm.tc/yCGrM0 "},{"index":"357804354666905600","data":"@tonycosentinovr Thank you!"},{"index":"360649808169541635","data":"How does LinkedIn's recommendation system work? http://prsm.tc/Y7meok "},{"index":"360650715334574085","data":"Realtime Big Data Analytics with Storm -  Scale Warriors of Silicon Valley (Mountain View, CA) http://prsm.tc/MQe9hK "},{"index":"362422515190083585","data":"How Dropbox Scaled From 2,000 to 200 Million Users http://mashable.com/2013/07/30/dropbox-scaling/ …  http://prsm.tc/G9f2zf "},{"index":"366655021162573824","data":"Nate Silver Gets Real About Big Data http://prsm.tc/lryASP "},{"index":"367738796592218113","data":"New analysis on the blog -- \"Big Data\" Even Bigger in the News… One Year Later http://bit.ly/1eK58wF "},{"index":"368023750106550272","data":"@StefanGroschupf Hey Stefan, der erste Teil unseres Video-Interviews ist online: http://www.gruenderszene.de/allgemein/datameer … Morgen dann Teil 2!"},{"index":"368226432066924544","data":"Datameer-CEO: „Leider wird Innovation auch missbraucht“ http://www.gruenderszene.de/allgemein/datameer … via @gruenderszene"},{"index":"368494697032859648","data":"Hortonworks Recognized as the Big Data Leader http://prsm.tc/FqQRNR "},{"index":"369524099510333441","data":"Big data won't be mature for at least five years, Gartner predicts http://bit.ly/18FVpGm "},{"index":"362422430557417472","data":"Measure learning not results! http://blogs.hbr.org/anthony/2013/07/how_to_innovate_faster.html …  http://prsm.tc/9tl5uD "},{"index":"370376022329688064","data":"Interactive 3D Visualization Technology and Software http://prsm.tc/0lbhap "},{"index":"370376286143012864","data":"Early Prediction of Movie Box Office Success Based on Wikipedia Activity Big Data http://prsm.tc/R4d8id "},{"index":"370376199983616000","data":"Email Open and Click Behavior by Gender and Income http://prsm.tc/K1Nqn6 "},{"index":"367425141208547328","data":"Cascading on the run.... congrats http://prsm.tc/erHWPd "},{"index":"372044506130284544","data":"Announcing Beta Release of Apache Hadoop 2 http://hortonworks.com/blog/announcing-beta-release-of-apache-hadoop-2/ …  http://prsm.tc/jMyuuO "},{"index":"372044806509592576","data":"MIT Prof. Michael Stonebraker: “The Traditional RDBMS Wisdom is All Wrong” http://prsm.tc/ywEeTK "},{"index":"372083924937101312","data":"Why the market for 3D printing will triple in five years http://qz.com/118678 "},{"index":"372071893677146112","data":"Paul Graham on Building Companies for Fast Growth http://prsm.tc/hOLLu1 "},{"index":"372072805073829888","data":"The unprofitable SaaS business model trap http://venturebeat.com/2013/07/24/the-unprofitable-saas-business-model-trap/#.UhunX5J1qSk.twitter …"},{"index":"372072151710724096","data":"Hadoop Beginner's Guide http://www.wowebook.org/hadoop-beginners-guide.html …  http://prsm.tc/cfEjUy "},{"index":"372118970159333376","data":"http://techcrunch.com/2013/08/25/uberauto/ …  http://prsm.tc/Jfmvrh "},{"index":"374374996199899137","data":"Book: Twitter Data Analytics - free download http://prsm.tc/QY0Z65 "},{"index":"372872308383571969","data":"StackOverflow Co-Founder Jeff Atwood Builds A $150 Keyboard For Coders (And Others Who Type All Day) http://prsm.tc/zBwfjD "},{"index":"372884030221713408","data":"How-to: Select the Right Hardware for Your New Hadoop Cluster http://prsm.tc/yLaayI "},{"index":"375484568964308992","data":"big data now in main stream movies:\nhttp://www.ioug.org/media/hzdjtpgv.jpg …"},{"index":"377271378153840641","data":"Need Help with Database Scalability? Understand I/O http://prsm.tc/HQA9wS "},{"index":"376081111958315008","data":"Datameer looks and feels slick. Runs on top of hadoop, but could also have an in-memory analytics engine. #bigdata"},{"index":"377271764939980800","data":"Data Analysis: Just one component of the Data Science workflow http://prsm.tc/E3UkS3 "},{"index":"372883743545245697","data":"Sizing The Big Data Market: No One Has A Clue http://prsm.tc/SrKXS5 "},{"index":"379746150410366976","data":"Apache Samza: LinkedIn's Real-time Stream Processing Framework http://prsm.tc/svsJ1G "},{"index":"380040803038801920","data":"Why Big Data Is More About Variety and Less About Volume http://prsm.tc/FoYHEz "},{"index":"375009952584450048","data":"Cassandra Advances Into the Top 10 Most Popular Database Engines http://prsm.tc/rd1my3 "},{"index":"380543630512898048","data":"Stealthy Dopant-Level Hardware Trojans\nhttp://people.umass.edu/gbecker/BeckerChes13.pdf …"},{"index":"380041468767117312","data":"Snubbed By Oracle, Workday's Duffield And Bhusri Hit Jackpot http://prsm.tc/fWsFq7 "},{"index":"384717938680279040","data":"Datameer Smart Analytics is now available. Self-service data mining for Hadoop: http://bit.ly/19OCqcu  Big thanks to our awesome engineers!"},{"index":"381149178774433792","data":"Big Data Investments Currently Earn 50 Cents For Every Dollar Invested - because folks build not buy. http://prsm.tc/W3PLp0 "},{"index":"382904178978607104","data":"What I Wish I'd Known as a Struggling CEO http://prsm.tc/yostuw "},{"index":"379746588509630464","data":"LinkedIn’s Market Cap Passes Salesforce, Long The Bellwether Symbol Of Cloud Services http://prsm.tc/QFsY3c "},{"index":"384873277443047425","data":"How Great Entrepreneurs Think http://prsm.tc/Dp3etY "},{"index":"385206194773979136","data":"Economies of Unscale: Why Business Has Never Been Easier for the Little Guy http://prsm.tc/paIlKx "},{"index":"387364071323889664","data":"Hey @StefanGroschupf, why can't personal/workgroup @datameer users get Smart Analytics?  It's clearly built into the app already."},{"index":"387764595286634496","data":"How AirBnB Founders Took Paul Graham's Advice to Heart http://prsm.tc/Co3yFX "},{"index":"387763695952343040","data":"There’s a .00006% Chance of Building a Billion Dollar Company: How This Man Did It http://prsm.tc/tXMIEM "},{"index":"387764151353114625","data":"Foursquare Data Set http://prsm.tc/srn1PM "},{"index":"387764977287065600","data":"Angel-Backed Companies Are Taking Longer To Close Their First Venture Rounds http://prsm.tc/ghUzaq "},{"index":"385130152076001280","data":"How to Get Good at Making Money http://prsm.tc/zYRzHc "},{"index":"388088533891567617","data":"Really enjoyed the conversation, chalk talk & beer with @ted_dunning from @mapr Video: http://bit.ly/1bHG4uu  #BigDataBrews"},{"index":"388678732539375616","data":"Turnes out developers actually do not like SQL that much.\nhttps://i.imgur.com/toGKy21.jpg  \nSo why do we duck tape SQL on Hadoop than?"},{"index":"388710749717397504","data":"How to Build a Data-Driven Marketing Team http://prsm.tc/G9XFqx "},{"index":"388710935822880768","data":"Big Data in the News http://prsm.tc/GQ2ad1 "},{"index":"388710355423494144","data":"How the Latest Smartphones Could Turn Us All Into Activity Trackers and create even more data. http://prsm.tc/tF6Dxq "},{"index":"388711046309244928","data":"Predictive Analytics World, San Francisco, March 2014 http://prsm.tc/E1CKeN "},{"index":"389571601211359232","data":"Scaling to Petabytes, While Keeping Costs Low — Cassandra Powers ElasticInbox's Metadata Store http://prsm.tc/XqTGAt "},{"index":"389572378487185409","data":"Big Data Could Create an Era of Big Discrimination http://prsm.tc/3vghxP "},{"index":"389838281049141248","data":"CIOs and the Big Data Challenge http://prsm.tc/pKcJ8I "},{"index":"389571797777416192","data":"Your tweets can reveal your personality: IBM study http://prsm.tc/hbm6sU "},{"index":"389866599794352128","data":"Interactive Machine Learning http://prsm.tc/QXdmsp "},{"index":"389963929415593985","data":"How Quantum Computers and Machine Learning Will Revolutionize Big Data http://prsm.tc/fNZ0h2 "},{"index":"390567212479954945","data":"Computing experts from 37  countries call for ban on killer robots http://prsm.tc/ZVaNyP "},{"index":"390564290425802752","data":"Apache Software Foundation Announces Apache Hadoop 2 : http://prsm.tc/rxJLZ4 "},{"index":"390566714565750784","data":"Reid Hoffman Gives Invaluable Startup Advice And Reveals LinkedIn's Series B Pitch Deck From 2004 http://prsm.tc/2xBaNa "},{"index":"390567539094589440","data":"Book: Machine Learning and Statistics, by Lion Solver http://prsm.tc/VGRGeM "},{"index":"390879994291183616","data":"How Quantum Computers and Machine Learning Will Revolutionize Big Data http://prsm.tc/NXgJqK "},{"index":"389866396685201408","data":"Stallman: How Much Surveillance Can Democracy Withstand? http://prsm.tc/R5pxy8 "},{"index":"390879337295388672","data":"Statistical models can predict a Kickstarter’s success within 4 hours http://prsm.tc/Q9YT5L "},{"index":"390568852909985794","data":"Missed the train? Complain about it: \"Please Stop Chasing Yellow Elephants, TIBCO CTO Pleads\" http://prsm.tc/OlKttM  via @prismatic"},{"index":"391324427809742849","data":"Making Analytics Pay In The Enterprise http://prsm.tc/nL78qw "},{"index":"390983987856171008","data":"50 Inspiring Young Entrepreneur Quotes http://prsm.tc/DowVeS "},{"index":"391326278722551808","data":"How Virgin used big data to inform its new content strategy http://prsm.tc/CHHUW9 "},{"index":"392725386682847233","data":"Checkout latest #BigDataBrews with @jgrayla from @Continuuity discussing #Streamy,# HBase, #Gradle\nhttp://youtu.be/WA6n4Dl0AOY "},{"index":"392437529263083521","data":"I'd love to join the @cloudera mariachi party but the world needs me to update our @datameer demo."},{"index":"392872162866233344","data":"Announcing Apache Ambari 1.4.1 http://prsm.tc/1cBqPn "},{"index":"393209341383557120","data":"Announcing Apache HBase 0.96.0, More than 2000 issues resolved! http://prsm.tc/CYCLo5 "},{"index":"393430283963232256","data":"RT @StefanGroschupf: Announcing Apache HBase 0.96.0, More than 2000 issues resolved! http://prsm.tc/CYCLo5  > a little frightening, no?"},{"index":"393811408653389824","data":"Hands-on: Mozilla's Lightbeam is info porn for privacy geeks http://prsm.tc/Ih3q4Q "},{"index":"393569234506485760","data":"LA City Controller opens the data floodgates with new online resource http://prsm.tc/YQUEg0 "},{"index":"395685439983869952","data":"‘Big Data’ Is Bunk, Obama Campaign’s Tech Guru Tells University Leaders http://prsm.tc/sorY92 "},{"index":"395636668910559232","data":"GraphChi: How a Mac Mini Outperformed a 1,636 Node Hadoop Cluster http://prsm.tc/dA929P "},{"index":"393811560323624960","data":"Design Thinking and Data Science http://prsm.tc/SjhyMW "},{"index":"395685839285780480","data":"Hadoop is Not Enough for 'big Data', Says Facebook Analytics Chief http://prsm.tc/hcg3cX "},{"index":"396320545081290752","data":"Hadoop Community, let's help save the elephants. New $49 Datameer Charity Edition. 100% of proceeds go to ProWildlife http://bit.ly/1aZLESE "},{"index":"395685674395115520","data":"Cutting Sees Hadoop Receding Into Background http://prsm.tc/KIFzog "},{"index":"397153456563441664","data":"Welcome To The Unicorn Club: Learning From Billion-Dollar Startups http://prsm.tc/6fcWP1 "},{"index":"397154331796856832","data":"Save the Elephants Infographics http://lnkd.in/bRz4VNt "},{"index":"397154350159499265","data":"http://www.datameer.com/save-the-elephants/infographic.html …"},{"index":"397507313940324352","data":"Storytelling for Data Analysts http://prsm.tc/BdoYYc "},{"index":"397501384125210624","data":"“Failure is an option here. If things are not failing, you are not innovating enough.” – Elon Musk"},{"index":"397506848456466432","data":"How does YARN compare to Mesos? http://prsm.tc/yccR3x "},{"index":"397507207555977216","data":"How Many Lines of Code Does it Take? http://prsm.tc/mAqAja "},{"index":"398530572273721344","data":"Great session about pro and cons #SQL on #Hadoop with @johnlmyers44"},{"index":"397603354735828992","data":"Your Facebook Network Can Predict Whether You'll Get Dumped Within The Next 60 Days http://prsm.tc/pGIlZB "},{"index":"397849923552833536","data":"How to deploy MemcacheD on YARN in Hadoop 2 http://prsm.tc/bEVdPF "},{"index":"397985723455795200","data":"Is Having Grit The Key To Success?\nhttp://www.npr.org/2013/11/01/240779578/is-having-grit-the-key-to-success …"},{"index":"398193816748187648","data":"Googlers say “F*** you” to NSA, company encrypts internal network http://prsm.tc/mEagTe "},{"index":"398649145881554944","data":"Online Algorithms in High-frequency Trading http://prsm.tc/HrAYNy "},{"index":"398923657767956480","data":"To Drive Growth, Dive into Data http://prsm.tc/47YVwj "},{"index":"400044568072433664","data":"Amazon plans to lower the cost of processing big data in the cloud http://prsm.tc/ocq9Zp "},{"index":"399026461312843776","data":"UPS Advances Sustainable Operations With Big Data http://prsm.tc/CF6hY4 "},{"index":"400677715684372480","data":"Data Visualization 101 http://prsm.tc/d916qS "},{"index":"400715384807890944","data":"Watched all #bigdatabrews videos to learn what's expected. I think IPA in December. Befitting, right? /cc @StefanGroschupf @datameer"},{"index":"400726320352886784","data":"Former Airbnb engineers simplify Mesos to manage data jobs in the cloud http://prsm.tc/WO7ZP8 "},{"index":"400677529838956544","data":"A Wonderfully Simplified Map of San Francisco's Bicycle Infrastructure http://prsm.tc/WPSDHv "},{"index":"400728053145673728","data":"How long do disk drives last? http://prsm.tc/JLbQm8 "},{"index":"401091049013379073","data":"Does Your Company Actually Need Data Visualization? http://prsm.tc/HOvdeV "},{"index":"401203798888443904","data":"In rare 1983 speech, Steve Jobs alluded to the iPad, Siri, the App Store, mainstream Internet connectivity... http://prsm.tc/QATm7a "},{"index":"401763058147938304","data":"Want Big Data Success? Hire a Biologist (As @datameer CTO Peter Voss is) http://prsm.tc/cvWNER "},{"index":"401745008887599104","data":"Amazon Hosting 20 TB of Climate Data http://prsm.tc/GtFO26 "},{"index":"401204007869624320","data":"The Awesome Ways Big Data Is Used Today To Change Our World http://prsm.tc/JtBw8d "},{"index":"401763692435738624","data":"Google BigTable - Facts http://prsm.tc/YCoszx "},{"index":"401909083282108416","data":"Play Framework Grid Deployment with Mesos http://prsm.tc/iFDazI "},{"index":"402527777921855489","data":"A simplified graphical approach to machine learning http://prsm.tc/j1Soms "},{"index":"401918182765912064","data":"Hadoop co-founder believes the future of big data is the Enterprise Data Hub http://prsm.tc/nllkmA "},{"index":"402208691770126337","data":"128 billion hyperlinks - publicly available http://prsm.tc/rexALJ "},{"index":"402282071168909312","data":"Music and Data Visualization, part 1 http://prsm.tc/kEHBLV "},{"index":"401910480073408512","data":"Hadoop co-founder believes the future of big data is the Enterprise Data Hub http://prsm.tc/nllkmA "},{"index":"403747566992388096","data":"The difference between networking and not working is just one letter."},{"index":"403575020301324288","data":"Neuroscientists Develop 5D Data Visualization Technique http://prsm.tc/8BZYBx "},{"index":"403358466795794432","data":"Marissa Mayer: Your Job Is to Play Defense for Your Employees http://prsm.tc/Xct2Fv "},{"index":"402646100311810048","data":"KDnuggets Review of Analytics Marketplaces: The Next Big Thing for Big Data http://prsm.tc/FgCrEx "},{"index":"403969521167245312","data":"Check out part 2 of my conversation with Michael Stack, the chair of the Apache HBase project: http://www.youtube.com/watch?v=u_OSzqbvOp4 …"},{"index":"404019773526142977","data":"Why #Hadoop is so fast adopted in all companies. @ted_dunning \nhttp://www.youtube.com/watch?v=xyV_kO_8Bww …"},{"index":"402603755356844032","data":"Harvard Business Review: The Brain - and Soul - of Capitalism http://s.hbr.org/1fAG5B1 "},{"index":"404024159782850560","data":"6 dataset lists curated by data scientists http://prsm.tc/6wikcI "},{"index":"404024434719485952","data":"Fight Fraud with Big Data Analytics http://prsm.tc/QCcrc5 "},{"index":"405129337982443520","data":"Python Displacing R As The Programming Language For Data Science ?http://prsm.tc/JnFFku "},{"index":"405462858177069056","data":"Fun new #BigDataBrews with @Piccolbo, we talked about #RHadoop, #R & #Hadoop http://bit.ly/IrmncI "},{"index":"405056464772820992","data":"My prediction: 2014, The Year of Big Sensor Data http://bit.ly/1c4Zrv3  #IoT"},{"index":"405770612850704384","data":"Who Coined \"Enterprise Data Hub? Does It Matter? http://bit.ly/IsSs3S  #cloudera #mapr #hortonworks #gopivotal #bigdata #awsreinvent"},{"index":"408033907464888320","data":"Best thing I bought online all year. Grab poverty by the horns: #GiveAGoat http://www.heifer.org/one "},{"index":"407724031958581248","data":"Yelp graph: checkin-based business clustering http://prsm.tc/Efc2P1 "},{"index":"410112745103581184","data":"THANK YOU to everyone who helped us donate an amazing $10,000 to saving elephant orphans.  http://bit.ly/IY0eTU "},{"index":"408080216100458496","data":"Probabilistic Programming in Quantitative Finance http://prsm.tc/N0oqGw "},{"index":"408080500142923776","data":"Biggest source of funding for most startups is actually surprising http://prsm.tc/sTFNgp "},{"index":"410876207689789440","data":"In Head-Hunting, Big Data May Not Be Such a Big Deal\nhttp://www.nytimes.com/2013/06/20/business/in-head-hunting-big-data-may-not-be-such-a-big-deal.html?pagewanted=all&_r=1& …"},{"index":"413104784468885504","data":"Apache Kafka - A Different Kind of Messaging System http://prsm.tc/5WxWwP "},{"index":"412421397810782209","data":"LinkedIn CEO Jeff Weiner Explains The Difference Between Managers And Leaders http://prsm.tc/O17gDW "},{"index":"411576830856933376","data":"Big Data & Brews: Michael Zeller, CEO of Zementis, part 1: http://youtu.be/rt4TVjD5BFM  via @youtube"},{"index":"413068196560650240","data":"New #BigDataBrews with @MichaelZeller today - part 2: http://youtu.be/g9clPcPaiXg  #PMML #predictive"},{"index":"413160854948171777","data":"Forget Academia. Startups Are the Future of Knowledge http://prsm.tc/DJGOP4 "}]