[{"index":"391001350818893824","data":"Thank you to our 1st followers! @RMarkYoungblood @superCompSci @CenturyCollege @matthewmj"},{"index":"390938313118322688","data":"Our newly renovated library is almost done! Stop by to see it.  http://twitpic.com/dhqsqs "},{"index":"390938909128933376","data":"The clock tower on a great fall day!  http://twitpic.com/dhqsv4 "},{"index":"390942210054565888","data":"Thanks to @CityVisionsMN for our new profile photos!"},{"index":"390937725609574401","data":"Come see our website! http://www.inverhills.edu/stem/index.aspx  #IHCCSTEM"},{"index":"391005293464649728","data":"RT@NCWITAIC Know a young woman with aspirations in computing? Get application info in both Spanish & English: http://bit.ly/18ScVbu "},{"index":"391997276987858944","data":"Why study IT at @InverHillsCC? Help others by quickly solving their critical technology needs! http://www.inverhills.edu/stem/ "},{"index":"392339679728910336","data":"Why study Engineering at @InverHillsCC? Make a difference by inventing solutions to everyday problems! http://www.inverhills.edu/stem/ "},{"index":"391016745810800640","data":"For teen girls, for adult mentors and volunteers! http://ow.ly/pVNOA  #STEM @technovationMN"},{"index":"392336020248993792","data":"What's The Next Big Thing For Engineering Students? A Lab That Fits In A Backpack  http://onforb.es/16BXyzt  via @Forbes"},{"index":"392353402099089408","data":"The Need for Belonging in Math and Science, what can hold women back.  via @sciam http://ow.ly/q1R0n "},{"index":"393036810068430848","data":"Cool Astro Pic of the Day! http://apod.nasa.gov/apod/astropix.html … @apod"},{"index":"392688122527760384","data":"How Emerging Technology Will Save Women's Lives During Childbirth  http://onforb.es/18frF0N  via @forbes"},{"index":"392690195625435136","data":"Cyber security more important than ever http://ow.ly/q3GNn "},{"index":"392718421445840897","data":"Be a Computer Programmer at @InverHillsCC and write the code that powers the modern world! http://www.inverhills.edu/stem/ ..."},{"index":"393056979817873409","data":"Help society by developing innovative materials used in healthcare & pharmaceutical fields @InverHillsCC http://www.inverhills.edu/stem/ "},{"index":"393156233177616384","data":"My 10 Best Pieces Of Career Advice For Millennials  http://onforb.es/18oUmfI  via @forbes"},{"index":"393246006378500096","data":"A pic of our Community Garden before the snow flies http://twitpic.com/dij0hd  Thx @CityVisionsMN"},{"index":"393339200671846400","data":"Good News For Millennials: A Big Company Might Actually Hire You - with STEM skills  via @YahooFinance http://ow.ly/q7wQT "},{"index":"393385581918822400","data":"@InverHillsCC STEM students or curious about STEM - follow us @IHCCSTEM"},{"index":"393452988473552896","data":"Network Technology & Security @InverHillsCC Design, setup, and maintain the systmes that run the Internet! http://www.inverhills.edu/stem/ "},{"index":"393471941488553984","data":"Thanks to our new followers! @ingridmara @AdamVWahlberg @rebeccaschatz @mnmark24"},{"index":"394112609311793152","data":"This is what inspires girls in STEM #hpstem  http://huff.to/1c85IFm  via @HuffPostTech"},{"index":"393732232424091648","data":"@IHCCSTEM Check out our updated web page! http://www.inverhills.edu/stem/ "},{"index":"393780532469039104","data":"Manipulate the powerful genetic building blocks of life in cutting edge lab experiences. Study Biology @InverHillsCC http://www.inverhills.edu/stem/ "},{"index":"393746735966982145","data":"@InverHillsCC Like us on Facebook! https://www.facebook.com/IHCCSTEM "},{"index":"394152811401068544","data":"Help others by quickly solving their critical technology needs, study Math @InverHillsCC http://www.inverhills.edu/stem/ "},{"index":"394480454104911873","data":"Thx to our new followers! @JHoseney @noramayc @Samsamum"},{"index":"394497623622946816","data":"The $40 Indian tablet that could help bridge America’s digital divide http://wapo.st/1agc99x "},{"index":"394699072713785344","data":"Explore the dynamic interrelationships between humans and the ecosphere. Biology @IHCCSTEM http://www.inverhills.edu/stem/ "},{"index":"394824731675090944","data":"Build and program high-tech robots to follow your every instruction! Study Engineering @IHCCSTEM http://www.inverhills.edu/stem/ "},{"index":"394953117454045184","data":"Work in a professional help desk and network administration environment - learn IT support @IHCCSTEM http://www.inverhills.edu/stem/ "},{"index":"394502670595424257","data":"Build, upgrade and repair computers and other hardware! Study IT @InverHillsCC http://www.inverhills.edu/stem/ "},{"index":"395062511198027776","data":"Express your creativity and unlock the solutions to complex problems through computers @IHCCSTEM http://www.inverhills.edu/stem/ "},{"index":"395034445092093952","data":"@amyklobuchar Thanks for following!"},{"index":"395166941583011840","data":"Rocket21 Nurturing kids' dreams http://shar.es/IurWe  @rocket21"},{"index":"395175132282777600","data":"Young Children Turning to Mobile Devices, Report Finds via @educationweek http://ow.ly/qgIO7 "},{"index":"395591157625147392","data":"Transform everyday raw materials into amazing compounds, in Chemistry @IHCCSTEM http://www.inverhills.edu/stem/ "},{"index":"395291566405091328","data":"Explore green technology by building working motors powered by the sun @IHCCSTEM http://www.inverhills.edu/stem/ "},{"index":"395660081355698176","data":"@InverHillsCC Follow @IHCCSTEM on Facebook! https://www.facebook.com/IHCCSTEM "},{"index":"396015334534426624","data":"Learn how to protect networks and servers from frequent attacks with advanced cybersecurity tactics @IHCCSTEM http://www.inverhills.edu/stem/ "},{"index":"395584995185922048","data":"Minneapolis Mayor Rybak to run Generation Next via @mprnews http://ow.ly/qkiJz "},{"index":"396018354890473473","data":"Strive for what you want http://wp.me/p28HMs-li  via @anitasquilt #girlsintech #STEM"},{"index":"396021480448094208","data":"Learn to program in advanced languages such as C++, JAVA, HTML, JavaScript, Python, and PHP @IHCCSTEM http://www.inverhills.edu/stem/ "},{"index":"396333447566094336","data":"Explore the dynamic interrelationships between humans and the ecosphere. Biology @IHCCSTEM http://www.inverhills.edu/stem/ "},{"index":"396319600276951040","data":"Schools Aren't Teaching Kids To Code; Here's Who Is Filling The Gap by @selenalarson http://readwr.it/b0DI "},{"index":"396459783923830784","data":"Thx 2 our new followers! @TruesourceIT @MJNS1225 @Scientista_Talk @smilegenic @GynzyUS"},{"index":"396429043123630080","data":"Dare to try! http://wp.me/p28HMs-9J  via @anitasquilt #STEM"},{"index":"396659889667186688","data":"Brilliant use of technology and marketing! Tweet a Coffee: Send an eGift via Twitter: http://youtu.be/AxPZj9x_Dsk  via @YouTube"},{"index":"396771365459877888","data":"Build, upgrade, and repair computers and other hardware @IHCCSTEM http://www.inverhills.edu/stem/  #Mathematics"},{"index":"396751512925655040","data":"http://anitasquilt.org/2012/09/25/in-systerhood-lending-a-global-hand/ …"},{"index":"396766411999412224","data":"It's the Little Things http://wp.me/p28HMs-6U  via @anitasquilt #STEM"},{"index":"397054062468038657","data":"Why Are There Still So Few Women in Science? http://nyti.ms/18ROWK9 "},{"index":"397427030813605889","data":"3 tips to keep girls interested in STEM #hpstem  http://huff.to/19McVKZ  via @HuffPostTech"},{"index":"397113719756713984","data":"The Power of Community http://wp.me/p28HMs-aK  via @anitasquilt #STEM"},{"index":"397750456845606912","data":"Explore green technology by building working motors powered by wind turbines. http://www.inverhills.edu/stem/  #STEM"},{"index":"397461184833921024","data":"Systerhood and Feminism http://wp.me/p28HMs-8a  via @anitasquilt #STEM"},{"index":"397759143916101632","data":"Write the code that powers the modern world - from websites to business applications http://www.inverhills.edu/stem/  @InverHillsCC #STEM"},{"index":"397778394408308736","data":"The Journey with Mentors and Friends http://wp.me/p28HMs-6Q  via @anitasquilt #STEM"},{"index":"398153079121797120","data":"Work with powerful networks, servers, firewalls, and more! http://www.inverhills.edu/stem/  #STEM @InverHillsCC"},{"index":"398186140299456512","data":"3600 of my closest online friends http://wp.me/p28HMs-el  via @anitasquilt #STEM"},{"index":"397554875656978432","data":"Anita's Quilt is out! http://paper.li/systers_org/1366980394 … Stories via @IHCCSTEM"},{"index":"398202045599318016","data":"Has employment of women and minorities in S&E jobs increased? http://www.nsf.gov/nsb/sei/edTool/data/workforce-07.html … via @NSF_NSB"},{"index":"398507904711819264","data":"Nudging Girls Toward Computer Science http://nyti.ms/18VXwrr  #STEM #girlsintech"},{"index":"398563716050210816","data":"25 Years of Systers http://wp.me/p28HMs-er  via @anitasquilt #STEM"},{"index":"398481434648010752","data":"Survey finds STEM grads still in high demand, short supply  via @KCBizjournal http://ow.ly/qzBel "},{"index":"398943118307115008","data":"Top 25 Free Online Resources In Computer Science via @efyindia http://ow.ly/qDFIV "},{"index":"398953172120924161","data":"Bridging the gender gap in Computer Science! http://ow.ly/qDJik  @sfbayrane"},{"index":"399246485298372608","data":"#STEM skills seeping into blue-collar jobs: http://bit.ly/1frJFuH   via @heraldextra"},{"index":"398917975043887105","data":"I see two people clasping hands.\n#RorschachDoodle http://g.co/doodle/twguwx "},{"index":"399379813829705728","data":"I just liked \"The Invisible Bicycle Helmet | Fredrik Gertten\" on Vimeo: http://vimeo.com/43038579 "},{"index":"400277195568209921","data":"Write the code that powers the world - websites, phone apps, and business applications http://www.inverhills.edu/stem/  #STEM .@InverHillsCC"},{"index":"399610021858013184","data":"Profiles: How Latinas are Finding Their Way into Software Dev http://ow.ly/qFGDF  #girlsintech #STEM"},{"index":"400348117028990976","data":"I created group Inver Hills CC STEM Division - Students and Alumni on Linkedin.: http://lnkd.in/bSuTTi3 "},{"index":"400503095697760257","data":"@InverHillsCC Students & Alumni - Join the conversation at IHCC STEM LinkedIn group page! http://ow.ly/qKIgC "},{"index":"400675801617932288","data":"Discover ways to hep society by developing innovative materials used in pharmaceutical, agriculture, and engineering fields..."},{"index":"400358022650028033","data":"Students & Alumni - Join the conversation at IHCC STEM LinkedIn group page! http://ow.ly/qKIgC "},{"index":"401100192042463232","data":"Protect networks and servers from attacks with advanced cybersecurity tactics http://www.inverhills.edu/stem/   .@InverHillsCC #STEM"},{"index":"400358356801449985","data":".@InverHillsCC Students & Alumni - Join the conversation at IHCC STEM LinkedIn group page! http://ow.ly/qKIgC "},{"index":"401437103525232641","data":"The 10 fastest growing job titles are all in Tech http://ow.ly/qRYDD  #STEM"},{"index":"401456176774512640","data":"97% of participants go on to enroll in college! http://vimeo.com/75840627  @GenesysWorksTC"},{"index":"401855600860336129","data":"Supporting Underrepresented Groups http://wp.me/p28HMs-hP  via @anitasquilt #STEM"},{"index":"402455061722562560","data":"Happy Monday! What is something you're looking forward to this week? #Monday #STEM"},{"index":"402485287693324288","data":"\"Like\" our Facebook page! https://www.facebook.com/IHCCSTEM "},{"index":"402475199024861184","data":"Did you know that \"71% of new jobs are going to be computer related in every field\"? http://ow.ly/qUWJ5  #STEM #computer #technology..."},{"index":"402199514532298752","data":"STEAM vs. STEM? Where does art & design fit in? http://ow.ly/qUbvW "},{"index":"402214639217704960","data":"We Don’t Need Beards to Achieve in Computing! http://wp.me/p28HMs-jw  via @anitasquilt"},{"index":"402516705400061952","data":"Did you know math such as, Algebra, Arithmetic, & Geometry can be dated back to 3000 BC in Ancient Egypt?! #funfact #math #STEM #education"},{"index":"402833836608086016","data":"Did you know...the color television system was developed by John Logie Baird in 1928. #funfact #Tuesday #technology"},{"index":"402867093328388096","data":"If you haven't done so already, Like us on Facebook! http://ow.ly/qUW2v  #college #Facebook #education"},{"index":"403181198509625344","data":"Jolly green comet blazes a trail towards sun... http://ow.ly/r0BgH  #science #STEM #IHCC"},{"index":"403167165756743680","data":"3D printer practice.. http://ow.ly/r0Bvv  #Technology #STEM"},{"index":"403202574972903424","data":"Did you know...the first cell phone call was made back in 1973? #funfact #technology #STEM #mobile"},{"index":"403210260699435009","data":"Help NCWIT teach 1000 girls to code in 2014! http://ow.ly/r100P  @NCWIT #STEM #girlsintech"},{"index":"403201360071770112","data":"STEM research current and future opportunities. http://ow.ly/qZBkN  #STEM #science #research #education"},{"index":"403220090969423872","data":"Follow us on Facebook! http://ow.ly/qZB89  #Facebook #socialmedia #IHCC #STEM #college #education"},{"index":"403543601130795008","data":"Youtube + Xbox One... http://ow.ly/r1PFC  #Technology #Youtube #Xbox #innovation #STEM"},{"index":"403558273510412288","data":"The Hottest Companies In Tech Right Now, According To Goldman Sachs featuring @Uber and @WarbyParker  http://techcrunch.com/2013/11/19/goldman-sachs-hot-tech-companies-2013-leaked-schedule/?ncid=twittersocialshare … via @techcrunch"},{"index":"403562662124339200","data":"Great post via @brianabbey: Only 1 in 10 engineers are women. We should fix that. #dontunderestimategirls #STEM @goldieblox (via..."},{"index":"403558821991165952","data":"Our Educational Leaders Must Get Aggressive With #Technology http://huff.to/1bGa47B  #edtech #tech #elearning #digital #socialmedia"},{"index":"403559795338534912","data":"Follow us on Pinterest and check out our awesome STEM boards! http://ow.ly/r1N96  #Pinterest #Socialmedia #STEM #education"},{"index":"403563306721738752","data":"Couldn't have agreed more! @educationweek: Consider Location, Not Just the Institution, in Picking a College http://bit.ly/1axLKoa ..."},{"index":"403567395996172289","data":"Love this post! This definitely creates awareness about the shortage of Technology skills! @LPFI: Technology skills gap threatens US..."},{"index":"403563572565114880","data":"It pays to be in Tech! Top Cities Creating Tech Jobs! http://ow.ly/r1QdD  #Technology #job #opportunities #STEM #education"},{"index":"403571983004098560","data":"Thank you for following us! Looking forward to your tweets and potentially working with you in the future! @ITLearnMore @Zaniaclearning"},{"index":"403568885242552320","data":"Don't forget to follow us on Facebook! http://ow.ly/r3ql5  #Facebook #STEM #socialmedia"},{"index":"403631499033198592","data":"Love success stories! How Latinas are Finding Their Way into Software Development! http://buff.ly/1aJiV7n  #diversity #STEM #girlsintech"},{"index":"403583777051770880","data":"Where does the Twin Cities rank in Tech jobs? http://buff.ly/18b9Ruv  #Technology #STEM #Minnesota #Minneapolis #StPaul"},{"index":"403591483611426816","data":"5 reasons VCs should favor code-savvy founders... http://ow.ly/r1Pzp  #Technology #STEM #education #innovation"},{"index":"402916884175388672","data":"Never Settle http://wp.me/p28HMs-ni  via @anitasquilt"},{"index":"403636762742128640","data":"Bridging the Gender Gap! - Microsoft Research! http://buff.ly/18bawMn  #girlsintech #STEM #education #Technology"},{"index":"403903714320482304","data":"Nudging Girls Toward Computer Science! http://buff.ly/1aJjtKh  #girlsintech #technology #education #STEM"},{"index":"403904931666862080","data":"Students & Alumni of IHCC-STEM programs join our new LinkedIn group! http://linkd.in/1bWEdj5  @InverHillsCC"},{"index":"403922134273372160","data":"#STEM grads are high in demand! http://buff.ly/1aJjEW2  #science #technology #engineering #math #education"},{"index":"404990944371822592","data":"Do you have questions about #STEM? We can help! http://buff.ly/18g0SYQ  #education #college #science #technology #engineering #math"},{"index":"403946748110180352","data":"These are always inspiring...Life as a female engineer! http://buff.ly/1aJjQ7R  #engineering #STEM #inspiration #women"},{"index":"405008201240035328","data":"Retweet if you agree! Very inspiring!"},{"index":"403993809379688448","data":"It pays to be in #STEM! Check out the salaries, data, and trends! http://buff.ly/1aJk7Yh  #career #technology #science #engineering #math"},{"index":"405009368720359424","data":"Be awesome! It's MONDAY! #Monday http://buff.ly/18g0WHX  pic.twitter.com/NK1eAJ3PC5"},{"index":"405037207276490752","data":"If you haven't done so already, Like us on Facebook! http://ow.ly/r7tWm  #Facebook #socialmedia #STEM #education"},{"index":"405024564071391232","data":"Looking for something to do in Mpls on Thanksgiving? http://ow.ly/ra7EB "},{"index":"405081120934739968","data":"Adding real, hands-on projects to the first year class mix can help! http://buff.ly/18jGoym  #STEM #Science #education"},{"index":"405015827260661760","data":"Why Science Majors Change Their Minds and how to fix that: http://nyti.ms/uXYYSz "},{"index":"405037347021922304","data":"Thank you to our new and awesome followers @hseroboticsteam and @getfleck!"},{"index":"405084861763190784","data":"The Long-term Benefits of #STEM http://ow.ly/r7uFs  #education #future #science #tech #engineering #math"},{"index":"405341592447643648","data":"Love this! Great share @benjicraig: Encouraging Girls to Hack and Make http://bit.ly/1i2bnmu  #STEM #education"},{"index":"405399437943779329","data":"If you haven't done so already, Like us on #Facebook! http://ow.ly/rbrFm  #socialmedia #STEM #college #education #students"},{"index":"405353460532801536","data":"Great share via @projecteve1: 10 Tips to Stop Procrastinating - Project Eve http://buff.ly/1jE43ZS  #productivity #education #procrastinating"},{"index":"405352883954409472","data":"Manipulate the powerful genetic building blocks of life in cutting edge laboratory experiences! #Biology #science #STEM #education"},{"index":"405404548287582208","data":"Check out our awesome #STEM boards on #Pinterest! http://ow.ly/r7uJL  #socialmedia #education"},{"index":"405086052719034369","data":"Here are some amazing things to do in #Minneapolis on #Thanksgiving! http://buff.ly/1aThByH  #Minnesota #holiday #thankful"},{"index":"405726723393978368","data":"Congrats! @smithsonian: Women in Science Wed: Mildred Clare Scoville recognized for her work in medical ed & public health..."},{"index":"405729346079719424","data":"Write codes that powers the modern world from video games, interactive websites, apps, & business applications. #Computer #Tech #STEM"},{"index":"405727117104926720","data":"We couldn't have agreed more! @HuffingtonPost: Why more women should get engineering degrees http://huff.to/1cuc2qQ  #hpSTEM #Engineering"},{"index":"405768312027906048","data":"Check out our awesome #Pinterest boards! http://ow.ly/rbsNF  #socialmedia #creative #ideas #STEM"},{"index":"406080283642183680","data":"Inver Hills wishing you all a very Happy Thanksgiving! #holiday #thankful #turkey #celebration #Thanksgiving"},{"index":"406111611091689473","data":"What are some things that you are thankful for? #Thanksgiving #turkey #holiday"},{"index":"405727612531912704","data":"Yay Minnesota!! @CarlsonMBA: #Minnesota has the highest number of Fortune 500 companies per capita in the US. http://ow.ly/reJI2  #MBA"},{"index":"407545395800453120","data":"Great quote! @deg511: “We cannot change the cards we are dealt, just how we play the hand.” \n― Randy Pausch @goodreads"},{"index":"407545624364859392","data":"Haha! Great picture! @Videomathteach: Finals are coming!\nNooooooooooooo…... pic.twitter.com/exmUfPt2f7"},{"index":"406139496867332096","data":"Transform everyday raw materials into amazing compounds. #Chemistry #Science #STEM #education"},{"index":"406457744104108032","data":"If you haven't done so already, Like us on #Facebook! http://ow.ly/rbrKG  #socialmedia #STEM #college #education #students"},{"index":"407907274590793728","data":"Are Minnesotans ready for the snow? #Minnesota #Snow #winter"},{"index":"407907426944704512","data":"Interesting share @SNStudents: Mice on steroids: Long after they’ve stopped receiving steroids, mice continue to build muscle..."},{"index":"407574662600617984","data":"Love this! Great share @benjicraig: Encouraging Girls to Hack and Make http://bit.ly/1i2bnmu  #STEM #education"},{"index":"407908009143042048","data":"Thanks @TouchApp_uk for following!! Looking forward to your tweets!"},{"index":"407908418347757569","data":"It's an honor to have you as a Follower @cjmoeller! We're looking forward to your tweets!"},{"index":"407908385246703616","data":"10 Apps to get Kids Excited about Science! http://buff.ly/18XXDU4  #Science #STEM #App #games #education"},{"index":"407908580709253120","data":"Yay Engineering!! @threejoy Thanks for following us! We're super excited!"},{"index":"407916665780076544","data":"Thanks for sharing! @tptMN: RT @_HealthPartners: Commentary on why girls might be more prone to #concussions than boys!..."},{"index":"407915742190141441","data":"What are you giving on #GivingTuesday? #Tuesday"},{"index":"407922466858991616","data":"If you haven't done so already, Like us on #Facebook! http://ow.ly/rbrM1  #socialmedia #STEM #college #education #students"},{"index":"407933365288181760","data":"I little humor for Tuesday! http://buff.ly/18XXLDc  #humor #Tech #STEM #Tuesday pic.twitter.com/Wup9LJlHA8"},{"index":"407923584607469568","data":"Explore the dynamic interrelationships between humans and the ecosphere. #Biology #Science #STEM #education"},{"index":"407952670058479616","data":"@joshanisfeld Thanks for following!"},{"index":"407953045734318081","data":". @_HealthPartners @tptMN @IHCCSTEM @StarTribune I'll let you know when I have my blog post written about it."},{"index":"407952826040463360","data":"@fightpcs Hope you're having a wonderful Tuesday! Thanks for following!"},{"index":"407952722705391616","data":"@HerConcussion Thank you for following us!"},{"index":"407967743305347072","data":"If you haven't done so already, Like us on #Facebook! http://ow.ly/rbrNk  #socialmedia #STEM #college #education #students"},{"index":"407953142299770880","data":".@IHCCSTEM, DYK we've got a new program premiering 7p this Sun. on @tpt's MN CH that's focused on #STEM & #CTE? Deets http://www.tpt.org/?a=programs&id=23284 …"},{"index":"407980196168732672","data":"You are absolutely Amazing. Don't let anyone else tell you otherwise. http://buff.ly/18jDC6P  #Amazing #motivation pic.twitter.com/BawlOyFxeT"},{"index":"407985381704204288","data":"UPS Also Said To Be Testing Drone Delivery, Constant Robot Background Hum Increasingly Inevitable http://buff.ly/18jEecw  #Tech #robot"},{"index":"408274488233836544","data":"Hoping everyone got to their destinations safely this morning in the snow. #Minnesota #snow #winter"},{"index":"408269613487915008","data":"Check out our awesome #Pinterest boards! http://ow.ly/rbsSt  #socialmedia #creative #ideas #STEM"},{"index":"408295299804057601","data":"Work with powerful networks, servers, firewalls, & more at IHCC! http://buff.ly/18lZ5Mb  #STEM #education #technology pic.twitter.com/mYHVwx7nAa"},{"index":"408277105370497024","data":"This should be interesting! @Niketa: Fascinating: \"Google has quietly acquired 7 technology companies in an effort to create a new..."},{"index":"408405584598532096","data":"Very true. People often think of the internet or computers. @deg511: There is sense that we don't even notice the simplest technologies..."},{"index":"408615806227210241","data":"Free download of SCRATCH - Imagine, Program, Share! http://buff.ly/1eXsiC9  #app #game #technology #STEM"},{"index":"408962849202266112","data":"It is unfortunate that the world has lost a great leader, Rest in Peace Nelson Mandela. #RIP"},{"index":"408791691424825345","data":"New Pathways To Stem-focused Careers « Programs A - Z « Twin Cities Public Television http://www.tpt.org/?a=programs&id=23284 … via @TPT"},{"index":"408995560906293249","data":"Stay warm Minnesotans! #Minnesota #cold"},{"index":"410048912050114560","data":"Stay warm Minnesotans! #Minnesota #cold #winter"},{"index":"410064448955875328","data":"Teaching kids how to code! http://buff.ly/18uU7wJ  #technology #computer #STEM #education pic.twitter.com/G3xAkKyHE6"},{"index":"409027627429924864","data":"Wow! Great share via @HuffPostScience: This is where perseverance lives in the brain http://huff.to/1cqBPRZ "},{"index":"410107237122994176","data":"Work with powerful networks, servers, firewalls, & more. Network Technology & Security at IHC… http://buff.ly/19afdV3  pic.twitter.com/JjgFUfKNun"},{"index":"410154707026739200","data":"Awesome Christmas tree decorating!... http://buff.ly/18uUojl  #Christmas #tree #holiday #nerd #science pic.twitter.com/YRoFJBcedf"},{"index":"410082835643793408","data":"Explore the dynamic interrelationships between humans & the ecosphere. Study #biology at IHCC http://buff.ly/18uUg3j  pic.twitter.com/4Z2Ysxx5ur"},{"index":"410159674659725312","data":"Did you know that #women filled 60% of #tech jobs this year? That's AMAZING! http://buff.ly/IYGrU8  #STEM"},{"index":"410426757297479680","data":"Check out the latest #Google Doodle! http://buff.ly/19d2uAX "},{"index":"410431982003568640","data":"Go get em'! @HamlineU: Undergrads: It's one of the biggest recruiting events of the year. #MNprivcolleges Job & Internship Fair..."},{"index":"410445089992097792","data":"Learn what most schools don't teach! http://buff.ly/IYGLSR  #coding #education #technology #STEM"},{"index":"410773642906443776","data":"Lovin' all the support! @marieA2013: @takebackthetech @JoyCookPR @UN_Women Also long gone are those days when women were discouraged from..."},{"index":"410518258081857536","data":"If you haven't done so already, Like us on #Facebook! http://ow.ly/rbrPK  #socialmedia #STEM #college #education #students"},{"index":"410773734778499072","data":"Stay warm!! @tptMN: Warm thx 2 @vivluvjrny4ever, @IHCCSTEM, @AugsburgCollege, @JessicaAyub 4 RTs abt Sat.'s #NelsonMandelaMemorial in MN!..."},{"index":"410806754365435904","data":"That would be the best scientific study ever! @edyong209: You gotta love a scientific study where collecting results literally involves..."},{"index":"410807477023039488","data":"Explore the dynamic interrelationships between humans & the ecosphere. Study #Biology at IHCC! http://buff.ly/1jNTy9b  pic.twitter.com/jSFzhO36AM"},{"index":"410879339522437121","data":"#Minnesota do you agree? Stay warm everyone! http://buff.ly/1f7eSms  #cold #winter pic.twitter.com/hrE7DrKquC"},{"index":"410832291569872896","data":"Prepare for this winter! Here are some natural immune boost! #Biology #Science #health http://buff.ly/1jNU0Er  pic.twitter.com/q7D9fBMxBA"},{"index":"410817775834529792","data":"Check out our awesome #Pinterest boards! http://ow.ly/rbsTy  #socialmedia #creative #ideas #STEM"},{"index":"412632397755449344","data":"Build, upgrade, and repair computers and other hardware! #Technology #STEM #tech #education"},{"index":"410885183551062016","data":"Great share via @Jo_Miller: Improving representation of women and minorities in STEM will enrich scientific research & development in US..."},{"index":"412964480487006208","data":"Discover the living world around you while working with recognized biologists in small teams. #Science #Biology #STEM #education"},{"index":"412970474130640896","data":"Interesting approach! @arikaraji: How to raise awareness of sustainability issues? Use humour !!!  http://nyti.ms/1bCOrUM  &..."},{"index":"412967590706040832","data":"How is your Tuesday morning? #Tuesday"},{"index":"412980766763917312","data":"If you haven't done so already, Like us on #Facebook! http://ow.ly/rbrQR  #socialmedia #STEM #college #education #students"},{"index":"412970399023251456","data":"Congrats! @stkatemlis: Congrats to our winter graduates! pic.twitter.com/2WlcVc25wV"},{"index":"412970556989132802","data":"Very well said! @KSzajner: Connected education requires connected teachers! Are you connected? #ties13"},{"index":"412981822759641089","data":"New #Tech innovation! Would you buy one? http://buff.ly/1fBv9kw  pic.twitter.com/q1mUh6aH1o"},{"index":"413052147325214720","data":"Great share via @LPFI: Students delve into programming in #HourOfCode http://bit.ly/19ssj05 "},{"index":"413005918872543232","data":"Don't know which #STEM program is for you? Take the quiz! Check out our programs! http://buff.ly/19vweJo  #education #college"},{"index":"413031306461999105","data":"This is AWESOME! @STEM_Works: 2013 STEM News in Review Scavenger Hunt is up! C'mon, reminisce with us! http://ow.ly/rReTv "},{"index":"413355780356976640","data":"Help others by quickly solving their critical #technology needs! #STEM"},{"index":"413368644945838080","data":"Keep calm students! It's finals week! http://buff.ly/1c1aEx8  #college #education pic.twitter.com/ETbGUsSQDJ"},{"index":"413415986608738305","data":"Build, upgrade, and repair computers and other hardware! #Technology #STEM #tech #education http://buff.ly/1c1aKVz  pic.twitter.com/soIsEg4NPv"},{"index":"413421190062297088","data":"Don't know what STEM program to enroll in? Take a short assessment to see which program you should be in! http://buff.ly/1fn70xr "},{"index":"413688225136644096","data":"Google Glass Lets You Wink to Snap a Photo http://buff.ly/1c1cpKK  #googleglass #technology #innovation"},{"index":"413402377233133568","data":"Check out our awesome #Pinterest boards! http://ow.ly/rbsUd  #socialmedia #creative #ideas #STEM"},{"index":"413718170000969728","data":"This is awesome!! @Divdabble: @BlackGirlsCode @mashable I couldn't favorite this enough!!! I'm in my 30s but these girls inspire me to..."},{"index":"413718332802859008","data":"Great quote! I love it! @threejoy: “Education: learning to find your purpose. Upon finding your purpose: what did I learn?” \n― Bauvard..."},{"index":"413730796550512640","data":"The Universal Translator Is Real and Its Name Is Sigmo http://buff.ly/1fnbTqc  #Technology #innovation"},{"index":"413706563405496320","data":"Smartphone App Uses Selfies to Check Your Cholesterol Level http://buff.ly/1c1cHBl  #technology #smartphone #app #selfies #innovation #health"},{"index":"413735762015039488","data":"Discover ways to help society by developing innovative materials used in the healthcare, pharmaceutical, agriculture, textile, &..."},{"index":"413717940379607040","data":"Good guidance! Thanks for the share! @YouTernMark: 5 Key Google+ Tools that you may not be using yet by @mqtodd http://goo.gl/tHBKOG ..."},{"index":"413778319600267265","data":"Does anyone use Viber? http://buff.ly/18ZIgdD  #technology #app #STEM #innovation"},{"index":"413783314395566080","data":"Did you know...Yahoo was involved in making the Siri app? http://buff.ly/18ZInpj  #technology #innovation"},{"index":"414068970153844736","data":"Amazing plate showing fossilized remains of Uintarcinus socials crinoids! Found at http://buff.ly/JIgJDK  #science pic.twitter.com/TyfFULTmha"},{"index":"414050591954845697","data":"Still have some people left on your Christmas list? Mac Pro goes on sale! http://buff.ly/1hokKcq  #Apple #mac #technology"},{"index":"414074409759281152","data":"Quick Infographic 101 breakdown for you via @GynzyUS: Infographics are everywhere, but do you – and your students – know how to read..."},{"index":"414074226145239040","data":"Wow. Great share! @thomsonreuters: CHART: The number of hacking attacks on U.S. businesses since 2005: http://bit.ly/1cFLVel "},{"index":"414081864471965697","data":"Work in a professional help desk and network administration environment! #career #technology #STEM"},{"index":"414087763898933249","data":"awesome! @msftcitizenship: #FollowFriday to youth #STEM super stars @FridayInstitute @washingtonstem @EDUCTO @DIYGirls"},{"index":"414087366744473601","data":"Have you gotten your #HourOfCode in today? #Coding #tech #computer"},{"index":"414087916496109568","data":"Still have people on your Christmas list? Here's some awesome gift ideas via @techsavvymama: #STEM holiday gift! littleBits Kits Teach..."},{"index":"414087115044319232","data":"Today's Question: How important is privacy to you? http://mprne.ws/rX8oo "},{"index":"414089815916052480","data":"Great question! It's going to be a long journey, but we can do this! @janelmwrites: Q4: How can we change those existing..."},{"index":"414090494508281856","data":"Exciting stuff. I really admire the work being done for this. @DavidWSeattle: Worth a very careful look: Well informed & ambitious new..."},{"index":"414089834282500097","data":"Calling all 2yr & 4 yr #cyber college students interested in getting hands-on experience, Apply here:  http://go.usa.gov/ZYDP "},{"index":"414090248969551872","data":"Can I get some love from my #STEM peeps? Follow us on Facebook! https://www.facebook.com/IHCCSTEM  #SocialMedia #womenintech #Science"},{"index":"414093303555293184","data":"Eye cells can now be inkjet-printed..could lead to cures for certain blindness. http://buff.ly/19B3Wx6  #science pic.twitter.com/mWUgr9z6d0"},{"index":"414140691015806976","data":"Amazing images of asteroid Vesta!! http://buff.ly/19B3TBA  #science #discovery #STEM"},{"index":"414145749992349696","data":"DHS Announces Expansion of Cyber Student Volunteer Initiative | Homeland Security http://buff.ly/1fs9uun  #Student #volunteers #DHS"},{"index":"415112627166408704","data":"DHS announces 2014 Secretary’s Honors Program (SHP) #Cyber Student Volunteer Initiative for college students http://goo.gl/0ABzRV "},{"index":"414089265023168512","data":"Excited to have some new followers! Thank you for following us @msftcitizenship @YouTernMark @STEMclubs @TheNextSiValley!"},{"index":"414808251109101570","data":"My Daughter's Career in Tech: a Futurespective of a Life Yet to be Lived http://www.projecteve.com/marily-nika-tedx-script-my-daughters-career-in-tech-a-futurespective-of-a-life-yet-to-be-lived/ …"},{"index":"415119261796163584","data":"Thanks for sharing! @ForbesTech: 14 bad tech habits to break in 2014 http://onforb.es/1jA3o0H "},{"index":"415137749382213632","data":"My Daughter's Career in Tech: a Futurespective of a Life Yet to be Lived - Project Eve http://buff.ly/1d3kHll  #Tech #womenintec #STEM"},{"index":"415146334266880001","data":"The SHP #Cyber Student Volunteer Initiative has 100+ student volunteer assignments open @dhs_ice, @tsa @USCG, etc. http://goo.gl/0ABzRV "},{"index":"415180891334639616","data":"Acting Sect. Rand Beers \"DHS is excited SHP #Cyber Student Volunteer Initiative...increasing engagement w/ students” http://goo.gl/0ABzRV "},{"index":"415491827144609792","data":"Stay warm out there #Minnesotans! #cold #winter #holiday"},{"index":"415508552317681664","data":"The SHP #Cyber Student Volunteer Initiative is developing next gen. #cyber leaders & talent. Apps close 1/3/14 http://goo.gl/0ABzRV "},{"index":"415158831657009152","data":"Everyone LOVES #food! Follow our #Pinterest Eat Science Board! #socialmedia #science http://ow.ly/rFy0h "},{"index":"415515989888237568","data":"DHS’s SHP #Cyber Student Volunteer Initiative is meant to attract the best & brightest #cyber talent http://goo.gl/0ABzRV   #Student..."},{"index":"415566473701376000","data":"If you haven't done so already, Like us on #Facebook! http://ow.ly/rbrRq  #socialmedia #STEM #college #education #students"},{"index":"415563865427279872","data":"#Cyber Students, do you desire to protect & secure our Nation while building a rewarding career? Apply http://go.usa.gov/ZYDP  #students..."},{"index":"415864710048018433","data":"IHCCSTEM wishes everyone a Merry #Christmas! #holiday"},{"index":"415490820188684288","data":"Calling all 2yr & 4 yr #cyber college students interested in getting hands-on experience, Apply here:  http://go.usa.gov/ZYDP  #student..."},{"index":"415902958233333760","data":"Wow!! That is exciting! @HuffPostScience: Astronomers say they may have spotted first alien planet http://huff.to/1d3o0sP "},{"index":"415899910043860992","data":"The SHP #Cyber Student Volunteer Initiative volunteer positions begin spring 2014 & cont. thru summer 2014 Apply:  http://go.usa.gov/ZYDP "},{"index":"415904656288927744","data":"Space Walk #2 HAPPENING NOW!! Check it out! http://buff.ly/1g1raOs  #Science #Space pic.twitter.com/twoM0yPxq5"},{"index":"415905487037923328","data":"[PHOTO] Sunlight makes cool effect on chair leg http://buff.ly/19MbXPR  #science pic.twitter.com/QG4N2U4QQy"},{"index":"415940134409084928","data":"SHP #Cyber Student Volunteer Initiative is offering volunteer #cyber assignments @ 60+ DHS nationwide locations http://go.usa.gov/ZYj5 ..."},{"index":"416192288369684480","data":"Sounds like good news to us! Awesome! @TechCrunch: Code․org: 2 Weeks And 600M+ Lines Of Code Later, 20M Students Have Learned An \"Hour Of..."},{"index":"415925084608794624","data":"Check out our awesome #Pinterest boards! http://ow.ly/rbsUH  #socialmedia #creative #ideas #STEM"},{"index":"415952603915493376","data":"Did you get a iPad for Christmas? Here are 11 Best Apps to download! http://buff.ly/19Mc127  #tech #Christmas #present #App"},{"index":"416082320626814976","data":"The SHP #Cyber Student Volunteer Initiative is developing next gen. #cyber leaders & talent. Apps close 1/3/14 http://goo.gl/0ABzRV "},{"index":"416192430040707072","data":"This is something EVERYONE should read and know. Thanks for the great share via @lifehacker: Worried about card skimming at the gas pump?..."},{"index":"416195744358760448","data":"Great list! @edworkspartners: Top Scientific Discoveries of 2013 http://edwks.org/0_t  via @wiredscience #Science #STEM"},{"index":"416224952225120256","data":"[PHOTO] Beautiful Glacial Cave in the Canadian Rockies. http://buff.ly/19jMVXX  #discovery #landscape #glaciers pic.twitter.com/NDR5drqZMx"},{"index":"416243300770021376","data":"Have you ever wondered how many bacteria live in your body? http://buff.ly/19jN9y8  #facts #science #health #biology"},{"index":"416315054213300224","data":"Want to feel like a \"superhero\"? Smart Glasses will give you that \"power.\" http://buff.ly/1hGDLqB  #tech #SmartGlasses #superhero #innovation"},{"index":"416594430465167360","data":"SHP #Cyber Student Volunteer Initiative allows #college students to gain experience in exciting #cyber fields like cyber threat analysis."},{"index":"416320159524352000","data":"Do you take multivitamins? This study shows that they may be a waste of money. http://buff.ly/1hGEQig  #multivitamins #health #science"},{"index":"416242143515398144","data":"#Cyber students in SHP #Cyber Student Volunteer Initiative will work w/ DHS #cyber professionals to gain invaluable hands-on experience"},{"index":"416633492202868737","data":"Make an impact; Apply to 2014 Secretary’s Honors Program #Cyber Student Volunteer Initiative for college students http://go.usa.gov/ZYDP "},{"index":"416660805112053760","data":"#Cyber Students, do you desire to protect & secure our Nation while building a rewarding career? Apply http://go.usa.gov/ZYDP "},{"index":"416267246718427137","data":"Are you a big gamer? 6 exciting gaming trends to watch for in 2014. http://buff.ly/1hGDHHm  #tech #game #innovation #2014"},{"index":"417691744458010624","data":"The SHP #Cyber Student Volunteer Initiative has 100+ student volunteer assignments open @dhs_ice, @tsa @USCG, etc. http://goo.gl/0ABzRV "},{"index":"417489054620336128","data":"What Makes Girls Fall In Love With Computers And Code? http://techcrunch.com/2013/12/29/what-makes-girls-fall-in-love-with-computers-and-code/?ncid=twittersocialshare … via @techcrunch"},{"index":"416323946699816961","data":"Looking for some experience? DHS is now taking applications for their 2014 Secretary's Honor Program (SHP) Cyber Student Volunteer..."},{"index":"417692835656519680","data":"Don't know what #STEM program you want to enroll in? We can help! Take this survey to find out! http://buff.ly/18TAdkJ  #college #education"},{"index":"417717134144569344","data":"Google's Chromebooks have hit their stride - http://buff.ly/JENB04  #Google #tech #Chromebook"},{"index":"417674487703023616","data":"What makes girls fall in love with computers and code? http://buff.ly/JENdi8  #coding #computers #tech #womenintech"},{"index":"418045397744230402","data":"Make an impact; Apply to 2014 Secretary’s Honors Program #Cyber Student Volunteer Initiative for college students http://go.usa.gov/ZYDP "},{"index":"390937725609574401","data":"Come see our website! http://www.inverhills.edu/stem/index.aspx  #IHCCSTEM"},{"index":"418114581710782464","data":"If you haven't done so already, Like us on #Facebook! http://ow.ly/rbrSl  #socialmedia #STEM #college #education #students"},{"index":"418138318170521600","data":"Happy New Year's Eve!"},{"index":"390938313118322688","data":"Our newly renovated library is almost done! Stop by to see it.  http://twitpic.com/dhqsqs "},{"index":"390942210054565888","data":"Thanks to @CityVisionsMN for our new profile photos!"},{"index":"391016745810800640","data":"For teen girls, for adult mentors and volunteers! http://ow.ly/pVNOA  #STEM @technovationMN"},{"index":"390938909128933376","data":"The clock tower on a great fall day!  http://twitpic.com/dhqsv4 "},{"index":"391005293464649728","data":"RT@NCWITAIC Know a young woman with aspirations in computing? Get application info in both Spanish & English: http://bit.ly/18ScVbu "},{"index":"391001350818893824","data":"Thank you to our 1st followers! @RMarkYoungblood @superCompSci @CenturyCollege @matthewmj"},{"index":"391997276987858944","data":"Why study IT at @InverHillsCC? Help others by quickly solving their critical technology needs! http://www.inverhills.edu/stem/ "},{"index":"392336020248993792","data":"What's The Next Big Thing For Engineering Students? A Lab That Fits In A Backpack  http://onforb.es/16BXyzt  via @Forbes"},{"index":"392339679728910336","data":"Why study Engineering at @InverHillsCC? Make a difference by inventing solutions to everyday problems! http://www.inverhills.edu/stem/ "},{"index":"392353402099089408","data":"The Need for Belonging in Math and Science, what can hold women back.  via @sciam http://ow.ly/q1R0n "},{"index":"392690195625435136","data":"Cyber security more important than ever http://ow.ly/q3GNn "},{"index":"392688122527760384","data":"How Emerging Technology Will Save Women's Lives During Childbirth  http://onforb.es/18frF0N  via @forbes"},{"index":"392718421445840897","data":"Be a Computer Programmer at @InverHillsCC and write the code that powers the modern world! http://www.inverhills.edu/stem/ ..."},{"index":"393056979817873409","data":"Help society by developing innovative materials used in healthcare & pharmaceutical fields @InverHillsCC http://www.inverhills.edu/stem/ "},{"index":"393036810068430848","data":"Cool Astro Pic of the Day! http://apod.nasa.gov/apod/astropix.html … @apod"},{"index":"393156233177616384","data":"My 10 Best Pieces Of Career Advice For Millennials  http://onforb.es/18oUmfI  via @forbes"},{"index":"393246006378500096","data":"A pic of our Community Garden before the snow flies http://twitpic.com/dij0hd  Thx @CityVisionsMN"},{"index":"393339200671846400","data":"Good News For Millennials: A Big Company Might Actually Hire You - with STEM skills  via @YahooFinance http://ow.ly/q7wQT "},{"index":"393471941488553984","data":"Thanks to our new followers! @ingridmara @AdamVWahlberg @rebeccaschatz @mnmark24"},{"index":"393385581918822400","data":"@InverHillsCC STEM students or curious about STEM - follow us @IHCCSTEM"},{"index":"393746735966982145","data":"@InverHillsCC Like us on Facebook! https://www.facebook.com/IHCCSTEM "},{"index":"393780532469039104","data":"Manipulate the powerful genetic building blocks of life in cutting edge lab experiences. Study Biology @InverHillsCC http://www.inverhills.edu/stem/ "},{"index":"393452988473552896","data":"Network Technology & Security @InverHillsCC Design, setup, and maintain the systmes that run the Internet! http://www.inverhills.edu/stem/ "},{"index":"393732232424091648","data":"@IHCCSTEM Check out our updated web page! http://www.inverhills.edu/stem/ "},{"index":"394152811401068544","data":"Help others by quickly solving their critical technology needs, study Math @InverHillsCC http://www.inverhills.edu/stem/ "},{"index":"394480454104911873","data":"Thx to our new followers! @JHoseney @noramayc @Samsamum"},{"index":"394497623622946816","data":"The $40 Indian tablet that could help bridge America’s digital divide http://wapo.st/1agc99x "},{"index":"394699072713785344","data":"Explore the dynamic interrelationships between humans and the ecosphere. Biology @IHCCSTEM http://www.inverhills.edu/stem/ "},{"index":"394824731675090944","data":"Build and program high-tech robots to follow your every instruction! Study Engineering @IHCCSTEM http://www.inverhills.edu/stem/ "},{"index":"394112609311793152","data":"This is what inspires girls in STEM #hpstem  http://huff.to/1c85IFm  via @HuffPostTech"},{"index":"394502670595424257","data":"Build, upgrade and repair computers and other hardware! Study IT @InverHillsCC http://www.inverhills.edu/stem/ "},{"index":"394953117454045184","data":"Work in a professional help desk and network administration environment - learn IT support @IHCCSTEM http://www.inverhills.edu/stem/ "},{"index":"395062511198027776","data":"Express your creativity and unlock the solutions to complex problems through computers @IHCCSTEM http://www.inverhills.edu/stem/ "},{"index":"395166941583011840","data":"Rocket21 Nurturing kids' dreams http://shar.es/IurWe  @rocket21"},{"index":"395291566405091328","data":"Explore green technology by building working motors powered by the sun @IHCCSTEM http://www.inverhills.edu/stem/ "},{"index":"395175132282777600","data":"Young Children Turning to Mobile Devices, Report Finds via @educationweek http://ow.ly/qgIO7 "},{"index":"395591157625147392","data":"Transform everyday raw materials into amazing compounds, in Chemistry @IHCCSTEM http://www.inverhills.edu/stem/ "},{"index":"395584995185922048","data":"Minneapolis Mayor Rybak to run Generation Next via @mprnews http://ow.ly/qkiJz "},{"index":"395034445092093952","data":"@amyklobuchar Thanks for following!"},{"index":"395660081355698176","data":"@InverHillsCC Follow @IHCCSTEM on Facebook! https://www.facebook.com/IHCCSTEM "},{"index":"396015334534426624","data":"Learn how to protect networks and servers from frequent attacks with advanced cybersecurity tactics @IHCCSTEM http://www.inverhills.edu/stem/ "},{"index":"396018354890473473","data":"Strive for what you want http://wp.me/p28HMs-li  via @anitasquilt #girlsintech #STEM"},{"index":"396333447566094336","data":"Explore the dynamic interrelationships between humans and the ecosphere. Biology @IHCCSTEM http://www.inverhills.edu/stem/ "},{"index":"396021480448094208","data":"Learn to program in advanced languages such as C++, JAVA, HTML, JavaScript, Python, and PHP @IHCCSTEM http://www.inverhills.edu/stem/ "},{"index":"396319600276951040","data":"Schools Aren't Teaching Kids To Code; Here's Who Is Filling The Gap by @selenalarson http://readwr.it/b0DI "},{"index":"396459783923830784","data":"Thx 2 our new followers! @TruesourceIT @MJNS1225 @Scientista_Talk @smilegenic @GynzyUS"},{"index":"396659889667186688","data":"Brilliant use of technology and marketing! Tweet a Coffee: Send an eGift via Twitter: http://youtu.be/AxPZj9x_Dsk  via @YouTube"},{"index":"396751512925655040","data":"http://anitasquilt.org/2012/09/25/in-systerhood-lending-a-global-hand/ …"},{"index":"396771365459877888","data":"Build, upgrade, and repair computers and other hardware @IHCCSTEM http://www.inverhills.edu/stem/  #Mathematics"},{"index":"396429043123630080","data":"Dare to try! http://wp.me/p28HMs-9J  via @anitasquilt #STEM"},{"index":"397113719756713984","data":"The Power of Community http://wp.me/p28HMs-aK  via @anitasquilt #STEM"},{"index":"396766411999412224","data":"It's the Little Things http://wp.me/p28HMs-6U  via @anitasquilt #STEM"},{"index":"397427030813605889","data":"3 tips to keep girls interested in STEM #hpstem  http://huff.to/19McVKZ  via @HuffPostTech"},{"index":"397461184833921024","data":"Systerhood and Feminism http://wp.me/p28HMs-8a  via @anitasquilt #STEM"},{"index":"397554875656978432","data":"Anita's Quilt is out! http://paper.li/systers_org/1366980394 … Stories via @IHCCSTEM"},{"index":"397759143916101632","data":"Write the code that powers the modern world - from websites to business applications http://www.inverhills.edu/stem/  @InverHillsCC #STEM"},{"index":"397054062468038657","data":"Why Are There Still So Few Women in Science? http://nyti.ms/18ROWK9 "},{"index":"398153079121797120","data":"Work with powerful networks, servers, firewalls, and more! http://www.inverhills.edu/stem/  #STEM @InverHillsCC"},{"index":"397750456845606912","data":"Explore green technology by building working motors powered by wind turbines. http://www.inverhills.edu/stem/  #STEM"},{"index":"398186140299456512","data":"3600 of my closest online friends http://wp.me/p28HMs-el  via @anitasquilt #STEM"},{"index":"397778394408308736","data":"The Journey with Mentors and Friends http://wp.me/p28HMs-6Q  via @anitasquilt #STEM"},{"index":"398202045599318016","data":"Has employment of women and minorities in S&E jobs increased? http://www.nsf.gov/nsb/sei/edTool/data/workforce-07.html … via @NSF_NSB"},{"index":"398481434648010752","data":"Survey finds STEM grads still in high demand, short supply  via @KCBizjournal http://ow.ly/qzBel "},{"index":"398917975043887105","data":"I see two people clasping hands.\n#RorschachDoodle http://g.co/doodle/twguwx "},{"index":"398507904711819264","data":"Nudging Girls Toward Computer Science http://nyti.ms/18VXwrr  #STEM #girlsintech"},{"index":"398953172120924161","data":"Bridging the gender gap in Computer Science! http://ow.ly/qDJik  @sfbayrane"},{"index":"398943118307115008","data":"Top 25 Free Online Resources In Computer Science via @efyindia http://ow.ly/qDFIV "},{"index":"398563716050210816","data":"25 Years of Systers http://wp.me/p28HMs-er  via @anitasquilt #STEM"},{"index":"399610021858013184","data":"Profiles: How Latinas are Finding Their Way into Software Dev http://ow.ly/qFGDF  #girlsintech #STEM"},{"index":"399246485298372608","data":"#STEM skills seeping into blue-collar jobs: http://bit.ly/1frJFuH   via @heraldextra"},{"index":"400277195568209921","data":"Write the code that powers the world - websites, phone apps, and business applications http://www.inverhills.edu/stem/  #STEM .@InverHillsCC"},{"index":"400358022650028033","data":"Students & Alumni - Join the conversation at IHCC STEM LinkedIn group page! http://ow.ly/qKIgC "},{"index":"399379813829705728","data":"I just liked \"The Invisible Bicycle Helmet | Fredrik Gertten\" on Vimeo: http://vimeo.com/43038579 "},{"index":"400348117028990976","data":"I created group Inver Hills CC STEM Division - Students and Alumni on Linkedin.: http://lnkd.in/bSuTTi3 "},{"index":"400358356801449985","data":".@InverHillsCC Students & Alumni - Join the conversation at IHCC STEM LinkedIn group page! http://ow.ly/qKIgC "},{"index":"400675801617932288","data":"Discover ways to hep society by developing innovative materials used in pharmaceutical, agriculture, and engineering fields..."},{"index":"400503095697760257","data":"@InverHillsCC Students & Alumni - Join the conversation at IHCC STEM LinkedIn group page! http://ow.ly/qKIgC "},{"index":"401100192042463232","data":"Protect networks and servers from attacks with advanced cybersecurity tactics http://www.inverhills.edu/stem/   .@InverHillsCC #STEM"},{"index":"401437103525232641","data":"The 10 fastest growing job titles are all in Tech http://ow.ly/qRYDD  #STEM"},{"index":"401855600860336129","data":"Supporting Underrepresented Groups http://wp.me/p28HMs-hP  via @anitasquilt #STEM"},{"index":"401456176774512640","data":"97% of participants go on to enroll in college! http://vimeo.com/75840627  @GenesysWorksTC"},{"index":"402199514532298752","data":"STEAM vs. STEM? Where does art & design fit in? http://ow.ly/qUbvW "},{"index":"402214639217704960","data":"We Don’t Need Beards to Achieve in Computing! http://wp.me/p28HMs-jw  via @anitasquilt"},{"index":"402475199024861184","data":"Did you know that \"71% of new jobs are going to be computer related in every field\"? http://ow.ly/qUWJ5  #STEM #computer #technology..."},{"index":"402455061722562560","data":"Happy Monday! What is something you're looking forward to this week? #Monday #STEM"},{"index":"402485287693324288","data":"\"Like\" our Facebook page! https://www.facebook.com/IHCCSTEM "},{"index":"402867093328388096","data":"If you haven't done so already, Like us on Facebook! http://ow.ly/qUW2v  #college #Facebook #education"},{"index":"402833836608086016","data":"Did you know...the color television system was developed by John Logie Baird in 1928. #funfact #Tuesday #technology"},{"index":"402516705400061952","data":"Did you know math such as, Algebra, Arithmetic, & Geometry can be dated back to 3000 BC in Ancient Egypt?! #funfact #math #STEM #education"},{"index":"402916884175388672","data":"Never Settle http://wp.me/p28HMs-ni  via @anitasquilt"},{"index":"403167165756743680","data":"3D printer practice.. http://ow.ly/r0Bvv  #Technology #STEM"},{"index":"403202574972903424","data":"Did you know...the first cell phone call was made back in 1973? #funfact #technology #STEM #mobile"},{"index":"403201360071770112","data":"STEM research current and future opportunities. http://ow.ly/qZBkN  #STEM #science #research #education"},{"index":"403220090969423872","data":"Follow us on Facebook! http://ow.ly/qZB89  #Facebook #socialmedia #IHCC #STEM #college #education"},{"index":"403210260699435009","data":"Help NCWIT teach 1000 girls to code in 2014! http://ow.ly/r100P  @NCWIT #STEM #girlsintech"},{"index":"403181198509625344","data":"Jolly green comet blazes a trail towards sun... http://ow.ly/r0BgH  #science #STEM #IHCC"},{"index":"403543601130795008","data":"Youtube + Xbox One... http://ow.ly/r1PFC  #Technology #Youtube #Xbox #innovation #STEM"},{"index":"403558273510412288","data":"The Hottest Companies In Tech Right Now, According To Goldman Sachs featuring @Uber and @WarbyParker  http://techcrunch.com/2013/11/19/goldman-sachs-hot-tech-companies-2013-leaked-schedule/?ncid=twittersocialshare … via @techcrunch"},{"index":"403559795338534912","data":"Follow us on Pinterest and check out our awesome STEM boards! http://ow.ly/r1N96  #Pinterest #Socialmedia #STEM #education"},{"index":"403562662124339200","data":"Great post via @brianabbey: Only 1 in 10 engineers are women. We should fix that. #dontunderestimategirls #STEM @goldieblox (via..."},{"index":"403558821991165952","data":"Our Educational Leaders Must Get Aggressive With #Technology http://huff.to/1bGa47B  #edtech #tech #elearning #digital #socialmedia"},{"index":"403563306721738752","data":"Couldn't have agreed more! @educationweek: Consider Location, Not Just the Institution, in Picking a College http://bit.ly/1axLKoa ..."},{"index":"403563572565114880","data":"It pays to be in Tech! Top Cities Creating Tech Jobs! http://ow.ly/r1QdD  #Technology #job #opportunities #STEM #education"},{"index":"403568885242552320","data":"Don't forget to follow us on Facebook! http://ow.ly/r3ql5  #Facebook #STEM #socialmedia"},{"index":"403567395996172289","data":"Love this post! This definitely creates awareness about the shortage of Technology skills! @LPFI: Technology skills gap threatens US..."},{"index":"403631499033198592","data":"Love success stories! How Latinas are Finding Their Way into Software Development! http://buff.ly/1aJiV7n  #diversity #STEM #girlsintech"},{"index":"403571983004098560","data":"Thank you for following us! Looking forward to your tweets and potentially working with you in the future! @ITLearnMore @Zaniaclearning"},{"index":"403591483611426816","data":"5 reasons VCs should favor code-savvy founders... http://ow.ly/r1Pzp  #Technology #STEM #education #innovation"},{"index":"403583777051770880","data":"Where does the Twin Cities rank in Tech jobs? http://buff.ly/18b9Ruv  #Technology #STEM #Minnesota #Minneapolis #StPaul"},{"index":"403903714320482304","data":"Nudging Girls Toward Computer Science! http://buff.ly/1aJjtKh  #girlsintech #technology #education #STEM"},{"index":"403636762742128640","data":"Bridging the Gender Gap! - Microsoft Research! http://buff.ly/18bawMn  #girlsintech #STEM #education #Technology"},{"index":"403904931666862080","data":"Students & Alumni of IHCC-STEM programs join our new LinkedIn group! http://linkd.in/1bWEdj5  @InverHillsCC"},{"index":"403922134273372160","data":"#STEM grads are high in demand! http://buff.ly/1aJjEW2  #science #technology #engineering #math #education"},{"index":"403993809379688448","data":"It pays to be in #STEM! Check out the salaries, data, and trends! http://buff.ly/1aJk7Yh  #career #technology #science #engineering #math"},{"index":"403946748110180352","data":"These are always inspiring...Life as a female engineer! http://buff.ly/1aJjQ7R  #engineering #STEM #inspiration #women"},{"index":"404990944371822592","data":"Do you have questions about #STEM? We can help! http://buff.ly/18g0SYQ  #education #college #science #technology #engineering #math"},{"index":"405015827260661760","data":"Why Science Majors Change Their Minds and how to fix that: http://nyti.ms/uXYYSz "},{"index":"405008201240035328","data":"Retweet if you agree! Very inspiring!"},{"index":"405024564071391232","data":"Looking for something to do in Mpls on Thanksgiving? http://ow.ly/ra7EB "},{"index":"405009368720359424","data":"Be awesome! It's MONDAY! #Monday http://buff.ly/18g0WHX  pic.twitter.com/NK1eAJ3PC5"},{"index":"405037347021922304","data":"Thank you to our new and awesome followers @hseroboticsteam and @getfleck!"},{"index":"405037207276490752","data":"If you haven't done so already, Like us on Facebook! http://ow.ly/r7tWm  #Facebook #socialmedia #STEM #education"},{"index":"405081120934739968","data":"Adding real, hands-on projects to the first year class mix can help! http://buff.ly/18jGoym  #STEM #Science #education"},{"index":"405341592447643648","data":"Love this! Great share @benjicraig: Encouraging Girls to Hack and Make http://bit.ly/1i2bnmu  #STEM #education"},{"index":"405084861763190784","data":"The Long-term Benefits of #STEM http://ow.ly/r7uFs  #education #future #science #tech #engineering #math"},{"index":"405086052719034369","data":"Here are some amazing things to do in #Minneapolis on #Thanksgiving! http://buff.ly/1aThByH  #Minnesota #holiday #thankful"},{"index":"405353460532801536","data":"Great share via @projecteve1: 10 Tips to Stop Procrastinating - Project Eve http://buff.ly/1jE43ZS  #productivity #education #procrastinating"},{"index":"405352883954409472","data":"Manipulate the powerful genetic building blocks of life in cutting edge laboratory experiences! #Biology #science #STEM #education"},{"index":"405399437943779329","data":"If you haven't done so already, Like us on #Facebook! http://ow.ly/rbrFm  #socialmedia #STEM #college #education #students"},{"index":"405726723393978368","data":"Congrats! @smithsonian: Women in Science Wed: Mildred Clare Scoville recognized for her work in medical ed & public health..."},{"index":"405727612531912704","data":"Yay Minnesota!! @CarlsonMBA: #Minnesota has the highest number of Fortune 500 companies per capita in the US. http://ow.ly/reJI2  #MBA"},{"index":"405404548287582208","data":"Check out our awesome #STEM boards on #Pinterest! http://ow.ly/r7uJL  #socialmedia #education"},{"index":"405729346079719424","data":"Write codes that powers the modern world from video games, interactive websites, apps, & business applications. #Computer #Tech #STEM"},{"index":"405727117104926720","data":"We couldn't have agreed more! @HuffingtonPost: Why more women should get engineering degrees http://huff.to/1cuc2qQ  #hpSTEM #Engineering"},{"index":"406080283642183680","data":"Inver Hills wishing you all a very Happy Thanksgiving! #holiday #thankful #turkey #celebration #Thanksgiving"},{"index":"405768312027906048","data":"Check out our awesome #Pinterest boards! http://ow.ly/rbsNF  #socialmedia #creative #ideas #STEM"},{"index":"406457744104108032","data":"If you haven't done so already, Like us on #Facebook! http://ow.ly/rbrKG  #socialmedia #STEM #college #education #students"},{"index":"406111611091689473","data":"What are some things that you are thankful for? #Thanksgiving #turkey #holiday"},{"index":"407545395800453120","data":"Great quote! @deg511: “We cannot change the cards we are dealt, just how we play the hand.” \n― Randy Pausch @goodreads"},{"index":"406139496867332096","data":"Transform everyday raw materials into amazing compounds. #Chemistry #Science #STEM #education"},{"index":"407907426944704512","data":"Interesting share @SNStudents: Mice on steroids: Long after they’ve stopped receiving steroids, mice continue to build muscle..."},{"index":"407574662600617984","data":"Love this! Great share @benjicraig: Encouraging Girls to Hack and Make http://bit.ly/1i2bnmu  #STEM #education"},{"index":"407907274590793728","data":"Are Minnesotans ready for the snow? #Minnesota #Snow #winter"},{"index":"407908385246703616","data":"10 Apps to get Kids Excited about Science! http://buff.ly/18XXDU4  #Science #STEM #App #games #education"},{"index":"407908009143042048","data":"Thanks @TouchApp_uk for following!! Looking forward to your tweets!"},{"index":"407908418347757569","data":"It's an honor to have you as a Follower @cjmoeller! We're looking forward to your tweets!"},{"index":"407545624364859392","data":"Haha! Great picture! @Videomathteach: Finals are coming!\nNooooooooooooo…... pic.twitter.com/exmUfPt2f7"},{"index":"407915742190141441","data":"What are you giving on #GivingTuesday? #Tuesday"},{"index":"407908580709253120","data":"Yay Engineering!! @threejoy Thanks for following us! We're super excited!"},{"index":"407916665780076544","data":"Thanks for sharing! @tptMN: RT @_HealthPartners: Commentary on why girls might be more prone to #concussions than boys!..."},{"index":"407933365288181760","data":"I little humor for Tuesday! http://buff.ly/18XXLDc  #humor #Tech #STEM #Tuesday pic.twitter.com/Wup9LJlHA8"},{"index":"407923584607469568","data":"Explore the dynamic interrelationships between humans and the ecosphere. #Biology #Science #STEM #education"},{"index":"407922466858991616","data":"If you haven't done so already, Like us on #Facebook! http://ow.ly/rbrM1  #socialmedia #STEM #college #education #students"},{"index":"407952670058479616","data":"@joshanisfeld Thanks for following!"},{"index":"407952826040463360","data":"@fightpcs Hope you're having a wonderful Tuesday! Thanks for following!"},{"index":"407952722705391616","data":"@HerConcussion Thank you for following us!"},{"index":"407953045734318081","data":". @_HealthPartners @tptMN @IHCCSTEM @StarTribune I'll let you know when I have my blog post written about it."},{"index":"407953142299770880","data":".@IHCCSTEM, DYK we've got a new program premiering 7p this Sun. on @tpt's MN CH that's focused on #STEM & #CTE? Deets http://www.tpt.org/?a=programs&id=23284 …"},{"index":"407980196168732672","data":"You are absolutely Amazing. Don't let anyone else tell you otherwise. http://buff.ly/18jDC6P  #Amazing #motivation pic.twitter.com/BawlOyFxeT"},{"index":"407967743305347072","data":"If you haven't done so already, Like us on #Facebook! http://ow.ly/rbrNk  #socialmedia #STEM #college #education #students"},{"index":"407985381704204288","data":"UPS Also Said To Be Testing Drone Delivery, Constant Robot Background Hum Increasingly Inevitable http://buff.ly/18jEecw  #Tech #robot"},{"index":"408274488233836544","data":"Hoping everyone got to their destinations safely this morning in the snow. #Minnesota #snow #winter"},{"index":"408269613487915008","data":"Check out our awesome #Pinterest boards! http://ow.ly/rbsSt  #socialmedia #creative #ideas #STEM"},{"index":"408277105370497024","data":"This should be interesting! @Niketa: Fascinating: \"Google has quietly acquired 7 technology companies in an effort to create a new..."},{"index":"408405584598532096","data":"Very true. People often think of the internet or computers. @deg511: There is sense that we don't even notice the simplest technologies..."},{"index":"408615806227210241","data":"Free download of SCRATCH - Imagine, Program, Share! http://buff.ly/1eXsiC9  #app #game #technology #STEM"},{"index":"408295299804057601","data":"Work with powerful networks, servers, firewalls, & more at IHCC! http://buff.ly/18lZ5Mb  #STEM #education #technology pic.twitter.com/mYHVwx7nAa"},{"index":"408962849202266112","data":"It is unfortunate that the world has lost a great leader, Rest in Peace Nelson Mandela. #RIP"},{"index":"408791691424825345","data":"New Pathways To Stem-focused Careers « Programs A - Z « Twin Cities Public Television http://www.tpt.org/?a=programs&id=23284 … via @TPT"},{"index":"408995560906293249","data":"Stay warm Minnesotans! #Minnesota #cold"},{"index":"409027627429924864","data":"Wow! Great share via @HuffPostScience: This is where perseverance lives in the brain http://huff.to/1cqBPRZ "},{"index":"410082835643793408","data":"Explore the dynamic interrelationships between humans & the ecosphere. Study #biology at IHCC http://buff.ly/18uUg3j  pic.twitter.com/4Z2Ysxx5ur"},{"index":"410048912050114560","data":"Stay warm Minnesotans! #Minnesota #cold #winter"},{"index":"410064448955875328","data":"Teaching kids how to code! http://buff.ly/18uU7wJ  #technology #computer #STEM #education pic.twitter.com/G3xAkKyHE6"},{"index":"410107237122994176","data":"Work with powerful networks, servers, firewalls, & more. Network Technology & Security at IHC… http://buff.ly/19afdV3  pic.twitter.com/JjgFUfKNun"},{"index":"410154707026739200","data":"Awesome Christmas tree decorating!... http://buff.ly/18uUojl  #Christmas #tree #holiday #nerd #science pic.twitter.com/YRoFJBcedf"},{"index":"410159674659725312","data":"Did you know that #women filled 60% of #tech jobs this year? That's AMAZING! http://buff.ly/IYGrU8  #STEM"},{"index":"410431982003568640","data":"Go get em'! @HamlineU: Undergrads: It's one of the biggest recruiting events of the year. #MNprivcolleges Job & Internship Fair..."},{"index":"410518258081857536","data":"If you haven't done so already, Like us on #Facebook! http://ow.ly/rbrPK  #socialmedia #STEM #college #education #students"},{"index":"410426757297479680","data":"Check out the latest #Google Doodle! http://buff.ly/19d2uAX "},{"index":"410773642906443776","data":"Lovin' all the support! @marieA2013: @takebackthetech @JoyCookPR @UN_Women Also long gone are those days when women were discouraged from..."},{"index":"410773734778499072","data":"Stay warm!! @tptMN: Warm thx 2 @vivluvjrny4ever, @IHCCSTEM, @AugsburgCollege, @JessicaAyub 4 RTs abt Sat.'s #NelsonMandelaMemorial in MN!..."},{"index":"410806754365435904","data":"That would be the best scientific study ever! @edyong209: You gotta love a scientific study where collecting results literally involves..."},{"index":"410807477023039488","data":"Explore the dynamic interrelationships between humans & the ecosphere. Study #Biology at IHCC! http://buff.ly/1jNTy9b  pic.twitter.com/jSFzhO36AM"},{"index":"410817775834529792","data":"Check out our awesome #Pinterest boards! http://ow.ly/rbsTy  #socialmedia #creative #ideas #STEM"},{"index":"410832291569872896","data":"Prepare for this winter! Here are some natural immune boost! #Biology #Science #health http://buff.ly/1jNU0Er  pic.twitter.com/q7D9fBMxBA"},{"index":"410879339522437121","data":"#Minnesota do you agree? Stay warm everyone! http://buff.ly/1f7eSms  #cold #winter pic.twitter.com/hrE7DrKquC"},{"index":"412632397755449344","data":"Build, upgrade, and repair computers and other hardware! #Technology #STEM #tech #education"},{"index":"412964480487006208","data":"Discover the living world around you while working with recognized biologists in small teams. #Science #Biology #STEM #education"},{"index":"410885183551062016","data":"Great share via @Jo_Miller: Improving representation of women and minorities in STEM will enrich scientific research & development in US..."},{"index":"412967590706040832","data":"How is your Tuesday morning? #Tuesday"},{"index":"410445089992097792","data":"Learn what most schools don't teach! http://buff.ly/IYGLSR  #coding #education #technology #STEM"},{"index":"412970399023251456","data":"Congrats! @stkatemlis: Congrats to our winter graduates! pic.twitter.com/2WlcVc25wV"},{"index":"412970474130640896","data":"Interesting approach! @arikaraji: How to raise awareness of sustainability issues? Use humour !!!  http://nyti.ms/1bCOrUM  &..."},{"index":"412970556989132802","data":"Very well said! @KSzajner: Connected education requires connected teachers! Are you connected? #ties13"},{"index":"412980766763917312","data":"If you haven't done so already, Like us on #Facebook! http://ow.ly/rbrQR  #socialmedia #STEM #college #education #students"},{"index":"412981822759641089","data":"New #Tech innovation! Would you buy one? http://buff.ly/1fBv9kw  pic.twitter.com/q1mUh6aH1o"},{"index":"413005918872543232","data":"Don't know which #STEM program is for you? Take the quiz! Check out our programs! http://buff.ly/19vweJo  #education #college"},{"index":"413031306461999105","data":"This is AWESOME! @STEM_Works: 2013 STEM News in Review Scavenger Hunt is up! C'mon, reminisce with us! http://ow.ly/rReTv "},{"index":"413402377233133568","data":"Check out our awesome #Pinterest boards! http://ow.ly/rbsUd  #socialmedia #creative #ideas #STEM"},{"index":"413355780356976640","data":"Help others by quickly solving their critical #technology needs! #STEM"},{"index":"413052147325214720","data":"Great share via @LPFI: Students delve into programming in #HourOfCode http://bit.ly/19ssj05 "},{"index":"413368644945838080","data":"Keep calm students! It's finals week! http://buff.ly/1c1aEx8  #college #education pic.twitter.com/ETbGUsSQDJ"},{"index":"413415986608738305","data":"Build, upgrade, and repair computers and other hardware! #Technology #STEM #tech #education http://buff.ly/1c1aKVz  pic.twitter.com/soIsEg4NPv"},{"index":"413421190062297088","data":"Don't know what STEM program to enroll in? Take a short assessment to see which program you should be in! http://buff.ly/1fn70xr "},{"index":"413688225136644096","data":"Google Glass Lets You Wink to Snap a Photo http://buff.ly/1c1cpKK  #googleglass #technology #innovation"},{"index":"413718170000969728","data":"This is awesome!! @Divdabble: @BlackGirlsCode @mashable I couldn't favorite this enough!!! I'm in my 30s but these girls inspire me to..."},{"index":"413706563405496320","data":"Smartphone App Uses Selfies to Check Your Cholesterol Level http://buff.ly/1c1cHBl  #technology #smartphone #app #selfies #innovation #health"},{"index":"413717940379607040","data":"Good guidance! Thanks for the share! @YouTernMark: 5 Key Google+ Tools that you may not be using yet by @mqtodd http://goo.gl/tHBKOG ..."},{"index":"413730796550512640","data":"The Universal Translator Is Real and Its Name Is Sigmo http://buff.ly/1fnbTqc  #Technology #innovation"},{"index":"413735762015039488","data":"Discover ways to help society by developing innovative materials used in the healthcare, pharmaceutical, agriculture, textile, &..."},{"index":"413783314395566080","data":"Did you know...Yahoo was involved in making the Siri app? http://buff.ly/18ZInpj  #technology #innovation"},{"index":"413778319600267265","data":"Does anyone use Viber? http://buff.ly/18ZIgdD  #technology #app #STEM #innovation"},{"index":"414068970153844736","data":"Amazing plate showing fossilized remains of Uintarcinus socials crinoids! Found at http://buff.ly/JIgJDK  #science pic.twitter.com/TyfFULTmha"},{"index":"414050591954845697","data":"Still have some people left on your Christmas list? Mac Pro goes on sale! http://buff.ly/1hokKcq  #Apple #mac #technology"},{"index":"414087115044319232","data":"Today's Question: How important is privacy to you? http://mprne.ws/rX8oo "},{"index":"414074409759281152","data":"Quick Infographic 101 breakdown for you via @GynzyUS: Infographics are everywhere, but do you – and your students – know how to read..."},{"index":"414074226145239040","data":"Wow. Great share! @thomsonreuters: CHART: The number of hacking attacks on U.S. businesses since 2005: http://bit.ly/1cFLVel "},{"index":"413718332802859008","data":"Great quote! I love it! @threejoy: “Education: learning to find your purpose. Upon finding your purpose: what did I learn?” \n― Bauvard..."},{"index":"414087916496109568","data":"Still have people on your Christmas list? Here's some awesome gift ideas via @techsavvymama: #STEM holiday gift! littleBits Kits Teach..."},{"index":"414087366744473601","data":"Have you gotten your #HourOfCode in today? #Coding #tech #computer"},{"index":"414087763898933249","data":"awesome! @msftcitizenship: #FollowFriday to youth #STEM super stars @FridayInstitute @washingtonstem @EDUCTO @DIYGirls"},{"index":"414089265023168512","data":"Excited to have some new followers! Thank you for following us @msftcitizenship @YouTernMark @STEMclubs @TheNextSiValley!"},{"index":"414089815916052480","data":"Great question! It's going to be a long journey, but we can do this! @janelmwrites: Q4: How can we change those existing..."},{"index":"414090248969551872","data":"Can I get some love from my #STEM peeps? Follow us on Facebook! https://www.facebook.com/IHCCSTEM  #SocialMedia #womenintech #Science"},{"index":"414081864471965697","data":"Work in a professional help desk and network administration environment! #career #technology #STEM"},{"index":"414090494508281856","data":"Exciting stuff. I really admire the work being done for this. @DavidWSeattle: Worth a very careful look: Well informed & ambitious new..."},{"index":"414089834282500097","data":"Calling all 2yr & 4 yr #cyber college students interested in getting hands-on experience, Apply here:  http://go.usa.gov/ZYDP "},{"index":"414140691015806976","data":"Amazing images of asteroid Vesta!! http://buff.ly/19B3TBA  #science #discovery #STEM"},{"index":"414093303555293184","data":"Eye cells can now be inkjet-printed..could lead to cures for certain blindness. http://buff.ly/19B3Wx6  #science pic.twitter.com/mWUgr9z6d0"},{"index":"414145749992349696","data":"DHS Announces Expansion of Cyber Student Volunteer Initiative | Homeland Security http://buff.ly/1fs9uun  #Student #volunteers #DHS"},{"index":"415112627166408704","data":"DHS announces 2014 Secretary’s Honors Program (SHP) #Cyber Student Volunteer Initiative for college students http://goo.gl/0ABzRV "},{"index":"414808251109101570","data":"My Daughter's Career in Tech: a Futurespective of a Life Yet to be Lived http://www.projecteve.com/marily-nika-tedx-script-my-daughters-career-in-tech-a-futurespective-of-a-life-yet-to-be-lived/ …"},{"index":"415158831657009152","data":"Everyone LOVES #food! Follow our #Pinterest Eat Science Board! #socialmedia #science http://ow.ly/rFy0h "},{"index":"415119261796163584","data":"Thanks for sharing! @ForbesTech: 14 bad tech habits to break in 2014 http://onforb.es/1jA3o0H "},{"index":"415137749382213632","data":"My Daughter's Career in Tech: a Futurespective of a Life Yet to be Lived - Project Eve http://buff.ly/1d3kHll  #Tech #womenintec #STEM"},{"index":"415180891334639616","data":"Acting Sect. Rand Beers \"DHS is excited SHP #Cyber Student Volunteer Initiative...increasing engagement w/ students” http://goo.gl/0ABzRV "},{"index":"415490820188684288","data":"Calling all 2yr & 4 yr #cyber college students interested in getting hands-on experience, Apply here:  http://go.usa.gov/ZYDP  #student..."},{"index":"415146334266880001","data":"The SHP #Cyber Student Volunteer Initiative has 100+ student volunteer assignments open @dhs_ice, @tsa @USCG, etc. http://goo.gl/0ABzRV "},{"index":"415491827144609792","data":"Stay warm out there #Minnesotans! #cold #winter #holiday"},{"index":"415508552317681664","data":"The SHP #Cyber Student Volunteer Initiative is developing next gen. #cyber leaders & talent. Apps close 1/3/14 http://goo.gl/0ABzRV "},{"index":"415515989888237568","data":"DHS’s SHP #Cyber Student Volunteer Initiative is meant to attract the best & brightest #cyber talent http://goo.gl/0ABzRV   #Student..."},{"index":"415566473701376000","data":"If you haven't done so already, Like us on #Facebook! http://ow.ly/rbrRq  #socialmedia #STEM #college #education #students"},{"index":"415902958233333760","data":"Wow!! That is exciting! @HuffPostScience: Astronomers say they may have spotted first alien planet http://huff.to/1d3o0sP "},{"index":"415864710048018433","data":"IHCCSTEM wishes everyone a Merry #Christmas! #holiday"},{"index":"415899910043860992","data":"The SHP #Cyber Student Volunteer Initiative volunteer positions begin spring 2014 & cont. thru summer 2014 Apply:  http://go.usa.gov/ZYDP "},{"index":"415904656288927744","data":"Space Walk #2 HAPPENING NOW!! Check it out! http://buff.ly/1g1raOs  #Science #Space pic.twitter.com/twoM0yPxq5"},{"index":"415905487037923328","data":"[PHOTO] Sunlight makes cool effect on chair leg http://buff.ly/19MbXPR  #science pic.twitter.com/QG4N2U4QQy"},{"index":"415940134409084928","data":"SHP #Cyber Student Volunteer Initiative is offering volunteer #cyber assignments @ 60+ DHS nationwide locations http://go.usa.gov/ZYj5 ..."},{"index":"416082320626814976","data":"The SHP #Cyber Student Volunteer Initiative is developing next gen. #cyber leaders & talent. Apps close 1/3/14 http://goo.gl/0ABzRV "},{"index":"415925084608794624","data":"Check out our awesome #Pinterest boards! http://ow.ly/rbsUH  #socialmedia #creative #ideas #STEM"},{"index":"415952603915493376","data":"Did you get a iPad for Christmas? Here are 11 Best Apps to download! http://buff.ly/19Mc127  #tech #Christmas #present #App"},{"index":"415563865427279872","data":"#Cyber Students, do you desire to protect & secure our Nation while building a rewarding career? Apply http://go.usa.gov/ZYDP  #students..."},{"index":"416192288369684480","data":"Sounds like good news to us! Awesome! @TechCrunch: Code․org: 2 Weeks And 600M+ Lines Of Code Later, 20M Students Have Learned An \"Hour Of..."},{"index":"416192430040707072","data":"This is something EVERYONE should read and know. Thanks for the great share via @lifehacker: Worried about card skimming at the gas pump?..."},{"index":"416224952225120256","data":"[PHOTO] Beautiful Glacial Cave in the Canadian Rockies. http://buff.ly/19jMVXX  #discovery #landscape #glaciers pic.twitter.com/NDR5drqZMx"},{"index":"416242143515398144","data":"#Cyber students in SHP #Cyber Student Volunteer Initiative will work w/ DHS #cyber professionals to gain invaluable hands-on experience"},{"index":"416315054213300224","data":"Want to feel like a \"superhero\"? Smart Glasses will give you that \"power.\" http://buff.ly/1hGDLqB  #tech #SmartGlasses #superhero #innovation"},{"index":"416267246718427137","data":"Are you a big gamer? 6 exciting gaming trends to watch for in 2014. http://buff.ly/1hGDHHm  #tech #game #innovation #2014"},{"index":"416243300770021376","data":"Have you ever wondered how many bacteria live in your body? http://buff.ly/19jN9y8  #facts #science #health #biology"},{"index":"416320159524352000","data":"Do you take multivitamins? This study shows that they may be a waste of money. http://buff.ly/1hGEQig  #multivitamins #health #science"},{"index":"416323946699816961","data":"Looking for some experience? DHS is now taking applications for their 2014 Secretary's Honor Program (SHP) Cyber Student Volunteer..."},{"index":"416195744358760448","data":"Great list! @edworkspartners: Top Scientific Discoveries of 2013 http://edwks.org/0_t  via @wiredscience #Science #STEM"},{"index":"416594430465167360","data":"SHP #Cyber Student Volunteer Initiative allows #college students to gain experience in exciting #cyber fields like cyber threat analysis."},{"index":"416633492202868737","data":"Make an impact; Apply to 2014 Secretary’s Honors Program #Cyber Student Volunteer Initiative for college students http://go.usa.gov/ZYDP "},{"index":"417489054620336128","data":"What Makes Girls Fall In Love With Computers And Code? http://techcrunch.com/2013/12/29/what-makes-girls-fall-in-love-with-computers-and-code/?ncid=twittersocialshare … via @techcrunch"},{"index":"416660805112053760","data":"#Cyber Students, do you desire to protect & secure our Nation while building a rewarding career? Apply http://go.usa.gov/ZYDP "},{"index":"417674487703023616","data":"What makes girls fall in love with computers and code? http://buff.ly/JENdi8  #coding #computers #tech #womenintech"},{"index":"417691744458010624","data":"The SHP #Cyber Student Volunteer Initiative has 100+ student volunteer assignments open @dhs_ice, @tsa @USCG, etc. http://goo.gl/0ABzRV "},{"index":"418045397744230402","data":"Make an impact; Apply to 2014 Secretary’s Honors Program #Cyber Student Volunteer Initiative for college students http://go.usa.gov/ZYDP "},{"index":"417692835656519680","data":"Don't know what #STEM program you want to enroll in? We can help! Take this survey to find out! http://buff.ly/18TAdkJ  #college #education"},{"index":"417717134144569344","data":"Google's Chromebooks have hit their stride - http://buff.ly/JENB04  #Google #tech #Chromebook"},{"index":"418138318170521600","data":"Happy New Year's Eve!"},{"index":"418114581710782464","data":"If you haven't done so already, Like us on #Facebook! http://ow.ly/rbrSl  #socialmedia #STEM #college #education #students"}]