[{"index":"10004229770969088","data":"Para los amantes del golf en España, @golfinspaincom, 4 golf in spain offer"},{"index":"10739182104","data":"Restaurantes de Marbella ofrecen regalos a sus clientes http://www.20minutos.es/noticia/655503/0/ #marbella"},{"index":"101237515125669888","data":"cc.@gelesramirez RT @nuria00: A ver jiennenses de mi TL. Pregunta: ¿es cierto que allí utilizais la expresión \"la siesta del cerdo\"? O_O"},{"index":"10361702633701376","data":"estoy en Andalucia Golf viento temas de marketing online"},{"index":"108597425781997569","data":"@RaquelGCano el caso es que eres muy alta, Uy, perdona, perdona :)"},{"index":"11137612806885376","data":"Novodeporte :: Noticias sobre la actualidad deportiva - Clases de Golf en Marbella. http://bit.ly/eZAL72"},{"index":"112111530207744001","data":"Necesito un tr"},{"index":"10867301349","data":"I'm at Marbella Golf & Country Club (Marbella Golf and Country Club, Km 188, Marbella M, Marbella). http://4sq.com/9MOk4L"},{"index":"10867300571","data":"I just unlocked the \"Newbie\" badge on @foursquare! http://4sq.com/bbCB4A"},{"index":"112111887465975808","data":"Necesito traducir una web a Aleman, alguna sugerencia?"},{"index":"113645724788473856","data":"@PepeluNOVO vale no he dicho nad del enlace, sí que funciona :)"},{"index":"115902872092295168","data":"@AntonioConde Mil gracias por el RT.Espero que te haya gustado el nuevo post de mi blog samucadenas.wordpress.com sobre #Golf&Marketing"},{"index":"114661191774765056","data":"Tania -10 bajo por el 13. Lanzada a por el @Openfemenino en @LaQuintaGolf @beckybrewerton -5 juega por la tarde"},{"index":"118636660756975616","data":"Menos mal que las mentiras tienen las patas muy cortas...\"Valle Romano Golf, pionero en la reserva de Green Fees a través de Facebook\""},{"index":"121210355316822016","data":"@andalucianet @dondejugargolf Si se pueden hacer reservas completamente on line en la costa del Sol! http://www.andalucia.org/golf/busqueda/ ,"},{"index":"121501656738299906","data":"@LasBrisasGolf bienvenidos a este invento llamado twitter"},{"index":"121855336679350272","data":"Comienzan las Jornadas de golf y Medio ambiente #golfyMA http://yfrog.com/meqvvtj "},{"index":"12408511350710272","data":"Hoy estaré por aquí,  buenos días!"},{"index":"121911918700146688","data":"I like it :) http://www.cronicagolf.com/todos-los-secretos-de-las-fotos-de-belen-mozo-en-the-body-issue/ …"},{"index":"12601557635","data":"Programas de Fidelidad que desfidelizan - http://tr.im/Vmpv (via @albertbarra)"},{"index":"12450332554563585","data":"@AntonioConde lo del \"viento\" es por parte meteorologico de hoy o simplemente un lapsus..."},{"index":"126206431270678528","data":"@Mlle_Parisienne Así me gusta, que mis alumn@s estén conectad@s y activ@s #CIOMIJAS"},{"index":"126215222267621377","data":"@raquel_hita genial :) eso, eso, pasadlo bien ahora para que podéis, que cuando lleguen mis clases no serán tan divertidas :("},{"index":"126215433727647744","data":"@Patricia_RG88 esa delegada, ahí dando ejemplo de conectividad... :)"},{"index":"126214382337273858","data":"@antonioconde tus alumnos de #Golf te saludan :)) Tenemos masterclass de twitter! #formacion #ciomijas @ciomijashoy"},{"index":"126621059540725760","data":"@NoeliaBv bonita foto de perfil :)"},{"index":"126581803057287168","data":"@EstefaniaGomezG bienvenida :)"},{"index":"127145305861926913","data":"@carpioji cuando tweetees te follow :)"},{"index":"126219550739017728","data":"siguiendo a @valleromanogolf @LaQuintaGolf @Arqueros_Golf @FINCACORTESIN @Guadalmina_Golf @MarbellaGolfCC"},{"index":"12894866644144128","data":"Nueva web de las asociación de de campos de #golf de #Marbella http://www.marbellagolfdestination.com"},{"index":"12805640359514112","data":"@SantanaGolf Hay gente pa tó!!  ;D"},{"index":"128574435153297408","data":"@RaquelGCano hoy estás q lo tiras, q cantidad de contenido!!!! :)"},{"index":"128572188663091200","data":"@LaQuintaGolf Pues si!! :( LLevo dos semanas sin poder ir por temas médicos.. :( Sin duda una de las clases más importantes y productivas!"},{"index":"128575915629346816","data":"@RaquelGCano a mi me pasa igual, y cuando las miro.... es lo q tiene esto de tener que trabajar pa vivir, snif snif"},{"index":"129689733499588608","data":"Gracias @AntonioConde  por el forum de hoy, organizado por @AAGGOLF en #AntequeraGolf MUY interesante. pic.twitter.com/8KqqOiGW"},{"index":"13285654150520832","data":"Hemos quedado segundos en el torneo de touroperadores de Los Naranjos a pesar del cachondeo general de twitts por parte de algunos"},{"index":"141521237238222849","data":"Pero esto que es? Noviembre o Julio? Gran dia para el golf en @luminegolf :)"},{"index":"13177220923129856","data":"Hoy jugamos en Los Naranjos en Marbella. Nublado. Motocaddy y yo no nos llevamos bien, a cambiar x carrito de mano en el 9."},{"index":"14216526099","data":"Ahora podéis seguirme en @marbellagolfcc que es la cuenta que gestiono actualmente como Director Comercial del campo. Un abrazo a todos!!"},{"index":"143988732150808576","data":"Por fin! RT @jmtorre: Leyendo \"Toni Cantó renuncia a que el Congreso le pague Internet en casa y dietas de alojamiento\" http://mun.do/uI48rL "},{"index":"14673005691019264","data":"Gracias  @ovidiov , estaba pensando en renovar mi vieja BB por un nuevo Iphone, pero me acabas de sacar de dudas!!!"},{"index":"141522022143492096","data":"@luminegolf :) http://yfrog.com/kljrpuhj "},{"index":"14676077515374592","data":"@AntonioConde y ya no digamos si quieres twitter jugando porque con el guante puesto es una odisea"},{"index":"147068507023097857","data":"De la vida????“@MNunezSanjuan: Mañana clases de Gestion Comercial en @ciomijashoy con nuestro tutor @AntonioConde."},{"index":"15407840692801537","data":"@AntonioConde a lo que le añaden siempre eso de..\"en otra farmacia me lo dan...\" y les pregunto con respecto porque vienen a la mia..."},{"index":"1570653924753408","data":"No puedo estar más de acuerdo RT @JHAguiran: \"El Benchmarking Es Un Error\" http://bit.ly/bTBZeJ Inspiradoras leciones de Peters,Jobs y Godin"},{"index":"15407091837566977","data":"Señoras de 60 años que quieren un farmaco para que se exige receta: \"pero demelo si no nos ve nadie\"...NOT"},{"index":"1571096201527296","data":"Buenos dias! K tal el finde? Voy a esforzarme escribir mas en espanol tambien. Gracias a @AntonioConde para mencionarlo! ;)"},{"index":"154638866152824833","data":"Tom Lewis, Novato del Año del Tour Europeo - Andalucia Golf Digital http://www.andaluciagolf.com/noticias-golf/tom-lewis-novato-del-ano-del-tour-europeo … via @Andalucia_Golf"},{"index":"15713336918286336","data":"Sierra Nevada abre este fin de semana 55 kilómetros esquiables http://bit.ly/hgQIYH"},{"index":"162242939379138560","data":"El Club Porsche España visita las instalaciones de Montenmedio Golf & Country Club http://www.montenmedio.es/es/actualidad/porsche-club-of-spain-visits-montenmedio-golf-country-club … via @montenmedio"},{"index":"165452043228680192","data":"Mañanas altamente productivas que te alegran el día :)"},{"index":"15715238015934464","data":"@AntonioConde nosotros\nMantenemos abiertas nuestras playas... Con muchos muchos km"},{"index":"165456817143545856","data":"Insufrible los mensajes políticos en twitter, ni aquí nos dejan tranquilos.Unfollow a todo aquel que me de el coñazo,en 3,2,1... #nopolitica"},{"index":"165454257447903232","data":"Fantástico RT @ciomijashoy: un resumen en imágenes de la \"Jornada de Convivencia con ASPANDEM\" http://www.facebook.com/media/set/?set=a.10150532387882408.384507.260122867407&type=1&l=aa1b82b8c2 … ¡Un día muy especial!!"},{"index":"16771123395952640","data":"Necesito diseñador web en joomla en Marbella #empleo"},{"index":"16771728906657792","data":"Joomla website designer in Marbella #job"},{"index":"16826118296309760","data":"Hola @AntonioConde , ¿qué tal todo por Marbella? ;)"},{"index":"16831361973223426","data":"@AntonioConde yo diseño webs en joomla :D"},{"index":"169673142606893056","data":"Comenzamos el dia y para Barcelona... http://yfrog.com/nt7urquj "},{"index":"16839604715921408","data":"@AntonioConde desde ten-golf.com que ya tiene un par de años hasta emergentes.org a stellalosada.es, nuriaroca.tv"},{"index":"17152701792002048","data":"@AntonioConde porque joomla precisamente??"},{"index":"169676600475000832","data":"@AntonioConde buen viaje"},{"index":"169713060544651264","data":"@AntonioConde Buen viaje! :)"},{"index":"172371721410723840","data":"Última semana en @secuoyas Os voy a echar de menos! En marzo empiezo un nuevo proyecto Ya os contaré!"},{"index":"172433358951948288","data":"@AntonioConde q tal todo por allí? Family?"},{"index":"176290602894376960","data":"@ManuelNunezS @AntonioConde más bien que lees el periódico en vez de estudiar no? jajaja"},{"index":"176675475882647553","data":"@RaquelGCano ni idea, pero es un viaje alucinante"},{"index":"172396368726458369","data":"@AntonioConde ya te contaré en un par de semanas! :-)"},{"index":"178770445368168448","data":"@AntonioConde un saludo Antonio"},{"index":"187205075607896067","data":"@DenisDulici Hi, I've read that you solved 3 years ago the eventlist registration with joomsef. Is it available anywhere?"},{"index":"178940771989336065","data":"@AntonioConde todo bien por acá, trato de hacer lo que nos enseñaste"},{"index":"187211913191632897","data":"@AntonioConde gracias por tu charla en el seminario de marketing turístico en Ciomijas! ya logré entender un poco el mundo del golf!1saludo!"},{"index":"189318263421931520","data":"@antonioconde here you have it http://ow.ly/d/zyk "},{"index":"189262137791741952","data":"@antonioconde that is a long time, any link to read what happened?"},{"index":"195421870747684865","data":"En la Jornada #MarbellaEmprendedora, a ver si se me pega algo... :)"},{"index":"197632855348744192","data":"Sentado en esta terraza de Finca Cortesin, tengo la sensación de que a esto puedo llegar a acostumbrarme :)"},{"index":"195424273958060032","data":"De momento politiqueo, de esto mejor q no se me pegue nada #MarbellaEmprendedora"},{"index":"197628410976145408","data":"Impresionante lo de @FINCACORTESIN , o no? http://yfrog.com/nv6rpspj "},{"index":"197633483026341888","data":"@AntonioConde no te puedo enviar mensajes, si estoy aqui, porque?"},{"index":"197635040555966464","data":"Y del interior del bar que me decís..? http://yfrog.com/h6q6ylhj "},{"index":"197991133245218817","data":"Siempre que vengo a @luminegolf todo perfecto, clima, estado del campo, servicio http://yfrog.com/h3ib7rwj "},{"index":"198482912415453184","data":"@AntonioConde muchas gracias por el RT"},{"index":"1999622486626304","data":"No te pierdas esta tarde #Marbella Golf en Andalucía Directo.  Han estado grabando la demolición del hotel de 9 plantas http://bit.ly/adNYdf"},{"index":"200332383285809153","data":"Qué alegría que la #EuropaLeague se quede en #ESPAÑA :), aupa Atleti!!!"},{"index":"204115072782565376","data":"Ya se que no soy imparcial, pero la cobertura que se está haciendo del #volvocortesin2012 desde @FINCACORTESIN  es fantástica :)"},{"index":"205999015442120705","data":"Siguiendo a un crack del mundo del golf y a pesar de ello amigo mio, @Mr_Fairway"},{"index":"206042543635439618","data":"Con @golfparatodos en @MarbellaGolfCC pic.twitter.com/1diq3Mm3"},{"index":"212501602345553920","data":"Un canario en la corte del golf mundial http://lavozdetenerife.com/not/16931/un_canario_en_la_corte_del_golf_mundial/ …"},{"index":"206051248535904260","data":"Y si no te lo crees @golfparatodos , mira q vistas del hoyo 8 @MarbellaGolfCC pic.twitter.com/EthwpP28"},{"index":"206049949333458946","data":"@AntonioConde echa un vistazo http://www.golfparatodos.es/blog/control-de-pensamientos-negativos-en-golf/ …"},{"index":"219720843096367105","data":"@golf_spain un par de campos me han comentado que no han recibido respuesta para recuperar sus cuentas de twitter, es posible?? saludos."},{"index":"212201897543741441","data":"Acertadísimo y recomendado post de @ovidiov en http://www.fueradelimites.com/opinion/dos-escenarios-de-lanzamiento-de-jabalina-cual-es-mas-logico … La evolución del golf alargando los campos cada vez más = error"},{"index":"220117535431983104","data":"Parece que @golf_spain ha dejado d devolver a los campos de golf las cuentas d twitter q registró en su nombre http://goo.gl/Garud "},{"index":"220121376114229248","data":"@Andalucia_Golf @AntonioConde Hola Antonio, no usamos casi nunca estas cuentas. como dijimos,el que las quiera que nos envie mensaje directo"},{"index":"220875491433914370","data":"The 18 Most Annoying Golf Partners: Golf Digest http://www.golfdigest.com/golf/humor/18-most-annoying-golf-partners?slide=18&mbid=social_retweet … via @golfdigestmag"},{"index":"220122875460468736","data":"@AntonioConde Por favor, que sea via mensaje directo por twitter. tenemos que comprobar luego la veracidad del que lo solicita."},{"index":"220125000022241280","data":"@AntonioConde ok, nos podeis enviar el email aqui golfspaintweets@gmail.com  lo revisaremos una vez a la semana.\nsaludos."},{"index":"223011384361893888","data":"@AntonioConde ok, nos podeis enviar el email aqui golfspaintweets@gmail.com  lo revisaremos una vez a la semana.\nsaludos."},{"index":"227339685016514561","data":"¿Habrá tenido tiempo el Gobierno de cambiar de opinión sobre la subida del IVA al 21%?, ¿qué opinión tenéis?"},{"index":"225599257699303424","data":"“@AntonioConde: @Andalucia_Golf @ovidiov Bueno chicos, pues @golf_spain sigue sin dar señales de vida...”venga venga, hagamos las cosas bien"},{"index":"228147062338891776","data":"El IVA al 21% hundiría nuestro destino de golf - Andalucia Golf Digital http://www.andaluciagolf.com/noticias-golf/el-iva-al-21-hundiria-nuestro-destino-de-golf … via @Andalucia_Golf"},{"index":"227337503852605440","data":"¿Habrá tenido tiempo el Gobierno de cambiar de opinión sobre la subida del IVA al 21%?, ¿qué opinión tenéis?"},{"index":"223354521982746624","data":"RT @antonioconde: @Golf_Spain ha dejado d devolver a los campos de golf las cuentas d twitter q registró en su nombre http://goo.gl/Garud "},{"index":"23109720965386241","data":"@AntonioConde tiene 5 años ..."},{"index":"22978539175288832","data":"El swing de mi hijo Lucas...que me acaba de enviar el profe vía Whatsap.... http://bit.ly/gOl8FH y subido a vimeo"},{"index":"232858550832074752","data":"Gente llorando en el Chiringuito viendo el ejercicio de la pareja española en natación sincronizada. Ya lo dije, era conmovedor verlas. Óle!"},{"index":"232860147242905601","data":"@NoeliaBv q bien vivimos..."},{"index":"237805702503071744","data":"Que agradable sorpresa, esperando en Acosol Marbella, me encuentro un ejemplar de @Andalucia_Golf para amenizar la espera... :)"},{"index":"24557040647016448","data":"José Luis Hernández asegura que 2010 ha marcado \"un punto de inflexión\" en la imagen de Marbella http://www.teleprensa.es/malaga-noticia-267360-Jos26eacute3B-Luis-Hern26aacute3Bndez-asegura-que-2010-ha-marcado-26quot3Bun-punto-de-inflexi26oacute3Bn26quot3B-en-la-imagen-de-Marbella.html?sms_ss=twitter&at_xt=4d2b660867b8270c,0 … via @AddThis"},{"index":"251597875572789248","data":"RYDER CUP Size Matters: Europe v America driving statistics from the tee http://www.golfblogger.co.uk/post/ryder-cup-size-matters-europe-v-america-driving-statistics-from-the-tee-7c7 …"},{"index":"25174392199708672","data":"Bienvenido a mi timeline Mr. @_jamaicas"},{"index":"25810720800","data":"acabo de  descargar mi entrada gratuita para las conferencias del webcongress. Gracias @eautonomos !"},{"index":"237806016346087424","data":"Vease el ejemplar... @Andalucia_Golf pic.twitter.com/T5b1XOTp"},{"index":"25875005035","data":"Nuevo sorteo en la web de #Marbella Golf. Gana 2 Green fees + Buggy sólo por encontrar la rana de Marbella Golf http://bit.ly/cVhqZE"},{"index":"25811976537","data":"Pues despues de tanta espera...la nueva version de twitter tampoco es que me maraville, ademas he tenido que retocar diseño de pagina"},{"index":"251764051133202432","data":"\"@IsraelGolflog: Bien Nicolás. Cómo ha cambiado la mentalidad del belga desde su triunfo en @fincacortesin\""},{"index":"25875049208","data":"New edition of the Frog contest at Marbella #Golf Website. Win 2 Green fees + Buggy just finding the Marbella Frog http://bit.ly/auUKVd"},{"index":"26069414144","data":"El tweet sobre \"mi primer libro\" se refiere al libro de @javiervelilla Yo no he publicado nada! :-) es lo malo d compartir dsd reader!"},{"index":"26069732115","data":"@AntonioConde q tal todo?"},{"index":"26064841503","data":"Viendo estadisticas de algunos portales de golf españoles...que no somos nosotros ni @tengolf y sinceramente no los puedo entender"},{"index":"26220066127220736","data":"http://bit.ly/TGTJan11%20"},{"index":"261444040799711232","data":"No se como no se le ca la cara de vergüenza a Arturo Bernal decir esto con el desamparo del golf con el IVA http://bit.ly/Tc8sVF "},{"index":"26359996254","data":"Jimenez Gracias por hacernos sentir orgullosos de  ser Europeos..y por supuesto españoles!!!!"},{"index":"26627111777","data":"En Cominidad Turistica de Andalucia, aun NO SE PUEDE PARTICIPAR, \"Proximamente disponible. Disculpe las molestias\" .  De verdad que ..."},{"index":"26635169262","data":"@ovidiov @digitalmeteo  bueno con genial va bien, el muy se me ha colao..."},{"index":"26627181981","data":"Me da a mi que esto de la Comunidad  Turistica es un nuevo caso de \"vendida de moto\" de los amigos de Telefonica a la Junta. Espero que no."},{"index":"26635761823","data":"@LAGUIAW como sugerencia os diría que marqueis cada tweet con la LOCALIDAD donde está el restaurante. y si poneis # por delante mucho mejor"},{"index":"26635092467","data":"@ovidiov @digitalmeteo yo lo voy a votar y no tengo ninguna deuda pendiente, me parece muy genial.  Del mejor todavía deportivo tengo dudas."},{"index":"26724464543","data":"Vaya tela de amanecer que tenemos hoy en #Marbella. (el campo de Golf es el de La Quinta). buenos días http://yfrog.com/mtqs3kj"},{"index":"26725606126","data":"Parece que a Antoñito también le ha emocionado el amanecer...madre mía http://yfrog.com/n3hkpbj"},{"index":"26724687673","data":"@AntonioConde Hola, no me sigues, no te puedo contestar al DM :-)"},{"index":"26738575015","data":"En Marbella Golf estamos disfrutando de la visita de Antonio!!!"},{"index":"27010367369","data":"El #amanecer  de hoy en #Marbella es \"azul\" bonito verdad?  Today Marbella's daybreak is blue... Buenos días! http://yfrog.com/jnlybsj"},{"index":"26765629778","data":"I'm at Urbanización Buenavista de la Quinta (Benahavís). http://4sq.com/bZNK7h"},{"index":"27017979690","data":"RT @tonapou: RT @evapatriciagil: ¿Tienes 1 idea d app q pueda ayudar a mujeres x menos d 2$/día? http://bit.ly/cKAVm0"},{"index":"27014766859","data":"Nuevo post Primer Premio en los “Premios Blogosfera de Marketing 2010” http://bit.ly/bSSqHL :-)"},{"index":"27018276436","data":"@AntonioConde hola, estás desaparecido en combate. Mándame un mail y me dices como va todo. Cursos: ESIC, San Telmo"},{"index":"27023404210","data":"habéis visto alguna de estas? RT @myspain: Sneaky camouflage speed cameras in Spain! http://www.myspain.es/forum/motoring-spain/40365-sneaky-camouflage-speed-cameras-spain.html …"},{"index":"27255985366","data":"Andy Stubbs remarca la importancia del #benahavis Masters porque hay varios jugadore disputando el circuito"},{"index":"27223891038","data":"¿No os parece que en vez de tanto canal basura en TDT seria bueno que apareciese un canal (de pago o no) temático de golf? Amen de otros..."},{"index":"27224420047","data":"Yo tambien RT @AndaluciaCTCD: Estoy convencido de las potencialidades de #Almería http://bit.ly/aQZznv  #deporte #Andalucía"},{"index":"27255648590","data":"En la rueda de prensa del Benahavis sEnior Masters, Borja Pascual hablando http://plixi.com/p/50421219"},{"index":"27256082455","data":"Con posibilidades de ganarlo quiero decir :)"},{"index":"27256831000","data":"Don Manuel Piñero destaca el nivel del senior Tour, y agradece al personal de la quinta el estado del campo   http://plixi.com/p/50423186"},{"index":"27256313294","data":"Jose Antonio Mena, alcalde de #benahavis agradece especialmente al PGA, la Quinta y Manuel Piñero el apoyo"},{"index":"27256567819","data":"Carlos Roca presidente de la PGAe habla de SNAG golf como herramienta de fomento del golf,y del éxito de esta mañana con 77 niños #benahavis"},{"index":"27538195622","data":"I'm at Urbanización Buenavista de la Quinta (Benahavís). http://4sq.com/bZNK7h"},{"index":"27620296464","data":"Lo compro! RT @tristanelosegui: The Tristán Elósegui Daily is out! http://bit.ly/bMwDl1 ▸.Today by @smmguide @joanka68 @jlori @wwwhatsnew"},{"index":"27538195669","data":"I just became the mayor of Urbanización Buenavista de la Quinta on @foursquare! http://4sq.com/bZNK7h"},{"index":"27620538528","data":"Esta semana comenzamos un nuevo proyecto el Primer Circuito Infantil de Golf Costa del Sol, invitamos a todos los que …http://lnkd.in/tdtH46"},{"index":"27731360926","data":"vaya tela los comentarios que dejan los jóvenes en @lovasalograr. Entiendo las situaciones, lo que no entiendo son las actitudes"},{"index":"27734628299","data":"Dándole los últimos retoques a la presentación del jueves para los Gerentes de Campos de Golf de Marbella http://bit.ly/c6jmwj"},{"index":"27717597602","data":"@AntonioConde :-) Q tal?"},{"index":"27730826320","data":"de verdad, me cuesta entender que se gaste dinero público en esto. http://bit.ly/auVI51"},{"index":"27758577084","data":"@rogercasas @pilarlobo  @AntonioConde @cuasante lo del pago a 90 dias en un restaurante parecñia coña... pero es real"},{"index":"28049858603","data":"Éxito en la Jornada de de Marketing online para Gerentes de Campos de Golf, ninguno se ha dormido! No en serio gracias a todos!"},{"index":"27776928389","data":"@cuasante igual es que esos directamente no pagan ni a 90, ni a 120,...o los fines de semana friegan. @formentera6 @pilarlobo @rogercasas"},{"index":"278890527833862145","data":"Gran profesional! MT @AndaluciaGolfTv\nEntrevista a @AntonioConde tutor de Gestión de Campos de #golf #creamosescuela http://andaluciagolftv.net/?p=87 "},{"index":"28774956805","data":"I need to install an IP WebCam in #Marbella. Anybody can recommend me a good supplier?"},{"index":"28774920754","data":"Necesito instalar una IP WebCam en #Marbella. ¿Alguien me puede recomendar un buen proveedor?"},{"index":"28968026130","data":"En la jornada 'Turismo de Golf en la Costa del Sol'. De momento muchas chaquetas y corbatas. No sé si están muy alineados con el target.. ;)"},{"index":"29291988724","data":"Visite TMRC - Málaga Nov-2010 en amiando en http://www.amiando.com/tw/tmrc_malaga_nov_2010/295360492"},{"index":"29548153319","data":"Hace un minuto en #Marbella. Buenos días!!! http://yfrog.com/4xwcbj"},{"index":"29407102643","data":"@andalucia_com Es un placer estar en contacto con vosotros. Sin duda una de las web que mejor nos funciona en marketing online de Andalucía"},{"index":"29548182891","data":"Just  2 minutes ago in #Marbella. Good Morning! http://yfrog.com/4xwcbj"},{"index":"29920335751028736","data":"@AntonioConde  gracias por el rapido RT!!"},{"index":"30546416115916800","data":"Curso de golf especial para mujeres en Marbella http://www.cronicagolf.com/curso-de-golf-especial-para-mujeres-en-marbella/ … via @cronicagolf"},{"index":"306034254473732096","data":"Aquí sigo, pensando, creando, luchando...no me equivoqué al dedicarme al mundo del golf. Gracias"},{"index":"28774806282","data":"RT  No investigues el mercado, pregúntale a tu cliente @turismoandaluz: ¿Sirven las investigaciones de mercado?: http://wp.me/pek7f-Rv"},{"index":"306029356625559553","data":"Aquí sigo, pensando, creando, luchando...no me equivoqué al dedicarme al mundo del golf. Gracias"},{"index":"31293277277782016","data":"El equipo español ha conseguido su quinto triunfo en el Cuadrangular de Costa Ballena (Cádiz), que ha consumido su... http://fb.me/yJm6VxIt"},{"index":"31293512964120576","data":"Nuevo post escrito y programado para el Domingo! :-)"},{"index":"31306510504034304","data":"@AntonioConde jajaja! Xo si no es conversación Es 1 post! Y los q postramos tenemos 1 vida a parte! No puedes estar conectado todo el día!"},{"index":"31299127086157825","data":"@AntonioConde es algo muy normal!  T crees q la gente publica \"a mano\"? El 70-80% están programados! :-)"},{"index":"31305084189020160","data":"@AntonioConde jajaja! Xo si no es conversación Es 1 post! Y los q postramos tenemos 1 vida a parte! No puedes estar conectado todo el día!"},{"index":"31331508081922048","data":"@AntonioConde jajaja! Estoy currando,... Además paso d entrar a los capotes q me pones! :-P"},{"index":"31784637265092609","data":"Y sigue lloviendo con fuerza!!! Ea como so hubiese teletranspotado mi casa a Galicia!!!"},{"index":"31785970818879488","data":"@AntonioConde si yo estoy encantado!!! Eso si preocupa porque estas tierras no estan preparadas para tanta agua que ha caido"},{"index":"31787158855491584","data":"@AntonioConde si si preguntale a tu greenkeper a ver si dice lo mismo!!!"},{"index":"33232949058998273","data":"Visite TMRC - Málaga - Febrero 2011 en #amiando en http://www.amiando.com/tw/tmrc_mlg_febrero_2011/286049534"},{"index":"320054998375489537","data":"@HerreraenlaOnda cortesano cortesano....hoy por la mañana..."},{"index":"33233818035044352","data":"Y bien hecho por @Isladegolf que ya deja reservar tee times vía facebook!!! http://on.fb.me/fevfgV"},{"index":"33243817838776320","data":"@AntonioConde @ovidiov si, un enlace en FB en una pestaña aparte que te lleva al motor de reservas"},{"index":"33235408494133248","data":"@AntonioConde si pero al menos ya se da la posibilidad de se cierre la reserva si has entrado por fb..Nervioso por vuestro siguiente paso?"},{"index":"33827610874216448","data":"@antonioconde solucionasteís el tema de la web?"},{"index":"34960667479904258","data":"@PlasenciaGolf Miguel Angel, estaría bien ponerle a este perfil otro nombre que no fuera Miguel Angel...no? ;)"},{"index":"35432945019789312","data":"tambien llueve en las palmas http://www.facebook.com/photo.php?fbid=10150396864580512&set=a.293806945511.332088.704270511"},{"index":"34972735784497152","data":"@AntonioConde no me dijiste si a tu greenkeeper le habia llegado el agua... Al mio si 330 en dos dias... Eso si la preferia en dos meses"},{"index":"338564075841798144","data":"Industry Experts Unveil ‘Golf’s Ultimate Travel Search Engine’ - GOLF BOO - http://bit.ly/11nxtHo  #GolfBusinessNews @eGolfBusiness"},{"index":"36162735553118208","data":"@AntonioConde bufff pues esta va a ser muy buena!!! @JorgeCallaway es quien gobierna @twittourgolf !!! Y no se si queda alguna plaza libre"},{"index":"36161097794854912","data":"@golfinspain hombre en tu caso esta claro que la gente puede conocer golfinspain para sus futuros viajes, poner una cara a la compañía.."},{"index":"36169482598756352","data":"@AntonioConde @jorgecallaway @twittourgolf quedada twitera de golfistas twitteros con golf y cordero por ir a Lerma"},{"index":"365833836212400130","data":"Negocios digitales de éxito: En busca del long tail. @GOLFBOO http://www.royalcomunicacion.com/blog/marketing/negocios-digitales-exito-long-tail/ … … vía @royalmktschool"},{"index":"370621215301705728","data":"Uyuyuy......Yahoo! adelanta a Google http://cort.as/5RKI "},{"index":"37093876078477312","data":"OMEGA TV spot welcomes golf back to the Olympic Games http://www.youtube.com/watch?v=V3-dhPZmbOA"},{"index":"367986583422922752","data":"Esta es la casa que tendremos @bebecharlo00 y yo cuando nos forremos con el hotel de perros pic.twitter.com/IUyD2lRRwf"},{"index":"36791257367842817","data":"siguiendo a gente del @twittourgolf que me faltaban por seguir @inigourbano @abarbero y @antonioconde y que conoceré en Lerma ;o)"},{"index":"370992094212804608","data":"Steve Ballmer dejará el mando de Microsoft antes de un año http://cort.as/5SvZ "},{"index":"3711245258","data":"Revisando la web de La Quinta con Fabio, http://www.laquintagolf.com/golf.html"},{"index":"3712265477","data":"Visite Monday Reading Club Septiembre en amiando en http://www.amiando.com/mondayreading09"},{"index":"37456493532028928","data":"@Jim_Hutton686 Que tal Jim! Keep in contact! ;)"},{"index":"374524437842108416","data":"@RaquelGCano F E L I C I D A D E S  !"},{"index":"37640799520960512","data":"@AntonioConde Todo tuyo si lo deseas Antonio. Gracias x el apunte, @ovidiov"},{"index":"37641318884712448","data":"@Jim_Hutton686 ok! Poke me when you are over"},{"index":"37645114482491392","data":"Yo también acabo de confirmar mi asistencia en Lerma @twittourgolf #twittourgolf"},{"index":"37810020615847936","data":"@Todosseguros Estamos en contacto, saludos!"},{"index":"40137782479421440","data":"Que rollo esta gente de @GolfBPartners!!! primero en linkedin, despues en facebook y ahora por twitter. Que cansinos..."},{"index":"37892390467538944","data":"Like: @ovidiov: los amigos del Gerente de La Grajera deberian decirle lo molesto q es la web con sonido!pq es una buena razon para cerrarla"},{"index":"410053239712018434","data":"Todavía no me creo que en Andalucía nos hayan obligado a parar a las empresas durante 4 días tal y como está el patio #estonotienearreglo"},{"index":"41038584383418368","data":"Hi @darrenram, thanks and keep in touch!"},{"index":"41260750320177152","data":"Que grande Jimenez: \"cuando estoy jugando bien no tengo miedo de nada\" a por ellos!!!!"},{"index":"37642884199096320","data":"@AntonioConde @ovidiov Si, mandame un DM con Hcp y edad, porfa. Gracias!"},{"index":"413951266789015552","data":"RT @golfnewsmag: BREAKING NEWS: European Court of Justice rules that green fees charged by private golf clubs should be exempt from VAT!"},{"index":"414679708996235264","data":"Y a mi...RT @mikebelindo: a mi ya me tocó el gordo conociendo el #golf... suerte, buen domingo ;o)"},{"index":"413951886270955520","data":"RT @golfnewsmag: BREAKING NEWS: European Court of Justice rules that green fees charged by private golf clubs should be exempt from VAT!"},{"index":"414854104490729473","data":"Qué ganas de volver... RT @travelchannel: Today's #DailyEscape is from Sierra Nevada, Spain. http://flip.it/8Kvd7 "},{"index":"4167503683","data":"Me gusta el Free Google Analytics Plug-in for Excel http://excellentanalytics.com"},{"index":"418062845239390208","data":"Last Tripadvisor review appointed us as “Probably the best hotel in Southern Spain” What do you think? http://ow.ly/rgusq  #luxuryresort"},{"index":"418110959904116736","data":"@AntonioConde: Este ha sido un gran año gracias a las personas con la que he trabajado en @Golfenred y @GOLFBOO . Grandes"},{"index":"418132781009752064","data":"#cabaret @FINCACORTESIN #NewYearsEve #cortesined #HappyNewYear pic.twitter.com/Nnj7104z9V"},{"index":"418156423869378560","data":"Nos espera un gran 2014.....y si no ya veréis....."},{"index":"418650043781234688","data":"Estáis o no estáis? RT @MrScottEddy: Anatomy of a Successful Entrepreneur - http://flip.it/iGrhA "},{"index":"419167084372045824","data":"ABURRIMIENTOOOOOO"},{"index":"43069455139471360","data":"No puedo estar más  de acuerdo...El spam de golf en las redes sociales es un horror http://www.fueradelimites.com/campos/el-spam-de-golf-en-las-redes-sociales-es-un-horror …"},{"index":"419180842775494656","data":"\"What Happens After Apple Features Your App in the App Store\" Qué bonito..... http://feeds.mashable.com/~r/Mashable/~3/kZQcHkQKI0A/ …"},{"index":"43070609646829568","data":"por eso en Twittour solo abrimos a golfistas! :-) RT @AntonioConde No puedo estar más  de acuerdo...El spam de http://tl.gd/932brr"},{"index":"43991043150061568","data":"Me he levantado como de resaca. Y además de comer lo único que hice ayer fue jugar al golf #twittour2011"},{"index":"4520093841","data":"En busca de la utilidad de twitter, a ver si twhirl me ayuda..."},{"index":"43628936340570112","data":"por eso en Twittour solo abrimos a golfistas! :-) RT @AntonioConde No puedo estar más  de acuerdo...El spam de http://tl.gd/932brr"},{"index":"44001572442738688","data":"@jmtorre Un placer verle por aquí Sr. de la Torre"},{"index":"4598546191884288","data":"Organizando la clase que doy mañana en CIO Mijas sobre Marketing online a futuros Gestores de Campos Golf http://lnkd.in/fCk2_2"},{"index":"45571549796896768","data":"Hooolaaaa! Tengo que ponerme al día en redes sociales eh! =D @AntonioConde"},{"index":"46543320205373440","data":"Los Caballeros Medal han llegado a Costa Ballena Ocean Golf Resort http://yfrog.com/h4fb0ztj"},{"index":"46556665419542528","data":"Comienzaa partida #jugones en Costa Ballena #cadiz http://yfrog.com/h422904055j"},{"index":"4622865976","data":"Buenos días, a por la semana!!!"},{"index":"4573528186","data":"Buenos días, el niño no es como el despertador, que lo puedes apagar los sábados...."},{"index":"45557561449127936","data":"Hi @kuini_olmedo"},{"index":"46661972363714560","data":"Eslogan de la despedida  http://yfrog.com/h2p4bhpj "},{"index":"46710567641157632","data":"Carnaval en estado puro... http://yfrog.com/h8lruawj"},{"index":"4679526979","data":"conectado a la Wifi de la Quinta golf..."},{"index":"47958441297330176","data":"Esperando a que empiece @tecnogolf2011"},{"index":"48752622852767745","data":"@AntonioConde Gracias Antonio! a ver si nos vemos pronto!"},{"index":"4857532424","data":"Acabo de recibir mi invitación d #GoogleWave !! http://twitpic.com/lh0o7"},{"index":"48754930722418688","data":"@AntonioConde Como acabó el otro dia la #Jornada Tecnogolf? me tuve que ir por un examen de inglés. Saludos"},{"index":"48753116551725056","data":"@AntonioConde Gracias Antonio!! :D haber si quedamos para jugar unos hoyos y vea tus adelantos jaja"},{"index":"48754450327810048","data":"@AntonioConde por profesores no será!! haber si te miro ese swing¡"},{"index":"48755687236440064","data":"Taylor Made tiene 63 drivers en juego en Sicilia, 32 son R11 http://bit.ly/i3b5FK, es decir el 50,79% de sus jugadores ¿muchos o pocos?"},{"index":"48756649145532417","data":"@AntonioConde las flechas no son perfectas, y se tienen que adaptar a la manera de tirar del indio..."},{"index":"48752025718099969","data":"@kuini_olmedo @ELENA_G_G @Elenamarlo @AREBOLLOAGUILAR @Rubenhg0 ultima hora de clase. GESTION DE CAMPGOS DE GOLF finalizado"},{"index":"48760470898884608","data":"@AntonioConde un placer el follow! ya que hemos compartido alumnos ;) saludos #golf #ciomijas"},{"index":"48760916510126080","data":"@AntonioConde que buena vida..."},{"index":"49551608622759937","data":"Me encanta el numero 1 que lleva #Lorenzo, vamos que puedes pillarlos!!"},{"index":"49553542113009664","data":"Este tío es un ganador #Lorenzo, y el de la primera \"esto no estaba en el guión...\" como se les ve el plumero"},{"index":"48755858225639424","data":"@AntonioConde puf nada nuevo?mantenm al dia en redes xfa aun sigo dandole vuelta a cm colgar los banner d Doña Julia Golf Resort en facebook"},{"index":"49553161970659329","data":"Vamos!!!!! #Lorenzo segundo jajAjajajaja"},{"index":"48756927919960064","data":"me voy pa Sevilla, que ustedes lo pasen bien..."},{"index":"49554632644628480","data":"Venga hombre! Si #Pedrosa no gana A #Lorenzo con ese pepino que lleva es un maufa"},{"index":"49553793582497792","data":"Ahora a por Stoner, va osases #lorenzo"},{"index":"49555240810323968","data":"Madre mía que pelea #Lorenzo #Pedrosa , la verdad es que hoy están los dos a la altura"},{"index":"49556428301680641","data":"Que grande #Lorenzo, no tengo palabras...bueno sí, gracias por el espectáculo"},{"index":"49560370913886208","data":"@AntonioConde Menudo espectáculo ha dado España, suerte que #Lorenzo ha ganado la batalla ¿Lorenzista?"},{"index":"4964367424","data":"Aun estoy impresionado - http://bit.ly/Ac2SL"},{"index":"51227166393901056","data":"@ppocass @EnzoLake si no tengo ninguna duda...quizas @AntonioConde nos pueda dar algo de info"},{"index":"49565433036156929","data":"@AntonioConde Ya somos 2! Lorenzo & Rossi :)"},{"index":"49563438904643584","data":"Manuel Pellegrini en @santa_claragolf http://www.facebook.com/photo.php?fbid=201006839923662&set=a.191897517501261.47773.185258148165198"},{"index":"51234574407172096","data":".@ovidiov  ha pasado antes con dominios, facebook y volverá a pasar en el futuro"},{"index":"51228744425287681","data":"@ppocass @angelrosaleda @ovidiov @enzolake claro que no, y utilizan los logos oficiales, cuidadin..."},{"index":"51231577748942848","data":"@ppocass @enzolake @ovidiov, yo lo denuncié hace tiempo...a ver si con el post de Ovidio, sale el zorro de la madriguera..."},{"index":"52298687954694144","data":"Ya sólo quedan tres días para el III Congreso Internacional de Directores de Club de Golf, ¿Preparados para Social Media? #CIDCG2011 #in"},{"index":"52336912291209216","data":"@AntonioConde pues entre lo de las cuentas falsas y el comentario de Light fingers ya tienes un par de cosas para comentar..."},{"index":"52337104667156480","data":"qué interesante ;o) RT @AntonioConde quedan 3 días para el III Congreso Inter.de Directores de Club de Golf, ¿Preparados para SM? #CIDCG2011"},{"index":"52338320130310144","data":"@AntonioConde con mi posición o con la de el Gerente? Para mi es un ejemplo de no adaptación a los tiempos...."},{"index":"52340245164855296","data":"@AntonioConde yo no abrí esa vía de contacto, la abrieron ellos al abrir su pagina en Facebook.. http://bit.ly/fnTtFK"},{"index":"52340662137405440","data":"@AntonioConde el de light fingers era este http://bit.ly/fnTtFK"},{"index":"52341386372071424","data":"@AntonioConde si si por supuesto que encantado que lo uses...ya sabes...diciendo de vez en cuando eso de @fueradelimites ...."},{"index":"52341986212052992","data":"@AntonioConde no me digas esas cosas,que uno es un gamberro y sabiendo lo que vas a hacer¿que pasa si pongo una foto guarrilla? ja tranquilo"},{"index":"52341147233828864","data":"@AntonioConde o se está o no se está, con todas las consecuencias, pero estar por estar es tontería ¿no?"},{"index":"52341862207459328","data":"@AntonioConde si si por supuesto que encantado que lo uses...ya sabes...diciendo de vez en cuando eso de @fueradelimites ...."},{"index":"52306065911595008","data":"@AntonioConde algunos si otro mogollon todavia no habra oido nunca lo de Social mediA"},{"index":"52344083573768192","data":"@AntonioConde aqui estaré por si queréis hacer alguna pregunta...dime hashtag y lo usare"},{"index":"52384509588537346","data":"@AntonioConde algún enlace? o via hastag #CIDCG2011? thks!"},{"index":"52424805567307776","data":"@AAGGOLF un placer estar en contacto Manuel, y sí a mi también me gustaría saber tu opinión a la pregunta de @ovidiov ;)"},{"index":"52636217388441600","data":"@mikebelindo @AntonioConde yo acudí a su conferencia para los PGA de España y fué muy buena. Lo saludaré en el congreso."},{"index":"52650400918142977","data":"@AntonioConde en esas esferas, queda mucho por hacer ;o) @DBedia"},{"index":"52726886765305856","data":"Santa Clara Golf #Marbella new 16th tees ready to be opened - http://www.santaclaragolfmarbella.com/en/latest/santa-clara-golf-marbella-new-16th-tees-ready-to-be-opened …"},{"index":"53110594575929344","data":"Me acabo de inscribir a 'TMRC - Málaga - Abril 2011'.  http://www.amiando.com/tw/tmrc_malaga_Abril_2011/295360492 … via @amiando"},{"index":"53426950722686976","data":"en Madrid a puertas del Congreso de Gerentes de golf"},{"index":"53426635197784066","data":"@DBedia acuerdate de mi cuando @AntonioConde hable de un bloguero al que un gerente llamp aficionado with a laptop and light fingers!!! LOL"},{"index":"53533985707532288","data":"@AntonioConde todos corbata. Mucha seriedad jaja"},{"index":"53429170600017920","data":"@AntonioConde @dbedia ohhhh!!! Pues si esta Alejandro Glez del Salobre Golf o Maria de Maspalomas o Cisco de Anfi se reirian mucho..."},{"index":"536406548025345","data":"Me encanta cuando alguien le da un giro de tuerca a una idea que ya se nos había ocurrido a alguien. http://falta1.com/"},{"index":"53431668349992962","data":"@AntonioConde @dbedia desde ese dia mi nick name con ellos es light fingers!!!! Y siempre risas al recordarlo"},{"index":"53695174878044160","data":"@AntonioConde dale un saludo a @DBedia!"},{"index":"53916350778847232","data":"@DBedia estais por ahi?"},{"index":"53692509032943616","data":"De camino a Madrid al #CIDCG2011"},{"index":"53760099755360256","data":"@ovidiov lo siento pero no podre twittear en directo, cambio de portatil..."},{"index":"53787468616568832","data":"@DBedia si solo decia por picar a @AntonioConde"},{"index":"53919488457981952","data":"Por madrid de tapillas que recuerdos..."},{"index":"54236465986670592","data":"“@ovidiov: @fjromero33 @JorgeCallaway tecnicamente estarias estreñidos... Porque no sale nada de nada!!!” jajajaja"},{"index":"54226879296704513","data":"@fjromero33 @AntonioConde @DBedia mañana tienes el fitting con Sota? Ya me comentaras"},{"index":"54228034693251072","data":"@AntonioConde @fjromero33 @dbedia conocer conocer no!! Hable con el en Madrid Golf!!! Justo al ladito al lado de donde te desvirtualice a ti"},{"index":"54860932106555392","data":"En el ayto. de #Marbella presentando el sistema de reservas online de la asoc. De campos de golf http://yfrog.com/h2rp0shj"},{"index":"54225566508916736","data":"@AntonioConde Que tal con @Dbedia??"},{"index":"54955965560270848","data":"Escuchando a @Victoriamdq  en #TMRC_mlg"},{"index":"55040410422222848","data":"@AntonioConde Gracias x venir al  #tmr_mlg Espero que todos hayamos aprendido algo hoy :)"},{"index":"55177016953151488","data":"Crean un motor de reservas para los campos de golf de Marbella - http://www.20minutos.es/noticia/1010295/0/ … via @20m http://www.marbellagolfdestination.com "},{"index":"54956954451320832","data":"@Victoriamdq \"el social media no es para todos\" , me gusta..."},{"index":"5529062022","data":"@AntonioConde Gracias x el RT! Q tal todo? http://tr.im/EpRP"},{"index":"5531155041","data":"acabo de recibir mi cuenta de google wave!!!! voy a ver que pinta tiene :D"},{"index":"55353758485450752","data":"Arranca la campaña de promoción del golf “más grande de nuestra historia” http://bit.ly/e8owBx via Club Manager Spain"},{"index":"55937565383077888","data":"@LaQuintaGolf me alegro que todo vaya genial ! Tienes un buen experto a tu lado @AntonioConde, aprovecha y aprende todo lo que puedas!"},{"index":"56419607245889537","data":"@ovidiov en la app del Masters si pones a un jugador como favorito te va indicando en qué lugar del campo está... qué genial!"},{"index":"56419840465965056","data":"Lo prometido es deuda. Lanzamos una promo sólo para followers. Descuento del 6%, cualquier paquete, cualquier fecha - http://goo.gl/USDq2"},{"index":"56403445376237568","data":"Madre mía, no recordaba una tarde así en años...viendo el #Masters tranquilito en casa, y #Quirós 8 -8 IMPRESIONANTE"},{"index":"56420487668039680","data":"Yang lider en casa club con -5..."},{"index":"56424081888780288","data":"#FF a @martasegura por lo bonitos que son sus #FF"},{"index":"56421117367300096","data":"@AntonioConde el error fue intentarla dejar dada desde el bunker...cuando realmente habia que sacarla e intentar hacer el par cuesta arriba"},{"index":"56422697286123520","data":"El lenguaje corporal de Alvaro es clarísimo, cada vez los ve más pequeños..."},{"index":"56425734956269568","data":"@AntonioConde en finca cortesín!?!?"},{"index":"56425485474873345","data":"@AntonioConde gracias Antonio! No te vi en el Open de Andalucia!"},{"index":"56444442659397632","data":"Bien Alvaro BIEN!!! -6 y a descansar #Masters"},{"index":"57162751952429056","data":"“@JorgeCallaway: El Moreno Jincador a machete dejando la bola para eagle a huevo!!! Que bestia!” jajaja y q lo digas #tigerisback"},{"index":"57181719073267712","data":"Pues ahora miraría a los que no estan directamente en la pomada y focos... Choi, Donald, Cabrera y si me apuras mucho, mucho hasta Scott"},{"index":"57181187571060737","data":"Que acoso al pobre Rory, esto no le se olvida en su vida...pase lo que pase"},{"index":"57512193566056448","data":"@mhpgolf Que tal va la vida Manuel, estamos en contacto ;)"},{"index":"58912651954241536","data":"Algun gerente me puede comentar que porcentaje del gasto de mantenimiento representa el gasto en gasolina?"},{"index":"58915217513517056","data":"@AntonioConde gracias!!!"},{"index":"59611707793874944","data":"Tom Watson and Luke Donald wear the Japan Hope Polo Shirt http://www.facebook.com/media/set/fbx/?set=a.10150159674361896.286236.6797246895"},{"index":"63355166950309888","data":"@GolfBookingNow Pero bueno, que necesidad hay de engañar a la gente? si eso son reservas online que venga Dios y lo vea..."},{"index":"6109543615","data":"YA ES OFICIAL! Voy a ser padre!! (de nuevo) :-DDDDDD"},{"index":"5974141765156864","data":"@SantaClara_Golf ¿No os da verguenza utilizar el logo y el nombre comercial de una empresa sin su consentimiento?"},{"index":"63664570132213760","data":"@Openfemenino: The @Openfemenino at @LaQuintaGolf will be spectacular event. Such a great golf course & facilities!!!"},{"index":"6367767279","data":"en autobús hacia Jaén, madre mía llevaba mas de 10 años sin montar en uno y habia olvidado lo cutre que puede ser...."},{"index":"63935496149143552","data":"@LaQuintaGolf ya me gustaria estar en todo ja ja ja En China estuvieron la semana pasada"},{"index":"6045804137553920","data":"@vayeciyos @Potoppitta, no pasa nada ;), así he estado un poco en #EBE10 que también me hubiera gustado"},{"index":"6494899263","data":"Así se trabaja mejor...http://yfrog.com/6mjgnj  #marbellagolfcc"},{"index":"65351666744033280","data":"@martasegura: El 50% de los hombres entre 20-40 años sufre el síndrome de Peter Pan... Si ya sabía yo que lo mío tenía nombre"},{"index":"65489500918398976","data":"Mira que lo he intentado, toda la vida de azul y rojo, pero ya no puedo más. Por encima de todo soy ESPAÑOL, VAMOS MADRID!"},{"index":"65506791231991808","data":"Que verguenza. No tengo más que decir"},{"index":"6720888808415234","data":"Madre mía, hemos rematado la comida con un postre llamado Tupinamba. Que barbaridad con los pedreñeros, que calidad."},{"index":"67203896157802497","data":"Santa Clara Golf Club Marbella http://www.santaclaragolfmarbella.com/en/latest/santa-clara-golf-marbella-new-8th-tees-ready-to-be-opened"},{"index":"6701268709933056","data":"Tomándome unas lentejas en el club de golf de Pedrena, a ver si se me pega algo de Seve"},{"index":"6721356838211584","data":"Ahora a darle una charla de marketing online a los profesionales de golf de la PGA spain"},{"index":"67604078468927488","data":"@esoto Avatar cambiado por #Seve"},{"index":"65809068635336704","data":"@Monika_Es: @LaQuintaGolf Vosotros si que sabeis de esto, buen servicio y calidad #recomendaciones todo un placer visitar vuestras instalaci"},{"index":"71204641899151361","data":"@martasegura en el green del 18 y tu?"},{"index":"7021471964594177","data":"@RaquelGCano Por fin he llegado de Bilbao, madre mía que montón de agua. Pues no estuvo mal, íbamos para 45 min. Y estuvimos 2 horas"},{"index":"71222639112372224","data":"Y quiros que da la mano en el 17, bien alvarito http://yfrog.com/h0iiicej"},{"index":"6963262130","data":"A ver si tengo suerte y juego al golf gratis en Marbella durante un año... http://bit.ly/5eYxEd #GOLF"},{"index":"71464877952212992","data":"Golfspain http://www.golfspain.com/portalgolf/mul/MulDetalle.aspx?idM=43 mejorar nuestro golpe desde el bunker"},{"index":"71475432037425152","data":"Camino de Cortesin, que ganas de ver a la armada Andaluza"},{"index":"71483941021958144","data":"Hoy trabajamos desde la sala de prensa del #VWMP en Finca Cortesin http://yfrog.com/h4kbnuxj"},{"index":"71524393137864704","data":"Si mañana juega un tio medio bien me echa.http://www.facebook.com/photo.php?fbid=1901786458601&set=a.1744551527826.142978.1059881146&type=1"},{"index":"71558737810305024","data":"@martasegura a ver si hoy nos desvirtualizamos, green del 9"},{"index":"71856332399050752","data":"@AntonioConde jajaja hoy voy para allá!! Ayer estaba en el #Twittour2011 !! Y yo creyendo que tu también jajaja así no nos hemos visto!!"},{"index":"71864987861258240","data":"Se acaba de pegar Quiros una escapada en el 15 a unos arbustos q tiene mala pinta"},{"index":"71854052773859328","data":"Cogiendo fuerzas en sala de prensa para acompañar a #Quirós en el #VWMT"},{"index":"7156843893","data":"Igualmente! + o - bien ya te contaré... Me he propuesto llamarte antes de q acabe el año y lo haré....2.0 está muy bien pero no para todo ;D"},{"index":"71869597833363456","data":"Quiros para ganar el 16, y ... http://yfrog.com/h3eglwyj"},{"index":"71868297989206016","data":"Quiros y el chinorris en el bunker, esto del golf sincronizado no mola... http://yfrog.com/h3c3jwmj"},{"index":"71868836642689024","data":"Noh al bunker de la izq y quiros a centro de green, vamos!!!!"},{"index":"71870292502396928","data":"...A medio metro, veremos Noh"},{"index":"71872707205152768","data":"Noh quiere guerra, nos vamos al 18"},{"index":"71877342309527552","data":"La presión esta vez ha podido al oriental, esto pinta muy bien."},{"index":"71877339218317313","data":"Quiros ya lo tiene http://yfrog.com/hskyvlaj"},{"index":"71870801015615488","data":"Noh hay forma chaval!!! Para Quiros!!!"},{"index":"71895545484021760","data":"@IanJamesPoulter uno arriba"},{"index":"71897438448910336","data":"Ya tengo ganas de que @IanJamesPoulter tweetee lo que le está pasando por la cabeza, un hoyo para tumbar al #1"},{"index":"71901040768847872","data":"5 de los 10 primeros del Race to Dubai ya están en los cuartos del #VWMP increíble!!"},{"index":"71921824191086592","data":"Esperando a Quirós en el 9 #VWMP"},{"index":"7265396329","data":"a por el 2010!!!"},{"index":"7307952778","data":"esto va a dar mucho que hablar, y hasta aquí puedo leer http://evolutionario.com/"},{"index":"7371171112689664","data":"Un campo de golf más de la costa del sol haciendo sus deberes en twitter, @SantanaGolf . Muy bien!"},{"index":"7388043816210432","data":"persistencia y hábitos (grupo neuronas c necesidades y frecuencia). Si no repetimos no hay hábitos. Mínimo 21 días de repeticion #finnova10"},{"index":"71922117893029889","data":"Esta es La pinta que tiene http://yfrog.com/h7mchjcj"},{"index":"7598542916","data":"aquí en Granada también nieva"},{"index":"7389108724834304","data":"@AntonioConde lo voy a intentar. we have to talk. Bs"},{"index":"7602721235","data":"@RaquelGCano q fuerte, aqui ya ha parado hace rato. Ve sacando brillo a las tablas..."},{"index":"7389282708754433","data":"Two things I am sure of in life: There is a God, and you are not him."},{"index":"7779412581818368","data":"@AntonioConde @raquelgcano Ok! Zona? X mi cerca d Pza castilla /castellana norte"},{"index":"7780780109467648","data":"@RaquelGCano @tristanelosegui antes lo tengo un poco justo, lo del Benabeu no me parece nada mal"},{"index":"7777952804642816","data":"@RaquelGCano esta tarde voy para Madrid y me quedo hasta mañana. Estaría bien vernos y tomar unas cañas @tristanelosegui"},{"index":"7821182506","data":"Buenos días!!"},{"index":"7907985992982529","data":"@RaquelGCano @tristanelosegui igualmente!!!! Hay que repetirlo!!! Arriba el MACEMD!! Jejeje"},{"index":"7997402002","data":"La Costa del sol \"tocada\" por el golf http://bit.ly/6L2aP4 #marbella"},{"index":"7916833228","data":"La Costa del Sol supera en 2009 los seis millones de estancias nacionales y mantiene su posicionamiento http://bit.ly/77MToV #marbella"},{"index":"8042852127","data":"Madrid va a por la Ryder Cup de 2018 http://bit.ly/6ohjw0 #golfspain"},{"index":"8040299055","data":"La Mancomunidad de la Costa del Sol muestra su apuesta por los campos de golf sostenibles http://bit.ly/6hHzRj #marbella"},{"index":"8039463569","data":"Marbella, municipio español con más campos de golf http://bit.ly/5WGsIt"},{"index":"8038940918","data":"El Campeonato Mundial de Golf para Aficionados se jugará en la Costa del Sol http://bit.ly/63LBHm #marbella"},{"index":"8066524441","data":"La Q de calidad turística y el golf en España http://bit.ly/5QAmFi #GolfSpain"},{"index":"8069001502","data":"Acosol presenta un circuito de torneos de golf en campos con agua reciclada http://bit.ly/5z6bZ5 #marbella"},{"index":"8073511935","data":"Strokesaver: algo fundamental cuando juegas un campo que no conoces http://bit.ly/4IqwWS"},{"index":"8066190883","data":"La Cala Resort, el complejo de golf más grande de España por quinto año consecutivo http://bit.ly/5YKC3q #golfspain"},{"index":"8082543411","data":"960 post d GReader \"Marcados como leídos\"! Q gustazo! :-)"},{"index":"8196032993","data":"Estupenda oferta en santa clara golf  http://bit.ly/90qWv9 #marbella"},{"index":"8229244299","data":"buenos dias desde Marbella! the sun is fighting with the clouds..."},{"index":"8269974322","data":"www.evolutionario.com"},{"index":"82762746902495232","data":"#empresas que infunden miedo  en sus empleados para que se motiven y trabajen más (..)  #noentiendonada"},{"index":"8163799291","data":"Sin hoyos no hay turismo http://bit.ly/5H5hIs - lainformacion.com #golf"},{"index":"8320879205","data":"El golf gallego se vuelca con Haití http://bit.ly/a1MLtu - doblebogey.es #golfspain"},{"index":"8292944616","data":"Andalucía concentra el mayor número de campos de golf de España (102 campos de golf)  http://bit.ly/aXz7BM - Diario Costa del Sol #marbella"},{"index":"8270850807","data":"Golf & Gala Dinner for the Haitian Earthquake http://bit.ly/a7qDUN #marbella"},{"index":"8320977795","data":"Pues eso, que me apasiona el Golf Amateur, pero el Golf Profesional ni fu ni fa...."},{"index":"8336672588","data":"Any good sites with details on golf courses in Spain? http://is.gd/7bkHS"},{"index":"8447610011","data":"Vuelve la BMW Golf Cup International con 14 pruebas clasificatorias http://bit.ly/dz0qJk - doblebogey.es #golf_spain"},{"index":"8321072712","data":"Planning my trip to USA,next SOBE show in Miami"},{"index":"8579762033","data":"@evolutionario http://bit.ly/9hrgdM - the new concept that could evolve the planet"},{"index":"8623554799","data":"vamos al lío...."},{"index":"8447629627","data":"the BMW Golf Cup International Returns in 2010 with 14 qualifying events http://bit.ly/dz0qJk - doblebogey.es #golf_spain"},{"index":"8602346156","data":"El equipo La Envía se impone en la prestigiosa Copa Iberia - malagahoy.es - http://tiny.cc/NalSg #golf_spain"},{"index":"8717206052","data":"pásalo bien y buen business.... ;D"},{"index":"8716446051","data":"buenos días...almost mid day, jejejeje"},{"index":"8854295426","data":"@cronicagolf RT http://www.cronicagolf.com/blog/exito-de-la-cena-benefica-celebrada-en-la-quinta-golf/"},{"index":"8717092456","data":"@RaquelGCano Buenos días Rak, a donde vais?"},{"index":"8756584918","data":"Buenos días!, Good morning!"},{"index":"9181860659","data":"San Valentín da alas a la Costa del sol - Diario Sur  http://bit.ly/9ZPsbR #marbella"},{"index":"9217172945502208","data":"@AntonioConde aquí te va el lino para tu curso... Todo lo que no hay que hacer... http://j.mp/dICLOs"},{"index":"9134662896","data":"Quien dijo que en Marbella no llovía....madre mía!!!"},{"index":"9135925276","data":"Costa Del Sol on Spain's Southern Coast - a Great Starting Point for Day Trips @ http://aclnk.com/ar2685560"},{"index":"93043031116222464","data":"Llevaba algún tiempo sin venir por aquí, pero creo que tardaré un poco más en volver de nuevo, la gente ya comparte cualquier cosa..."},{"index":"9523842555","data":"Andalucía promociona la oferta de naturaleza y ‘sol y playa’ en el mercado alemán durante la feria Reisen de Hamburgo http://bit.ly/brL5Yj"},{"index":"9342657696374784","data":"Me parece que esta noche el Madrid al hoyo, y no al de un campo de golf precisamente jejejejeje"},{"index":"9496625000","data":"I just uploaded LA QUINTA GOLF INVESTS to Docstoc.com, check it out: http://bit.ly/bfpubs: http://tinyurl.com/yexk2np"},{"index":"9247810616557568","data":"@AntonioConde influye que los hoteles del grupo le llenan el campo en invierno...pero los canariones poco caemos por ahi por este individuo"},{"index":"9529369431","data":"The Educated are Harder to Advertise To http://bit.ly/bjuXvh -   I think I've to study more..."},{"index":"96475857144651776","data":"@valleromanogolf Bienvenidos a mi timeline, estamos en contacto!"}]