[{"index":"227764424222601216","data":"Cool, I'm about to reach 8,000 tweets! See the rest of my stats at Twitter Counter: http://twtr.to/hAYS "},{"index":"227851419020058624","data":"Porque no me mori chiquita! !"},{"index":"227951806213390338","data":"Porque no me mori chiquita! !"},{"index":"227749176778309633","data":"¿Cuál es el castigo que merece #JamesHolmes tras la masacre en el teatro en Colorado? #TemaW"},{"index":"227749447675813888","data":"Buenos días, feliz martes! Ya casi....."},{"index":"227953553992466432","data":"Aslan esta explorando sus sonidos y ronquidos jejeje, es muy chistos!"},{"index":"227952087714103296","data":"Porque poner un avatar mostrando pechuga de seguidores? #cosasdetwiter"},{"index":"227955908964139008","data":"http://www.justaskfoundation.org/  hermosa mision! Ojala entendieramos que en la diferencia esta la riqueza humana!"},{"index":"228473631670407168","data":"@laxmasmusica reportandome! Buen día para todos!"},{"index":"228941118132350976","data":"Ceremonia de Apertura de los Juegos Olímpicos En vivo - Londres 2012 - Terra  http://deportesmx.terra.com.mx/juegos-olimpicos/londres-2012/en-vivo/1943/?direct=true&title=ceremonia-de-apertura-de-los-juegos-olimpicos … via @TerraMexico"},{"index":"228947318399959040","data":"amo los olimpicos!!!! esta buena la inauguración hasta ahora!!!"},{"index":"228949963231608832","data":"la reina esta entradita en años no?"},{"index":"228950080730824704","data":"ay no ay no!!! Bonfd con la reina!!! no me digas!!!!"},{"index":"228950227967676416","data":"ojala lleguen juntos!!! como esta de buena los olimpicos!!!"},{"index":"228950419043414016","data":"llego la reina y Mr Bond!!!!!"},{"index":"228950383026909184","data":"OMG!!! que emocion!!!!!"},{"index":"228955341260484608","data":"quiero ser Mr Bean!"},{"index":"228950610131697666","data":"y se lanzo la reina ome!!!"},{"index":"228955605774254080","data":"Mr Bean es la monda!!!"},{"index":"228959588001652737","data":"Morí!!! The Nothing Hill!!!!"},{"index":"228960752810205184","data":"Dios!!! el inventor de Internet!!! de lo que hoy come mi familia!!! mis respetos! hombre tan importante!!!"},{"index":"228959711347765249","data":"lo siento China, pero estos manes se fajaron!!!!!!"},{"index":"228963580865835009","data":"y esta es la parte más aburrida"},{"index":"228997702153809921","data":"the best llama ever!!!!"},{"index":"229000174603759616","data":"Sr Paul!!!! London!!! Se lucieron!!!!"},{"index":"229000945328082945","data":"Felicitaciones a @terraco que buena trasmision!"},{"index":"229000640125366273","data":"y esta es la parte más aburrida"},{"index":"228997315694845952","data":"la llama!!!!!"},{"index":"230701893985370112","data":"Felicidades Yuri por ese merecido Bronce!!!! #colombiaenlosolimpicos"},{"index":"230701571019796480","data":"alguien quiere por favor prender el sol? ya me estoy cansando de tanta agua"},{"index":"230702985712398336","data":"Ojala entendieran que no sólo existe futbol en este país, que hay deportistas que son muy buenos y nos dan más glorias! Yuri Bronce en Judo!"},{"index":"230703579432890368","data":"Se busca mi cuaderno del trabajo!!! :("},{"index":"230703163525701632","data":"alguien quiere por favor prender el sol? ya me estoy cansando de tanta agua"},{"index":"230703795624083456","data":"alguien quiere por favor prender el sol? ya me estoy cansando de tanta agua"},{"index":"231049845975171072","data":"lista para la final de gimnasia femenina! ahora asi a mostrar de que estan hechas chicas!"},{"index":"231050725491351552","data":"De lo mejor de los olimpicos!!! yupi!!!!"},{"index":"231050978609221634","data":"no me extraña que los entrenadores de las gimnastas grigas sean chinos!"},{"index":"231751917410320384","data":"21 ways to wear a chambray shirt http://pinterest.com/pin/89931323779939335/ …"},{"index":"231753098153058304","data":"FUN! Como amarrar los zapatos! http://pinterest.com/pin/89931323779939344/ …"},{"index":"231177980938964993","data":"I liked a @YouTube video http://youtu.be/KU_GW_MD4hA?a  The World of Social Media 2011"},{"index":"232792223857647616","data":"Tomato Stack Salad! Delicioso! http://pinterest.com/pin/89931323779959102/ …"},{"index":"232792414727860224","data":"cute http://pinterest.com/pin/89931323779959104/ …"},{"index":"232791886316838912","data":"cake divider http://pinterest.com/pin/89931323779959101/ …"},{"index":"232791597346070528","data":"Olive Green and navy http://pinterest.com/pin/89931323779959100/ …"},{"index":"234026791277318144","data":"quisiera ser de aquellas personas que tienen tiempo de entrar a ver cideos en youtube o chismear en facebook en horas de oficina!!!"},{"index":"232793740077588480","data":"Y finalmente, así quedó la ilustración que hice para la Exposición \"24 Cuadros x Segundo\", que es pa http://pinterest.com/pin/89931323779959113/ …"},{"index":"234281218416447488","data":"Makeup Brush Guide http://pinterest.com/pin/89931323779985645/ …"},{"index":"235022700698013697","data":"Nokia Lumia 900 - Nokia - Colombia http://bit.ly/O1WeNy  via @nokia_co"},{"index":"235329414701928449","data":"I don't, but I know lots of people who do! http://pinterest.com/pin/89931323780006216/ …"},{"index":"235567106509393922","data":"@hotelscolombia mira esto http://vimeo.com/47360546 "},{"index":"235831632379133953","data":"Man Magnet Outfits - How To Get a Guy's Attention: http://youtu.be/VOWKCwjshBI  via @youtube me encanta este programa! muy cosmogirl :)"},{"index":"235813938464428032","data":"tengo hambre aún. ahora si me desfondé!"},{"index":"235831639178100736","data":"I liked a @YouTube video from @_hellostyle http://youtu.be/VOWKCwjshBI?a  Man Magnet Outfits - How To Get a Guy's Attentio"},{"index":"236179405582528512","data":"a trabajar de fijo! (Checked in at Young & Rubicam Bogotá) http://www.facebook.com/pages/Young-Rubicam-Bogot%C3%A1/110624495675082 …"},{"index":"236871556201058304","data":"Ojala en este país cambiáramos dinero por memoria!"},{"index":"236258906748358658","data":"Subirse al carro salsero de @acmurillo es un mal enviciador"},{"index":"236873461929234433","data":"Winners of the National Geographic Traveler Photo Contest 2012: http://zqi.bo.lt/if3uv  #incredible #creativity #increíble"},{"index":"236872716995661825","data":"Air France pide dinero a sus pasajeros para pagar combustible en Damasco http://is.gd/9F9CLv  que hace uno en esos casos? Monedas de 50? :D"},{"index":"236871809692221440","data":"Querido Mark, creo que es tiempo de reconocer que vender Facebook en bolsa no fue la mejor idea!"},{"index":"236873821448200192","data":"Si alguna megamillonaria se anima a llevarme a la playa. Ya sabe, Dm. Podemos hablar en el viaje de la obra de Dario Jaramillo Agudelo."},{"index":"236872461986185218","data":"El mundo de las estrellitas en publicidad estuvo bien hasta los 90s, pero es hora de volver al conocimiento"},{"index":"237340200332824576","data":"Si alguna megamillonaria se anima a llevarme a la playa. Ya sabe, Dm. Podemos hablar en el viaje de la obra de Dario Jaramillo Agudelo."},{"index":"238025544409702401","data":"Ya me barajaron la extensión no le digo! #tristezasdemartes"},{"index":"238043085861437440","data":"Recerude que los usarios responde a preguntas, esa es la base de facebbok y suelo en sus ads #facebookads http://bit.ly/Ovrh7w "},{"index":"238042906953388032","data":"Excelente video de como optomizar pauta en facebook http://bit.ly/Ovrh7w  #facebookads"},{"index":"238090856651952130","data":"Querido Phelps recuerda que en los detalles habita el demonio!!"},{"index":"238225376281759745","data":"A veces mi Ipad va como viejita en renault 4 en pleno destapado!! A 1km por hora!!"},{"index":"238045569854078977","data":"Quisiera tener un twitter traslator pegado al cerebro!!!"},{"index":"238225186686660608","data":"“@themusicpimp: Cómo así que Pitbull en el remix de Bad de Michael Jackson??? Nononono eso sí es como rayar la Sixtina con un kilométrico.”"},{"index":"238225786933481474","data":"“@CobaltPM: Top 10 Rules of Project Management http://cobalt.pm/PCzLeb  #pm #humor” he de decir, que esta muy bueno! Jajaja"},{"index":"238226478683262976","data":"“@Dios_Padre: Mientras tanto en facebook: http://twitpic.com/ama71g ” OMFG!!!"},{"index":"238227120608919552","data":"“@MkDirecto: Los medios alemanes quieren cobrar por enlazar sus contenidos desde otras páginas: http://bit.ly/OYgsOn ” querer diferente poder"},{"index":"238315076552105984","data":"Las reinas de facebook son las fotos, miren que contenido es más compartido en esta red aqui: http://on.fb.me/TUznZb "},{"index":"238592013883305984","data":"Uno les da la mano y se toman el brazo... Si ve! Toda buena accion tiene su castigo!"},{"index":"238226011282604032","data":"Adoro el humor del publicista en las mañanas!"},{"index":"238435841083596800","data":"ahora si apagando!!! pa la casita!!!"},{"index":"238593504975134720","data":"Google es la puerta de entrada a los usuarios de internet en Colombia con un alcance del 97%, le recomiendo hacer #seo y #sem"},{"index":"238593143484866561","data":"“@MkDirecto: El Top 20 de webs y páginas de vídeo más importantes en España, según comScore: http://bit.ly/NGWiIC ”"},{"index":"238593681500811264","data":"Hoy hay pereza de levantarse, lo noto en el time line, pero nunca con el #combomadrugador buenos dias!!"},{"index":"239362248882151424","data":"Los perros son una de las felicidades de mi vida! Son simplemente hermosos y siempre te roban una lagrima y una sonrisa!"},{"index":"239363690435076096","data":"Hay que oir unas cosas a los locutores de radio!! Una rusa como presidenta de usa!! Ojo @lafmradio"},{"index":"239104402382811136","data":"Los quiero mucho!!! felicidades hoy y que este camino este lleno de aventuras y bendiciones! Feliz Matri @Muergana_DC @jborja79"},{"index":"239790343367839744","data":"Hay momentos en el que el socialismo me seduce!"},{"index":"238697785808023553","data":"Buenas, que si me sirven la corral que tengo reunión de cliente!"},{"index":"240038446561898496","data":"“@themusicpimp: Se volaron dos de las Pussy Riot.” era de esperarse, en un momento de esos!"},{"index":"240039767838978048","data":"Querido señor medio de comunicacion, si su pagina no se ve en moviles, esta un poco quedado!"},{"index":"240038799827148800","data":"“@HubSpot: How to Get Hired Tip 8: Use Inbound Marketing to Get a Hiring Manager's Attention - http://ow.ly/d96Ci ” interesante!"},{"index":"240039280083345408","data":"Querido señor twitero, haga el favor de no crear 50 usuarios con la palabra frase en su nick, realmente ya es fastidioso y da unfollow"},{"index":"240041354921656320","data":"El lunes es un buen semillero de twits, buenos días a todos... Que la semana comience!M"},{"index":"240042582271459329","data":"Muchas gracias por la mención! acmurillo http://bit.ly/SHOGVv "},{"index":"240042392055599104","data":"Señor marquetero, la nueva ola de internet son las métricas, ya se monto en ellas? Comience aquí http://www.google.com/intl/en/analytics/iq.html?&rd=1 …"},{"index":"240278760606281729","data":"Creo que las historias mas chistosas las deben tener los médicos, confieso que soy una de ellas"},{"index":"240042777281429504","data":"“@MkDirecto: Los banners en móviles muestran más eficacia publicitaria que los tradicionales: http://bit.ly/OllFuB ” en conversiones si"},{"index":"240986957746946048","data":"Tengo ganas de ver cheaters y no lo estan dando!!"},{"index":"240987699085987840","data":"Estimados twiteros, todo en la vida es cambios(mas en la mia) asi que tomo otro rumbo.Hasta el viernes trabajo en La X !"},{"index":"241127859769454592","data":"“@MkDirecto: Adiós a la publicidad televisiva \"chillona\" en Alemania: http://bit.ly/Oxjrbt ” invito a Colombia a hacer lo mismo!"},{"index":"241128039130488832","data":"“@MkDirecto: Manuel J. (LBi/bigmouthmedia): “El desafío es predecir menos y organizarse más” http://www.marketingdirecto.com/actualidad/agencias/manuel-jurado-lbibigmouthmedia-parecemos-obsesionados-con-saber-que-sera-lo-proximo-cuando-el-desafio-es-predecir-menos-y-organizarse-mas/ …” #interesante"},{"index":"241183965992583169","data":"El escuchar es mi mayor challenge el día de hoy"},{"index":"241129117792215041","data":"“@googleanalytics: Analytics Advocate @justincutroni breaks down our new Shortcuts feature: http://goo.gl/lEkrG  #medir"},{"index":"241184484542803968","data":"Lo mas importante en la vida es tener un target #vicentequotes"},{"index":"241489977173749760","data":"Definitivamente twitear es un trabajo!! Buenos dias a todos y que tengan un feliz dia... Y oh yeah!! #hoyesviernes"},{"index":"241362101799624705","data":"Viendo los paraolimpicos! Simplemente hermoso, gracias #espn"},{"index":"241490219000557568","data":"“@googleanalytics: Content Experiments – @morevisibility shares next steps and what’s new: http://goo.gl/QoMXR ” hagalo en su analytics"},{"index":"241491036373934080","data":"“@colombiadigital: Mujeres y mayores de 35 años mandan en las #RedesSociales. http://bit.ly/PmCbtR ” oh yeah! In your face jajaja"},{"index":"241490620106027009","data":"“@comScore: 31% of online ad impressions are never viewed by an actual person #digitalscarcity” ojo marqueteros"},{"index":"241491404294066178","data":"“@ThaJules: Señor cliente si usted no me manda la información para hacer su aviso entonces no pasa nada.” y que quede bonito no es brief!"},{"index":"241127630823383040","data":"Buenos días al mundo twitwero, muchas bendiciones y buena energía para hoy!"},{"index":"241491274136440832","data":"“@comScore: Average online ad in-view rate is 53% #digitalscarcity” preocupante! Ojo medios!"},{"index":"241640490691338240","data":"Trabajando ando! (Checked in at Young & Rubicam Bogotá) http://www.facebook.com/pages/Young-Rubicam-Bogot%C3%A1/110624495675082 …"},{"index":"241647999757987840","data":"http://www.cositasdeninas.com/2012/03/capitulo-38-tipos-de-paseo/ … Cositas de niñas, los amo!!!!!! muy chistoso!!!"},{"index":"241640904862097409","data":"RT @caroomendez: Hoy @javierbarria y @julianmayorga tocarán en @matik_matik. 21hrs #FICIB2012 / atento @gartija,@acmurillo, @miradamatadora"},{"index":"241930217726287873","data":"Porque nadie me recordo que mi peluquero es todo, menos puntual! :["},{"index":"241925148763107328","data":"Fumando espero al peluquero ;)"},{"index":"241640752457867264","data":"La tarde esta medio aburrida, será que les dio duro la rumba de anoche?"},{"index":"241996266576429056","data":"Amo mi peluquero! Fue un bonito reencuentro"},{"index":"242295105627762688","data":"Los mejores policias del mundo son los gringos, nada que hacer"},{"index":"242575527649615872","data":"Buenos días a todos, les deseo una gran semana :)"},{"index":"242576156992364544","data":"“@MkDirecto: El grupo Havas registró un modesto crecimiento del 2,7% en el primer semestre del año: http://bit.ly/Q0bE7B ” #medios"},{"index":"242939491948572672","data":"El costo por clic de una campaña en facebook es de 0,07 dolares por clic y he visto CTR de 0,9% con los cambios deplataforma"},{"index":"242938712235864064","data":"Todos tenemos nuestros 5min de fama digital! Buenos días a todos y feliz martes!"},{"index":"243062152926203904","data":"Si señores, esto ya comenzó!"},{"index":"242939823000788992","data":"Habrá paz en Colombia? #Encuesta @Todelar"},{"index":"243063596177829889","data":"Alias 'Timochenko' rescató la entereza y valor de las Fuerzas Armadas de Colombia durante su discurso #ProcesodePaz será verdad?"},{"index":"243299096012656640","data":"“@HubSpot: The adoption of marketing automation technology is expected to increase by 50% by 2015 - \n http://ow.ly/dpMi1 ” integracion!"},{"index":"243299474062065664","data":"Habrá paz en Colombia? #Encuesta @Todelar Teléfonos: 257 6502 - 256 1003"},{"index":"243299680031764480","data":"Buen miercoles a todos! Ya vamos a mitad de camino :)"},{"index":"243299825695748096","data":"“@MkDirecto: McDonald's España y Campofrío, entre los 49 anunciantes finalistas para la \"Gran Noche de la Eficacia\": http://bit.ly/PYj51l ”"},{"index":"243299987046428672","data":"Veo que la publicidad no solo quiere generar ideas creativas, sino que realmente funcionen y generen resultados #megustaesemood"},{"index":"242939003639316480","data":"Sabia usted que el reach de facebook en Colombia es del 97% de los usuarios de internet? Fuente comscore"},{"index":"243302108466655232","data":"“@ELTIEMPO: Mujer señalada de ser bruja en un pueblo de Antioquia fue quemada http://bit.ly/PYXphv ”la ignorancia!!"},{"index":"243660440339632129","data":"Buenos dias a todos, especialmente al #combomadrugador de hoy! Feliz juernes que carajo!!"},{"index":"244018191632855040","data":"Hoy toco madrugar mas de lo esperado, pero aun asi #hoyesviernes hay que gozarrrrrrr, feliz dia para todos!"},{"index":"244018610513788928","data":"En los ultimas decadas, la TV se quedo fuera del mundo de , espero que los smart tv le den un empujon"},{"index":"243660290783313920","data":"“@edu_gomez: Caracol con Escobar, en mi humilde opinión, la embarró seriamente poniendo capítulos de media hora.” +1 por eso ya no la veo"},{"index":"243661207171637249","data":"“@HubSpot: The conversion path is like a Discovery Channel documentary... http://ow.ly/du7VZ ” ta bueno!"},{"index":"244019462439829504","data":"“@MkDirecto: Halle Berry hipnotiza a los hombres en el anuncio de su nueva fragancia: http://bit.ly/Q1L9kE ” bonita si es la vieja"},{"index":"244020144521764864","data":"Have you tried http://pointerpointer.com  ? Fun experiment. Just move your mouse and wait.... then smile!  #creativity"},{"index":"244020171809890304","data":"“@avinash: Have you tried http://pointerpointer.com  ? Fun experiment. Just move your mouse and wait.... then smile!  #creativity”"},{"index":"244020994048679936","data":"“@edu_gomez: Caracol con Escobar, en mi humilde opinión, la embarró seriamente poniendo capítulos de media hora.” +1 por eso ya no la veo"},{"index":"244113825383735299","data":"Porque no me mori chiquita!"},{"index":"244114292994109440","data":"Ojala le pagaran a una por twitear!"},{"index":"244021387235299329","data":"“@MkDirecto: Bing lanza una campaña poniendo a Google en evidencia: http://bit.ly/NfJBDg ” interesante"},{"index":"244213621117304832","data":"Amo a mi jefe y no es cepillo es la verdad!!!"},{"index":"244114548611743745","data":"Me estoy convirtiendo en un ogro... // +1"},{"index":"244188736596893696","data":"Como dice mi gran amigo @gefiles ... ANA!! MACHITA!!!"},{"index":"244189286033936384","data":"Asi como cuando se tiene que resignar porque el timeline se volvio futbol, así"},{"index":"244221530177937408","data":"Excel se cae justo cuando más lo necesito!!!! vida HP"},{"index":"245111713672863744","data":"Hoy comenzamos semana! Espero que sea mas facil que lanpasada! Feliz semana a todos"},{"index":"245111993286160384","data":"Queridas marcas, las redes sociales son espacios de los usuarios,tratalos con respeto #quegracias"},{"index":"244215009545179136","data":"Excel se cae justo cuando más lo necesito!!!! vida HP"},{"index":"245299189993590784","data":"Porque comienza el siguiente turno (Checked in at Young & Rubicam Bogotá) http://www.facebook.com/pages/Young-Rubicam-Bogot%C3%A1/110624495675082 …"},{"index":"245299483229958144","data":"Como dice mi sabio @jdumana, toda buena acción tiene su castigo"},{"index":"245299006849286144","data":"Como dice mi sabio Santi Robledo, algunas veces es mejor pedir perdón que permiso"},{"index":"245300001255854080","data":"Dar papaya en este negocio no es una opción!"},{"index":"245114301835255808","data":"“@MkDirecto: Lady Gaga sacará al mercado su nuevo trabajo en forma de aplicación: http://bit.ly/S2y7Qr ” #interesante"},{"index":"245476070957133824","data":"“@HubSpot: How to Comply With EU Cookie Laws - http://ow.ly/dA9Zu ” #importanteleer"},{"index":"246720543817093121","data":"Amo el buen humor de los viernes en twitter!!! jajajaja"},{"index":"246719024434651137","data":"Quiere conocer el impacto de los robots de google en su sitio? entre aquí:  http://bit.ly/NfOUma  #SEO"},{"index":"246720119588401152","data":"Si señores, tengo alma de mamá, pero si no voy a tener hijos, por alguna parte debo desahogar el impetu!"},{"index":"246728489280098305","data":"Como diria mi mamá, Ana Carolina, deje de pajariar!!!!!"},{"index":"247814623213002754","data":"tengo ganas de una dona!!!"},{"index":"247782742887108608","data":"Que tipo de #socialmedia quiere usted? http://on.fb.me/U5j1Qb "},{"index":"247814826385100800","data":"la discapacidad es un estado mental más que fisico, sino que lo digan nuestros deportistas paraolimpicos!"},{"index":"246724665521876992","data":"The Ultimate Guide To A/B Testing http://bit.ly/bMQtyz  via @smashingmag Excelente articulo!"},{"index":"247819725889994753","data":"Dios mio!!! ahora con Gran hermano!!!! será que no dejarán de hacer mala tv en Colomnbia????"},{"index":"247827479136464898","data":"MI carta al anunciante que no tiene claro su plan de medios: http://bit.ly/QV0djU  con cariño!"},{"index":"247827094657200129","data":"Así como odio chancletear, odio que me chancleteen."},{"index":"248074904497430528","data":"Uno de los master pro de métricas en el mundo, se los recomiendo http://bit.ly/RZfL8k "},{"index":"247827365298835456","data":"Así como odio chancletear, odio que me chancleteen."},{"index":"247849922165084160","data":"Aún no cree en el poder de las tribus urbanas? aquí le dejo: http://bit.ly/QgVCGc "},{"index":"248375394519097344","data":"via @pinterest humor de miercoles! Feliz dia a todos! http://pinterest.com/pin/89509111315260745/ …"},{"index":"248460693660106752","data":"http://on.fb.me/QgV0jI  Campeones Paraolimpicos! #orgullocolombiano"},{"index":"248535966401314816","data":"Amo trabajar con personas apasionadas por su trabajo!!!"},{"index":"248603738254737408","data":"No hay nada mejor que una noche de crímenes!! Viendo dicovery! Que buen plan"},{"index":"249994392906108928","data":"Fairies! via @pinterest http://pinterest.com/pin/193443746463899097/ …"},{"index":"249238822347497472","data":"les preocupa el fin del mundo?... por lo menos se acaba en su mejor momento jejeje http://bit.ly/QgVkPy  #buenacharla"},{"index":"250187057228558337","data":"Hoy es lunes, si señores aponerle la mejor cara al dia de hoy :D feliz dia para todos"},{"index":"249673226198847489","data":"Les deseamos un feliz sábado a nuestras embajadoras :) @pgaviriaa @CatherineCruzB  @acmurillo @turricita @fritab @karenbrayv  @jhoa_arcila"},{"index":"248906382554824704","data":"Quiere conocer métricas de dispositivos móviles en Colombia? aquí le dejo: http://bit.ly/RZgiqS  #metricasdigitales"},{"index":"250188039857532929","data":"Orgullosa embajadora de los grandes deportistas de @SOColombia!! Buen lunes a todos"},{"index":"250275943678091264","data":"Hoy es lunes, si señores aponerle la mejor cara al dia de hoy :D feliz dia para todos"},{"index":"250187292650635264","data":"Se le perdona a Vicente Fernández que nos haya confundido con Venezuela? a otro artista se le perdonaría?"},{"index":"250907861104865280","data":"Buenos dias a todos, especialmente a @silviallano, porque ya la extrañamos :) buscar los sueños es el mejor viaje que existe!"},{"index":"250710120009433088","data":"Checked in at Wunderman Colombia http://www.facebook.com/pages/Wunderman-Colombia/147630462047193 …"},{"index":"250908110795976705","data":"“@muyinteresante: ¿Te gusta la cerveza? Pues te interesará saber que la negra tiene más hierro que la rubia... http://bit.ly/oEyUZf ”"},{"index":"250188230970978305","data":"Es mucho mejor una cruda realidad que una cruel mentira! #frasedeldia"},{"index":"250908018055737344","data":"“@MkDirecto: El número de seguidores en Twitter podría dejar de ser un indicativo de influencia en esta red: http://bit.ly/VGEEV7 ” hace rato"},{"index":"250908995936714752","data":"http://beyx.tumblr.com/  me encanta este tumblr!! Simplemente genial :) #artwork"},{"index":"250982773567942656","data":"la magia de estar en dos calls al tiempo"},{"index":"250977534743818241","data":"Yo quiero uno!!! https://www.facebook.com/photo.php?fbid=10151239156283352&set=a.436192953351.224130.192047943351&type=1&theater …"},{"index":"250978351680987136","data":"Como hacerse millonario con un juego de celular? preguntele a Rovio y mire lo ultimo de #angrybirds http://bit.ly/P5rvQN# "},{"index":"250988701025439745","data":"Que buen caso de publicidad, se los recomiendo http://vimeo.com/34362319 "},{"index":"251003692252291072","data":"Si ven,"},{"index":"251009412544737280","data":"Porque soñar siempre es una opcion de vida!!!!!"},{"index":"251040856826593280","data":"I liked a @YouTube video http://youtu.be/hgZ0KLWpicc?a  JWT turns a magazine into an amplifier for Coca Cola FM"},{"index":"251003818844758016","data":"hay que trabajar mucho por una cerveza en este país!!! http://econ.st/OXEALY "},{"index":"251042025686847488","data":"Listos! (@ Social Media Week Bogotá 2012 #smwbog w/ @rodrisalazar) http://4sq.com/VJCG6s "},{"index":"251042165709479936","data":"Por fin camino al #smwbog y feliz de la papaya! Espero me ayuden a romper sintonía por streaming!!"},{"index":"251009200463953920","data":"Por fin camino al #smwbog y feliz de la papaya! Espero me ayuden a romper sintonía por streaming!!"},{"index":"251043995566874625","data":"quiere aprender de social media? le tengo la conferencia, vea a @edu_gomez en #SMWbog aquí: http://bit.ly/UJvtWf "},{"index":"251050631178104832","data":"I liked a @YouTube video http://youtu.be/JWXg1_4quwU?a  Google Analytics Tips & Tricks Measurecamp London 2012"},{"index":"251080516495880194","data":"@edu_gomez que buena conferencia :)"},{"index":"251349309642121217","data":"tome prestado el mono de @muchosmonos para mi avatar!!! simplemente me encantó!!"},{"index":"251403296370196480","data":"@julitamartinez sorry :["},{"index":"251366188783902720","data":"se que tengo cosas por hacer, pero no se por donde empezar, será que me puedo ir a mi casita?"},{"index":"251413012106342400","data":"Donde está el internet cuando uno lo necesita!!! VIDA HP"},{"index":"251403807299362816","data":"Hoy a edta edad, valoro mas los profesores con experiencia en el mundo laboral, que aquellos que solo dictan clases"},{"index":"251447322439987200","data":"Mi colon, que man tan jarto!"},{"index":"251448334299041793","data":"Quien diablos bloquea los videos de Youtube para dispositivos móviles!!  #fail"},{"index":"253086708608942081","data":"“@marialorman: #Ojo \"Menos del 1% de las compras online provienen de los canales sociales\" http://ow.ly/e9gdA  vía @TyNMagazine”"},{"index":"253083894058999808","data":"“@LaOriRoa: @Muergana_DC no eres la única jaja” +1"},{"index":"252766587495530496","data":"Asi como cuando a una le toca un bully de autopista que lo sigue casi hasta el trabajao, asi :("},{"index":"253084443802222593","data":"“@nokia: Why Robert decided to #SwitchToLumia: http://nokia.ly/SY2V5r ” +1"},{"index":"253087463596249089","data":"Es increíble la creatividad del ser humano!"},{"index":"253086954332246017","data":"“@MkDirecto: Paco Ruíz Nicoli: \"en esta brutal crisis hay grandes oportunidades de negocio real\" #solomo2012” esta es nuestra vida en lta"},{"index":"253811801068826624","data":"“@muyinteresante: La meditación te hace más comprensivo http://bit.ly/PSxES7 ” a meditar... Ahmmmmmm"},{"index":"253083345540505600","data":"Asi como cuando a una le toca un bully de autopista que lo sigue casi hasta el trabajao, asi :("},{"index":"253958643584757760","data":"Me gustó la combinación de fresa con arequipe, está muy buena la recomiendo!"},{"index":"253959237305266180","data":"Alguien sabe como vaciar el portapapeles del excel????"},{"index":"254172458570108928","data":"Señor twitero le recuerdo que la ortografía es base importante de su tuit, gracias. Att la administración"},{"index":"254002373272424448","data":"Orgullosa embajadora de @SOColombia gracias por este hermoso Video http://www.youtube.com/watch?v=TC1k4uSJ1C0&feature=youtu.be … a compartir!!!!"},{"index":"254171966066524160","data":"Buenos días señores, hoy es viernes de desorden jejejeje que hoy os deje libre de chicharrones!"},{"index":"254172117376069632","data":"Quién ha sido el mejor James Bond?"},{"index":"254173547906359296","data":"“@MkDirecto: ¿Dónde está Apple en el año uno de la era post Jobs?: http://bit.ly/QKzk2w ” polémico, per la realidad!"},{"index":"254173872818114560","data":"like nigga what? (@ McDonald's) http://4sq.com/SxeAhd "},{"index":"255296461112238080","data":"A nuestra embajadora @acmurillo le deseamos una feliz cumpleaños y esperamos que tenga un hermoso día. :)"},{"index":"254001850217533440","data":"I liked a @YouTube video http://youtu.be/TC1k4uSJ1C0?a  Special Olympics Colombia \"Si, soy especial\""},{"index":"255793664608067584","data":"Me encanta poner caritas en lis mensajes :-D"},{"index":"255793794736349186","data":"Me inscribí a la bendita maestría!. Salve dios a la ñoña mayor!"},{"index":"255836760020492288","data":"Dirección de Marketing. “@acmurillo: @julitamartinez congrats y de que es?”"},{"index":"256082645379854336","data":"Ya tengo el descuento de $399 para mi Nokia Lumia 900 #quieromilumia @nokiaarg @garbarino. ¡Conseguí el tuyo!  http://nokia.ly/quieromilumia "},{"index":"259375309747535872","data":"Mi nuevo sabor preferido de café, choco nutela de crepes! Sublime!"},{"index":"256710973455470593","data":"@acmurillo #recomiendo"},{"index":"259385251766341632","data":"Capítulo 2: Como Francesco conoció el amor. http://www.youtube.com/watch?v=YCTIDhH1m34&sns=tw … via @youtube"},{"index":"259385235693776896","data":"Me ha gustado un vídeo de @YouTube (http://youtu.be/YCTIDhH1m34?a  - Capítulo 2: Como Francesco conoció el amor.)."},{"index":"256850654155386880","data":"Capítulo 1: Conoce la historia de Francesco: http://youtu.be/2C0awwZXt1Q  via @youtube a compartir!!!!!!"},{"index":"260569796675006465","data":"Quiero dar un vuelco a mi twitter, definitivamente hay mucha basura en mi timeline"},{"index":"260333089614602240","data":"Muy buen día a todos :) #ComboMadrugador"},{"index":"260583711815385090","data":"Quiere saber quien es quien en el #patrondelmal le tengo el link http://flpbd.it/UXBqf "},{"index":"260733178308874240","data":"Después de dos años la justicia llega, ganamos, orgullosa y feliz, se cierra el ciclo!"},{"index":"262359203363033088","data":"Planeta Terra :) (Checked in at Parque Jaime Duque) http://www.facebook.com/pages/Parque-Jaime-Duque/207989002565248 …"},{"index":"260774589653716992","data":"Por cosas como estas amo ser #wunderpeople http://www.youtube.com/watch?v=Vnv8jK2eLHo … y yo voy por los 4 años! y no me cambio por nadie"},{"index":"260774766586257409","data":"I liked a @YouTube video from @wunderman http://youtu.be/Vnv8jK2eLHo?a  The Wunder Years"},{"index":"262682442291347456","data":"“@Jdumana: Mi Mini ponque!!! Por @acmurillo pic.twitter.com/EQsrpDgz” te amooooo feliz cumple!"},{"index":"262872254029905921","data":"Buenos días a todos!! Que tengan una linda semana!"},{"index":"262706434419085312","data":"Hay momentos en que mi viceralidad es muy difícil de contener"},{"index":"263098231569920000","data":"“@NYMag: Dramatic video of building collapse on 14th Street. https://www.youtube.com/watch?v=UiyhF_GIQlI&feature=youtu.be … (via @Nagler) #Sandy”"},{"index":"262872602492690432","data":"Un abrazo mañanero a @omargamboa porque me hace muy feliz ver como han crecido los premios de twitter en colombia!"},{"index":"263111786432196609","data":"Creeria que se pone bueno esto en #laVozColombia"},{"index":"263233261575217152","data":"He de reconocer que entrar a la era directv es entrar al paraiso de la tv! Buenos dias a todos!"},{"index":"263595773646753792","data":"El exito depende del cristal con que se mire, o mejor del analytics jajajaja buenos días a todos"},{"index":"263235092372131840","data":"Buenos dias al combo de @laxmasmusica buena energía para la mañana de hoy"},{"index":"263959350643654656","data":"He de confesar que me encanta el new york times, pero es mucho para leer a esta hora de la mañana"},{"index":"264169620318068736","data":"Acá tratando de mejorar lo efectuado en el pasado #modopeluqueria"},{"index":"264041355888709633","data":"Quiero un Lumia 920 ya!!!!"},{"index":"264169898987638784","data":"No me fusta mucho el giro que ha tomado mi timeline #depurandoando"},{"index":"264394442398638080","data":"Sigo siendo el Grinch de Halloween, lo siento"},{"index":"264394974978785281","data":"#Yoextraño los viernes sin chicharrones!"},{"index":"264396939372687360","data":"Estoy mamado de mi #excel, siempre me jode cuando tengo errores de formula, pero nunca me felicita cuando las hago bien :("},{"index":"263958935910875137","data":"Buenos dias señores! Comezo la recta final de la semana hasta el festivo! Yupi!!"},{"index":"264399261771386881","data":"Pero también soy el Grinch de las fotos!"},{"index":"264170131897335808","data":"Miren lo que me acaba de regalar @ClaudiaBerbeo #morídelafelicidad http://instagr.am/p/Rgc_yFphvQ/ "},{"index":"264794493499342849","data":"Acaba de publicar una foto http://instagr.am/p/Rk8cq3Pm3C/ "},{"index":"264788136633171968","data":"Volviendo a mi riata noventera! Vivan los gloriosos 90s pic.twitter.com/yHOsc8oH"},{"index":"264395455012671488","data":"Chico tu ego no te cabe en la oficina, yo de ti buscaba una ventana más grande"},{"index":"264398119100375040","data":"Así, como cuando uno cambia de look http://sdrv.ms/QbgPGs "},{"index":"264905256352231424","data":"http://flpbd.it/U3X0e  Divina esta foto!"},{"index":"264904891091255298","data":"Trague como un cerdo hoy! Ahora sigue la sal de frutas!"},{"index":"264906743207833600","data":"Traditional Villa Escudero Waterfall Restaurant Back Left Side http://flpbd.it/zme3x "},{"index":"265079691986231296","data":"I liked a @YouTube video http://youtu.be/JjdLlOQ5JZ4?a  Sofia Vergara's Opinion of Ellen's Costume"},{"index":"265631132056440833","data":"Por primera vez la inversión publicitaria en medios digitales (18,3%) supera a la de medios impresos (15,6%)http://flpbd.it/raVUX  genial!!"},{"index":"265645909730271232","data":"@LaVozColombia el vestuario del programa esta muy flojo! Y el vestido de palma no esta nada bonito, con mucho cariño"},{"index":"265080326588616704","data":"Sofia Vergara's Opinion of Ellen's Costume http://flpbd.it/wyl43  bueno!"},{"index":"265635016707567617","data":"@lavozcolombia cepeda eres lo mejor!! Que buen equipo!!"},{"index":"265871439029219329","data":"@Muergana_DC juan valdez:)"},{"index":"265871282237755393","data":"Cuando el menos del 10% de tus fans son los que hablan de tu contenido, querido amigo cliente, hay que cambiar! \n#facebookKPI"},{"index":"266002285174337536","data":"Si se va orlando de @LaVozColombia dejo de ver el programa #hedicho"},{"index":"266005205668216832","data":"Te amooooo montaner!! @LaVozColombia orlandito!! Vamos con toda!!"},{"index":"266015536566120450","data":"“@OmarGamboa: Hoy me confirmaron otro patrocinador, pero lo anuncio el jueves o viernes :)” congrats!"},{"index":"266014706479796224","data":"“@OmarGamboa: Hoy me confirmaron otro patrocinador, pero lo anuncio el jueves o viernes :)” congrats!"},{"index":"266572508566781953","data":"Quiere saber más acerca del consumidor digital? acá le dejo: http://www.consumerbarometer.com/  #digitalmarketing #digitaldata"},{"index":"266572936268349440","data":"De por Dios!!! dejen vivir a noviembre, pobre man!"},{"index":"266575045332185088","data":"Apple, multada por violación de patentes via @elespectador"},{"index":"266577075463393280","data":"El share of voice de redes sociales, está atado al trabajo del equipo o agencias de relaciones públicas de las empresas"},{"index":"268668708744994816","data":"Espero que hoy sea un dia en el que valga la pena levatarse!"},{"index":"266584381664153601","data":"SEO es más que Meta data http://www.anacarolinamurillo.com/2012/11/seo-es-mas-que-meta-data.html …"},{"index":"270894093620633600","data":"I liked a @YouTube video http://youtu.be/WpBTr4mxfhA?a  Meet Jessica. See her Windows Phone."},{"index":"270893902867886080","data":"I liked a @YouTube video http://youtu.be/y29tpFjWyUE?a  Meet the new Windows Phone: Reinvented Around You"},{"index":"266856254301954048","data":"Hola si Google? Jajaja RT @acmurillo: Apple, multada por violación de patentes via @elespectador"},{"index":"271809040735162368","data":"@puntoCO"},{"index":"271932097286004737","data":"Buenos dias a todos, que tengan un bonito viernes hoy!"},{"index":"272369782895046656","data":"Así como cuando la calor azota, así"},{"index":"272085880687173632","data":"'Yo ya viví la magia de nuestra tradición, hazte fan de la ruta de la navidad  http://bit.ly/RHsxpE "},{"index":"271932357307670528","data":"que linda @Kro_Toledo gracias @acmurillo @lulabuendia @LaMermeladita  se les extraña desde la recuperación de las muñecas fracturadas besos!"},{"index":"274102940619378688","data":"Buenas y santas las tengan todos ustedes!"},{"index":"274259634221625345","data":"Que mamera vivir cuidandose el jopo!!!"},{"index":"274103836539490304","data":"Me ha gustado un vídeo de @YouTube (http://youtu.be/86kNiT1Leoo?a  - 15\" esperando en la fila del baño es mucho)."},{"index":"274261388736745473","data":"Conceptos TIC: http://www.colombiadigital.net/aprenda-tic/conceptos-basicos.html#.ULfQZgg2k50.twitter …"},{"index":"274467127975608320","data":"“@avinash: [Wait, what!]  Zurich has approved plans for drive-in sex boxes: http://goo.gl/ekabN   #creativity?” Cada uno tiene su fetiche"},{"index":"274467498160697344","data":"Buenas y santas las tengan, despues de un jueves de popo, espero un viernes de tranquilidad y sosiego! Lo lograre?"},{"index":"274467575851794432","data":"“@andressilvaa: Una gran virtud es .., hablar lo justo .., en el momento indicado .., diciendo lo necesario .., a la persona clave ...”"},{"index":"274485301961969664","data":"Aun se estila el #FF"},{"index":"274485114866638848","data":"“@EcuaLink: Los cinco beneficios que nos da el tomar café. http://ecual.in/QRNz8j ”viva el cafe!"},{"index":"274513687363067904","data":"me divierte mucho oir pelear a la gente acerca de futbol!!!! son muy divertidos XD"},{"index":"274513811552215042","data":"Hacer una presentacion de producto con imágenes de la competencia, diciendo que son proyectos increíbles... Eso es actitud!"},{"index":"274515072888500224","data":"yo tambien tengo fe en la causa viva mi glorioso ejercito Colombiano!!! @COL_EJERCITO"},{"index":"274514910036230145","data":"I liked a @YouTube video http://youtu.be/qGQvH0SgSxE?a  FE EN LA CAUSA CON TODAS NUESTRAS FUERZAS. ACTITUD POSITIVA PARA VENCER."},{"index":"274515616398974976","data":"FE EN LA CAUSA CON TODAS NUESTRAS FUERZAS. ACTITUD POSITIVA PARA VENCER.: http://youtu.be/qGQvH0SgSxE  via @youtube"},{"index":"275325175564746752","data":"Espero que no se acabe este domingo!"},{"index":"275555387032354816","data":"“@ThaJules: Mi Twitter. Mis gustos. Mis problemas. Mis opiniones. Mi vida ¿captan?” Sip y me uno!!"},{"index":"275554906809700352","data":"“@juan1294: A mi no me engaña @petrogustavo no viene al Coliseo porque si. El quiere entrar al circo de los hermanos Gasca”"},{"index":"275555572252807170","data":"“@paulocoelho: Viva N.Sra. Fátima pic.twitter.com/xrXPHiGb” viva!!"},{"index":"274879503401091072","data":"@MiradaMatadora @Muergana_DC @jamessintuiter @acmurillo @lina022 Yo por mi parte recomiendo esta #nowplaying http://grooveshark.com/s/La+Bamba/49V0U6?src=5 …"},{"index":"275799141798526976","data":"@chocquibtown felicitaciones a@GOYOCQT por tu bebe! Muchas bendiciones!"},{"index":"276157686725373952","data":"@juanriveros mis respetos! Que lección de vida que nos diste!"},{"index":"276139417440223232","data":"Feliz #DíaDelPublicista para @acmurillo @Rodolfovg @Rodolfovg @di3go_rodriguez @maf_gutierrez @MarinoWilliam @Marialepenalosa"},{"index":"276040807033749504","data":"Cool, @acmurillo is about to reach 8,500 tweets! See the rest of the stats http://twtr.to/jWVg "},{"index":"276644509822095360","data":"Buenas y santas las tengan!"},{"index":"276699215848148992","data":"Cuando quiero llorar no lloro"},{"index":"277069371954839552","data":"Una duda, porque habría de seguir la página de facebook de un banco?"},{"index":"278547914916241409","data":"eso de poner a nevar las páginas ya es muy trillado no?"},{"index":"277896632488583169","data":"Vamos todos a sintonizar @LaVozColombia ya sea por #CABLE #ONLINE o #SEÑALNACIONAL, hoy canta el NINGJAboricua @PonceCarlos1 @acmurillo"},{"index":"278580253474054146","data":"Sabia usted que en facebook los post de mayor engagement en Colombia son los de futbol? #fact #listeningplatform"},{"index":"277095117242892288","data":"Una duda, porque habría de seguir la página de facebook de un banco?"},{"index":"278634460885426176","data":"Una práctica herramienta para conocer la calidad de los seguidores en twitter: Fakefollowers http://sbks.co/ff/  vía @socialbakers"},{"index":"279176655455522818","data":"Buenas y santas, hoy es mi fiesta de fin de año, yuju!!"},{"index":"278683611295793153","data":"Si fuera un documentalista haría un film sobre el drama humano de conseguir esa boleta."},{"index":"278611176135467008","data":"Pase un buen tiempo pensando y analizando lo que va a hacer, no sea que pierda garrafalmente su tiempo!"},{"index":"277002695213215744","data":"Buenas y santas las tengan hoy, o mejor no muy santas pa que pasen bueno en este viernes ;)"},{"index":"279177490457571328","data":"“@MkDirecto: Google Maps regresa a iOS con nuevo \"look\": http://bit.ly/UFffI5 ” no le ganan a mapas de nokia, lo siento!"},{"index":"279177863712894976","data":"“@ENTERCO: El ganador a mejor innovación tecnológica es… http://ow.ly/g3qCA  #PremiosENTERCO #LosMejoresde2012”"},{"index":"279178056239837185","data":"“@DOBLEU2009: Es increible la cantidad tan impresionante de pereza que puede uno llegar a sentir a esta hora!!!!” +1"},{"index":"279202098019708929","data":"@Fanny_Lu con respeto, pero perdiste la voz Colombia, tu mejor carta era Gio"},{"index":"279607251440910336","data":"Quiero un Lumia 920 :) http://twitcam.livestream.com/d2jxi  (@nokia_co live on http://twitcam.livestream.com/d2jxi )"},{"index":"279178158320803840","data":"Así como cuando uno amanece con el ojo pegao, asi!"},{"index":"279218237152055296","data":"muero por una cerveza helada, será que me veo muy alcohólica si me tomo una a esta hora?"},{"index":"279618364857532417","data":"Buenisimo Gracias!!! (@nokia_co live on http://twitcam.livestream.com/d2jxi )"},{"index":"279202451729547264","data":"¡Fanny Lú ha salvado a Andrés Parra en esta noche de #resultadosLVC! ¿Qué opinan de su decisión? #etapafinalVC"},{"index":"279979257982246913","data":"@Kro_Toledo @lunitamaga @lulabuendia @lamermeladita gracias! Lo mismo chicas! Un abrazo espichao y que la pasen bien antes del fin del mundo"},{"index":"280630769704112128","data":"Buenas y santas las tengan el día de hoy!! Ya se acerca la navidad yei!!"},{"index":"280638247552557056","data":"I've just completed a 6 minute yoga practice in Pocket Yoga! https://itunes.apple.com/us/app/pocket-yoga/id347400507?mt=8 …"},{"index":"280630406288666624","data":"Felicitaciones a los hinchas, pero de por Dios donde dejaron la educación, en elmpartido?? Acabaron con un trasmilenio!!"},{"index":"280671462015258625","data":"Buenisimo para hacer en la noche de Navidad! Genial http://pinterest.com/pin/184506915955437416/ …"},{"index":"281001312357842945","data":"Tuve una sesión estimulante con mi Ap Yoga Gratis para iPad. ¡Me siento genial! Duró 3 min #yoga"},{"index":"280869399722856450","data":"Eres dueño de lo que callas y esclavo de lo que dices! Cuando aprenderé"},{"index":"281381841284517890","data":"Top cool to care"},{"index":"281534774496088064","data":"Mi nuevo compañerito de oficina http://sdrv.ms/VQGOiD "},{"index":"281384063464517632","data":"Todos los dueños de aveo y optra son iguales"},{"index":"281535804470333440","data":"Enero será de vacas muy flacas :("},{"index":"281848565230338048","data":"En call :) (@ Wunderman) http://4sq.com/UJGnHT "},{"index":"282202418933006336","data":"Los mejores videos del 2012 http://www.youtube.com/theyearinreview?feature=inp-fb-rew-01 …, esta buenisimo!!!"},{"index":"282212906261692416","data":"I liked a @YouTube video http://youtu.be/FHtvDA0W34I?a  Felix Baumgartner's supersonic freefall from 128k' - Mission Highlights"},{"index":"281411398154743809","data":"Cosas como estas me hacen volver a creer que si se puede ser bueno!!! http://on.fb.me/T7BpXn  :) #cosasquevalenlapena"},{"index":"282213183635193858","data":"I liked a @YouTube video http://youtu.be/DTCmHC8IuuI?a  Interactive Timeline: YouTube Rewind 2012 (Global)"},{"index":"282203965679099904","data":"Quiere conocer lo mejor de youtube 2012, este es el link: http://www.youtube.com/theyearinreview?feature=inp-fb-rew-01 …"},{"index":"282213929223073793","data":"I liked a @YouTube video http://youtu.be/ZsNlcr4frs4?a  Opera duo Charlotte & Jonathan - Britain's Got Talent 2012 audition - UK version"},{"index":"282283954013351937","data":"Mis pelotas parecen la de una rata que quiere embellecer su endémico trasero que parece una carta de... http://wrte.it/Vhq1Vl  @writeitvs"},{"index":"283208977519611904","data":"Gracias @acmurillo por el apoyo que nos haz dado y el cariño con que haces que  #lacampañamasgrandedecolombia sea real pic.twitter.com/kzdTCzVG"},{"index":"282563823578255360","data":"I'm at El Mercado (bogota) http://4sq.com/Ul0kYs "},{"index":"284464696600453121","data":"instant margaritas (tequila poured over lime sorbet with a salted glass rim) via @pinterest buenisimo! http://pinterest.com/pin/277675133246809202/ …"},{"index":"283649983650091008","data":"Feliz navidad a nuestro equipo de trabajo  @jhoa_arcila @gisellmr @DannyArlot @advercopy @CoffeCo @acmurillo @Paisa7 @CatherineCruzB"},{"index":"283928740814282753","data":"Esto esta vacío! (@ Wunderman) http://4sq.com/YM6jID "},{"index":"284464947356909570","data":"Christian Dior Fall 2010 Blue Dress via muy de mi gusyo http://pinterest.com/pin/66780006946468975/ …"},{"index":"285109215499014144","data":"I just unlocked the \"Superstar\" badge on @foursquare for checking in to fifty different places! http://4sq.com/Yv7gAh "},{"index":"287297589789995008","data":"Así como cuando no quieres hacer un cu.., asi"},{"index":"287188940744708096","data":"Hoy estoy taaaaaaaaaaan rico."},{"index":"287297800281133056","data":"Sólo fue que decretaran las Summer Hours en mi trabajo y en Bogotá empezó el sol!"},{"index":"287189106889478146","data":"Ya es viernes??"},{"index":"288468019095691264","data":"#Mododakar"},{"index":"288469575694176257","data":"Me encanta bajo fondo! no hay duda! gracias @themusicpimp http://www.themusicpimp.com/canciones/pide-piso-bajofondo/ …"},{"index":"288470155154038785","data":"Los de claro deberían pagar menos en publicidad e invertir en su red de mier.."},{"index":"289047732860096514","data":"La campaña que ganó a mejor estrategia en Facebook fué http://www.facebook-studio.com/gallery/submission/small-business-saturday-2011 … recomendada totalmente #buenacampaña"},{"index":"289430148590223360","data":"Estoy cagada... De pájaro... Vida hp Espero que realmente sea buena suerte!"},{"index":"288470635326345216","data":"Señor mío, si tanto le molesta Bogotá, porque no se quedó donde estaba!! Créame que nosotros no lo extrañamos ni poquito!"},{"index":"288468127061254144","data":"“@JulianaAbaunza: Les voy a contar un secreto: nadie que no sea familiar de ustedes quiere ver fotos de sus sobrinos.” +1"},{"index":"289491678576914432","data":"esto de la vejez si que pega duro... me duele la lumbar!!!!"},{"index":"289488998529921024","data":"Se acabó el #dakar para Sainz! que triste"},{"index":"290103870661750784","data":"I've just completed a 4 minute yoga practice in Pocket Yoga! https://itunes.apple.com/us/app/pocket-yoga/id347400507?mt=8 …"},{"index":"289488339403436032","data":"Procastinando"},{"index":"288688151336189953","data":"La coca del almuerzo será mi mejor amiga en enero! #hedicho #tristemente"},{"index":"292244877348052993","data":"I've just completed a 6 minute yoga practice in Pocket Yoga! https://itunes.apple.com/us/app/pocket-yoga/id347400507?mt=8 …"},{"index":"291328039625818112","data":"Truth  http://pinterest.com/pin/175429347956760459/ …"},{"index":"292467616214298625","data":"La verdad te hara libre, una leccion de vida de amstrong. Somos humanos cometemos errores... So what!!"},{"index":"290826571051315201","data":"Chismear el facebook de alguién toma tiempo, con razón tantos desocupados!!"},{"index":"293137050599837696","data":"We thought we never wanted to see another version of Gangnam Style. This 7-month-old baby http://flip.it/T6J8u "},{"index":"293525770725367808","data":"¡Intenta vencerme! Mi nombre de usuario es 'anamurillo'. @ruzzlegame http://ruzzle-game.com/download "},{"index":"293314156344537088","data":"I liked a @YouTube video http://youtu.be/ZAaNbzydxiA?a  New Guinness Advert 2013 - Clock"},{"index":"293314228738211840","data":"YouTube http://flip.it/lah2C  me gusta la idea de este reloj #campañaguiness"},{"index":"293741943320637440","data":"I liked a @YouTube video http://youtu.be/rGKfrgqWcv0?a  Mumford & Sons - I Will Wait"},{"index":"294164627036725248","data":"mujer: dos colitas es romantico... hombre: dos colitas, pa agarrarla mamita #diferenciasdegenero"},{"index":"294161841280647168","data":"estan  taladrando y parece que fuera encima de mi cabeza!!!! Señor no puede hacer eso el fin de semana!!!"},{"index":"294162090007080961","data":"Interesante, como sacar agua del aire!. http://tuhistory.com/zona-de-tecnologia/novedades.html …"},{"index":"294164019638583296","data":"Yo soy mi misma censura"},{"index":"294174639582752768","data":"Inseguridad... aléjate de mi... o no?"},{"index":"294181458841587712","data":"aquí vamos de nuevo.... muchacho es que no aprendes?"},{"index":"294177731296505856","data":"Odio que me  pregunten a quemarropa las cosas"},{"index":"294164915495792640","data":"Conozco personas que insultan en 140 caracteres... créame!"},{"index":"294761997478797312","data":"TGIF"},{"index":"294212621962452992","data":"Yo lo siento shakirita, pero se te olvidó cantar! ahora sólo gritas!!"},{"index":"294463682325405697","data":"No entiendo instagram, muy burra??"},{"index":"294762144149426176","data":"No entiendo instagram, muy burra??"},{"index":"294801845665292288","data":"No entiendo instagram, muy burra??"},{"index":"294906592380456961","data":"Aun sigo sin saber que pensar de estas reuniones"},{"index":"294800055418888193","data":"Los hombres compran camionetas y se les olvida parquear"},{"index":"294816417944051712","data":"Asi como cuando se traba el ipad, justo cuando quieres echarte una partida de Ruzzle, así"},{"index":"294907686703747072","data":"No me gusta el olor que tomo esta hermosa reunion"},{"index":"294918757560774656","data":"Si ya se.... No me gustan estas reuniones"},{"index":"296946229668089857","data":"I've just completed a 6 minute yoga practice in Pocket Yoga! https://itunes.apple.com/us/app/pocket-yoga/id347400507?mt=8 …"},{"index":"295272649444175872","data":"Chicken Point Cabin by Olson Kundig Architects http://fancy.to/rksz0u  via @thefancy"},{"index":"296334404056387584","data":"No me gusto tanto el almuerzo, prefiero la comida de mi mamita"},{"index":"297300198345039873","data":"Porque madrugar siempre es una opcion #buenosdias #combomadrugador"},{"index":"295272762291937281","data":"Sock Monkey, Sock Monkeys, Sockmonkey, Sockmonkeys, Sock Monkey Doll, Sock Monkey Dolls, Sock Monkey... http://fancy.to/z57zl9  via @thefancy"},{"index":"297308814175240192","data":"Tuve una sesión estimulante con mi Yoga Todo-en-Uno HD ap. ¡Me siento genial! Duró 7 min #yoga"},{"index":"297300857354084352","data":"“@elespectador: Serie \"Mad Men\" tiene lista su sexta temporada  http://bit.ly/VltZDn ” yuju!!"},{"index":"297338524812845056","data":"Hmmm por fin te conozco y eres tal cual como te habían pintado"},{"index":"298747419062042624","data":"Feliz Martes a todos!!"},{"index":"298907144089116672","data":"Oh mi colon!"},{"index":"299502939754602498","data":"Amo el cebollero que para en todas las estaciones! Voy sentada y comoda"},{"index":"299182573257625601","data":"El chocorramo es una delicia... y el mini chocorramo es una idea brillante"},{"index":"299690939843244032","data":"El Estilo del Peter La Anguila (Hijo de Slenderman) (Piter la Anguila) que bajo hemos caído! http://flip.it/M704A "},{"index":"299503599661223936","data":"Si quiere que traiga bicicleta de Chía, haga el favor y me regala una bala de oxigeno"},{"index":"299984777270923264","data":"Hice 1140 puntos en 184 segundos. Y tú ¿qué esperas para jugar y ganar increíbles premios con Smirnoff Ice? http://goo.gl/kyRmC "},{"index":"301432406638993408","data":"Será que algún día podre terminar mi reporte!! (grito de desesperación)"},{"index":"301692050032709632","data":"A veces el silencio vale mas que las palabras!"},{"index":"301431554939441152","data":"Yo gritona? Cuando!! Hágame el favor!"},{"index":"301692180970487808","data":"Señor viajero, las direccionales no son un accesorio! Uselas!"},{"index":"301692309177782272","data":"Trabajando ando (Checked in at Wunderman Colombia) http://www.facebook.com/pages/Wunderman-Colombia/417680811600678 …"},{"index":"301692986771771392","data":"Ser publicista debería se un trabajo de alto riesgo #hedicho"},{"index":"301774991307964416","data":"Ser publicista debería se un trabajo de alto riesgo #hedicho"},{"index":"302010357277413376","data":"@acmurillo Hola Holaa!"},{"index":"304185908134047744","data":"Buenas y santas las tengan!"},{"index":"304248482221404161","data":"Creo que es un error creer que eres Dios y estas por encima de la decisión de los usuarios #mediosdigitales"},{"index":"304192194347155456","data":"I've just completed a 4 minute yoga practice in Pocket Yoga! https://itunes.apple.com/us/app/pocket-yoga/id347400507?mt=8 …"},{"index":"304548029032181760","data":"Buenas y santas las tengan! Hoy como es jueves, traten de que no sean tan santas :)"},{"index":"304428542484172801","data":"GOOGLE PLUS FACTS VS OTHER SOCIAL MEDIA via @pinterest realmente es una tierra de nadie! http://pinterest.com/pin/150378075029961960/ …"},{"index":"304185166383964160","data":"Que me esperen hoy con bombos y platillos!! @jamessintuiter @jborja79 @MiradaMatadora @JpLpz @acmurillo"},{"index":"305143959083163649","data":"Ver la luna a través de la ventana de mi casa no tiene precio!!"},{"index":"304548440946388992","data":"Que me esperen hoy con bombos y platillos!! @jamessintuiter @jborja79 @MiradaMatadora @JpLpz @acmurillo"},{"index":"306216734996721664","data":"I liked a @YouTube video http://youtu.be/L1ngOto1BmY?a  Katie - My Beautiful Face Part 3"},{"index":"305368307958181888","data":"Esto se llama fumar con estilo http://sdrv.ms/X36NZB "},{"index":"306773547655770112","data":"Disculpe usted señora, yo vine sin filtro incorporado"},{"index":"307130473983918080","data":"Vivimos en un mundo lleno de passwords!!! como diablos quieren que me acuerde de todas!!!"},{"index":"307213824908484608","data":"Tengo miedo"},{"index":"307119467614310400","data":"@themusicpimp eres en master! Gracias por lo que me has enseñado"},{"index":"307214753435099136","data":"Cuando el Colon te pasa factura!"},{"index":"307214055515512832","data":"#elnuevo llega con sueño a la oficina."},{"index":"307652523647442944","data":"Que hagas comentarios divertidos y hagas del trabajo algo agradable, no significa que seas menos profesional!"},{"index":"307215304948342784","data":"Sr constructor me puede dejar porfavor escuchar mis pensamientos?"},{"index":"307311084342235136","data":"#elnuevo llega con sueño a la oficina."},{"index":"309984524756992000","data":"#TGIF :) que la pasen bueno hoy!"},{"index":"311460547419840512","data":"Un saludo espichao a @djflanagan, viva la música y los carros :)"},{"index":"312365207085281280","data":"El plan de comunicación es tan importante como la estrategia misma. #hedicho"},{"index":"309123314801074176","data":"El quiera regalarme uno, se lo recibo con gusto #laferrari http://m.youtube.com/#/watch?v=iRsV6YpLsKA …"},{"index":"312585768021417984","data":"I liked a @YouTube video http://youtu.be/Q5mHPo2yDG8?a  Pepsi MAX & Jeff Gordon Present: \"Test Drive\""},{"index":"312937821809811456","data":"No creo que tener ciertos elementos tecnológicos te hagan mas o menos que alguien #hedicho"},{"index":"313045745395703810","data":"No las odies TANTO, las decisiones que se toman dan o restan valor a nuestra propiedad \"@acmurillo: Odio las asambleas de co propietarios!!\""},{"index":"312937627609341952","data":"Odio las asambleas de co propietarios!!"},{"index":"313045849166970880","data":"Odio las asambleas de co propietarios!!"},{"index":"312356824269615104","data":"I liked a @YouTube video http://youtu.be/qnONJjlcap8?a  El primer regalo de Camila"},{"index":"313613731353468928","data":"Ipad vs. Paper - YouTube http://flip.it/1ze9p  buenisimo!!"},{"index":"314865075385147392","data":"#solomimamasabe cuando no quiero que nadie me hable"},{"index":"318829026137493504","data":"Todo entra por los ojos, incluso los números http://visual.ly/if-world-were-100-people?utm_source=visually_embed … #digitalanalytics"},{"index":"313783033679450113","data":"No hay nada en la vida mejor que dormir tranquilo!"},{"index":"314691916027531265","data":"Buenas santas las tengan!"},{"index":"318226117850980352","data":"I liked a @YouTube video http://youtu.be/XlwXPCzws80?a  Donramon y Perchita - Especial Lánzanos"},{"index":"319172439848386560","data":"Estas preguntando de forma sospechosa!"},{"index":"320180138522341377","data":"Hay momentos en los que me siento como una pulga!"},{"index":"322697399350984704","data":"Volviendo a mi vida universitaria!"},{"index":"323056283391512576","data":"El mundo de Univarsidad ha cambiado mucho desde que me fui, #modoprimiparo"},{"index":"323119222274269186","data":"Booooooorrrrrriiiinnnnnnggggg!"},{"index":"323139152134684672","data":"Booooooorrrrrriiiinnnnnnggggg!"},{"index":"323796259032928256","data":"En este trancon me acompaña @laxmasmusica y mi lumia, de lo contrario me pegaría un tiro"},{"index":"323796671618240513","data":"Que mierda de trafico, voy una hora y media de chía a la 140"},{"index":"323795752226783232","data":"Que mierda de trafico, voy una hora y media de chía a la 140"},{"index":"319172808871641088","data":"Me gusta mucho la nueva año de Twitter para el lumia!"},{"index":"323796915613474816","data":"#Bogotaestahechaunmierdero"},{"index":"323797352131481603","data":"#enqueciudadvivirapetro porque seguro Bogotá no es"},{"index":"323799251308130304","data":"#enqueciudadvivirapetro porque seguro Bogotá no es"},{"index":"324154458529472512","data":"Que buena entrevista! Que buena radio @laxmasmusica @themusicpimp"},{"index":"323800972772143104","data":"Fight @laxmasmusica"},{"index":"323805292485828611","data":"@laxmasmusica me gusta el debate y disfruto la diferencia! Así se hace, que buena radio!"},{"index":"325198026807312384","data":"En dias como estos, amo mis botas machita! #hedicho"},{"index":"323797815748878336","data":"Hasta el momento todo va bien.  El transporte fue fácil y la oficina está bonita."},{"index":"325334188901404673","data":"Tengo miedo"},{"index":"325358587054551040","data":"Tengo miedo"},{"index":"325358789215801344","data":"#CaritaFeliz"},{"index":"325286942310797312","data":"Tengo miedo"},{"index":"326685942700187649","data":"Una mujer con sonrisa al final de su espalda es un crimen! Con un pantalón que deja ver de lo que su figura le permite"},{"index":"326678407826001920","data":"Una duda para @laxmasmusica quesera de la vida de mizzy elliot?"},{"index":"325454050793508865","data":"5 de cada 10 conductores busca coche desde el móvil @daretail #eretail http://bit.ly/11qchv7 "},{"index":"326759145250377729","data":"iPad Sleeve by Studio Credence http://fancy.to/vkd7d3  via @thefancy"},{"index":"326776412285583361","data":"Orange Suede Pumps http://fancy.to/88ctqj  via @thefancy"},{"index":"325359227424108544","data":"Real #bug in my laptop @elementary  http://molo.me/p/2FK0bd "},{"index":"327248016383819776","data":"@Kro_Toledo que bueno!! Y donde estas? Cuanto te quedas? Que tal el otro lado del mundo?"},{"index":"327373616473862144","data":"@lunitamaga @kro_toledo @lamermeladita @lulabuendia yoga, lo mejor del mundo!! Un abrazo y luz para ti tambien!!"},{"index":"327401904256720897","data":"#amomiswift"},{"index":"326727726486659072","data":"Todo hombre sueña con tener un bobcat de regalo en su casa :)"},{"index":"326070699150168064","data":"Lo siento pero #Dancemoms lleva al limite la disciplina! creo que los niños deben ser niños, si no lo son se arrepentiran toda su vida"},{"index":"329025022431744000","data":"Un bonito #momentodenostalgia, oyendo una hermosa canción, recordando a alguien que te dio felicidad y poquito de lluvia! @laxmasmusica"},{"index":"329025255035244545","data":"Ay estomago, como me traicionas de esta forma"},{"index":"329235936682602496","data":"#thinkperformance"},{"index":"329238429999198209","data":"El 14% de las búsquedas son móviles. #thinkperformance"},{"index":"329236543971655680","data":"#thinkperformace con@pgaviriaa y @Solmacua :)"},{"index":"329237857057263616","data":"#thinkperformance los móviles han crecido y el 30% son smartphones en Colombia"},{"index":"327148103352324096","data":"@Kro_Toledo @lunitamaga @LaMermeladita @lulabuendia trabajando trabajandito y tu? Un besote a todas"},{"index":"329239256818126851","data":"#thinkperformance caso Evian, maquinita para comprar agua, desde un imán de nevera"},{"index":"329239698126032896","data":"App meijer, para búsqueda online de promos #thinkperformance, compas inteligentes"},{"index":"329238645741608960","data":"#thinkperformance este es el año del ecommerce en Colombia - google"},{"index":"329239859023732737","data":"Ropa es la segunda categoría mas buscada en Colombia #thinkperformance"},{"index":"329244853160529921","data":"Solo se usa el 6% de la data para tomar decisiones de marketing #thinkperformance"},{"index":"329249181829058560","data":"Ponga objetivos de campaña #thinkperformance para que pueda saber cual fue su resultado final de campaña"},{"index":"329285323718807554","data":"El siguiente paso es la política! Aún no se si es bueno o malo"},{"index":"329261456224813056","data":"Solo se pasa 5% del tiempo en internet buscando, por los UE es importante la integralidad de medios #thinkperformance"},{"index":"331777352214396928","data":"Regresando al alma mater! Felicitacines hermanito! (Checked in at Universidad del Rosario) http://www.facebook.com/URosario.GP "},{"index":"332857726084464640","data":"Antes pensaba que los jeans con tacones era frondio... Ahora ya no se #cosasdeniñas"},{"index":"333234268128026624","data":"Desayunar con coca cola, es muy masculino"},{"index":"333271240859058176","data":"Acá lavando el carro, y el mini carro jejeje"},{"index":"329244654199504897","data":"Medir lo mismo y hacer lo mismo, te va a dar los mismos resultados #thinkperformance"},{"index":"334750060761976833","data":"Se los dije y se los advertí! Ahora no se pueden quejar #hedicho #nadieestacontentoconnada"},{"index":"336522267578224640","data":"En el centro! Maravillosa zona de contrastes! (Checked in at Universidad del Rosario) http://www.facebook.com/URosario.GP "},{"index":"336593456023613440","data":"Trabajando ando (Checked in at Wunderman) http://www.facebook.com/pages/Wunderman/138315406361624 …"},{"index":"337340224369737729","data":"Porque si uno deja pasar un pedo, se vuelve una cagada #quotegarces"},{"index":"337230835805720577","data":"Focus: Brand value | The Economist http://econ.st/1a1njvn  #interesante"},{"index":"337198389659856896","data":"Que antes de las 9 ni me esperen #trancondepopo"},{"index":"332923388857286656","data":"me encantar echar chisme, yo que hago! #cosasdeniñas"},{"index":"337722445207334913","data":"Ranking de los 50 Twitteros de Colombia con mas seguidores http://twitter-colombia.com/ranking/top-50  #twcol"},{"index":"337617657077563392","data":"#adversingis the way to engage people to the brands #ADVERTISINGis http://hsht.ag/fOj "},{"index":"337724228809940992","data":"perder influencia es más fácil que ganarla #joder"},{"index":"337763882611392513","data":"Joder el tinitus ataca, va tocar hacerle acompañamiento"},{"index":"337921718544908289","data":"Los tranco es sacan lo peor de cada ser humano"},{"index":"337205122927034368","data":"@themusicpimp quien ganó ayer?"},{"index":"337951093625606144","data":"Hay momentos en que la comodidad incomoda"},{"index":"337980213503860736","data":"como cuando uno se alegra cuando cancelan una reunion #así"},{"index":"337960816026460160","data":"Lo malo de la rosca es no estar en ella #tengomisdudas"},{"index":"337921094176608257","data":"Los tranco es sacan lo peor de cada ser humano"},{"index":"337980608515043328","data":"como duele!!!! https://www.facebook.com/photo.php?fbid=656270531065827&set=a.110063655686520.14591.109318742427678&type=1&theater … y no me lo hice yo :S"},{"index":"338042674412142593","data":"@themusicpimp mucho lagarto jajajajaja me hiciste reir mucho!!!"},{"index":"337982756585865216","data":"le recomiendo no se pase por acá porque me comería un caballo"},{"index":"338065389483331584","data":"Porque diablos hoy tengo tanta hambre!!!"},{"index":"338088478128615424","data":"Hoy Bogotá está en cámara lenta!"},{"index":"338655288389402625","data":"Muecas furiosas de madrugada con @madeinmelmac http://instagram.com/p/ZxRUgLQJtV/ "},{"index":"338088698807730176","data":"No se que pensar! Hoy fue un día raro"},{"index":"339008410597081088","data":"Como cuando uno esta en el carril equivocado, así! #vidadetrancon"},{"index":"339009391833518080","data":"Y así como cuando tuviste el espacio de cambiar y no lo hiciste, así #vidadetrancon"},{"index":"339010119163604993","data":"@arteagapa un abracito,"},{"index":"339720932715282434","data":"Que frio tan HP!"},{"index":"339498935339069441","data":"Hay cosas que nunca cambian!"},{"index":"339336392595369985","data":"See the Champions League Final Recreated With Legos http://flip.it/BwvgO  Pal que le gusta el futbol y lego!!"},{"index":"339743448255057920","data":"El café es de las pocas bebidas que tiene múltiples preparaciones! #amoelcafe"},{"index":"340119774094843904","data":"He de confesar que los lagartos son la especie mas jarta del mundo oficinistico #hedicho"},{"index":"340103012557139968","data":"He de confesar que los lagartos son la especie mas jarta del mundo oficinistico #hedicho"},{"index":"340158467878842368","data":"I liked a @YouTube video http://youtu.be/zbZct9Ey-CI?a  Graham Norton Show Will Smith treats Series (Original Video) 24th May 2013"},{"index":"340511702661615616","data":"el mejor blog de recetas que he encontrado http://www.ourbestbites.com/  ya solo de verlo tngo hambre!"},{"index":"340466421106606080","data":"Y mi popular frase: en los detalles habita el demonio. #hedicho"},{"index":"340466084631162881","data":"Recuerden, la buena fe se presume"},{"index":"340561963799166976","data":"I liked a @YouTube video http://youtu.be/Dk0_fhPZLf8?a  The REAL Single Ladies Remake"},{"index":"340565210752507905","data":"Beyonce cuando hizo este video le quedó doliendo hasta el cu..!!! http://www.youtube.com/watch?v=4m1EFMoRFvY … pero dan ganas de bailar!!!"},{"index":"340626119831203841","data":"como suenan de mal las canciones en inglés, cantadas en español!!! claro ejemplo http://www.youtube.com/watch?v=rZEaZR90vs4 …"},{"index":"340627179257860097","data":"Y mi popular frase: en los detalles habita el demonio. #hedicho"},{"index":"340626495892508672","data":"la versión original: http://www.youtube.com/watch?v=AWpsOqh8q0M …"},{"index":"341937012804313088","data":"Los nuevos uniformes de policia de Bogotá, debería venir con una faja! jajajajaja"},{"index":"342427706853576704","data":"Este ha sido el viaje mas digitalmente conectado de @jdumana :) #feliz"},{"index":"342426496826224643","data":"Acabo de usar #Shazam y descubrí Blurred Lines de Robin Thicke Feat. T.I. & Pharrell. http://shz.am/t86035248 "},{"index":"342648417715122176","data":"hay momentos en que ser un extraño en un lugar conocido, es una ventaja competitiva"},{"index":"342654098539163648","data":"Si no vende, no es creativo. David Ogilvy #adquote"},{"index":"342657602439749632","data":"Revisar \"7 trucos para escribir un buen Copy Publicitario (David Ogilvy)\" en Creativos Colombianos: http://ning.it/17UzzCq "},{"index":"342606379808325632","data":"¡Cocina casera para perros! 5 recetas saludables y baratas   http://ow.ly/lKi9y "},{"index":"343154144015687680","data":"#mesabeamierda"},{"index":"342608368256552960","data":"Varias teorías explican por qué tenemos el culo redondo... http://bit.ly/11c83aZ "},{"index":"343771613914861571","data":"Si cree que la voy a robar, con esa pinta mas bien es usted la que tiene cara de ampona"},{"index":"343781803057897472","data":"Será que si le doy un puño a la señora del lado será muy agresivo?"},{"index":"343771972074889217","data":"Comiendo espero! (Checked in at Nuevo Aeropuerto Internacional El Dorado) http://www.facebook.com/pages/Nuevo-Aeropuerto-Internacional-El-Dorado/504841209526460 …"},{"index":"343782301299269632","data":"Tu voz es terriblemente aburridora #hiatoriasdeaeropuerto"},{"index":"344192661105815552","data":"RT @la_patilla: Ciclistas desnudos protestan en Chicago contra la dependencia del petróleo http://patil.la/111uoM4 "},{"index":"344193580409159681","data":"Oiga querida @acmurillo ¿Recibió su #TazonconMono? ¿Le gustó? :)"},{"index":"344247518063902720","data":"#mesiguesabiendoamierda"},{"index":"344194005359292416","data":"Oiga querida @acmurillo ¿Recibió su #TazonconMono? ¿Le gustó? :)"},{"index":"344410606977286144","data":"#aquivamosdenuevo"},{"index":"344438941446983680","data":"Trafico terrible en la autopista, como odio los colegios!"},{"index":"344453442300952576","data":"Bogotá va de mal a peor en movilidad #quetristezataninfinita"},{"index":"344446284368867328","data":"Así como cuando uno tiene ganas de hacer pipi y esta en trancón, asi"},{"index":"344447287323406336","data":"Y ahora pitó el medidor de la gasolina, me va tocar darme un bañito de hierbas"},{"index":"344489530591686656","data":"el infierno está lleno de pesimistas... no les caería mal algo de positivismo"},{"index":"344565557846216706","data":"No todo en esta vida es blanco y negro #lecciondevida"},{"index":"344841178820272128","data":"Telefónica Telecom - \"Kid Rescue\" - Y http://www.adforum.com/creative-work/ad/player/34477141 … via @adforum"},{"index":"345148001410494464","data":"Un barri original!! Que honor! Gracias amigo @muchosmonos pic.twitter.com/h9GFN1bkQD"},{"index":"346021133218353153","data":"Amo este esmalte! Gracias a @namurillo eres la mejor!! pic.twitter.com/PHx7hVMuU9"},{"index":"346721631474962432","data":"Check out what I'm listening to on @Grooveshark: http://grooveshark.com/#!/acmurillo/follow … Follow me, or search for your favorite tunes. via @grooveshark"},{"index":"347080614584930305","data":"Este modo triunfalista colombiano si que es molesto"},{"index":"347081187036102659","data":"Bogotá esta lleno de accidentes, siga a  @MOVILIDAD_TV  y verá"},{"index":"347147490400796674","data":"Hay gente que simplemente da asco #findelcomunicado"},{"index":"347509209878900736","data":"Así como cuando un man que tiene un Audi no sabe manejar, asi"},{"index":"349166626429616128","data":"las cosas pasan por algo! #dichodemama"},{"index":"349166845368074240","data":"Odio cuando el time lines se pone politico"},{"index":"349178225190125568","data":"este es el humor gringo que me hace reir! http://www.youtube.com/watch?v=NTqmiwHHktE … #blurredlines"},{"index":"349177857198673920","data":"I liked a @YouTube video http://youtu.be/NTqmiwHHktE?a  Jimmy Kimmel and Guillermo in \"Blurred Lines\" (feat. Robin Thicke and Pharrell)"},{"index":"349179885807349761","data":"Este capitulo de #chespirito esta genial http://www.lax1039.com/mas-noticias/item/1041-el-capitulo-del-chavo-del-8-que-usted-nunca-vio.html … gracias a @laxmasmusica"},{"index":"349207251271168001","data":"Pueden por favor superar a Uribe de una vez por todas! que intensidad!!!!"},{"index":"349191368003964928","data":"Porque vayas en bicicleta no significa que te puedas saltar las normas de transito!"},{"index":"349867177819639809","data":"Y si lavas el carrito?"},{"index":"349168327505104896","data":"Me gusta The Big Bang theory, pero tanto como para tatuarme a Sheldon, definitivamente no https://www.facebook.com/photo.php?fbid=10151733386720030&set=a.10151313576085030.517671.23519525029&type=1&theater …"},{"index":"349267175523090433","data":"Una nueva raza desarrolladores #moonlighters, entérese quienes son aquí: http://bit.ly/1aItw2t "},{"index":"350231750141685760","data":"Este mundo es un pañuelo y sueles encontrarte con los mismos mocos"},{"index":"350236242945912833","data":"Yo podre quitarte el carro, pero tu cara de traqueto lo veo dificil #frasedetrancon"},{"index":"350592963048521728","data":"Justo accidente grave en la autopista cuando tengo reunión y salgo temprano! Vida hp"},{"index":"352613610683510784","data":"Amo la campaña de dove #hedicho"},{"index":"352916457681719296","data":"¡Qué importante es el poder de la palabra!"},{"index":"351891719714914304","data":"Tienda candy crush a la colombiana #Colombianadas vía @juanferiveros http://flip.it/7vmDU "},{"index":"352602429856030720","data":"Me gustó un video de @YouTube http://youtu.be/EpoktK5FFt8?a  Bocetos Dove de la Belleza Real"},{"index":"352916788696203264","data":"Creería que papaya y tinto no combinan"},{"index":"353153390844461056","data":"Porque cada vez que digo \"me regalas\" me acuerdo de @julitamartinez"},{"index":"353155432858124288","data":"Twitear hasta cuando vas al baño, merece un unfollow inmediato!"},{"index":"352924816262709248","data":"#trabajosihay búsqueda de un planner de medios digitales, experiencia 3 años, comscore requerido. HV a ana.murillo@wunderman.com"},{"index":"354223092496744450","data":"Long live Queen!"},{"index":"354433647333482496","data":"Por favor pregúntame a que me sabe!!"},{"index":"354417202004377600","data":"A veces simplemente duele el corazon"},{"index":"354916984170872832","data":"A veces lo único que queda es confiar en los líderes"},{"index":"355037016309760000","data":"Porque siempre se puede hacer algo, así sea correr"},{"index":"354635513862434816","data":"I liked a @YouTube video http://youtu.be/X0BELty_7jk?a  Mumford and Sons - Help From My Friends at Glastonbury 2013"},{"index":"355771693836402691","data":"hasta que mi colon paso factura!"},{"index":"354952476182589440","data":"Bogotá es un trancon hecho ciudad!"},{"index":"356793549662076928","data":"Hay cosas que duelen, pero deben pasar. Lo importante es saberlas llevar y sobre todo saber que eres más fuerte que eso!"},{"index":"357126118261788674","data":"Creo que también la calidad musical no es la misma @laxmasmudica"},{"index":"356815911342182402","data":"Hay cosas que duelen, pero deben pasar. Lo importante es saberlas llevar y sobre todo saber que eres más fuerte que eso!"},{"index":"357126963019780097","data":"Radio @laxmasmusica"},{"index":"357227664442003458","data":"Hay momentos que te alegran los amigos, gracias @gefiles se le quiere!"},{"index":"357227877281968129","data":"Porque el que paga lo que debe, sabe lo que tiene #dichosdemama #amoamimama"},{"index":"361638114491506689","data":"Titanes del pacifico cumple con su cometido"},{"index":"358060518285651969","data":"Porque si no hubiera pasado por lo que pase, no seria la persona que soy ahora #hedicho"},{"index":"358061936895737857","data":"Como hace uno para hacer un esmalte inspirado en modern family! #raresasdelapublicidad pic.twitter.com/v1Tu4nJ1qu"},{"index":"361831906469359617","data":"35 Billion Reasons Why Publicis & Omnicom Are Merging http://lnkd.in/YsMmuZ "},{"index":"364449756740726784","data":"algo que me confirma la vida, es que la gente si es que es muy desocupada!!!!"},{"index":"357228107901566976","data":"Porque si no hubiera pasado por lo que pase, no seria la persona que soy ahora #hedicho"},{"index":"361864151645167617","data":"Ya estoy participando en la #MisiónEspacial El Corral y puedo ser el primero en comerme la hamburguesa espacial https://apps.facebook.com/ingrediente-espacio/ …"},{"index":"363294485741961216","data":"uno de los problemas de las agencias ATL es que piensan que digital se aprende solo leyendo un libro o asistiendo a un seminario"},{"index":"365224675858587648","data":"Tuve una sesión estimulante con mi Todo-en-Uno Yoga HD. ¡Me siento genial! Duró 30 min #yoga"},{"index":"367638983985336320","data":"Que Mier.. De trafico"},{"index":"367639596676694016","data":"Voto por internados o escuela nocturna para los hijos!"},{"index":"367478512011476992","data":"Después de media década abrazar a @acmurillo hasta quedar completamente recargada de su buena vibra ¡Aprendan!"},{"index":"372720351610146816","data":"#iabdayco  (Checked in at Sheraton Bogotá) http://www.facebook.com/pages/Sheraton-Bogot%C3%A1/209633169069289 …"},{"index":"372720085603209216","data":"Que bueno ver a @pedroramirez en #iabdayco"},{"index":"372756924934000640","data":"tómese en serio la innovación si quiere que no lo deje atrás el mundo #iabdayco"},{"index":"372757159781494784","data":"Unleash the power of human resources #iabdayco"},{"index":"372757495816536064","data":"Team work is not enough now #iabdayco"},{"index":"372733528468766720","data":"Orgullosamente @hyundaico la segunda marca automotriz de presencia en internet en Colombia #iabdayco @comScoreLATAM @WundermanCol"},{"index":"372773308196196352","data":"La creatividad es la clave para lograr que la gente se conecte con las marcas #iabdayco"},{"index":"372837446884798464","data":"La data rules!!  #amoloquehago #iabdaycol"},{"index":"374527274336677888","data":"3 alcaldes, de izquierda, que dejan Bogotá peor que como la encontraron"},{"index":"373954787890302976","data":"Acabo de actualizar mi perfil profesional en LinkedIn. Conecta conmigo y consulta mi perfil. http://lnkd.in/SpeUZS  #in"},{"index":"374536405529427968","data":"Completando 1.30 min de trancon en Bogotá"},{"index":"374519062027440128","data":"Bogotá en caos de movilidad y perro recibiendo premios"},{"index":"373402704720461824","data":"Mañana la restricción de pico y placa aplicará normalmente, entre 6 a 8:30 am y 3 a 7:30 pm, particulares 0-2-4-6-8, taxis 1-2 y ambiental 0"},{"index":"374878497313157120","data":"@laxmasmusica es inspiradoras no inspiracionaled"},{"index":"377068776706936832","data":"Vivan los neuróticos como yo"},{"index":"377901301884919808","data":"No me gusta el Fútbol, pero Pekermán me dió una lección http://www.anacarolinamurillo.com/2013/09/no-me-gusta-el-futbol-pero-pekerman-me.html …"},{"index":"377059484574953472","data":"Justin timberlake venia a Bogotá o me lo soñé? @laxmasmusica @themusicpimp"},{"index":"377062963074850816","data":"Justin timberlake venia a Bogotá o me lo soñé? @laxmasmusica @themusicpimp"},{"index":"374881698460491776","data":"Me sabe a mierda el trancon"},{"index":"377908129356214272","data":"Join me for a 2 minute relaxation break at http://www.calm.com/2min "},{"index":"385533257648852993","data":"Me voy al  #CongresoSM con @monicapat @namurillo @tioedd"},{"index":"383924908025458688","data":"“@GuyKawasaki: The mesmerizing projection-mapping performance you have to see to believe [video] http://is.gd/MiEmpT ” increible"},{"index":"379649471153332224","data":"Usted también usaba mal estos objetos - KienyKe http://www.kienyke.com/fotoshow/usted-tambien-usaba-mal-estos-objetos/?utm_source=AGENCIAS&utm_campaign=7c430b3b02-bolet%C3%ADn_septiembre_16_de_20131&utm_medium=email&utm_term=0_9a3fce2bcb-7c430b3b02-52216393 … #KienyKe via @kienyke"},{"index":"398909889239465984","data":"We are here for you @michelleporte76! get well soon!! greeting from @WundermanColombia"},{"index":"398935335209820160","data":"Mucha gente desocupada en esta vida ome!"},{"index":"394776158178250752","data":"I just found the online course \"The Future Of Storytelling\" on @iversity. Check it out: https://iversity.org/c/6?r=9d53d  #mooc"},{"index":"399200178747752448","data":"Es evidente la crisis de los 40s en los hombres!"},{"index":"399200743435276289","data":"Uno se sienta 5 min y se da cuenta de la rarezas bogotanas!"},{"index":"402513756908814336","data":"El placer de comer delicioso y saludable via @elCorral_"},{"index":"402796000806326272","data":"En el web congress ;) (Checked in at Camara de Comercio de Bogota (Chapinero)) http://www.facebook.com/pages/Camara-de-Comercio-de-Bogota-Chapinero/162740587113596 …"},{"index":"402802266584780801","data":"#webcongressbogota muy interesante el caso de Avianca en estrategia digital!"},{"index":"402796346044067840","data":"#webcongressbogota no se están estudiando áreas de tecnología, estudie ayudado por mintic"},{"index":"402802552774742016","data":"#webcongressbogota la estrategia digital tiene que ver con todas las áreas de la compañía #avianca"},{"index":"402802879423332352","data":"#webcongressbogota importante que queremos hacer, antes de pensar en como #avianca"},{"index":"402803033500700672","data":"#webcongressbogota en digital hay que estudiar todo el tiempo #avianca"},{"index":"402803462377058304","data":"#webcongressbogota no siempre es necesario ser la punta de lanza o ser parte del estado del arte #avianca defina su estrategia primero"},{"index":"402803648511893504","data":"#webcongressbogota la innovación de estar en punta de lanza cuesta dinero #avianca"},{"index":"402806448255930368","data":"El costo de internet esta bajando, de los dispositivos ha bajado por lo que la tecnología esta al alcance de todos #webcongress"},{"index":"402804115669278720","data":"Curioso ver a #Avianca en #Webcongress hablando de eficiencia de su ecommerce si cada vez que hacen una promoción se les cae el website #fb"},{"index":"402805681285509121","data":"#webcongress es mas que celulares"},{"index":"402806643970568192","data":"Curioso ver a #Avianca en #Webcongress hablando de eficiencia de su ecommerce si cada vez que hacen una promoción se les cae el website #fb"},{"index":"402807060422991873","data":"#webcongress big data significa que necesitamos mas maquinas y mas recursos para tener información de mercado relevante"},{"index":"402807333761589248","data":"#webcongress big data es igual a mucho dinero"},{"index":"402807896687542273","data":"#webcongress lo maravilloso de la big data es cuando logras combinarla para tener data relevante"},{"index":"402810330273030145","data":"#webcongress el problema del big data es acceder a ella y analizarla, aunque hay lugares que te permiten acceder gratis"},{"index":"402810598779809792","data":"#webcongress guarde la data, no sabe cuando la va a usar. En el futuro seguro va a poder usarla"},{"index":"402883140127318016","data":"Me encantó la charla de Ana Murillo de @Wunderman Colombia, disfrutando el #WebCongress , con #Beats y @Falabella_co"},{"index":"403510406959734784","data":"Bienvenidas las vacaciones de los colegios! El tráfico te esperaba con ansias locas"},{"index":"402883437004337152","data":"La presentación de @acmurillo  es la mejor presentación de métricas digitales que hemos visto en la vida! #WebCongress"},{"index":"403512758173302785","data":"Como se vera panamá sin mi? Te reto #lárgate @laxmasmusica"},{"index":"404968168801992704","data":"Excelente especial #queenunlock que delicia @laxmasmusica @julitroescovar"},{"index":"402884273289846785","data":"Curioso ver a #Avianca en #Webcongress hablando de eficiencia de su ecommerce si cada vez que hacen una promoción se les cae el website #fb"},{"index":"405089642254331904","data":"@acmurillo qué dice mi nueva seguidora?"},{"index":"405170322217136128","data":"@acmurillo qué dice mi nueva seguidora?"},{"index":"405092170962460672","data":"@acmurillo qué dice mi nueva seguidora?"},{"index":"405847100443078656","data":"Adivinen quién es http://instagram.com/p/hPLwREPm5q/ "},{"index":"407926206458105856","data":"Me gustó un video de @YouTube http://youtu.be/dGJmr4q29xM?a  The Full Customer Journey: Three Measurement Challenges - Daniel Waisberg"},{"index":"405800468258910208","data":"Me gustó un video de @YouTube http://youtu.be/dLg7ngfUqRA?a  Relación tipo Arrocito en Bajo"},{"index":"411610415614160896","data":"Écha un vistazo a El Corral: La Radio Original en @TuneIn Radio http://tun.in/seXxf "},{"index":"410586539568418816","data":"¡Supera mi mejor puntuación, 1.98 en ¡Batalla en la tormenta de nieve!! http://itunes.apple.com/app/id705843066?mt=8&partnerId=2003&tduid=AR2111602 …"},{"index":"411667554764337152","data":"Hear ye, hear ye! I just earned the Draw First Blood Achievement in Kingdoms & Lords! Get Kingdoms & Lords for Free! http://ingameads.gameloft.com/redir/?from=DKW8&op=WIN8&game=DKW8&ctg=FBOOK&ver=0.1.0&lg=en&country=CO&d=NOKIA&f=3047.0000.1326.2002&udid=C79CEB2B8C2F6B33EB3929078FB227CA …"},{"index":"411928426145390592","data":"Écha un vistazo a Salsa Sabor y Bembé en @TuneIn Radio http://tun.in/seK9Z "},{"index":"413352569654611969","data":"http://www.cositasdeninas.com/2013/12/home-alone-la-casa-sin-papas/ …"},{"index":"413756558414475264","data":"I just donated to Help Y&R Help UNICEF. Please check out this amazing cause right now. http://fw.to/KXfcpWJ "},{"index":"413857191192317952","data":"Hear ye, hear ye! I just earned the Defense Fortress Achievement in Kingdoms & Lords! Get Kingdoms & Lords for Free! http://ingameads.gameloft.com/redir/?from=DKW8&op=WIN8&game=DKW8&ctg=FBOOK&ver=0.1.0&lg=en&country=CO&d=NOKIA&f=3047.0000.1326.2002&udid=C79CEB2B8C2F6B33EB3929078FB227CA …"},{"index":"414158790779744256","data":"#blinksocl http://blink.so.cl/post?i=2PoPkvMpAKmV9cWr …"},{"index":"413857838726139904","data":"Victory! I finished the Wood for Thought mission in Kingdoms & Lords! Get Kingdoms & Lords for Free! http://ingameads.gameloft.com/redir/?from=DKW8&op=WIN8&game=DKW8&ctg=FBOOK&ver=0.1.0&lg=en&country=CO&d=NOKIA&f=3047.0000.1326.2002&udid=C79CEB2B8C2F6B33EB3929078FB227CA …"}]