[{"index":"379668432561913857","data":"#hollister clients #hipster http://instagram.com/p/eVLBPkgFiM/ "},{"index":"382773069749977088","data":"imatge & song ballen al mateix ritme* fes click aquí >> http://bit.ly/1bbhKRp  << http://fb.me/2o6V4RCQ1 "},{"index":"382406354716999680","data":"#FF a totes les #Mercè #Mercè13 Ylvis - The Fox (+playlist): http://www.youtube.com/watch?v=jofNR_WkoCE&feature=share&list=LLw6FsyeDPnviYsDiS7gERDg … via @youtube"},{"index":"379905469164171265","data":"@lesliscbn #esdeveniments #art #barcelona: INSTITUT MELQUR : SALUT A LA CUINA , 19 SETEMBRE ... http://leslisbcn.blogspot.com/2013/09/institut-melqur-salut-la-cuina-19.html?spref=tw …"},{"index":"382117877630783489","data":"I love Leonor Walting * Marlango \"Si yo fuera otra\" (A Solas 2012) (+playlist): http://www.youtube.com/watch?v=jG_QvpxsGjQ&feature=share&list=LLw6FsyeDPnviYsDiS7gERDg … via @youtube"},{"index":"383522916828057600","data":"#FF venus day Bob Marley - Don't worry be Happy #dretalpropicos http://youtu.be/L3HQMbQAWRc  via @youtube"},{"index":"383249486589358081","data":"Modern Talking - You're My Heart, You're My Soul #keepcalm http://www.youtube.com/watch?v=4kHl4FoK1Ys&feature=share&list=PLZlwVPE3v-c9i-sxrWERWqqDf5Pw1g3X4 … via @youtube"},{"index":"383859842122670080","data":"Orange is the new black online #tvseries #lesbian en la carcel de mujeres... http://www.seriesyonkis.com/serie/orange-is-the-new-black …"},{"index":"383303108744736768","data":"#militarylook #leather #trends #haircut by mercecatasus http://instagram.com/p/eu_vpcAFok/ "},{"index":"383579180589649920","data":"#photo #art http://instagram.com/p/ew9WqPAFpW/ "},{"index":"384434598077149184","data":"Listen to @Respektor's new song \"You've Got Time\" as heard on @OITNB http://www.reginaspektor.com/youvegottime "},{"index":"384423810021482497","data":"'A singer of songs' el projecte musical del belga Lieven Scheerlinck Catalunya Ràdio Laura Rasanen :) http://fb.me/LsVLEyBn "},{"index":"384770865621377024","data":"bye bye september*** ♫ Love Me Again – John Newman http://spoti.fi/13t3TfB  #NowPlaying"},{"index":"385159342615695360","data":"somnis reals* http://fb.me/133KqXsYl "},{"index":"385294768991141888","data":"Bimba water patology #cats #blackcat @ Font De L'Alzina http://instagram.com/p/e9Jj-_gFmV/ "},{"index":"386043121508687873","data":"#tonight only 2€ 7 PECADOS #Ballet EnFemenino divendres 4 centre civic besos mar #dansa #barcelona #art http://leslisbcn.blogspot.com/2013/10/7-pecados-ballet-enfemenino-divendres-4.html?spref=tw …"},{"index":"386234310451134465","data":"Otra Noche Sin Dormir \"Concierto Completo\"(DvD2): http://youtu.be/pKXgNBo9ymU  via @youtube"},{"index":"386874834405175296","data":"el mejor final.. genial! #orangeisthenewblack @leslisbcn  http://streamcloud.eu/ydz045ldbyw9#.UlGAqRs8BZI.twitter …"},{"index":"386878197746257920","data":"take me out ... The Smiths - There is A Light That Never Goes out (+llista de reproducció): http://www.youtube.com/watch?v=n-cD4oLk_D0&feature=share&list=PLZlwVPE3v-c8eGC550kfQpt7CubGCNUqB … via @youtube"},{"index":"386704067780968448","data":"Melon party http://instagram.com/p/fHKgX7AFhl/ "},{"index":"388755576186228737","data":"Gin de la casa happy birthday Tort @ Tournesol http://instagram.com/p/fVvXH7AFtG/ "},{"index":"388547951322464256","data":"*relaxing cup off... #FF losers ... @ lutxana art http://instagram.com/p/fUQ5PwgFgV/ "},{"index":"388984978627133440","data":"Painting por fin!!! bye butterfly* @ lutxana art http://instagram.com/p/fXXrkaAFhj/ "},{"index":"390423385240391680","data":"uhhhh!!!! Michael Jackson - Billie Jean: http://youtu.be/Zi_XLOBDo_Y  via @youtube"},{"index":"389388230811852800","data":"a las 16h empieza Pretty Woman en Telecinco seguro será TT en breve Julia Roberts #Roxette It Must Have been love https://www.youtube.com/watch?v=npf_0T5W3XI …"},{"index":"389352152227143680","data":"*relaxing cup in plaza mayor... http://fb.me/10BJW3rJP "},{"index":"392342798420439040","data":"Expo #dandeegirls beers & cheers with @anna_esquirol27 @ Electric Bar http://instagram.com/p/fvOsoRgFu9/ "},{"index":"391838963969032192","data":"#bolloparty ELÈCTRIC BAR @leslisbcn #art #dandeegirls  #llunaplena @ Electric bar http://instagram.com/p/fqkWekAFlV/ "},{"index":"392598339176648704","data":"how to be a better drawer! http://fb.me/1INk3o4BE "},{"index":"393299804824276993","data":"Just posted a photo http://instagram.com/p/f2B5bPgFld/ "},{"index":"393427275049603072","data":"#bonrollo fiuuuuu*** ya queda menos para el viernes!!!  :P ♫ Could You Be Loved – Bob Marley & The Wailers http://spoti.fi/LIbgch "},{"index":"396030877857480704","data":"Festa halloween matrix @ Lletraferit http://instagram.com/p/gJbzFXgFo5/ "},{"index":"395476411810455552","data":"ideas para tu fiesta de halloween castañada #Halloween http://papeleria-segarra.blogspot.com/2013/10/ideas-para-tu-fiesta-de-halloween.html?spref=tw …"},{"index":"395086741935112192","data":"I love the sound of rain! I'm off to sleep...to sleep, perchance to dream! http://www.rainymood.com/  via @RainyMood"},{"index":"395932065751134208","data":"Repossant forces #continuosplay #nonstop @ Dana http://instagram.com/p/gIu1JagFoa/ "},{"index":"396607554244976640","data":"Check out this mix on @8tracks: \" lutxana dj infinite music session \" at ♫  http://8tracks.com/lutxana/lutxana-dj-infinite-music-session …"},{"index":"397045669644353536","data":"where is my mind? Frank Black & Placebo Live in #Paris http://youtu.be/2bu6W3jNU1M "},{"index":"397698155674107904","data":"in seriously!!! flipa freak... http://fb.me/2An87ArlC "},{"index":"398197417176477696","data":"#performance #born #bcn http://instagram.com/p/gY0_m3AFvR/ "},{"index":"398515262158553088","data":"Nueva favorita: The Police / Message In A Bottle http://www.deezer.com/track/2525861  @DeezerEspana"},{"index":"398734064011968513","data":"Nueva favorita: Keane / Somewhere Only We Know http://www.deezer.com/track/907083  @DeezerEspana"},{"index":"398914187063070721","data":"is that somewhere it hides a well... http://fb.me/2o5Hu5MRJ "},{"index":"399585642025607168","data":"Just posted a photo @ lutxana art http://instagram.com/p/gisSzfAFhj/ "},{"index":"399821205030842368","data":"Nueva favorita: TLC / In Your Arms Tonight http://www.deezer.com/track/538495  @DeezerEspana"},{"index":"400203595041472512","data":"Nueva favorita: Orchestral Manoeuvres in the Dark / Enola Gay http://www.deezer.com/track/3156222  @DeezerEspana"},{"index":"400658536709230592","data":"Ainhoa & Fermin afterwork party in the park @ motos rubí clasicas asociación cultural http://instagram.com/p/gqULkWgFnW/ "},{"index":"401175535457693696","data":"Nueva favorita: Der Blaue Reiter / Prologue: Into the End of the World http://www.deezer.com/track/21982521  @DeezerEspana"},{"index":"401022918702157824","data":"Nueva favorita: The Police / Don't Stand So Close To Me http://www.deezer.com/track/2547788  @DeezerEspana"},{"index":"401619814109949952","data":"Nueva favorita: Big City DJ / Smalltown Boy http://www.deezer.com/track/2994500  @DeezerEspana"},{"index":"401621518834483200","data":"My new sounds: Vienna Mixed 02 http://soundcloud.com/lutxana/vienna-mixed-02 … on #SoundCloud"},{"index":"401622025632247808","data":"My new sounds: Vienna Mixed 02 by lutxana http://soundcloud.com/lutxana/vienna-mixed-02-by-lutxana … on #SoundCloud"},{"index":"401625752543969280","data":"My new sounds: Cuando  Brille El Sol http://soundcloud.com/lutxana/cuando-brille-el-sol … on #SoundCloud"},{"index":"402116156716511232","data":"#Cinquillo party with my iaia #plo #lluna plena tonight @ Port Segur de Calafell http://instagram.com/p/g0q-sJAFob/ "},{"index":"402185467707527169","data":"Colors water #bcn http://instagram.com/p/g1KU4NgFlM/ "},{"index":"402357831959322624","data":"#slogan emocional #serendipity @ POBLE NOU http://instagram.com/p/g2Y5YoAFgm/ "},{"index":"402773028259778560","data":"#t-shitt so cool ivanna from magnetic project ibiza @ Kartodrom Catalunya http://instagram.com/p/g5Vsp7AFuM/ "},{"index":"403166652621398016","data":"Dessig concedit relaxing cup of cafe con leche at sunny place #mitgdia @ El Ceibo http://instagram.com/p/g8InG0gFrV/ "},{"index":"404573077532839936","data":"Nueva favorita: Bob Marley & The Wailers / Could You Be Loved http://www.deezer.com/track/2423898  @DeezerEspana"},{"index":"405373717175599104","data":"Dicho * @ Shiva http://instagram.com/p/hL0b_LgFsw/ "},{"index":"406210970906677248","data":"Tisbahi ala kheir ... No tocarte: http://youtu.be/aOIqspbTDmI  via @youtube"},{"index":"406408774833176576","data":"yes we can! http://fb.me/1czYrwVYi "},{"index":"407412697157099520","data":"#bestial keep on moving society! (NO KEEP CALM! http://fb.me/6zSe9fa51 "},{"index":"407091943840436225","data":"Nueva favorita: George Shearing / Guilty http://www.deezer.com/track/14406830  @DeezerEspana"},{"index":"406373876906487808","data":"#FF today foteixon session at El nou espai 19h like animals Weezer  Island In The Sun http://www.youtube.com/watch?v=0C3zgYW_FAM&feature=share&list=PLZlwVPE3v-c8eGC550kfQpt7CubGCNUqB&index=62 … via @youtube"},{"index":"407476786445180928","data":"GORGONA\n \nI plunge in\nimmersed in the deep\nblue\nabyss\nof my being\nsuspended in a dream\na liminal limbo\nbetween... http://fb.me/6kt8D3FdU "},{"index":"407495414053871616","data":"buenas ideas....#boob #shower... http://fb.me/33BseOC0H "},{"index":"406857403972722688","data":"Nueva favorita: Depeche Mode / Enjoy The Silence (Remastered Version) (Original) http://www.deezer.com/track/38432461  @DeezerEspana"},{"index":"408390336713883648","data":"this it's the song Mina Pg & Cristiana Sollini http://www.youtube.com/watch?v=vx2u5uUu3DE … http://fb.me/6plLvtBRW "},{"index":"408520127882469376","data":"Nueva favorita: Air - Beth Hirsch / All I Need http://www.deezer.com/track/3148105  @DeezerEspana"},{"index":"408573871420620800","data":"Nueva favorita: The Liverpool Band / Hey Jude http://www.deezer.com/track/10527081  @DeezerEspana"},{"index":"408728048750825473","data":"The last song volando voy... http://fb.me/18o5cb7jF "},{"index":"409549996346703872","data":"l'amor és infinit.... no te límits, no els pots aturar.... At Time, Love is- Adolescence of Utena OST: http://youtu.be/HQjxKll3XE8  via @youtube"},{"index":"409693741407289345","data":"Just posted a photo http://instagram.com/p/hqhAGNgFtM/ "},{"index":"410181235227754497","data":"Nueva favorita: Everything but the Girl / Missing http://www.deezer.com/track/3098354  @DeezerEspana"},{"index":"410190392647483392","data":"avui no es pot còrrer ningú núvol tòxic in the city..."},{"index":"410184422760411137","data":"Nueva favorita: Sensity World / Get It Up http://www.deezer.com/track/4463636  @DeezerEspana"},{"index":"410179036678475776","data":"this is my year 2013* http://fb.me/3e9XzVYAN "},{"index":"410551678794862592","data":"#realitybites #temazos When you come back to me - World Party http://www.youtube.com/watch?v=G7ZGysErWkU&feature=share&list=RDG7ZGysErWkU … via @youtube"},{"index":"410924060001185792","data":"Nueva favorita: Film Musical Orchestra / What a Feeling http://www.deezer.com/track/13374389  @DeezerEspana"},{"index":"410794577939816448","data":"#temazos #diagris Nine Inch Nails - Discipline (dreDDup remix): http://youtu.be/Wh1WCXIooBs  via @youtube"},{"index":"411250638971215872","data":"bufff  ♫ Antes Que Salga El Sol – Nacha Pop http://spoti.fi/ZvEfux  #NowPlaying"},{"index":"410471278798471168","data":"no one is perfect http://fb.me/1Gew1sfBv "},{"index":"411250644151205888","data":"bufff http://fb.me/2IpwGJnU9 "},{"index":"411824317731991553","data":"#relaxingcupday ♫ Te Busqué – Mecano http://spoti.fi/11REIsy  #NowPlaying"},{"index":"411824321641054208","data":"#relaxingcupday http://fb.me/2y8nGqQUX "},{"index":"414845364265840640","data":"The last cheers of 2013 with papercri   & jamineta happy new year 2014 @ Ambar Bar http://instagram.com/p/iPHsclAFl2/ "},{"index":"415393972639383552","data":"All I Want for Christmas is you.... #villancicos #nadal 2013 ;) http://fb.me/123SBhHhX "},{"index":"413611031571988480","data":"I'm only happy when it rains... el video me encanta! https://www.youtube.com/watch?v=JQh-feDuf_Q … de Alex... http://fb.me/38l94mGuE "},{"index":"411971178589597696","data":"More than words http://instagram.com/p/h6spBsAFtL/ "},{"index":"416288625702473728","data":"New look at Manchester wc @ Manchester http://instagram.com/p/iZYA6qgFj9/ "},{"index":"414897753513558018","data":"christmas http://fb.me/32WFHVvRX "},{"index":"416365349748342784","data":"wordless https://vimeo.com/80071592  http://fb.me/150SZmNuw "},{"index":"416697217450520576","data":"New concept #italodisco"},{"index":"417908619062288384","data":"happy new year 2014* believes in you*** http://www.lutxana.org  http://fb.me/2Ydd4Q0EW "},{"index":"417000448793788416","data":"Waitting accidents polipoètics @ Ring Ring arts & crafts bcn http://instagram.com/p/iebtrwAFgt/ "},{"index":"419537412927533056","data":"Feel so close to you...right now @ Centre Comercial Diagonal Mar http://instagram.com/p/iwdZC3gFoM/ "},{"index":"379905469164171265","data":"@lesliscbn #esdeveniments #art #barcelona: INSTITUT MELQUR : SALUT A LA CUINA , 19 SETEMBRE ... http://leslisbcn.blogspot.com/2013/09/institut-melqur-salut-la-cuina-19.html?spref=tw …"},{"index":"379668432561913857","data":"#hollister clients #hipster http://instagram.com/p/eVLBPkgFiM/ "},{"index":"418882927217614848","data":"My new sounds: no temas la muerte http://soundcloud.com/lutxana/no-temas-la-muerte … on #SoundCloud"},{"index":"382117877630783489","data":"I love Leonor Walting * Marlango \"Si yo fuera otra\" (A Solas 2012) (+playlist): http://www.youtube.com/watch?v=jG_QvpxsGjQ&feature=share&list=LLw6FsyeDPnviYsDiS7gERDg … via @youtube"},{"index":"382406354716999680","data":"#FF a totes les #Mercè #Mercè13 Ylvis - The Fox (+playlist): http://www.youtube.com/watch?v=jofNR_WkoCE&feature=share&list=LLw6FsyeDPnviYsDiS7gERDg … via @youtube"},{"index":"382773069749977088","data":"imatge & song ballen al mateix ritme* fes click aquí >> http://bit.ly/1bbhKRp  << http://fb.me/2o6V4RCQ1 "},{"index":"383249486589358081","data":"Modern Talking - You're My Heart, You're My Soul #keepcalm http://www.youtube.com/watch?v=4kHl4FoK1Ys&feature=share&list=PLZlwVPE3v-c9i-sxrWERWqqDf5Pw1g3X4 … via @youtube"},{"index":"383303108744736768","data":"#militarylook #leather #trends #haircut by mercecatasus http://instagram.com/p/eu_vpcAFok/ "},{"index":"383579180589649920","data":"#photo #art http://instagram.com/p/ew9WqPAFpW/ "},{"index":"383859842122670080","data":"Orange is the new black online #tvseries #lesbian en la carcel de mujeres... http://www.seriesyonkis.com/serie/orange-is-the-new-black …"},{"index":"384423810021482497","data":"'A singer of songs' el projecte musical del belga Lieven Scheerlinck Catalunya Ràdio Laura Rasanen :) http://fb.me/LsVLEyBn "},{"index":"383522916828057600","data":"#FF venus day Bob Marley - Don't worry be Happy #dretalpropicos http://youtu.be/L3HQMbQAWRc  via @youtube"},{"index":"384434598077149184","data":"Listen to @Respektor's new song \"You've Got Time\" as heard on @OITNB http://www.reginaspektor.com/youvegottime "},{"index":"384770865621377024","data":"bye bye september*** ♫ Love Me Again – John Newman http://spoti.fi/13t3TfB  #NowPlaying"},{"index":"385159342615695360","data":"somnis reals* http://fb.me/133KqXsYl "},{"index":"385294768991141888","data":"Bimba water patology #cats #blackcat @ Font De L'Alzina http://instagram.com/p/e9Jj-_gFmV/ "},{"index":"386043121508687873","data":"#tonight only 2€ 7 PECADOS #Ballet EnFemenino divendres 4 centre civic besos mar #dansa #barcelona #art http://leslisbcn.blogspot.com/2013/10/7-pecados-ballet-enfemenino-divendres-4.html?spref=tw …"},{"index":"386704067780968448","data":"Melon party http://instagram.com/p/fHKgX7AFhl/ "},{"index":"386234310451134465","data":"Otra Noche Sin Dormir \"Concierto Completo\"(DvD2): http://youtu.be/pKXgNBo9ymU  via @youtube"},{"index":"386874834405175296","data":"el mejor final.. genial! #orangeisthenewblack @leslisbcn  http://streamcloud.eu/ydz045ldbyw9#.UlGAqRs8BZI.twitter …"},{"index":"388755576186228737","data":"Gin de la casa happy birthday Tort @ Tournesol http://instagram.com/p/fVvXH7AFtG/ "},{"index":"388547951322464256","data":"*relaxing cup off... #FF losers ... @ lutxana art http://instagram.com/p/fUQ5PwgFgV/ "},{"index":"386878197746257920","data":"take me out ... The Smiths - There is A Light That Never Goes out (+llista de reproducció): http://www.youtube.com/watch?v=n-cD4oLk_D0&feature=share&list=PLZlwVPE3v-c8eGC550kfQpt7CubGCNUqB … via @youtube"},{"index":"388984978627133440","data":"Painting por fin!!! bye butterfly* @ lutxana art http://instagram.com/p/fXXrkaAFhj/ "},{"index":"389352152227143680","data":"*relaxing cup in plaza mayor... http://fb.me/10BJW3rJP "},{"index":"389388230811852800","data":"a las 16h empieza Pretty Woman en Telecinco seguro será TT en breve Julia Roberts #Roxette It Must Have been love https://www.youtube.com/watch?v=npf_0T5W3XI …"},{"index":"390423385240391680","data":"uhhhh!!!! Michael Jackson - Billie Jean: http://youtu.be/Zi_XLOBDo_Y  via @youtube"},{"index":"392342798420439040","data":"Expo #dandeegirls beers & cheers with @anna_esquirol27 @ Electric Bar http://instagram.com/p/fvOsoRgFu9/ "},{"index":"392598339176648704","data":"how to be a better drawer! http://fb.me/1INk3o4BE "},{"index":"393299804824276993","data":"Just posted a photo http://instagram.com/p/f2B5bPgFld/ "},{"index":"391838963969032192","data":"#bolloparty ELÈCTRIC BAR @leslisbcn #art #dandeegirls  #llunaplena @ Electric bar http://instagram.com/p/fqkWekAFlV/ "},{"index":"395086741935112192","data":"I love the sound of rain! I'm off to sleep...to sleep, perchance to dream! http://www.rainymood.com/  via @RainyMood"},{"index":"393427275049603072","data":"#bonrollo fiuuuuu*** ya queda menos para el viernes!!!  :P ♫ Could You Be Loved – Bob Marley & The Wailers http://spoti.fi/LIbgch "},{"index":"395476411810455552","data":"ideas para tu fiesta de halloween castañada #Halloween http://papeleria-segarra.blogspot.com/2013/10/ideas-para-tu-fiesta-de-halloween.html?spref=tw …"},{"index":"395932065751134208","data":"Repossant forces #continuosplay #nonstop @ Dana http://instagram.com/p/gIu1JagFoa/ "},{"index":"396607554244976640","data":"Check out this mix on @8tracks: \" lutxana dj infinite music session \" at ♫  http://8tracks.com/lutxana/lutxana-dj-infinite-music-session …"},{"index":"397045669644353536","data":"where is my mind? Frank Black & Placebo Live in #Paris http://youtu.be/2bu6W3jNU1M "},{"index":"397698155674107904","data":"in seriously!!! flipa freak... http://fb.me/2An87ArlC "},{"index":"396030877857480704","data":"Festa halloween matrix @ Lletraferit http://instagram.com/p/gJbzFXgFo5/ "},{"index":"398197417176477696","data":"#performance #born #bcn http://instagram.com/p/gY0_m3AFvR/ "},{"index":"398734064011968513","data":"Nueva favorita: Keane / Somewhere Only We Know http://www.deezer.com/track/907083  @DeezerEspana"},{"index":"398914187063070721","data":"is that somewhere it hides a well... http://fb.me/2o5Hu5MRJ "},{"index":"398515262158553088","data":"Nueva favorita: The Police / Message In A Bottle http://www.deezer.com/track/2525861  @DeezerEspana"},{"index":"399821205030842368","data":"Nueva favorita: TLC / In Your Arms Tonight http://www.deezer.com/track/538495  @DeezerEspana"},{"index":"399585642025607168","data":"Just posted a photo @ lutxana art http://instagram.com/p/gisSzfAFhj/ "},{"index":"400203595041472512","data":"Nueva favorita: Orchestral Manoeuvres in the Dark / Enola Gay http://www.deezer.com/track/3156222  @DeezerEspana"},{"index":"400658536709230592","data":"Ainhoa & Fermin afterwork party in the park @ motos rubí clasicas asociación cultural http://instagram.com/p/gqULkWgFnW/ "},{"index":"401022918702157824","data":"Nueva favorita: The Police / Don't Stand So Close To Me http://www.deezer.com/track/2547788  @DeezerEspana"},{"index":"401175535457693696","data":"Nueva favorita: Der Blaue Reiter / Prologue: Into the End of the World http://www.deezer.com/track/21982521  @DeezerEspana"},{"index":"401621518834483200","data":"My new sounds: Vienna Mixed 02 http://soundcloud.com/lutxana/vienna-mixed-02 … on #SoundCloud"},{"index":"401619814109949952","data":"Nueva favorita: Big City DJ / Smalltown Boy http://www.deezer.com/track/2994500  @DeezerEspana"},{"index":"401625752543969280","data":"My new sounds: Cuando  Brille El Sol http://soundcloud.com/lutxana/cuando-brille-el-sol … on #SoundCloud"},{"index":"402116156716511232","data":"#Cinquillo party with my iaia #plo #lluna plena tonight @ Port Segur de Calafell http://instagram.com/p/g0q-sJAFob/ "},{"index":"401622025632247808","data":"My new sounds: Vienna Mixed 02 by lutxana http://soundcloud.com/lutxana/vienna-mixed-02-by-lutxana … on #SoundCloud"},{"index":"402185467707527169","data":"Colors water #bcn http://instagram.com/p/g1KU4NgFlM/ "},{"index":"402357831959322624","data":"#slogan emocional #serendipity @ POBLE NOU http://instagram.com/p/g2Y5YoAFgm/ "},{"index":"402773028259778560","data":"#t-shitt so cool ivanna from magnetic project ibiza @ Kartodrom Catalunya http://instagram.com/p/g5Vsp7AFuM/ "},{"index":"405373717175599104","data":"Dicho * @ Shiva http://instagram.com/p/hL0b_LgFsw/ "},{"index":"406210970906677248","data":"Tisbahi ala kheir ... No tocarte: http://youtu.be/aOIqspbTDmI  via @youtube"},{"index":"404573077532839936","data":"Nueva favorita: Bob Marley & The Wailers / Could You Be Loved http://www.deezer.com/track/2423898  @DeezerEspana"},{"index":"406373876906487808","data":"#FF today foteixon session at El nou espai 19h like animals Weezer  Island In The Sun http://www.youtube.com/watch?v=0C3zgYW_FAM&feature=share&list=PLZlwVPE3v-c8eGC550kfQpt7CubGCNUqB&index=62 … via @youtube"},{"index":"403166652621398016","data":"Dessig concedit relaxing cup of cafe con leche at sunny place #mitgdia @ El Ceibo http://instagram.com/p/g8InG0gFrV/ "},{"index":"407412697157099520","data":"#bestial keep on moving society! (NO KEEP CALM! http://fb.me/6zSe9fa51 "},{"index":"406857403972722688","data":"Nueva favorita: Depeche Mode / Enjoy The Silence (Remastered Version) (Original) http://www.deezer.com/track/38432461  @DeezerEspana"},{"index":"406408774833176576","data":"yes we can! http://fb.me/1czYrwVYi "},{"index":"407476786445180928","data":"GORGONA\n \nI plunge in\nimmersed in the deep\nblue\nabyss\nof my being\nsuspended in a dream\na liminal limbo\nbetween... http://fb.me/6kt8D3FdU "},{"index":"407091943840436225","data":"Nueva favorita: George Shearing / Guilty http://www.deezer.com/track/14406830  @DeezerEspana"},{"index":"407495414053871616","data":"buenas ideas....#boob #shower... http://fb.me/33BseOC0H "},{"index":"408390336713883648","data":"this it's the song Mina Pg & Cristiana Sollini http://www.youtube.com/watch?v=vx2u5uUu3DE … http://fb.me/6plLvtBRW "},{"index":"408520127882469376","data":"Nueva favorita: Air - Beth Hirsch / All I Need http://www.deezer.com/track/3148105  @DeezerEspana"},{"index":"408573871420620800","data":"Nueva favorita: The Liverpool Band / Hey Jude http://www.deezer.com/track/10527081  @DeezerEspana"},{"index":"408728048750825473","data":"The last song volando voy... http://fb.me/18o5cb7jF "},{"index":"409693741407289345","data":"Just posted a photo http://instagram.com/p/hqhAGNgFtM/ "},{"index":"409549996346703872","data":"l'amor és infinit.... no te límits, no els pots aturar.... At Time, Love is- Adolescence of Utena OST: http://youtu.be/HQjxKll3XE8  via @youtube"},{"index":"410184422760411137","data":"Nueva favorita: Sensity World / Get It Up http://www.deezer.com/track/4463636  @DeezerEspana"},{"index":"410179036678475776","data":"this is my year 2013* http://fb.me/3e9XzVYAN "},{"index":"410181235227754497","data":"Nueva favorita: Everything but the Girl / Missing http://www.deezer.com/track/3098354  @DeezerEspana"},{"index":"410471278798471168","data":"no one is perfect http://fb.me/1Gew1sfBv "},{"index":"410551678794862592","data":"#realitybites #temazos When you come back to me - World Party http://www.youtube.com/watch?v=G7ZGysErWkU&feature=share&list=RDG7ZGysErWkU … via @youtube"},{"index":"410794577939816448","data":"#temazos #diagris Nine Inch Nails - Discipline (dreDDup remix): http://youtu.be/Wh1WCXIooBs  via @youtube"},{"index":"410190392647483392","data":"avui no es pot còrrer ningú núvol tòxic in the city..."},{"index":"410924060001185792","data":"Nueva favorita: Film Musical Orchestra / What a Feeling http://www.deezer.com/track/13374389  @DeezerEspana"},{"index":"411250638971215872","data":"bufff  ♫ Antes Que Salga El Sol – Nacha Pop http://spoti.fi/ZvEfux  #NowPlaying"},{"index":"411250644151205888","data":"bufff http://fb.me/2IpwGJnU9 "},{"index":"411824317731991553","data":"#relaxingcupday ♫ Te Busqué – Mecano http://spoti.fi/11REIsy  #NowPlaying"},{"index":"411971178589597696","data":"More than words http://instagram.com/p/h6spBsAFtL/ "},{"index":"411824321641054208","data":"#relaxingcupday http://fb.me/2y8nGqQUX "},{"index":"413611031571988480","data":"I'm only happy when it rains... el video me encanta! https://www.youtube.com/watch?v=JQh-feDuf_Q … de Alex... http://fb.me/38l94mGuE "},{"index":"415393972639383552","data":"All I Want for Christmas is you.... #villancicos #nadal 2013 ;) http://fb.me/123SBhHhX "},{"index":"414845364265840640","data":"The last cheers of 2013 with papercri   & jamineta happy new year 2014 @ Ambar Bar http://instagram.com/p/iPHsclAFl2/ "},{"index":"416697217450520576","data":"New concept #italodisco"},{"index":"416288625702473728","data":"New look at Manchester wc @ Manchester http://instagram.com/p/iZYA6qgFj9/ "},{"index":"417000448793788416","data":"Waitting accidents polipoètics @ Ring Ring arts & crafts bcn http://instagram.com/p/iebtrwAFgt/ "},{"index":"414897753513558018","data":"christmas http://fb.me/32WFHVvRX "},{"index":"417908619062288384","data":"happy new year 2014* believes in you*** http://www.lutxana.org  http://fb.me/2Ydd4Q0EW "},{"index":"416365349748342784","data":"wordless https://vimeo.com/80071592  http://fb.me/150SZmNuw "},{"index":"419537412927533056","data":"Feel so close to you...right now @ Centre Comercial Diagonal Mar http://instagram.com/p/iwdZC3gFoM/ "},{"index":"418882927217614848","data":"My new sounds: no temas la muerte http://soundcloud.com/lutxana/no-temas-la-muerte … on #SoundCloud"}]