[{"index":"193013064541552640","data":"Collect moments, not things....."},{"index":"187958344181493760","data":"You can design and create, and build the most wonderful place in the world. But it takes people to make the dream a reality. Walt Disney."},{"index":"186732401131659264","data":"Ashton Kutcher to play Steve Jobs - Entertainment News, EXCLUSIVE, Media - Variety: http://bit.ly/HC3Y59  via @AddThis"},{"index":"187930791311974401","data":"Is this Art? http://yfrog.com/kg27604534j "},{"index":"187613894959841280","data":"@juliagomezcora que no te pase nada..! HUYE SI ESTÁS A TIEMPO!!!"},{"index":"194806746651439104","data":"My Facebook timeline has what my friends are listening to on Spotify, I wish it had what they are reading on their Kindles."},{"index":"212579755332091905","data":"Movie spending to rise 3.1%: PwC report - Entertainment News, Film News, Media - Variety: http://bit.ly/KPxQ6h "},{"index":"225149337452281856","data":"Disney dominates Broadway grosses - Entertainment News, Legit News, Media - Variety: http://bit.ly/OMtA3B "},{"index":"234768130818334721","data":"No hay musica mejor que la musica inglesa!!! Como estoy disfrutandooo"},{"index":"234771246385098752","data":"We were doing so well, did they had to bring the Spice Girls???"},{"index":"237895479520808960","data":"Lunch time in London.... http://yfrog.com/ocb1lyrj "},{"index":"234773123021557760","data":"Always look at the right side of life.......genial monty python, esto se esta poniendo cadavez mejor."},{"index":"225580906138710019","data":"My pledge for #MandelaDay is to teach 67 children to swim - what's yours?  http://virg.in/TRRtp "},{"index":"234786577568649217","data":"Por fin, the WHO!!!!!!!!! Como mejorar esto???"},{"index":"248021104545906688","data":"'Intouchables' selected for Oscar race - Entertainment News, International News, Media - Variety http://www.variety.com/article/VR1118059397#.UFhbNJ6Vt5w.twitter …"},{"index":"250626687979638784","data":"Disney to buy German TV channel - Entertainment News, TV News, Media - Variety http://www.variety.com/article/VR1118059782.html?cmpid=NLC%7CInternational#.UGHV1DXMp8A.twitter …"},{"index":"261041934989131777","data":"Could content marketing replace the SEO department? http://econsultancy.com/blog/10924-could-content-marketing-replace-the-seo-department?utm_campaign=blogtweets&utm_medium=socialnetwork&utm_source=twitter … vía @Econsultancy"},{"index":"251590555841224704","data":"Efectivamente,, Smartphones and tablets drive an increase in impulse buying online http://econsultancy.com/blog/10788-smartphones-and-tablets-drive-an-increase-in-impulse-buying-online … vía @Econsultancy."},{"index":"269392019032530944","data":"http://Guardian.co.uk  - Danny Boyle accuses culture minister Maria Miller of 'outrageous' snub http://m.guardian.co.uk/ms/p/gnm/op/view.m?id=15&gid=%2Fstage%2F2012%2Fn …"},{"index":"267982922773061633","data":"Why Women Make Less http://usgovinfo.about.com/cs/censusstatistic/a/womenspay.htm?r=twitter …"},{"index":"261888301160595456","data":"Y el último #FF del día para una de las 100 mujeres líderes del país @juliagomezcora ¡¡Enhorabuena, te lo mereces!! :) http://bit.ly/R2OzR4 "},{"index":"276383018237714433","data":"'Skyfall' becomes U.K.'s top grosser ever - Entertainment News, Top News, Media - Variety http://www.variety.com/article/VR1118063128.html?cmpid=NLC%7CInternational#.UL-JVqdB73Y.twitter …"},{"index":"270574676118470656","data":"'Rocky' proves a knockout in Hamburg - Entertainment News, International News, Media - Variety http://www.variety.com , Bravo a SE alemania!"},{"index":"278188531782918144","data":"MPA, IFTA slam 21% Spanish sales tax - Entertainment News, Film News, Media - Variety http://www.variety.com/article/VR1118063368.html?cmpid=NLC%7CInternational#.UMYazR2vUO8.twitter …"},{"index":"273829243270610945","data":"'Les Mis' set for U.K. Imax bow on Jan. 11 - Entertainment News, Film News, Media - Variety http://www.variety.com/article . solo en UK por el momento"},{"index":"296927320420261888","data":"Five New West End Musicals to Look Forward To in 2013 http://wp.me/p1fKNo-80S  vía @visitlondon"},{"index":"304958370224427008","data":"'Wicked' movie adaptation coming 'sooner rather than later' http://www.digitalspy.co.uk/movies/news/a460575/wicked-movie-adaptation-coming-sooner-rather-than-later.html … vía @digitalspy"},{"index":"325173211404849153","data":"Big Fish Will Play Broadway's Neil Simon Theatre; Complete Casting Announced - http://Playbill.com  http://www.playbill.com/news/article/173979-Big-Fish-Will-Play-Broadways-Neil-Simon-Theatre-Complete-Casting-Announced#.UXEItW48rjc.twitter …"},{"index":"247757534453186560","data":"Mañana empieza la competición más especial de todas! Tomorrow starts the most special competition! Who will win it? #ChampionsLeague"},{"index":"302059133895577601","data":"Whenever you are confronted with an opponent, conquer him with love."},{"index":"332427347590541312","data":"Lionel Messi Biopic Heading For Theaters http://variety.com/2013/film/news/lionel-messi-biopic-heading-for-movie-theaters-1200476237/ …, \"se presentara justo antes del Mundial en Brasil!\""},{"index":"332182272927215616","data":"One of the toughest things about hiring in Spain is the low level of English among university graduates."},{"index":"339670755669315586","data":"'MasterChef' no toca techo y ya apunta al 20% con un nuevo máximo en TVE  - http://bit.ly/18ybXAn  - Via @Vertele"},{"index":"339744061994958850","data":"La foto que me hizo ayer @pepino_marino en la carpa de @cosmopolitan_es vestida de @dolorestweets @alipromesas pic.twitter.com/4Uq2OqY2NH"},{"index":"340496866015866881","data":"\"@sallyfl: @GeronimoRauch please stay another year. Or come to the US!\" Me encantan estos mensajes q le mandan a mi gero..."},{"index":"342987543882649601","data":"\"@lesmisofficial: Also, @GeronimoRauch will continue to star as Jean Valjean, @tammutu as Javert,@stupidalfred1 as Thénardier Congrats gero!"},{"index":"339419080450785280","data":"A punto de ver rocky, wow! pic.twitter.com/bhXAnNdzPk"},{"index":"347480065682071552","data":"Day 2 of LGE drawing to a close. Lots of happy tired faces That's just the teachers!\nPacking the kids off to bed medicines, creams and teeth"},{"index":"348401128821620737","data":"Ganas de estar ahí! \"@WestEndLIVE: It's getting emotional with @lesmisofficial at #westendlive pic.twitter.com/uwI9NQzG9p\""},{"index":"343836290057392128","data":"\"@ditzkoff: The Guardian has canceled its Tony Awards liveblog. It. Just. Got. Real. https://twitter.com/emmagkeller/status/343824474430373888 …\" ?!"},{"index":"343794734445260800","data":"A punto de ver Searching for sugarman, por fin!"},{"index":"364431095128788992","data":"Major cast changes this September | The Phantom of the Opera http://www.thephantomoftheopera.com/news/major-cast-changes-this-september …. Imparable @geronimorauch en el West End!"},{"index":"367589927053033472","data":"Has Google really just killed the PR industry? http://econsultancy.com/blog/63211-has-google-really-just-killed-the-pr-industry … vía @Econsultancy"},{"index":"370975014859714560","data":"Microsoft CEO Steve Ballmer to Step Down http://variety.com/2013/digital/news/microsoft-ceo-ballmer-to-step-down-1200587184/ …"},{"index":"349854476405968897","data":"Love artist Leandro Erlich's incredible illusion of a Victorian house standing in a street in London http://www.bbc.co.uk/news/uk-23041236 … #readbyrichard"},{"index":"368143045788594176","data":"Broadway Box Office: ‘Lion King’ Reigns, With Help From Its Theater http://variety.com/2013/legit/news/ …, y sigue siendo el REY! Bravo!"},{"index":"375157613979107328","data":"Broadway Box Office: Sales Hold Tight Before Back-to-School Dip http://variety.com/2013/legit/news/broadway-box-office-sales-hold-tight-before-back-to-school-dip-1200597329/ …"},{"index":"383593028268879872","data":"Just in case you missed it earlier > Review of The Phantom of the Opera with @GeronimoRauch as The Phantom > http://www.lastminutetheatretickets.com/blog/index.php/48041/review-of-the-phantom-of-the-opera-with-geronimo-rauch-as-the-phantom/ …"},{"index":"398191937007517697","data":"Theatre is a greater driver of tourism than sport – VisitBritain report http://www.thestage.co.uk/news/business/2013/11/theatre-greater-driver-tourism-sport-visit-britain-report/ … vía @TheStage"},{"index":"401734078887497728","data":"Long-Term Benefits of Music Lessons http://nyti.ms/17jL0hW ."},{"index":"385131164501295104","data":"ArtsBeat: New York City Opera Announces It Will Close http://nyti.ms/16UIu07 "},{"index":"400152319712456704","data":"Disney Theatrical Developing ‘The Princess Bride’ for the Stage http://variety.com/2013/legit/news/disney-theatrical-developing-the-princess-bride-for-the-stage-1200819593/ …"},{"index":"403520222507720704","data":"Monty Python Team Outlines Reunion Details http://variety.com/2013/legit/julio … 2014 en el O2 arena de Londres, los hits de Monty Python!"},{"index":"404697112257908736","data":"Mother's Exercise May Boost Baby's Brain http://nyti.ms/18761Cl "},{"index":"401734666576990208","data":"Childhood music lessons might leave painful memories, but they seem to carry benefits into adulthood http://nyti.ms/1dznfq3 "},{"index":"402727195195351040","data":"Andrew Lloyd Webber: Those who have been lucky 'must put it back' via @Telegraph http://fw.to/woYe59l . Webber filantrópico con el genero"},{"index":"408869716883947520","data":"What Mandela means to South Africans http://nyti.ms/1aEc4sD "},{"index":"413689067487100928","data":"Where in the world am I? Can you tell where this photo was taken? pic.twitter.com/dPcpcKVJeD"},{"index":"418723567724154880","data":"Lion King was highest grossing Broadway show in 2013 http://bit.ly/19KApxI "},{"index":"417785582299787264","data":"Impresionante las taquillas esta semana en NY, wicked hizo más de 3 millones. A Record-Setting Week on Broadway http://nyti.ms/1bxFR6S "},{"index":"186732401131659264","data":"Ashton Kutcher to play Steve Jobs - Entertainment News, EXCLUSIVE, Media - Variety: http://bit.ly/HC3Y59  via @AddThis"},{"index":"419032884570124288","data":"Digital marketing and the music industry: six key trends for 2014 http://econsultancy.com/blog/64051-digital-marketing-and-the-music-industry-six-key-trends-for-2014?utm_campaign=blogtweets&utm_medium=socialnetwork&utm_source=twitter … vía @Econsultancy"},{"index":"187613894959841280","data":"@juliagomezcora que no te pase nada..! HUYE SI ESTÁS A TIEMPO!!!"},{"index":"187930791311974401","data":"Is this Art? http://yfrog.com/kg27604534j "},{"index":"419147370870218752","data":"Excelente spot de Disney. Joy to the Small World - Disney Parks Holiday TV Spot: http://youtu.be/aiOmeF1J1Hc  vía @youtube"},{"index":"187958344181493760","data":"You can design and create, and build the most wonderful place in the world. But it takes people to make the dream a reality. Walt Disney."},{"index":"193013064541552640","data":"Collect moments, not things....."},{"index":"212579755332091905","data":"Movie spending to rise 3.1%: PwC report - Entertainment News, Film News, Media - Variety: http://bit.ly/KPxQ6h "},{"index":"234768130818334721","data":"No hay musica mejor que la musica inglesa!!! Como estoy disfrutandooo"},{"index":"225580906138710019","data":"My pledge for #MandelaDay is to teach 67 children to swim - what's yours?  http://virg.in/TRRtp "},{"index":"194806746651439104","data":"My Facebook timeline has what my friends are listening to on Spotify, I wish it had what they are reading on their Kindles."},{"index":"234771246385098752","data":"We were doing so well, did they had to bring the Spice Girls???"},{"index":"234773123021557760","data":"Always look at the right side of life.......genial monty python, esto se esta poniendo cadavez mejor."},{"index":"234786577568649217","data":"Por fin, the WHO!!!!!!!!! Como mejorar esto???"},{"index":"237895479520808960","data":"Lunch time in London.... http://yfrog.com/ocb1lyrj "},{"index":"225149337452281856","data":"Disney dominates Broadway grosses - Entertainment News, Legit News, Media - Variety: http://bit.ly/OMtA3B "},{"index":"250626687979638784","data":"Disney to buy German TV channel - Entertainment News, TV News, Media - Variety http://www.variety.com/article/VR1118059782.html?cmpid=NLC%7CInternational#.UGHV1DXMp8A.twitter …"},{"index":"251590555841224704","data":"Efectivamente,, Smartphones and tablets drive an increase in impulse buying online http://econsultancy.com/blog/10788-smartphones-and-tablets-drive-an-increase-in-impulse-buying-online … vía @Econsultancy."},{"index":"248021104545906688","data":"'Intouchables' selected for Oscar race - Entertainment News, International News, Media - Variety http://www.variety.com/article/VR1118059397#.UFhbNJ6Vt5w.twitter …"},{"index":"261041934989131777","data":"Could content marketing replace the SEO department? http://econsultancy.com/blog/10924-could-content-marketing-replace-the-seo-department?utm_campaign=blogtweets&utm_medium=socialnetwork&utm_source=twitter … vía @Econsultancy"},{"index":"261888301160595456","data":"Y el último #FF del día para una de las 100 mujeres líderes del país @juliagomezcora ¡¡Enhorabuena, te lo mereces!! :) http://bit.ly/R2OzR4 "},{"index":"267982922773061633","data":"Why Women Make Less http://usgovinfo.about.com/cs/censusstatistic/a/womenspay.htm?r=twitter …"},{"index":"269392019032530944","data":"http://Guardian.co.uk  - Danny Boyle accuses culture minister Maria Miller of 'outrageous' snub http://m.guardian.co.uk/ms/p/gnm/op/view.m?id=15&gid=%2Fstage%2F2012%2Fn …"},{"index":"247757534453186560","data":"Mañana empieza la competición más especial de todas! Tomorrow starts the most special competition! Who will win it? #ChampionsLeague"},{"index":"273829243270610945","data":"'Les Mis' set for U.K. Imax bow on Jan. 11 - Entertainment News, Film News, Media - Variety http://www.variety.com/article . solo en UK por el momento"},{"index":"276383018237714433","data":"'Skyfall' becomes U.K.'s top grosser ever - Entertainment News, Top News, Media - Variety http://www.variety.com/article/VR1118063128.html?cmpid=NLC%7CInternational#.UL-JVqdB73Y.twitter …"},{"index":"270574676118470656","data":"'Rocky' proves a knockout in Hamburg - Entertainment News, International News, Media - Variety http://www.variety.com , Bravo a SE alemania!"},{"index":"278188531782918144","data":"MPA, IFTA slam 21% Spanish sales tax - Entertainment News, Film News, Media - Variety http://www.variety.com/article/VR1118063368.html?cmpid=NLC%7CInternational#.UMYazR2vUO8.twitter …"},{"index":"302059133895577601","data":"Whenever you are confronted with an opponent, conquer him with love."},{"index":"304958370224427008","data":"'Wicked' movie adaptation coming 'sooner rather than later' http://www.digitalspy.co.uk/movies/news/a460575/wicked-movie-adaptation-coming-sooner-rather-than-later.html … vía @digitalspy"},{"index":"296927320420261888","data":"Five New West End Musicals to Look Forward To in 2013 http://wp.me/p1fKNo-80S  vía @visitlondon"},{"index":"332182272927215616","data":"One of the toughest things about hiring in Spain is the low level of English among university graduates."},{"index":"325173211404849153","data":"Big Fish Will Play Broadway's Neil Simon Theatre; Complete Casting Announced - http://Playbill.com  http://www.playbill.com/news/article/173979-Big-Fish-Will-Play-Broadways-Neil-Simon-Theatre-Complete-Casting-Announced#.UXEItW48rjc.twitter …"},{"index":"332427347590541312","data":"Lionel Messi Biopic Heading For Theaters http://variety.com/2013/film/news/lionel-messi-biopic-heading-for-movie-theaters-1200476237/ …, \"se presentara justo antes del Mundial en Brasil!\""},{"index":"339419080450785280","data":"A punto de ver rocky, wow! pic.twitter.com/bhXAnNdzPk"},{"index":"339744061994958850","data":"La foto que me hizo ayer @pepino_marino en la carpa de @cosmopolitan_es vestida de @dolorestweets @alipromesas pic.twitter.com/4Uq2OqY2NH"},{"index":"339670755669315586","data":"'MasterChef' no toca techo y ya apunta al 20% con un nuevo máximo en TVE  - http://bit.ly/18ybXAn  - Via @Vertele"},{"index":"342987543882649601","data":"\"@lesmisofficial: Also, @GeronimoRauch will continue to star as Jean Valjean, @tammutu as Javert,@stupidalfred1 as Thénardier Congrats gero!"},{"index":"340496866015866881","data":"\"@sallyfl: @GeronimoRauch please stay another year. Or come to the US!\" Me encantan estos mensajes q le mandan a mi gero..."},{"index":"343794734445260800","data":"A punto de ver Searching for sugarman, por fin!"},{"index":"343836290057392128","data":"\"@ditzkoff: The Guardian has canceled its Tony Awards liveblog. It. Just. Got. Real. https://twitter.com/emmagkeller/status/343824474430373888 …\" ?!"},{"index":"348401128821620737","data":"Ganas de estar ahí! \"@WestEndLIVE: It's getting emotional with @lesmisofficial at #westendlive pic.twitter.com/uwI9NQzG9p\""},{"index":"347480065682071552","data":"Day 2 of LGE drawing to a close. Lots of happy tired faces That's just the teachers!\nPacking the kids off to bed medicines, creams and teeth"},{"index":"349854476405968897","data":"Love artist Leandro Erlich's incredible illusion of a Victorian house standing in a street in London http://www.bbc.co.uk/news/uk-23041236 … #readbyrichard"},{"index":"364431095128788992","data":"Major cast changes this September | The Phantom of the Opera http://www.thephantomoftheopera.com/news/major-cast-changes-this-september …. Imparable @geronimorauch en el West End!"},{"index":"367589927053033472","data":"Has Google really just killed the PR industry? http://econsultancy.com/blog/63211-has-google-really-just-killed-the-pr-industry … vía @Econsultancy"},{"index":"368143045788594176","data":"Broadway Box Office: ‘Lion King’ Reigns, With Help From Its Theater http://variety.com/2013/legit/news/ …, y sigue siendo el REY! Bravo!"},{"index":"370975014859714560","data":"Microsoft CEO Steve Ballmer to Step Down http://variety.com/2013/digital/news/microsoft-ceo-ballmer-to-step-down-1200587184/ …"},{"index":"385131164501295104","data":"ArtsBeat: New York City Opera Announces It Will Close http://nyti.ms/16UIu07 "},{"index":"383593028268879872","data":"Just in case you missed it earlier > Review of The Phantom of the Opera with @GeronimoRauch as The Phantom > http://www.lastminutetheatretickets.com/blog/index.php/48041/review-of-the-phantom-of-the-opera-with-geronimo-rauch-as-the-phantom/ …"},{"index":"375157613979107328","data":"Broadway Box Office: Sales Hold Tight Before Back-to-School Dip http://variety.com/2013/legit/news/broadway-box-office-sales-hold-tight-before-back-to-school-dip-1200597329/ …"},{"index":"398191937007517697","data":"Theatre is a greater driver of tourism than sport – VisitBritain report http://www.thestage.co.uk/news/business/2013/11/theatre-greater-driver-tourism-sport-visit-britain-report/ … vía @TheStage"},{"index":"400152319712456704","data":"Disney Theatrical Developing ‘The Princess Bride’ for the Stage http://variety.com/2013/legit/news/disney-theatrical-developing-the-princess-bride-for-the-stage-1200819593/ …"},{"index":"401734078887497728","data":"Long-Term Benefits of Music Lessons http://nyti.ms/17jL0hW ."},{"index":"401734666576990208","data":"Childhood music lessons might leave painful memories, but they seem to carry benefits into adulthood http://nyti.ms/1dznfq3 "},{"index":"403520222507720704","data":"Monty Python Team Outlines Reunion Details http://variety.com/2013/legit/julio … 2014 en el O2 arena de Londres, los hits de Monty Python!"},{"index":"404697112257908736","data":"Mother's Exercise May Boost Baby's Brain http://nyti.ms/18761Cl "},{"index":"402727195195351040","data":"Andrew Lloyd Webber: Those who have been lucky 'must put it back' via @Telegraph http://fw.to/woYe59l . Webber filantrópico con el genero"},{"index":"408869716883947520","data":"What Mandela means to South Africans http://nyti.ms/1aEc4sD "},{"index":"413689067487100928","data":"Where in the world am I? Can you tell where this photo was taken? pic.twitter.com/dPcpcKVJeD"},{"index":"418723567724154880","data":"Lion King was highest grossing Broadway show in 2013 http://bit.ly/19KApxI "},{"index":"419147370870218752","data":"Excelente spot de Disney. Joy to the Small World - Disney Parks Holiday TV Spot: http://youtu.be/aiOmeF1J1Hc  vía @youtube"},{"index":"419032884570124288","data":"Digital marketing and the music industry: six key trends for 2014 http://econsultancy.com/blog/64051-digital-marketing-and-the-music-industry-six-key-trends-for-2014?utm_campaign=blogtweets&utm_medium=socialnetwork&utm_source=twitter … vía @Econsultancy"},{"index":"417785582299787264","data":"Impresionante las taquillas esta semana en NY, wicked hizo más de 3 millones. A Record-Setting Week on Broadway http://nyti.ms/1bxFR6S "}]