[{"index":"116204688650670080","data":"Congrats. DAMA-UPC folks for this new collaboration project ! http://www.dama.upc.edu/news/ca-technologies-opens-a-european-research-centre-at-the-universitat-politecnica-de-catalunya.barcelonatech …"},{"index":"122251184512835584","data":"http://lnkd.in/ASBnr5  Hi, I work for Sparsity Technologies, developers of DEX, a graph database. intended to deal with very large graphs..."},{"index":"10512757952","data":"transfering technology to a new spin-off UPC company"},{"index":"124491378658000896","data":"http://www.zdnet.co.uk/news/business-of-it/2011/10/13/dennis-ritchie-father-of-unix-and-c-dies-40094176/ … I learnt C with his book (K&R). My thoughts are with him. #DennisRitchie   #dmr"},{"index":"116194705548640256","data":"Congrats. DAMA-UPC folks for this new collaboration project !\nhttp://www.dama.upc.edu/news/ca-technologies-opens-a-european-research-centre-at-the-universitat-politecnica-de-catalunya.barcelonatech …"},{"index":"129219290204356608","data":"3rd lost in a few days in computer giants, R.I.P. John McCarthy, father of AI, inventor of Lisp.\nhttp://www.wired.com/wiredenterprise/2011/10/john-mccarthy-father-of-ai-and-lisp-dies-at-84/ …"},{"index":"137200027817877504","data":"@GraphDevRoom @LinuxView Thks for following me. I recommend you also @SparsityTech"},{"index":"13729717309","data":"BIBEX (Bibliographic exploration demo application): new user interface release.  http://ow.ly/1J51V   #in #dexgdb #graphdb #nosql"},{"index":"132888724466974720","data":"Graph database model applied to bibliographic exploration, by prof JL Larriba\nhttp://lnkd.in/kK7ZNZ "},{"index":"134325223716691969","data":"Today at Fujitsu Forum 2011 #FF2011, representing Sparsity Technologies  http://tinyurl.com/2b4h9lv  and   DAMA-UPC htt…http://lnkd.in/GEu7UY "},{"index":"13776408431","data":"BIBEX (BIBliographic EXploration on public web, for DBLP): new user interface released. http://bit.ly/cVkS6E  #in #dexgdb #graphdb #nosql"},{"index":"142366412114116608","data":"@cmtblog @AidenSchneider1 @shikhirev @computingnow Thx 4 the follow ! More info at http://www.sparsity-technologies.com  and tweets from @SparsityTech"},{"index":"138604642325106689","data":"40 million objects graph demo: BIBEX, bibliographic exploration with graph databases, over DBLP data.\nhttp://www.sparsity-technologies.com/bibex_demo "},{"index":"144563048760360960","data":"@AllEngineering Thx 4 the follow ! More info at http://www.sparsity-technologies.com  and tweets from @SparsityTech"},{"index":"143608610210066432","data":"@unplugstory @simonetripodi @xwilca @Intelli_Tech\nThx 4 the follow ! More info at http://www.sparsity-technologies.com  and tweets from @SparsityTech"},{"index":"148826470393970689","data":"@Andy21 @rkndavis Thx 4 the follow ! More info at http://www.sparsity-technologies.com  and tweets from @SparsityTech"},{"index":"148826812275896320","data":"@nuriagil Gràcies per seguir-me, i Bon Nadal !"},{"index":"149078650724171776","data":"@MasterScrum Thx 4 the follow ! More info at http://www.sparsity-technologies.com  and tweets from @SparsityTech"},{"index":"153180796218388482","data":"@MarkWrightMBA @sardire  @matthixson @UpSearchBI Thx 4 the follow ! More info at http://www.sparsity-technologies.com  and tweets from @SparsityTech"},{"index":"149925213004509184","data":"@KCCloudConf Thx 4 the follow ! More info at http://www.sparsity-technologies.com  and tweets from @SparsityTech"},{"index":"153184905088606208","data":"Happy New Year 2012 !   from Sparsity Technologies team  @SparsityTech #graphdb #nosql"},{"index":"155725109196374017","data":"7 Possible Graph Databases for Developers http://servicesangle.com/blog/2011/12/06/7-possible-graph-databases-for-developers/ …?  #graphdb @SParsityTech"},{"index":"167672360063877120","data":"@bplsilva  Congrats & Thkx Bruno for your presentation \nhttp://www.slideshare.net/graphdevroom/graph-processing-fosdem20120205querysemantic …  #graphdb #nosql #dexgdb"},{"index":"157496216618414080","data":"Check out this presentation : Dexjava Technical Seminar Dec 2011 http://www.slideshare.net/sgomezvillamor/dexjava-technical-seminar-dec-2011 … via @slideshare #graphdb #dexgdb @sparsitytech"},{"index":"167679266442588160","data":"DEX Graph Database 4.4 *NEW RELEASE* http://java.dzone.com/announcements/dex-graph-database-44-new … via @dzone"},{"index":"170066719384145920","data":"LinkedIn Events: GSMA Mobile World Congress  http://linkd.in/tc9JXM \nWe will be there: Sparsity Technologies http://www.sparsity-technologies.com/  and DAMA-UPC"},{"index":"175994113827667968","data":"will be attending CeBIT 2012 edittion on March 7 & 8 in Hannover. Feel free to contact me if you will also be there."},{"index":"186120780868882433","data":"@cucodevenegas @SparsityTech also has a LinkedIn page - it would be great to connect there too: http://www.linkedin.com/company/sparsity-technologies …"},{"index":"180575841598709761","data":"DEX Graph Database 4.5 *NEW RELEASE includes graph algorithms* | Javalobby: http://java.dzone.com/announcements/dex-graph-database-45-new …\n@graphdb"},{"index":"195897573733695491","data":"@scifr0g Maybe interested in DEX, a high performance graph database for billions of objects, by @SparsityTech  http://www.sparsity-technologies.com/ "},{"index":"192153419455279104","data":"Moving to the new offices of Sparsity Technologies  http://sparsity-technologies.com/events#559 "},{"index":"192189224332701697","data":"Josep Ll Larriba (DAMA-UPC) participa a les JGIC-2012  @SparsityTech\nhttp://lasequantic.wordpress.com/2012/04/15/resum-de-les-i-jornades-sobre-gestio-de-la-informacio-cientifica-jgic-2012/ …"},{"index":"195898001288466433","data":"@PereGrive Maybe interested in DEX, a high performance graph database for billions of objects, by @SparsityTech http://www.sparsity-technologies.com/ "},{"index":"195898304268222464","data":"@alark Maybe interested in DEX, a high performance graph database for billions of objects, by @SparsityTech http://www.sparsity-technologies.com/ "},{"index":"195898494144356352","data":"@Marc_Pou Maybe interested in DEX, a high performance graph database for billions of objects, by @SparsityTech http://www.sparsity-technologies.com/ "},{"index":"195900006912368643","data":"@TheOrbifold Maybe interested in DEX, a high performance GDB for billions of objects,by @SparsityTech http://www.sparsity-technologies.com/   .NET & Java API"},{"index":"195898803700760576","data":"@vicentborja Maybe interested in DEX, a high performance graph database for billions of objects, by @SparsityTech http://www.sparsity-technologies.com/ "},{"index":"195900398337404928","data":"@giorgialupi Maybe interested in DEX, a high performance GDB for billions of objects,by @SparsityTech http://www.sparsity-technologies.com/   .NET & Java API"},{"index":"195900698674724865","data":"@sna_social3 Maybe interested in DEX, a high performance GDB for billions of objects,by @SparsityTech http://www.sparsity-technologies.com/   .NET & Java API"},{"index":"195900929344671745","data":"@c_z Maybe interested in DEX, a high performance GDB for billions of objects,by @SparsityTech http://www.sparsity-technologies.com/   .NET & Java API"},{"index":"195901135469555714","data":"@raona_es Maybe interested in DEX, a high performance GDB for billions of objects,by @SparsityTech http://www.sparsity-technologies.com/   .NET & Java API"},{"index":"202306946387283968","data":"Interesting April issue on Big Data from ERCIM @ercim_news http://ercim-news.ercim.eu/ "},{"index":"208860164063891456","data":"#NoSQL and #graphdb like DEX in Bioinformatic Research http://www.biomedcentral.com/1471-2105/12/S10/S17 …"},{"index":"213318886760775680"},{"index":"210745815155744769","data":"DAMA-UPC and Sparsity Technologies today at  @jornadaticsalut Girona  #RDI #ticsalut @SparsityTech Project presentations, B2B networking..."},{"index":"213318002244980736"},{"index":"19646724115","data":"DEX, high performance graph database management system developed by DAMA-UPC http://bit.ly/dex_gdb #dexgdb #graphdb"},{"index":"213320775950807041"},{"index":"212911527727075329","data":"#BizBarcelona2012 Oportunitats de finançament, stand del CIT-UPC, un munt de start-ups  i molt més pic.twitter.com/ib5q1gUE"},{"index":"213322416917712897","data":"S Murillo  from MPG explains his application using DEX at #BizBarcelona2012 #dexgdb #graphdb @CIT_UPC @SparsityTech pic.twitter.com/N6phx8FE"},{"index":"217623905014255616","data":"#Barcelona is placed within the top three European cities for attracting investment\nhttp://w42.bcn.cat/web/en/noticies-i-premsa/noticies/actives/Barcelona-is-placed-within-the-top-three-European-cities-for-attracting-investment.jsp …"},{"index":"215427280728629249","data":"A great book to introduce yoi in the science of networks and graphs http://lnkd.in/fBGPny "},{"index":"227787222525554688","data":"New Starting Guide with the new release of DEX Graph Database 4.6 http://lnkd.in/HsCwc9 "},{"index":"24411930097614848","data":"Sparsity Technologies and DAMA-UPC will be at CeBIT(Hannover,1st-5th March) Stand A06 - Hall 09.  See you there !\nhttp://tinyurl.com/2b4h9lv"},{"index":"232789757170704384","data":"SNTalent selects Sparsity Technologies as the engine for its Next Generation recruiting services  #graphdb #BigData  http://lnkd.in/U7YBRh "},{"index":"249942149796335616","data":"http://lnkd.in/d7KybH  Hi,  Very informative Andrew. Great explanations about graph databases. Thanks.    Terry, at Sparsity Technologies..."},{"index":"248792498565181440","data":"Another top 20 data visualization tools list. http://lnkd.in/iTvxUw "},{"index":"251264518284529664","data":"#diadatelecos Recommended video by Telefonica at M2M, Internet of things, connected vehicles, smart cities... session  http://www.youtube.com/watch?v=ztq26nFoNeE …"},{"index":"253824121987796992","data":"From Big Data to NoSQL: The ReadWriteWeb Guide to Data Terminology (Part 3) by @klintron http://www.readwriteweb.com/enterprise/2011/08/from-big-data-to-nosql-the-rea-2.php … via @RWW. #dexgdb"},{"index":"258585622577549312","data":"Graph Database DEX 4.7 new release, new feature on High Availability (HA), from Sparsity Technologies http://lnkd.in/DgfYu5 "},{"index":"25874955485","data":"DEX graph DB mentioned at NoSQL Frankfurt 2010 - The GraphDB Landscape and sones. http://tinyurl.com/26wknug #nosql #graphdb #dexgdb"},{"index":"264382665661247488","data":"Google hits 700,000 Android apps &#8211; report, Articles | Mobile Business Briefing http://www.mobilebusinessbriefing.com/articles/google-hits-700-000-android-apps-report/25816 …"},{"index":"261514614041362433","data":"Webcast on Integrating Enterprise NoSQL into Hadoop For Cost-Effective Analytics ? Thursday, October 25 http://blog-u.com/2MlWk7 "},{"index":"264383097095745536","data":"Nokia launches ad exchange, WP8 dev programme, Articles | Mobile Business Briefing http://www.mobilebusinessbriefing.com/articles/nokia-launches-ad-exchange-wp8-dev-programme/25810?elq=e50a19d96fd64734b2f96d2f086d5cbd#.UJPhhuWSx5w.twitter …"},{"index":"273466723372511233","data":"Curiosity result could confirm Mars life, says Levin - space - 23 November 2012 - New Scientist http://www.newscientist.com/article/dn22532-curiosity-result-could-confirm-mars-life-says-levin.html …"},{"index":"270455156712296448","data":"Attending 1st LDBC Technical User Community meeting in Barcelona http://www.ldbc.eu/events/1st-ldbc-technical-user-community-meeting … @LDBCproject  #LDBC #graphdb #RDF"},{"index":"276824492821577728","data":"Interesting summary about data visualization tools\nhttp://lnkd.in/9mu8iN  http://lnkd.in/iTvxUw "},{"index":"278884997757276161","data":"NoSQL: The Rise of Graph Databases,  By Dick Weisinger\n\nhttp://lnkd.in/6af3iY "},{"index":"281372775233499137","data":"Nice infographic about Big Data: Volume, Variety &Velocity http://visual.ly/big-data "},{"index":"278895673745739778","data":"Keep an eye on upcoming #BCN #technology events at http://bitly.com/UOp6B9  #Barcelona #tech #mobile #startups #networking"},{"index":"285326928456601602","data":"Best Wishes for a Great 2013 to all our friends, customers and partners at Sparsity Technologies  and the full graphDB…http://lnkd.in/Hdh3Rq "},{"index":"289822465713139712","data":"On Graph Computing http://markorodriguez.com/2013/01/09/on-graph-computing …\nVery informative. Congrats !  #graphdb #DEXgdb @SparsityTech mentioned"},{"index":"286758958667026432","data":"NoSQL Database Landscape . Nice map. #graphDB http://lnkd.in/4zn2Jw "},{"index":"291861033155444737","data":"Facebook announces Graph Search instead of Web Search. An opportunity for Graph Databases, as DEX  #graphdb \nhttp://techcrunch.com/2013/01/15/facebook-announces-its-third-pillar-graph-search/ …"},{"index":"292718929061756928","data":"Big Data start-ups landscape \nhttp://lnkd.in/26UQEb   #nosql #graphdb"},{"index":"282156202304077826","data":"366 days: 2012 in review (Science, Research, Technology...) http://www.nature.com/news/366-days-2012-in-review-1.12042 …"},{"index":"293356465513717760","data":"NoSQL: The Rise of Graph Database, By Dick Weisinger on Formtek Blog: http://lnkd.in/6af3iY \n#NoSQL #graphdb @SparsityTech"},{"index":"299871852153679872","data":"Answer by @larri64 to What are the pros and cons of switching from MySQL to one of the NoSQL databases? http://www.quora.com/MySQL/What-are-the-pros-and-cons-of-switching-from-MySQL-to-one-of-the-NoSQL-databases …"},{"index":"297263531533934592","data":"Sparsity-technologies: DEX high-performance graph database http://bit.ly/WCTDkR  << Clever approach to big data"},{"index":"29576018107","data":"#in DAMA-UPC / IBM, a success story in the TECNIO network:\nhttp://tinyurl.com/TECNIODAMA"},{"index":"301613279325872128","data":"New use case of #graphdb in the  field of scientific publications,  developed at UPC. http://lnkd.in/P2NPGD   @SparsityTech  #dexgdb #noSQL"},{"index":"301617047043973120","data":"An Updated Database Landscape Map http://www.dzone.com/links/r/an_updated_database_landscape_map.html … #database #nosql"},{"index":"301667655641858049","data":"Welcome to Barcelona !!! #welcomemobile\n@SparsityTech"},{"index":"304605712728862720","data":"Catalonia: a win-win tax system for R&D\n\nhttp://lnkd.in/cz9F8n "},{"index":"304905100349042689","data":"DEX graph database newsletter http://eepurl.com/vGfir   #noSQL #graphdb #dexgdb"},{"index":"306803236889821184","data":"Mobile World Festival next September 2013 #MWC13  http://mobileworldcapital.com/festival/  pic.twitter.com/PlnNMky73o"},{"index":"311933460161888256","data":"Sparsity Tech offers DEX graph DB technology to Synergys challenges #eShowBCN13 @SparsityTech http://www.sparsity-technologies.com/dex  pic.twitter.com/aNBkCRwnKU"},{"index":"306804246551080960","data":"MWC 2013: Mozilla introduces the first batch Firefox OS apps http://www.itproportal.com/2013/02/26/mwc-2013-mozilla-introduces-the-first-batch-firefox-os-apps/ … via @itproportal   @SparsityTech"},{"index":"311944645238218752","data":"How to Build Your First .NET Graph Database | Architects Zone: http://architects.dzone.com/articles/how-build-your-first-net-graph#.UUDoQew9ZF4.twitter …"},{"index":"305355436243173376","data":"@sgomezvillamor  ja tenim el manual d'usaris de #dexgdb aquí.: http://www.sparsity-technologies.com/dex_tutorials  , merci!"},{"index":"318327398519173120","data":"Ranking Conferences by Social Endogamy Using Graph Databases | Architects Zone: http://architects.dzone.com/articles/ranking-conferences-social#.UVgg_foFO7A.twitter …"},{"index":"321261789687980032","data":"Google in talks to buy WhatsApp for $1B – report http://www.mobileworldlive.com/google-in-talks-to-buy-whatsapp-for-1b-report …"},{"index":"324514375547383808","data":"Detecting Social Capitalists on Twitter with Graph Databases | Architects Zone: http://architects.dzone.com/articles/detecting-social-capitalists#.UW6i_8OV7lx.twitter … #dexgdb #graphdb #nosql"},{"index":"328891403717459968","data":"@SparsityTech will present DEX on 1st July in SF at GraphLab Workshop 2013 http://graphlab.org/graphlab-workshop-2013/ … @SparsityTech #graphdb  #nosql #dexgdb"},{"index":"328932263561674752","data":"10 Leadership Lessons I Wish I Learned In My 20's by @toddmwilms on @slideshare http://www.slideshare.net/ToddWilms/10-leadership-lessons-i-wish-i-learned-in-my-20s-18250929 …"},{"index":"323826288651554816","data":"Graphs vs. SQL. Interview with Michael Blaha \n@odbmsorg  @SparsityTech #graphdb http://www.odbms.org/blog/2013/04/graphs-vs-sql-interview-with-michael-blaha/ …"},{"index":"331383566753751040","data":"ScienceWatch | Thomson Reuters: http://sciencewatch.com/#.UYegiz8s2Rc.twitter …"},{"index":"331420806242529280","data":"BlackBerry 10 OS review | NDTV Gadgets http://shar.es/lxajS  via @sharethis"},{"index":"340474776265052160","data":"Tree Bank Browser: Syntactical Structures Specialized Search Engine http://java.dzone.com/articles/tree-bank-browser-syntactical … via @dzone #nosql #graphdb @SparsityTech"},{"index":"340472188454973441","data":"SOCIAL MEDIA - Connecting the World with Businesses by @nicielmore on @slideshare http://www.slideshare.net/NiciElmore/social-media-connecting-the-world-with-businesses … @SparsityTech #SNA"},{"index":"342724785282887680","data":"#telecos is out! http://paper.li/telecoscat/1355421144 … ▸ Top stories today via @pbaleta @doudoubcn @pipitouno"},{"index":"344739488855109632","data":"BigData is the topic this year at Barcelona Digital Global Congress  #2013BDGC"},{"index":"34529448682328064","data":"First University-Industry Meeting on Graph Databases (UIM-GDB) in Barcelona\n\nhttp://sparsity-technologies.com/blog/?p=247"},{"index":"345545843908157440","data":"Look How Far We've Come in 30 Years! | LinkedIn http://www.linkedin.com/today/post/article/20130614001130-9947747-look-how-far-we-ve-come-in-30-years …"},{"index":"347391351849091073","data":"@feargalmac  at #procattic13 \"...staying at Barcelona is a real advantage...\""},{"index":"347379403967303680","data":"#procattic13 avui a l'Auditori de la UPF centrat en #emprenedors  @SparsityTech"},{"index":"347646860665692160","data":"@BesOriol Thanks for following. Great presentation yesterday on Founder Institute BCN @fibcn at #procattic13"},{"index":"347389313702563841","data":"@feargalmac Great presentation on entrepreneurship & start-ups & NOWcomputing at #procattic13"},{"index":"348087799230111744","data":"WhatsApp hits 250M active users http://www.mobileworldlive.com/whatsapp-hits-250m-active-users … ... at 27 billion messages per day"},{"index":"34898592804114432","data":"2nd day at UIM GDB.Very interesting update on state of the art of #graphdb by @ahzf"},{"index":"34905151542140929","data":"2nd day at UIM-GDB. David Dominguez from DAMA-UPC is presenting Benchmarks for #graphdb  http://www.dama.upc.edu/research-2/UIM-GDB\n #nosql"},{"index":"34909673274609664","data":"@peterneubauer Very interesting presentation of Neo4j spatial (GIS) at UIM-GDB in Barcelona #graphdb #nosql"},{"index":"34921570401128448","data":"@larri64 Presenting Bibliographic Exploration BIBEX http://bit.ly/g749d0 with #graphdb DEX in UIM-GDB Barcelona from @SparsityTech #bibex"},{"index":"355254835160969216"},{"index":"34926249877049344","data":"Borislav Iordanov from Kobrix is presenting NLP/KR with HypergraphDB at UIM-GDB  #graphdb  http://www.dama.upc.edu/research-2/UIM-GDB"},{"index":"355231080749608960","data":"Amazon Drops Price Of EC2 Dedicated Instances By Up To 80% | TechCrunch http://lnkd.in/qwK_Ug "},{"index":"355006425887539200","data":"eMagazine - eCommerce - El ecommerce ya representa el 14 % del comercio detallista http://www.the-emagazine.com/ecommerce/mercado/item/1312-el-ecommerce-ya-representa-el-14--del-comercio-detallista … via @the_eworld"},{"index":"360776588612210690","data":"30 smartphones sold every second"},{"index":"35694291338661888","data":"From next 14th to 16th Feb Sparsity Technologies will be at MWC Brokerage Event 2011 in Barcelona  http://tinyurl.com/2b4h9lv"},{"index":"36875242412441600","data":"monday 14th Feb at #MWC in Barcelona at Brokerage Event \nhttp://www.mobileworldcongress.com/"},{"index":"357532072476291072","data":"ITU preparing new 1 Gbit/sec broadband standard\nhttp://www.edn-europe.com/en/itu-preparing-new-1-gbit/sec-broadband-standard.html?cmp_id=7&news_id=10001921&vID=1401&from_mail=1# …  from @EDN_Europe"},{"index":"372331515570442240","data":"Software-defined networking market worth http://lnkd.in/Djvf66 "},{"index":"375547023283335168","data":"+1B device ANDROID activations since 2008... (source: http://MobileWorldLive.com ) http://lnkd.in/765-45 "},{"index":"37645608269516801","data":"Wednesday 16th Feb at #MWC in Barcelona at Brokerage Event promoting Sparsity Technologies http://tinyurl.com/2b4h9lv"},{"index":"375999418584952832","data":"Google Glass app store due in 2014 http://mwl.me/18I0Jah  (source: mobileworldlive)"},{"index":"374846886076624896","data":"With $7.17 Billion Nokia Buy, Microsoft Brings Its Trojan Horse Home | Wired Business | http://Wired.com  http://www.wired.com/business/2013/09/microsoft-nokia/ …"},{"index":"378439024106418177","data":"Mejora tu Twitter: Programando Tuits: http://wp.me/p1CvO8-1Q  via @DANIELdoiser"},{"index":"380233808819523584","data":"Today Business Intelligence presentation by @bdigital  #tech&trends @SparsityTech appears in the map pic.twitter.com/UProJpYKkk"},{"index":"378485670274035713","data":"Instagram hits 150M users, 60% outside US http://mwl.me/17vAsOK "},{"index":"382610212982501376","data":"10 programas de TV para emprendedores http://www.idaccion.com/blog/10-programas-de-tv-para-emprendedores/ …"},{"index":"383131454391087104","data":"\"Sense tecnologia no hi ha creixement\" lema de la 12a #diadatelecos #cosmocaixa @SparsityTech pic.twitter.com/yeRZdsccwZ"},{"index":"382889740267036672","data":"Apple claims 9M iPhone launch sales record http://lnkd.in/bHydrxm "},{"index":"387254686207574016","data":"North American FTTH connections pass 10 million http://fw.to/ytSH0KI "},{"index":"390002488364916736","data":"Why email newsletters still work — and how you can make yours better http://lnkd.in/bdK52np "},{"index":"387964293720719360","data":"European Commission launches new Innovation Indicator http://europa.eu/rapid/press-release_IP-13-831_en.htm# …!  #EU #innovation"},{"index":"395111293587570688","data":"#ForoASLAN hoy en Barcelona @asLAN #RedesDefinidasporSoftware #SDN #OpenFlow #OpenStack #OpenNetworkFoundatio #ONF pic.twitter.com/agzITct4vo"},{"index":"385021766495526912","data":"Skype costs mobile industry $100 million a day (reported by Tyntec) http://lnkd.in/bCMCgDe "},{"index":"397802856369381376"},{"index":"396328677962559488","data":"Don't Found a Company unless you love Excel..... (really a a Big True)\nhttp://lnkd.in/beTYAki "},{"index":"395144679101976576","data":"Top videos on Big Data science      http://lnkd.in/bV7c83i "},{"index":"400551461387776001","data":"Novembre 21st: Come to know Sparsity Technologies @SparsityTech, a @BarcelonaTech spin off, at Foment http://lnkd.in/dMvJQZU "},{"index":"396364815695753216","data":"The Invisible Team: Barcelona’s Little Brother, Espanyol http://nyti.ms/1dvDVQ7  @pereboschg Congrats !"},{"index":"39649717264580608","data":"1-5 of March at CeBIT (Hannover) . Sparsity Technologies and DAMA-UPC will be together at Stand A06 from Hall 09. See you there !!"},{"index":"401266618569080832","data":"Smart Cities presentation at UPC with WiComTec, inLabFIB, CITCEA, Indra, SEAT... pic.twitter.com/YqY5kdB4z4"},{"index":"405370811818995712","data":"@xavierrivera  parla de marketing mobile a #mtalentSantFeliu pic.twitter.com/BUruENx1S4"},{"index":"42533796775596032","data":"1-5 of March at CeBIT (Hannover) . Sparsity Technologies and DAMA-UPC we are  together at Stand A06/2 from Hall 09. See you there !!"},{"index":"410118944348196865","data":"Big Data & Big Profits (Infographics from McKinsey Company) http://lnkd.in/dPFcN_T "},{"index":"417794135567781889","data":"\"la Caixa\" launches its digital wallet, CaixaWallet, a new universal payment system for online purchases http://press.lacaixa.es/caixabank/press-releases/la-caixa-launches-its-digital-wallet-caixawallet-a-new-universal-payment-system-for-online-purchases__1775-c-15347__.html?Origen=twitter …"},{"index":"417784915459977216","data":"Samsung's got another tablet in the works http://telecomyou.com/m/news_feed/view/153244#.UsH0FNfVTgo.twitter …"},{"index":"43960888608292864","data":"Sparsity Technologies anuncia DAURUM 5.0 en CeBIT 2011 @cebit http://tinyurl.com/487j5kl   - Software de deduplicacion de registros en BDs"},{"index":"48388452785459200","data":"Thanks for visiting us in Hannover this year at CeBIT 2011     http://www.sparsity-technologies.com/      @cebit"},{"index":"43960132035555329","data":"Sparsity Technologies anuncia DEX 4.0 en el CeBIT 2011   http://tinyurl.com/6x52o69"},{"index":"43960426450526208","data":"Sparsity Technologies announces the Graph Database DEX 4.0 at CeBIT 2011 Hannover  @cebit http://tinyurl.com/6x52o69"},{"index":"5001668833"},{"index":"49771296921354240","data":"Fa 5 anys  Jack Dorsey ( @jack ), cofundador de Twitter, va enviar el primer tweet   'Just setting up my twttr'   Moltes felicitats !!"},{"index":"50590008666624000","data":"#in  now Blueprints interface available for DEX, the graph database from Sparsity Technologies. http://lnkd.in/tEFKyX"},{"index":"5103134474","data":"Oracle announces Exadata 2, more at: http://videos.zdnet.co.uk/260840235.htm"},{"index":"49770229554880512","data":"Twitter cumple 5 años.  @jack envió su primer tweet 'Just setting up my twttr'   Felicidades !"},{"index":"51206445596815360","data":"NoSQL Databases -  DEX implements Blueprints interface http://www.nosqldatabases.com/main/2011/3/24/dex-implementation-for-blueprints.html … via @nosqldatabases #nosql  #graphdb #dexgdb #sparsitytech"},{"index":"52717442551648257","data":"#in   DEX graph database, launching new release 4.1, fully compatible with Windows 64bits and MAC OS, and other featur…http://lnkd.in/mEfuwq"},{"index":"53808402043899904","data":"@pbaleta great job! We are working on measuring a similar Twitter graph (2.5M nodes). Do you plan to do research on that big dataset?"},{"index":"53831313869914113","data":"#in Twitter loaded into DEX: the 4.5 billion graph... #graphdb #nosql #SocialMedia #analytics #twitter  read more at: http://lnkd.in/wwqhYC"},{"index":"56384408151793664","data":"@installsoftware  Thanks for following ! More info about my company in http://www.sparsity-technologies.com and tweets from @SparsityTech"},{"index":"57392384513814528","data":"@jonaypelluz   Thanks for following ! More info about my company in http://www.sparsity-technologies.com and tweets from @SparsityTech"},{"index":"5985635199","data":"NEXT#3\nhttp://www.xtvl.tv/web/next/ca/home.html"},{"index":"6283381541","data":"on Thursday is attending  BioRegio Fòrum in Barcelona:\r\nhttp://forum.biocat.cat/"},{"index":"6568331674","data":"On Friday 11th Dec morning at XII EUROECOM  Conference  #in\nhttp://bit.ly/4TKk9h"},{"index":"62203120058499072","data":"Presentation on DEX at GDM2011: http://slidesha.re/gc6E61"},{"index":"65732483823575041","data":"DAMA-UPC and Sparsity Technologies at II Jornades R+D+i TIC Salut in Girona University Parc, presenting DEX, BIBEX and DAURUM technologies"},{"index":"6531657279","data":"#in attending the seminar \"Com valorar la teva empresa i Compartir riscos\" at Programa INNOVA - UPC: http://pinnova.upc.es/Innova/"},{"index":"65732649951559680","data":"DAMA-UPC and Sparsity Technologies at II Jornades R+D+i TIC Salut in Girona University Parc, presenting DEX, BIBEX and…http://lnkd.in/Pk_Rep"},{"index":"6761580871","data":"#in is happy DAMA-UPC group with DEX project has won the CINC prize in the 9th edition of Concurs d'Idees de Negoci - ACC10."},{"index":"69073669506342914","data":"@COIT_AEIT Gracias por seguirme. + info de mi empresa en http://www.sparsity-technologies.com y sus tweets @SparsityTech y  @DEX_Sparsity"},{"index":"68799697149636608","data":"http://lnkd.in/eDMsfe I recommend it. Unfortunately I will not be there.  I hope to see it online."},{"index":"69169878166290432","data":"RECOMANA project from DAMA-UPC has been nominated finalist for the 9th edition of  BDigital Awards for Digital In…http://tinyurl.com/6ayugta"},{"index":"6959169313","data":"Google invests in New Singapore-Japan cable to offer 17 Tbps, highest ever capacity\nhttp://telecomengine.com/article.asp?HH_ID=AR_6031"},{"index":"70428000935608321","data":"Catalan spin-offs on the rise:  http://tinyurl.com/6zc84h5 \nlook at www.sparsity-technologies.com  case from DAMA-UPC (TECNIO)  @L_Anella"},{"index":"7245654214","data":"#in Feliç Any 2010 a tots !! Feliz 2010 a todos !! Happy New Year 2010  to everybody !!"},{"index":"73654120048893952","data":"@alexpuig Thx 4 the follow ! I hope bring you something.   + info about Twitter analysis technology: http://bit.ly/hpSEGv  @SparsityTech"},{"index":"72593194092724224","data":"@sheffielduni Thx 4 the follow! +info in http://www.sparsity-technologies.com and tweets from @SparsityTech @DEX_Sparsity"},{"index":"74072588858556416","data":"@tonioller Gràcies per seguir-me ! +info a http://www.sparsity-technologies.com i tweets @SparsityTech @DEX_Sparsity"},{"index":"73650046637314048","data":"@GamixMCM Merci de me suivre ! +info sur mon enterprise en http://www.sparsity-technologies.com et ses tweets en @SparsityTech @DEX_Sparsity"},{"index":"74073928875782144","data":"@peclaveria  Gracias por seguirme ! +info en http://www.sparsity-technologies.com y tweets @SparsityTech @DEX_Sparsity"},{"index":"71701518105063427","data":"Gracias por seguirme ! @artesanum amigos de @Grupo_Intercom desde @SparsityTech"},{"index":"75493756069097472","data":"Today at http://www.bdigitalglobalcongress.com/lang-en/  #bdgc2011"},{"index":"75586322529660929","data":"@SParsityTech RECOMANA, winner project at BDigital innovation   http://bit.ly/m3pkdL #bdgc2011  Congratulations to DAMA-UPC team !"},{"index":"76243327460179968","data":"@carlescapde genial al #bdgc2011 Que no falti el sentit de l'humor !"},{"index":"77788896733310976","data":"@gljivec Thx 4 the follow! +info about my company in http://www.sparsity-technologies.com and tweets from @SparsityTech @DEX_Sparsity"},{"index":"77788343903068161","data":"@CercleFiber Gràcies per seguir-me ! +info a http://www.sparsity-technologies.com i tweets @SparsityTech @DEX_Sparsity"},{"index":"77790126352248833","data":"@Twitpuntcat Gràcies per seguir-me ! +info a http://www.sparsity-technologies.com i tweets @SparsityTech @DEX_Sparsity"},{"index":"77789854322278400","data":"@ProCatTIC Gràcies per seguir-me ! +info a http://www.sparsity-technologies.com i tweets @SparsityTech @DEX_Sparsity"},{"index":"77792116859879424","data":"@noticiesdin Gràcies per seguir-me ! +info a http://www.sparsity-technologies.com i tweets @SparsityTech @DEX_Sparsity"},{"index":"77790653278457857","data":"@sbonet Gracias por seguirme ! +info en http://www.sparsity-technologies.com y tweets @SparsityTech @DEX_Sparsity"},{"index":"77790495169986560","data":"@juan_diaz_diaz Thx 4 the follow! +info about my company in http://www.sparsity-technologies.com and tweets from @SparsityTech @DEX_Sparsity"},{"index":"77792322468847616","data":"@softmodeling Thx 4 the follow! +info about my company in http://www.sparsity-technologies.com and tweets from @SparsityTech @DEX_Sparsity"},{"index":"7790494468","data":"#in Data Management Group DAMA-UPC website renewed: http://www.dama.upc.edu/"},{"index":"78815663065546752","data":"@bizbarcelona @applinet_es Gracias por seguirme ! +info en http://www.sparsity-technologies.com y tweets @SparsityTech @DEX_Sparsity"},{"index":"79601508664098816","data":"@lemondesi Thx 4 the follow ! More info about my company in http://www.sparsity-technologies.com  and tweets from @SparsityTech @DEX_Sparsity"},{"index":"79600361475801088","data":"@WhatistheCloud Thx 4 the follow ! More info about my company in http://www.sparsity-technologies.com  and tweets from @SparsityTech @DEX_Sparsity"},{"index":"80981734367309824","data":"#bizbarcelona Today networking http://www.sparsity-technologies.com  @SparsityTech and tomorrow DAMA-UPC http://www.dama.upc.edu  at http://www.bizbarcelona.com "},{"index":"82163187629297664","data":"@barcelonactiva Gràcies per seguir-me ! +info a http://www.sparsity-technologies.com  i tweets @SparsityTech @DEX_Sparsity"},{"index":"82164538224549888","data":"@alteraid   Thx 4 the follow !"},{"index":"82164118043369472","data":"@Reeditor_com Gracias por seguirme ! +info en http://www.sparsity-technologies.com  y tweets @SparsityTech @DEX_Sparsity"},{"index":"82723493258600448","data":"@Flamerich Gràcies per seguir-me Carles ! +info a http://www.sparsity-technologies.com  i tweets @SparsityTech @DEX_Sparsity"},{"index":"85841095484911616","data":"June 29th 30th & July 1st, exhibiting at #liber2011 in Barcelona: BIBEX from Sparsity Technologies http://www.sparsity-technologies.com/bibex  @SparsityTech"},{"index":"88873644402552833","data":"Jornada CONNECT-EU al @cibernarium http://jornades.tic.cat/index.php?id=477 …"},{"index":"88874039589867520","data":"CONNECT-EU ICT session at Cibernarium (Barcelona) http://lnkd.in/2zxsWk"},{"index":"89718114828292096","data":"Software for database cleansing, database fusion  and register deduplication: Daurum 5.0, services and on-line demo re…http://lnkd.in/pZtrB4"},{"index":"93229206107992064","data":"Cisco: 50 Billion Things on the Internet by 2020 [Infographic]\nhttp://lnkd.in/EkP58R"},{"index":"90741288122580992","data":"@hirodusk Let you know we have a graph database (DEX) at http://www.sparsity-technologies.com  dealing with +5 Billion objects @SparsityTech"},{"index":"92856227209555968","data":"Bulbflow: Python Framework for Graph Databases http://bulbflow.com/  #graphdb #DEXgdb @SparsityTech"},{"index":"93988220630597632","data":"Catalonia in business: business & investments news in Catalonia http://lnkd.in/kZ4PZy"},{"index":"10512757952","data":"transfering technology to a new spin-off UPC company"},{"index":"96180127192457216","data":"Congrats, folks ! GSMA NAMES BARCELONA THE FIRST MOBILE WORLD CAPITAL from 2012 to 2018 \nhttp://www.mobileworldcapital.com/press/index.htm \n@SparsityTech #MWC"},{"index":"116194705548640256","data":"Congrats. DAMA-UPC folks for this new collaboration project !\nhttp://www.dama.upc.edu/news/ca-technologies-opens-a-european-research-centre-at-the-universitat-politecnica-de-catalunya.barcelonatech …"},{"index":"83912982970642432","data":"Daurum 5.0, services and on-line demo released by Sparsity Technologies http://tinyurl.com/6bxzlub "},{"index":"116204688650670080","data":"Congrats. DAMA-UPC folks for this new collaboration project ! http://www.dama.upc.edu/news/ca-technologies-opens-a-european-research-centre-at-the-universitat-politecnica-de-catalunya.barcelonatech …"},{"index":"122251184512835584","data":"http://lnkd.in/ASBnr5  Hi, I work for Sparsity Technologies, developers of DEX, a graph database. intended to deal with very large graphs..."},{"index":"124491378658000896","data":"http://www.zdnet.co.uk/news/business-of-it/2011/10/13/dennis-ritchie-father-of-unix-and-c-dies-40094176/ … I learnt C with his book (K&R). My thoughts are with him. #DennisRitchie   #dmr"},{"index":"96611227119255552","data":"Are you a .NET programmer? Give Graph Databases a try with DEX new .NET API. Download here: http://bit.ly/n8bX63     #graphdb #DEXgdb #NET #J…"},{"index":"132888724466974720","data":"Graph database model applied to bibliographic exploration, by prof JL Larriba\nhttp://lnkd.in/kK7ZNZ "},{"index":"134325223716691969","data":"Today at Fujitsu Forum 2011 #FF2011, representing Sparsity Technologies  http://tinyurl.com/2b4h9lv  and   DAMA-UPC htt…http://lnkd.in/GEu7UY "},{"index":"129219290204356608","data":"3rd lost in a few days in computer giants, R.I.P. John McCarthy, father of AI, inventor of Lisp.\nhttp://www.wired.com/wiredenterprise/2011/10/john-mccarthy-father-of-ai-and-lisp-dies-at-84/ …"},{"index":"137200027817877504","data":"@GraphDevRoom @LinuxView Thks for following me. I recommend you also @SparsityTech"},{"index":"13776408431","data":"BIBEX (BIBliographic EXploration on public web, for DBLP): new user interface released. http://bit.ly/cVkS6E  #in #dexgdb #graphdb #nosql"},{"index":"138604642325106689","data":"40 million objects graph demo: BIBEX, bibliographic exploration with graph databases, over DBLP data.\nhttp://www.sparsity-technologies.com/bibex_demo "},{"index":"13729717309","data":"BIBEX (Bibliographic exploration demo application): new user interface release.  http://ow.ly/1J51V   #in #dexgdb #graphdb #nosql"},{"index":"143608610210066432","data":"@unplugstory @simonetripodi @xwilca @Intelli_Tech\nThx 4 the follow ! More info at http://www.sparsity-technologies.com  and tweets from @SparsityTech"},{"index":"142366412114116608","data":"@cmtblog @AidenSchneider1 @shikhirev @computingnow Thx 4 the follow ! More info at http://www.sparsity-technologies.com  and tweets from @SparsityTech"},{"index":"144563048760360960","data":"@AllEngineering Thx 4 the follow ! More info at http://www.sparsity-technologies.com  and tweets from @SparsityTech"},{"index":"149078650724171776","data":"@MasterScrum Thx 4 the follow ! More info at http://www.sparsity-technologies.com  and tweets from @SparsityTech"},{"index":"148826812275896320","data":"@nuriagil Gràcies per seguir-me, i Bon Nadal !"},{"index":"149925213004509184","data":"@KCCloudConf Thx 4 the follow ! More info at http://www.sparsity-technologies.com  and tweets from @SparsityTech"},{"index":"153184905088606208","data":"Happy New Year 2012 !   from Sparsity Technologies team  @SparsityTech #graphdb #nosql"},{"index":"167672360063877120","data":"@bplsilva  Congrats & Thkx Bruno for your presentation \nhttp://www.slideshare.net/graphdevroom/graph-processing-fosdem20120205querysemantic …  #graphdb #nosql #dexgdb"},{"index":"155725109196374017","data":"7 Possible Graph Databases for Developers http://servicesangle.com/blog/2011/12/06/7-possible-graph-databases-for-developers/ …?  #graphdb @SParsityTech"},{"index":"157496216618414080","data":"Check out this presentation : Dexjava Technical Seminar Dec 2011 http://www.slideshare.net/sgomezvillamor/dexjava-technical-seminar-dec-2011 … via @slideshare #graphdb #dexgdb @sparsitytech"},{"index":"170066719384145920","data":"LinkedIn Events: GSMA Mobile World Congress  http://linkd.in/tc9JXM \nWe will be there: Sparsity Technologies http://www.sparsity-technologies.com/  and DAMA-UPC"},{"index":"175994113827667968","data":"will be attending CeBIT 2012 edittion on March 7 & 8 in Hannover. Feel free to contact me if you will also be there."},{"index":"148826470393970689","data":"@Andy21 @rkndavis Thx 4 the follow ! More info at http://www.sparsity-technologies.com  and tweets from @SparsityTech"},{"index":"153180796218388482","data":"@MarkWrightMBA @sardire  @matthixson @UpSearchBI Thx 4 the follow ! More info at http://www.sparsity-technologies.com  and tweets from @SparsityTech"},{"index":"180575841598709761","data":"DEX Graph Database 4.5 *NEW RELEASE includes graph algorithms* | Javalobby: http://java.dzone.com/announcements/dex-graph-database-45-new …\n@graphdb"},{"index":"186120780868882433","data":"@cucodevenegas @SparsityTech also has a LinkedIn page - it would be great to connect there too: http://www.linkedin.com/company/sparsity-technologies …"},{"index":"167679266442588160","data":"DEX Graph Database 4.4 *NEW RELEASE* http://java.dzone.com/announcements/dex-graph-database-44-new … via @dzone"},{"index":"192153419455279104","data":"Moving to the new offices of Sparsity Technologies  http://sparsity-technologies.com/events#559 "},{"index":"192189224332701697","data":"Josep Ll Larriba (DAMA-UPC) participa a les JGIC-2012  @SparsityTech\nhttp://lasequantic.wordpress.com/2012/04/15/resum-de-les-i-jornades-sobre-gestio-de-la-informacio-cientifica-jgic-2012/ …"},{"index":"195897573733695491","data":"@scifr0g Maybe interested in DEX, a high performance graph database for billions of objects, by @SparsityTech  http://www.sparsity-technologies.com/ "},{"index":"195898001288466433","data":"@PereGrive Maybe interested in DEX, a high performance graph database for billions of objects, by @SparsityTech http://www.sparsity-technologies.com/ "},{"index":"195900006912368643","data":"@TheOrbifold Maybe interested in DEX, a high performance GDB for billions of objects,by @SparsityTech http://www.sparsity-technologies.com/   .NET & Java API"},{"index":"195898494144356352","data":"@Marc_Pou Maybe interested in DEX, a high performance graph database for billions of objects, by @SparsityTech http://www.sparsity-technologies.com/ "},{"index":"195900398337404928","data":"@giorgialupi Maybe interested in DEX, a high performance GDB for billions of objects,by @SparsityTech http://www.sparsity-technologies.com/   .NET & Java API"},{"index":"195898803700760576","data":"@vicentborja Maybe interested in DEX, a high performance graph database for billions of objects, by @SparsityTech http://www.sparsity-technologies.com/ "},{"index":"195900698674724865","data":"@sna_social3 Maybe interested in DEX, a high performance GDB for billions of objects,by @SparsityTech http://www.sparsity-technologies.com/   .NET & Java API"},{"index":"195900929344671745","data":"@c_z Maybe interested in DEX, a high performance GDB for billions of objects,by @SparsityTech http://www.sparsity-technologies.com/   .NET & Java API"},{"index":"19646724115","data":"DEX, high performance graph database management system developed by DAMA-UPC http://bit.ly/dex_gdb #dexgdb #graphdb"},{"index":"202306946387283968","data":"Interesting April issue on Big Data from ERCIM @ercim_news http://ercim-news.ercim.eu/ "},{"index":"208860164063891456","data":"#NoSQL and #graphdb like DEX in Bioinformatic Research http://www.biomedcentral.com/1471-2105/12/S10/S17 …"},{"index":"195898304268222464","data":"@alark Maybe interested in DEX, a high performance graph database for billions of objects, by @SparsityTech http://www.sparsity-technologies.com/ "},{"index":"210745815155744769","data":"DAMA-UPC and Sparsity Technologies today at  @jornadaticsalut Girona  #RDI #ticsalut @SparsityTech Project presentations, B2B networking..."},{"index":"213318002244980736"},{"index":"212911527727075329","data":"#BizBarcelona2012 Oportunitats de finançament, stand del CIT-UPC, un munt de start-ups  i molt més pic.twitter.com/ib5q1gUE"},{"index":"213318886760775680"},{"index":"213320775950807041"},{"index":"215427280728629249","data":"A great book to introduce yoi in the science of networks and graphs http://lnkd.in/fBGPny "},{"index":"195901135469555714","data":"@raona_es Maybe interested in DEX, a high performance GDB for billions of objects,by @SparsityTech http://www.sparsity-technologies.com/   .NET & Java API"},{"index":"227787222525554688","data":"New Starting Guide with the new release of DEX Graph Database 4.6 http://lnkd.in/HsCwc9 "},{"index":"213322416917712897","data":"S Murillo  from MPG explains his application using DEX at #BizBarcelona2012 #dexgdb #graphdb @CIT_UPC @SparsityTech pic.twitter.com/N6phx8FE"},{"index":"217623905014255616","data":"#Barcelona is placed within the top three European cities for attracting investment\nhttp://w42.bcn.cat/web/en/noticies-i-premsa/noticies/actives/Barcelona-is-placed-within-the-top-three-European-cities-for-attracting-investment.jsp …"},{"index":"248792498565181440","data":"Another top 20 data visualization tools list. http://lnkd.in/iTvxUw "},{"index":"249942149796335616","data":"http://lnkd.in/d7KybH  Hi,  Very informative Andrew. Great explanations about graph databases. Thanks.    Terry, at Sparsity Technologies..."},{"index":"251264518284529664","data":"#diadatelecos Recommended video by Telefonica at M2M, Internet of things, connected vehicles, smart cities... session  http://www.youtube.com/watch?v=ztq26nFoNeE …"},{"index":"24411930097614848","data":"Sparsity Technologies and DAMA-UPC will be at CeBIT(Hannover,1st-5th March) Stand A06 - Hall 09.  See you there !\nhttp://tinyurl.com/2b4h9lv"},{"index":"253824121987796992","data":"From Big Data to NoSQL: The ReadWriteWeb Guide to Data Terminology (Part 3) by @klintron http://www.readwriteweb.com/enterprise/2011/08/from-big-data-to-nosql-the-rea-2.php … via @RWW. #dexgdb"},{"index":"258585622577549312","data":"Graph Database DEX 4.7 new release, new feature on High Availability (HA), from Sparsity Technologies http://lnkd.in/DgfYu5 "},{"index":"264382665661247488","data":"Google hits 700,000 Android apps &#8211; report, Articles | Mobile Business Briefing http://www.mobilebusinessbriefing.com/articles/google-hits-700-000-android-apps-report/25816 …"},{"index":"25874955485","data":"DEX graph DB mentioned at NoSQL Frankfurt 2010 - The GraphDB Landscape and sones. http://tinyurl.com/26wknug #nosql #graphdb #dexgdb"},{"index":"232789757170704384","data":"SNTalent selects Sparsity Technologies as the engine for its Next Generation recruiting services  #graphdb #BigData  http://lnkd.in/U7YBRh "},{"index":"270455156712296448","data":"Attending 1st LDBC Technical User Community meeting in Barcelona http://www.ldbc.eu/events/1st-ldbc-technical-user-community-meeting … @LDBCproject  #LDBC #graphdb #RDF"},{"index":"273466723372511233","data":"Curiosity result could confirm Mars life, says Levin - space - 23 November 2012 - New Scientist http://www.newscientist.com/article/dn22532-curiosity-result-could-confirm-mars-life-says-levin.html …"},{"index":"264383097095745536","data":"Nokia launches ad exchange, WP8 dev programme, Articles | Mobile Business Briefing http://www.mobilebusinessbriefing.com/articles/nokia-launches-ad-exchange-wp8-dev-programme/25810?elq=e50a19d96fd64734b2f96d2f086d5cbd#.UJPhhuWSx5w.twitter …"},{"index":"261514614041362433","data":"Webcast on Integrating Enterprise NoSQL into Hadoop For Cost-Effective Analytics ? Thursday, October 25 http://blog-u.com/2MlWk7 "},{"index":"276824492821577728","data":"Interesting summary about data visualization tools\nhttp://lnkd.in/9mu8iN  http://lnkd.in/iTvxUw "},{"index":"278884997757276161","data":"NoSQL: The Rise of Graph Databases,  By Dick Weisinger\n\nhttp://lnkd.in/6af3iY "},{"index":"281372775233499137","data":"Nice infographic about Big Data: Volume, Variety &Velocity http://visual.ly/big-data "},{"index":"278895673745739778","data":"Keep an eye on upcoming #BCN #technology events at http://bitly.com/UOp6B9  #Barcelona #tech #mobile #startups #networking"},{"index":"286758958667026432","data":"NoSQL Database Landscape . Nice map. #graphDB http://lnkd.in/4zn2Jw "},{"index":"282156202304077826","data":"366 days: 2012 in review (Science, Research, Technology...) http://www.nature.com/news/366-days-2012-in-review-1.12042 …"},{"index":"289822465713139712","data":"On Graph Computing http://markorodriguez.com/2013/01/09/on-graph-computing …\nVery informative. Congrats !  #graphdb #DEXgdb @SparsityTech mentioned"},{"index":"285326928456601602","data":"Best Wishes for a Great 2013 to all our friends, customers and partners at Sparsity Technologies  and the full graphDB…http://lnkd.in/Hdh3Rq "},{"index":"291861033155444737","data":"Facebook announces Graph Search instead of Web Search. An opportunity for Graph Databases, as DEX  #graphdb \nhttp://techcrunch.com/2013/01/15/facebook-announces-its-third-pillar-graph-search/ …"},{"index":"29576018107","data":"#in DAMA-UPC / IBM, a success story in the TECNIO network:\nhttp://tinyurl.com/TECNIODAMA"},{"index":"292718929061756928","data":"Big Data start-ups landscape \nhttp://lnkd.in/26UQEb   #nosql #graphdb"},{"index":"293356465513717760","data":"NoSQL: The Rise of Graph Database, By Dick Weisinger on Formtek Blog: http://lnkd.in/6af3iY \n#NoSQL #graphdb @SparsityTech"},{"index":"297263531533934592","data":"Sparsity-technologies: DEX high-performance graph database http://bit.ly/WCTDkR  << Clever approach to big data"},{"index":"299871852153679872","data":"Answer by @larri64 to What are the pros and cons of switching from MySQL to one of the NoSQL databases? http://www.quora.com/MySQL/What-are-the-pros-and-cons-of-switching-from-MySQL-to-one-of-the-NoSQL-databases …"},{"index":"301613279325872128","data":"New use case of #graphdb in the  field of scientific publications,  developed at UPC. http://lnkd.in/P2NPGD   @SparsityTech  #dexgdb #noSQL"},{"index":"301667655641858049","data":"Welcome to Barcelona !!! #welcomemobile\n@SparsityTech"},{"index":"304605712728862720","data":"Catalonia: a win-win tax system for R&D\n\nhttp://lnkd.in/cz9F8n "},{"index":"305355436243173376","data":"@sgomezvillamor  ja tenim el manual d'usaris de #dexgdb aquí.: http://www.sparsity-technologies.com/dex_tutorials  , merci!"},{"index":"304905100349042689","data":"DEX graph database newsletter http://eepurl.com/vGfir   #noSQL #graphdb #dexgdb"},{"index":"306803236889821184","data":"Mobile World Festival next September 2013 #MWC13  http://mobileworldcapital.com/festival/  pic.twitter.com/PlnNMky73o"},{"index":"306804246551080960","data":"MWC 2013: Mozilla introduces the first batch Firefox OS apps http://www.itproportal.com/2013/02/26/mwc-2013-mozilla-introduces-the-first-batch-firefox-os-apps/ … via @itproportal   @SparsityTech"},{"index":"311933460161888256","data":"Sparsity Tech offers DEX graph DB technology to Synergys challenges #eShowBCN13 @SparsityTech http://www.sparsity-technologies.com/dex  pic.twitter.com/aNBkCRwnKU"},{"index":"311944645238218752","data":"How to Build Your First .NET Graph Database | Architects Zone: http://architects.dzone.com/articles/how-build-your-first-net-graph#.UUDoQew9ZF4.twitter …"},{"index":"301617047043973120","data":"An Updated Database Landscape Map http://www.dzone.com/links/r/an_updated_database_landscape_map.html … #database #nosql"},{"index":"318327398519173120","data":"Ranking Conferences by Social Endogamy Using Graph Databases | Architects Zone: http://architects.dzone.com/articles/ranking-conferences-social#.UVgg_foFO7A.twitter …"},{"index":"323826288651554816","data":"Graphs vs. SQL. Interview with Michael Blaha \n@odbmsorg  @SparsityTech #graphdb http://www.odbms.org/blog/2013/04/graphs-vs-sql-interview-with-michael-blaha/ …"},{"index":"321261789687980032","data":"Google in talks to buy WhatsApp for $1B – report http://www.mobileworldlive.com/google-in-talks-to-buy-whatsapp-for-1b-report …"},{"index":"324514375547383808","data":"Detecting Social Capitalists on Twitter with Graph Databases | Architects Zone: http://architects.dzone.com/articles/detecting-social-capitalists#.UW6i_8OV7lx.twitter … #dexgdb #graphdb #nosql"},{"index":"328932263561674752","data":"10 Leadership Lessons I Wish I Learned In My 20's by @toddmwilms on @slideshare http://www.slideshare.net/ToddWilms/10-leadership-lessons-i-wish-i-learned-in-my-20s-18250929 …"},{"index":"328891403717459968","data":"@SparsityTech will present DEX on 1st July in SF at GraphLab Workshop 2013 http://graphlab.org/graphlab-workshop-2013/ … @SparsityTech #graphdb  #nosql #dexgdb"},{"index":"331383566753751040","data":"ScienceWatch | Thomson Reuters: http://sciencewatch.com/#.UYegiz8s2Rc.twitter …"},{"index":"331420806242529280","data":"BlackBerry 10 OS review | NDTV Gadgets http://shar.es/lxajS  via @sharethis"},{"index":"340474776265052160","data":"Tree Bank Browser: Syntactical Structures Specialized Search Engine http://java.dzone.com/articles/tree-bank-browser-syntactical … via @dzone #nosql #graphdb @SparsityTech"},{"index":"340472188454973441","data":"SOCIAL MEDIA - Connecting the World with Businesses by @nicielmore on @slideshare http://www.slideshare.net/NiciElmore/social-media-connecting-the-world-with-businesses … @SparsityTech #SNA"},{"index":"344739488855109632","data":"BigData is the topic this year at Barcelona Digital Global Congress  #2013BDGC"},{"index":"34529448682328064","data":"First University-Industry Meeting on Graph Databases (UIM-GDB) in Barcelona\n\nhttp://sparsity-technologies.com/blog/?p=247"},{"index":"342724785282887680","data":"#telecos is out! http://paper.li/telecoscat/1355421144 … ▸ Top stories today via @pbaleta @doudoubcn @pipitouno"},{"index":"345545843908157440","data":"Look How Far We've Come in 30 Years! | LinkedIn http://www.linkedin.com/today/post/article/20130614001130-9947747-look-how-far-we-ve-come-in-30-years …"},{"index":"347389313702563841","data":"@feargalmac Great presentation on entrepreneurship & start-ups & NOWcomputing at #procattic13"},{"index":"347379403967303680","data":"#procattic13 avui a l'Auditori de la UPF centrat en #emprenedors  @SparsityTech"},{"index":"347391351849091073","data":"@feargalmac  at #procattic13 \"...staying at Barcelona is a real advantage...\""},{"index":"347646860665692160","data":"@BesOriol Thanks for following. Great presentation yesterday on Founder Institute BCN @fibcn at #procattic13"},{"index":"348087799230111744","data":"WhatsApp hits 250M active users http://www.mobileworldlive.com/whatsapp-hits-250m-active-users … ... at 27 billion messages per day"},{"index":"34898592804114432","data":"2nd day at UIM GDB.Very interesting update on state of the art of #graphdb by @ahzf"},{"index":"34905151542140929","data":"2nd day at UIM-GDB. David Dominguez from DAMA-UPC is presenting Benchmarks for #graphdb  http://www.dama.upc.edu/research-2/UIM-GDB\n #nosql"},{"index":"34909673274609664","data":"@peterneubauer Very interesting presentation of Neo4j spatial (GIS) at UIM-GDB in Barcelona #graphdb #nosql"},{"index":"34926249877049344","data":"Borislav Iordanov from Kobrix is presenting NLP/KR with HypergraphDB at UIM-GDB  #graphdb  http://www.dama.upc.edu/research-2/UIM-GDB"},{"index":"355006425887539200","data":"eMagazine - eCommerce - El ecommerce ya representa el 14 % del comercio detallista http://www.the-emagazine.com/ecommerce/mercado/item/1312-el-ecommerce-ya-representa-el-14--del-comercio-detallista … via @the_eworld"},{"index":"34921570401128448","data":"@larri64 Presenting Bibliographic Exploration BIBEX http://bit.ly/g749d0 with #graphdb DEX in UIM-GDB Barcelona from @SparsityTech #bibex"},{"index":"355254835160969216"},{"index":"360776588612210690","data":"30 smartphones sold every second"},{"index":"357532072476291072","data":"ITU preparing new 1 Gbit/sec broadband standard\nhttp://www.edn-europe.com/en/itu-preparing-new-1-gbit/sec-broadband-standard.html?cmp_id=7&news_id=10001921&vID=1401&from_mail=1# …  from @EDN_Europe"},{"index":"36875242412441600","data":"monday 14th Feb at #MWC in Barcelona at Brokerage Event \nhttp://www.mobileworldcongress.com/"},{"index":"35694291338661888","data":"From next 14th to 16th Feb Sparsity Technologies will be at MWC Brokerage Event 2011 in Barcelona  http://tinyurl.com/2b4h9lv"},{"index":"374846886076624896","data":"With $7.17 Billion Nokia Buy, Microsoft Brings Its Trojan Horse Home | Wired Business | http://Wired.com  http://www.wired.com/business/2013/09/microsoft-nokia/ …"},{"index":"372331515570442240","data":"Software-defined networking market worth http://lnkd.in/Djvf66 "},{"index":"355231080749608960","data":"Amazon Drops Price Of EC2 Dedicated Instances By Up To 80% | TechCrunch http://lnkd.in/qwK_Ug "},{"index":"375547023283335168","data":"+1B device ANDROID activations since 2008... (source: http://MobileWorldLive.com ) http://lnkd.in/765-45 "},{"index":"375999418584952832","data":"Google Glass app store due in 2014 http://mwl.me/18I0Jah  (source: mobileworldlive)"},{"index":"37645608269516801","data":"Wednesday 16th Feb at #MWC in Barcelona at Brokerage Event promoting Sparsity Technologies http://tinyurl.com/2b4h9lv"},{"index":"378439024106418177","data":"Mejora tu Twitter: Programando Tuits: http://wp.me/p1CvO8-1Q  via @DANIELdoiser"},{"index":"380233808819523584","data":"Today Business Intelligence presentation by @bdigital  #tech&trends @SparsityTech appears in the map pic.twitter.com/UProJpYKkk"},{"index":"378485670274035713","data":"Instagram hits 150M users, 60% outside US http://mwl.me/17vAsOK "},{"index":"382889740267036672","data":"Apple claims 9M iPhone launch sales record http://lnkd.in/bHydrxm "},{"index":"382610212982501376","data":"10 programas de TV para emprendedores http://www.idaccion.com/blog/10-programas-de-tv-para-emprendedores/ …"},{"index":"385021766495526912","data":"Skype costs mobile industry $100 million a day (reported by Tyntec) http://lnkd.in/bCMCgDe "},{"index":"383131454391087104","data":"\"Sense tecnologia no hi ha creixement\" lema de la 12a #diadatelecos #cosmocaixa @SparsityTech pic.twitter.com/yeRZdsccwZ"},{"index":"387964293720719360","data":"European Commission launches new Innovation Indicator http://europa.eu/rapid/press-release_IP-13-831_en.htm# …!  #EU #innovation"},{"index":"390002488364916736","data":"Why email newsletters still work — and how you can make yours better http://lnkd.in/bdK52np "},{"index":"387254686207574016","data":"North American FTTH connections pass 10 million http://fw.to/ytSH0KI "},{"index":"395111293587570688","data":"#ForoASLAN hoy en Barcelona @asLAN #RedesDefinidasporSoftware #SDN #OpenFlow #OpenStack #OpenNetworkFoundatio #ONF pic.twitter.com/agzITct4vo"},{"index":"396328677962559488","data":"Don't Found a Company unless you love Excel..... (really a a Big True)\nhttp://lnkd.in/beTYAki "},{"index":"397802856369381376"},{"index":"396364815695753216","data":"The Invisible Team: Barcelona’s Little Brother, Espanyol http://nyti.ms/1dvDVQ7  @pereboschg Congrats !"},{"index":"395144679101976576","data":"Top videos on Big Data science      http://lnkd.in/bV7c83i "},{"index":"39649717264580608","data":"1-5 of March at CeBIT (Hannover) . Sparsity Technologies and DAMA-UPC will be together at Stand A06 from Hall 09. See you there !!"},{"index":"400551461387776001","data":"Novembre 21st: Come to know Sparsity Technologies @SparsityTech, a @BarcelonaTech spin off, at Foment http://lnkd.in/dMvJQZU "},{"index":"401266618569080832","data":"Smart Cities presentation at UPC with WiComTec, inLabFIB, CITCEA, Indra, SEAT... pic.twitter.com/YqY5kdB4z4"},{"index":"405370811818995712","data":"@xavierrivera  parla de marketing mobile a #mtalentSantFeliu pic.twitter.com/BUruENx1S4"},{"index":"410118944348196865","data":"Big Data & Big Profits (Infographics from McKinsey Company) http://lnkd.in/dPFcN_T "},{"index":"417784915459977216","data":"Samsung's got another tablet in the works http://telecomyou.com/m/news_feed/view/153244#.UsH0FNfVTgo.twitter …"},{"index":"417794135567781889","data":"\"la Caixa\" launches its digital wallet, CaixaWallet, a new universal payment system for online purchases http://press.lacaixa.es/caixabank/press-releases/la-caixa-launches-its-digital-wallet-caixawallet-a-new-universal-payment-system-for-online-purchases__1775-c-15347__.html?Origen=twitter …"},{"index":"42533796775596032","data":"1-5 of March at CeBIT (Hannover) . Sparsity Technologies and DAMA-UPC we are  together at Stand A06/2 from Hall 09. See you there !!"},{"index":"43960132035555329","data":"Sparsity Technologies anuncia DEX 4.0 en el CeBIT 2011   http://tinyurl.com/6x52o69"},{"index":"43960426450526208","data":"Sparsity Technologies announces the Graph Database DEX 4.0 at CeBIT 2011 Hannover  @cebit http://tinyurl.com/6x52o69"},{"index":"43960888608292864","data":"Sparsity Technologies anuncia DAURUM 5.0 en CeBIT 2011 @cebit http://tinyurl.com/487j5kl   - Software de deduplicacion de registros en BDs"},{"index":"48388452785459200","data":"Thanks for visiting us in Hannover this year at CeBIT 2011     http://www.sparsity-technologies.com/      @cebit"},{"index":"49771296921354240","data":"Fa 5 anys  Jack Dorsey ( @jack ), cofundador de Twitter, va enviar el primer tweet   'Just setting up my twttr'   Moltes felicitats !!"},{"index":"49770229554880512","data":"Twitter cumple 5 años.  @jack envió su primer tweet 'Just setting up my twttr'   Felicidades !"},{"index":"50590008666624000","data":"#in  now Blueprints interface available for DEX, the graph database from Sparsity Technologies. http://lnkd.in/tEFKyX"},{"index":"5103134474","data":"Oracle announces Exadata 2, more at: http://videos.zdnet.co.uk/260840235.htm"},{"index":"5001668833"},{"index":"53808402043899904","data":"@pbaleta great job! We are working on measuring a similar Twitter graph (2.5M nodes). Do you plan to do research on that big dataset?"},{"index":"56384408151793664","data":"@installsoftware  Thanks for following ! More info about my company in http://www.sparsity-technologies.com and tweets from @SparsityTech"},{"index":"51206445596815360","data":"NoSQL Databases -  DEX implements Blueprints interface http://www.nosqldatabases.com/main/2011/3/24/dex-implementation-for-blueprints.html … via @nosqldatabases #nosql  #graphdb #dexgdb #sparsitytech"},{"index":"53831313869914113","data":"#in Twitter loaded into DEX: the 4.5 billion graph... #graphdb #nosql #SocialMedia #analytics #twitter  read more at: http://lnkd.in/wwqhYC"},{"index":"52717442551648257","data":"#in   DEX graph database, launching new release 4.1, fully compatible with Windows 64bits and MAC OS, and other featur…http://lnkd.in/mEfuwq"},{"index":"57392384513814528","data":"@jonaypelluz   Thanks for following ! More info about my company in http://www.sparsity-technologies.com and tweets from @SparsityTech"},{"index":"62203120058499072","data":"Presentation on DEX at GDM2011: http://slidesha.re/gc6E61"},{"index":"5985635199","data":"NEXT#3\nhttp://www.xtvl.tv/web/next/ca/home.html"},{"index":"6283381541","data":"on Thursday is attending  BioRegio Fòrum in Barcelona:\r\nhttp://forum.biocat.cat/"},{"index":"6531657279","data":"#in attending the seminar \"Com valorar la teva empresa i Compartir riscos\" at Programa INNOVA - UPC: http://pinnova.upc.es/Innova/"},{"index":"65732483823575041","data":"DAMA-UPC and Sparsity Technologies at II Jornades R+D+i TIC Salut in Girona University Parc, presenting DEX, BIBEX and DAURUM technologies"},{"index":"6568331674","data":"On Friday 11th Dec morning at XII EUROECOM  Conference  #in\nhttp://bit.ly/4TKk9h"},{"index":"6761580871","data":"#in is happy DAMA-UPC group with DEX project has won the CINC prize in the 9th edition of Concurs d'Idees de Negoci - ACC10."},{"index":"65732649951559680","data":"DAMA-UPC and Sparsity Technologies at II Jornades R+D+i TIC Salut in Girona University Parc, presenting DEX, BIBEX and…http://lnkd.in/Pk_Rep"},{"index":"69073669506342914","data":"@COIT_AEIT Gracias por seguirme. + info de mi empresa en http://www.sparsity-technologies.com y sus tweets @SparsityTech y  @DEX_Sparsity"},{"index":"68799697149636608","data":"http://lnkd.in/eDMsfe I recommend it. Unfortunately I will not be there.  I hope to see it online."},{"index":"6959169313","data":"Google invests in New Singapore-Japan cable to offer 17 Tbps, highest ever capacity\nhttp://telecomengine.com/article.asp?HH_ID=AR_6031"},{"index":"70428000935608321","data":"Catalan spin-offs on the rise:  http://tinyurl.com/6zc84h5 \nlook at www.sparsity-technologies.com  case from DAMA-UPC (TECNIO)  @L_Anella"},{"index":"69169878166290432","data":"RECOMANA project from DAMA-UPC has been nominated finalist for the 9th edition of  BDigital Awards for Digital In…http://tinyurl.com/6ayugta"},{"index":"71701518105063427","data":"Gracias por seguirme ! @artesanum amigos de @Grupo_Intercom desde @SparsityTech"},{"index":"73650046637314048","data":"@GamixMCM Merci de me suivre ! +info sur mon enterprise en http://www.sparsity-technologies.com et ses tweets en @SparsityTech @DEX_Sparsity"},{"index":"73654120048893952","data":"@alexpuig Thx 4 the follow ! I hope bring you something.   + info about Twitter analysis technology: http://bit.ly/hpSEGv  @SparsityTech"},{"index":"7245654214","data":"#in Feliç Any 2010 a tots !! Feliz 2010 a todos !! Happy New Year 2010  to everybody !!"},{"index":"72593194092724224","data":"@sheffielduni Thx 4 the follow! +info in http://www.sparsity-technologies.com and tweets from @SparsityTech @DEX_Sparsity"},{"index":"74072588858556416","data":"@tonioller Gràcies per seguir-me ! +info a http://www.sparsity-technologies.com i tweets @SparsityTech @DEX_Sparsity"},{"index":"74073928875782144","data":"@peclaveria  Gracias por seguirme ! +info en http://www.sparsity-technologies.com y tweets @SparsityTech @DEX_Sparsity"},{"index":"75493756069097472","data":"Today at http://www.bdigitalglobalcongress.com/lang-en/  #bdgc2011"},{"index":"77788343903068161","data":"@CercleFiber Gràcies per seguir-me ! +info a http://www.sparsity-technologies.com i tweets @SparsityTech @DEX_Sparsity"},{"index":"75586322529660929","data":"@SParsityTech RECOMANA, winner project at BDigital innovation   http://bit.ly/m3pkdL #bdgc2011  Congratulations to DAMA-UPC team !"},{"index":"77788896733310976","data":"@gljivec Thx 4 the follow! +info about my company in http://www.sparsity-technologies.com and tweets from @SparsityTech @DEX_Sparsity"},{"index":"76243327460179968","data":"@carlescapde genial al #bdgc2011 Que no falti el sentit de l'humor !"},{"index":"77789854322278400","data":"@ProCatTIC Gràcies per seguir-me ! +info a http://www.sparsity-technologies.com i tweets @SparsityTech @DEX_Sparsity"},{"index":"77790126352248833","data":"@Twitpuntcat Gràcies per seguir-me ! +info a http://www.sparsity-technologies.com i tweets @SparsityTech @DEX_Sparsity"},{"index":"77790653278457857","data":"@sbonet Gracias por seguirme ! +info en http://www.sparsity-technologies.com y tweets @SparsityTech @DEX_Sparsity"},{"index":"77790495169986560","data":"@juan_diaz_diaz Thx 4 the follow! +info about my company in http://www.sparsity-technologies.com and tweets from @SparsityTech @DEX_Sparsity"},{"index":"77792116859879424","data":"@noticiesdin Gràcies per seguir-me ! +info a http://www.sparsity-technologies.com i tweets @SparsityTech @DEX_Sparsity"},{"index":"77792322468847616","data":"@softmodeling Thx 4 the follow! +info about my company in http://www.sparsity-technologies.com and tweets from @SparsityTech @DEX_Sparsity"},{"index":"7790494468","data":"#in Data Management Group DAMA-UPC website renewed: http://www.dama.upc.edu/"},{"index":"78815663065546752","data":"@bizbarcelona @applinet_es Gracias por seguirme ! +info en http://www.sparsity-technologies.com y tweets @SparsityTech @DEX_Sparsity"},{"index":"79600361475801088","data":"@WhatistheCloud Thx 4 the follow ! More info about my company in http://www.sparsity-technologies.com  and tweets from @SparsityTech @DEX_Sparsity"},{"index":"79601508664098816","data":"@lemondesi Thx 4 the follow ! More info about my company in http://www.sparsity-technologies.com  and tweets from @SparsityTech @DEX_Sparsity"},{"index":"80981734367309824","data":"#bizbarcelona Today networking http://www.sparsity-technologies.com  @SparsityTech and tomorrow DAMA-UPC http://www.dama.upc.edu  at http://www.bizbarcelona.com "},{"index":"82163187629297664","data":"@barcelonactiva Gràcies per seguir-me ! +info a http://www.sparsity-technologies.com  i tweets @SparsityTech @DEX_Sparsity"},{"index":"82164118043369472","data":"@Reeditor_com Gracias por seguirme ! +info en http://www.sparsity-technologies.com  y tweets @SparsityTech @DEX_Sparsity"},{"index":"82723493258600448","data":"@Flamerich Gràcies per seguir-me Carles ! +info a http://www.sparsity-technologies.com  i tweets @SparsityTech @DEX_Sparsity"},{"index":"82164538224549888","data":"@alteraid   Thx 4 the follow !"},{"index":"83912982970642432","data":"Daurum 5.0, services and on-line demo released by Sparsity Technologies http://tinyurl.com/6bxzlub "},{"index":"88873644402552833","data":"Jornada CONNECT-EU al @cibernarium http://jornades.tic.cat/index.php?id=477 …"},{"index":"85841095484911616","data":"June 29th 30th & July 1st, exhibiting at #liber2011 in Barcelona: BIBEX from Sparsity Technologies http://www.sparsity-technologies.com/bibex  @SparsityTech"},{"index":"88874039589867520","data":"CONNECT-EU ICT session at Cibernarium (Barcelona) http://lnkd.in/2zxsWk"},{"index":"89718114828292096","data":"Software for database cleansing, database fusion  and register deduplication: Daurum 5.0, services and on-line demo re…http://lnkd.in/pZtrB4"},{"index":"90741288122580992","data":"@hirodusk Let you know we have a graph database (DEX) at http://www.sparsity-technologies.com  dealing with +5 Billion objects @SparsityTech"},{"index":"93229206107992064","data":"Cisco: 50 Billion Things on the Internet by 2020 [Infographic]\nhttp://lnkd.in/EkP58R"},{"index":"92856227209555968","data":"Bulbflow: Python Framework for Graph Databases http://bulbflow.com/  #graphdb #DEXgdb @SparsityTech"},{"index":"93988220630597632","data":"Catalonia in business: business & investments news in Catalonia http://lnkd.in/kZ4PZy"},{"index":"96611227119255552","data":"Are you a .NET programmer? Give Graph Databases a try with DEX new .NET API. Download here: http://bit.ly/n8bX63     #graphdb #DEXgdb #NET #J…"},{"index":"96180127192457216","data":"Congrats, folks ! GSMA NAMES BARCELONA THE FIRST MOBILE WORLD CAPITAL from 2012 to 2018 \nhttp://www.mobileworldcapital.com/press/index.htm \n@SparsityTech #MWC"}]