[{"index":"10363748524","data":"Find all about Trends in scientific and patent information ICIC 2010 in Vienna .... see:  www.haxel.com"},{"index":"10929695412","data":"will start a new event: ICIC summer school in Vienna - An introduction for future Information Professionals. 1 and 2 Juli. Info coming soon."},{"index":"109583676618190848","data":"The new brochure for the ICIC in Barcelona - The International Conference for the Information Community - is now avail…http://lnkd.in/ZfBY7P "},{"index":"10227696583","data":"www.haxel.com and the new ICIC website http://haxel.com/icic/2010/meeting is online .... feedback welcome"},{"index":"103498343107403776","data":"Combine your attendance at the ICIC with the STN User Meeting  on Thursday, October 27 2011 in Barcelona and get the mo…http://www.haxel.com "},{"index":"12275555015","data":"is planning a trip to India in July to visite different location in the area of IP-Services and possible cooperations. Please contact me ..."},{"index":"11423609953","data":"The provisional programme for the 2010 ICIC meeting in Vienna (October\r\n24-27) is now available online, booking is open. see: www.haxel.com"},{"index":"109585674642006016","data":"My latest SlideShare upload : Icic 2011 programme http://slidesha.re/nkJrJe "},{"index":"1265986791542784","data":"Thanks to all of you who participated and sent us great feedback on how useful the ICIC 2010 meeting was for them! We …http://lnkd.in/zHV-Nx"},{"index":"114715790170800129","data":"There are only five weeks to go until the start of the ICIC - The International Conference for the Information...: http://lnkd.in/qSNyBa "},{"index":"128704897720913920","data":"#icic2011 good morning Barcelona. Looking forward to seeing you in the auditorium at 9:00. Conference dinner will start at 8:30 pm"},{"index":"137482538439548928","data":"II-SDV International Information Conference on Search, Data Mining and Visualization http://lnkd.in/iigz_S "},{"index":"13369678694","data":"booked a flight to India (8 - 29 July) and is planning the IP-Services-business trip via Delhi, Pune, Bangalore, Mumbai and Chennai. Please…"},{"index":"132433602515443712","data":"all ICIC 2011 presentation and photos are online ... ICIC 2012 will be in Berlin. There is an early bird fee for the ex…http://www.haxel.com "},{"index":"137937465238491136","data":"Early booking rate for the ICIC Exhibition 2012 in Berlin ends end of November 2011. You can save 1.000 EUR. http://www.haxel.com "},{"index":"137528022692659201","data":"II-SDV International Conference - Search, Data Mining and Visualizat​ion in Nice: http://lnkd.in/Vn_yFy "},{"index":"140289824165863424","data":"New Conference: International Information Conference on Search, Data Mining and Visualizaition: http://lnkd.in/ExHU6H "},{"index":"16760214813","data":"is organizing this week the first company event with Sikom in Kiel. Sailing and a conference about voice and IT ... we need sun. The sun ma…"},{"index":"16760407386","data":"more infos about the sikom event: www.haxel.com/company/sikom http://lnkd.in/UCyzEv"},{"index":"17780962045","data":"found a nice place for the ICIC 2011 in Barcelona. Attention: Early bird booking for the ICIC 2010 ends in 4 weeks. Yo…http://lnkd.in/fk4jDD"},{"index":"18423659453","data":"first success in India. IPSANCTUARY.COM is exhibiting during the ICIC 2010 http://IPSANCTUARY.COM"},{"index":"182396902493519872","data":"The organizers of the 24th International Conference for the Information Community (ICIC) have just published the full p…http://www.haxel.com "},{"index":"1782518280","data":"Immer wieder, wenn es um Enterprise 2.0 geht: Reiner Gratzfeld von Henkel: Es ist kein Kampf der Generationen, Kampf der Kulturen... #dnug"},{"index":"18512918777","data":"booked the location for the ICIC 2011. 23 - 26 October 2011. World Trade Center Barcelona ... see www.wtcbarcelona.com…http://lnkd.in/uGjgQz"},{"index":"17951736812","data":"is travelling to India ... after the soccer game Germany vs Spain"},{"index":"18513200192","data":"visited CPA Global in India and was very impressed. www.cpaglobal.com http://www.cpaglobal.com"},{"index":"1868950497","data":"Economy? The darker it gets the better you see the stars. Christoph Haxel"},{"index":"19243304941","data":"visited in Bangalore a leading supplier of manually curated databases to major pharmaceutical companies and was again …http://lnkd.in/JwGAA-"},{"index":"19355445595","data":"ICIC Conference details for Early Bird Registration http://lnkd.in/vwyy8K"},{"index":"19354859323","data":"reminds that the early booking price for the 2010 ICIC meeting in Vienna this October expires 10 AUGUST 2010. If you are planning to attend…"},{"index":"19731431223","data":"My latest SlideShare upload : ICIC 2010 The intn. Conference on Trends for Scientific Information Professionals. http://slidesha.re/cOE69x"},{"index":"187589259358773249","data":"Our new conference Search, Data Mining, Visualization: We have reached 130 people. We are very happy. Latest sign-up i…http://www.ii-sdv.com "},{"index":"200197660068687873","data":"Just a reminder that the early booking price for the 2012 ICIC meeting in Berlin this October expires 1 AUGUST...: http://lnkd.in/dPqcks "},{"index":"200144691482734592","data":"Just a reminder that the early booking price for the 2012 ICIC meeting in Berlin this October expires 1 AUGUST 2012. I…http://lnkd.in/_Z4R6y "},{"index":"20404364879","data":"Early Bird registration is going well. When you attend the ICIC 2010 you will meet colleagues from following companies…http://lnkd.in/bcu69i"},{"index":"2014332892","data":"Ich flog vor 13 Tagen mit der AF von Rio nach Paris, habe für die Opfer Kerzen angezündet. Meine große Liebe kam am Sonntag aus Rio ..."},{"index":"21051975676","data":"ICIC 2010 in October is well on the road ... more than 100 early bird registrations. Thank you for booking. http://lnkd.in/bcu69i"},{"index":"20692706900","data":"ICIC 2010 exhibition is sold out. 24 international exhibitors ... perfect. http://lnkd.in/ePy5R7"},{"index":"2205810255","data":"Matrixware is moving to Operngasse 11. Next week I am in a new Office in Vienna :-). Thanks to all electronic archives: 20 mio docs moved"},{"index":"221979903665512448","data":"Be an Early Bird and Save! Early booking price for the 2012 ICIC meeting in Berlin expires 30 July 2012: http://lnkd.in/Hm6VF2 "},{"index":"221977991578796032","data":"Be an Early Bird and Save! Early booking price for the 2012 ICIC meeting in Berlin expires 30 July 2012: http://lnkd.in/idW7r7 "},{"index":"213191275594264576","data":"Share an update Just a reminder that the early booking price for the 2012 ICIC meeting in Berlin this October expi…http://www.haxel.com/icic "},{"index":"230941625667432448","data":"Good news! We 've extended the ICIC Early Bird Registration rate until August 31st. http://www.haxel.com/icic "},{"index":"227417021573369856","data":"Are you planing to attend the ICIC 2012? Just extend your stay in Berlin for another day to participate in the STN Use…http://lnkd.in/uHrF9h "},{"index":"226595584071581696","data":"Good news ... LIGHTHOUSE IP is sponsoring the welcome Dinner during the ICIC 2012 (Berlin) in October 2012 . BTW Early …http://www.haxel.com "},{"index":"232867404265431041","data":"Just published the current 'EARLY BIRD ATTENDEE' list of ICIC 2012 in Berlin. More than 100 attendees from 65 companie…http://lnkd.in/fzvztv "},{"index":"2345180077","data":"Michael Jackson: see Patent of the day: http://bit.ly/Iohjf\n see it in action at around 07:15...  \r\nhttp://bit.ly/vfAU\n :-((("},{"index":"2459886457720833","data":"exhibiton space is now selling well for the ICIC 2011 in the World Trade Center Barcelona. Two weeks after the exhibit…http://lnkd.in/5-vTWF"},{"index":"24407378490","data":"There are only six weeks to go until the start of the ICIC meeting\r\nin 2010. The meeting is filling fast, so if you in…http://lnkd.in/fk4jDD"},{"index":"248856572426604544","data":"ICIC 2012 in Berlin is coming soon. Last chance to register ... more than 145 attendees and 27 exhibitors are on my registration list."},{"index":"2548143094","data":"Dax Performance: Sell in May and go away !! :-( http://bit.ly/yakar"},{"index":"24856563416043520","data":"signed a (business ;-) ) contract at 11.1.11 at 11.11 a.m. ... and acquired the domain www.icic.eu"},{"index":"2495076735","data":"www.matrixware.net is launched ..."},{"index":"25598492059635714","data":"... now with attachment. Murhpy's law: \"Anything that can go wrong, will go wrong\" .. but www.icic.eu works !!! http://www.icic.eu"},{"index":"25597625629675521","data":"the new domain is working. Sometimes IT is working with the right partners: www.icic.eu"},{"index":"271203374177861633","data":"Incredible ... 16 exhibitors booked the ICIC 2013 Exhibition (14-16 Oct 2013)  in Vienna and I have only 24 slots to se…http://www.haxel.com "},{"index":"294113751920152576","data":"ICIC 2013 in Vienna: Call for Papers Deadline for responses to the Call for Papers for the 2013 ICIC meeting in...: http://lnkd.in/GFmsaw "},{"index":"329557643716870144","data":"Ahh Iibhn aBb  Aahbjbb- Abe nbJ ubuuhuuub!22!?/2 v b unc"},{"index":"27353477900","data":"received today 2 registrations from Austria, 1 from Australia and one from Brasil. Organizing conference you need good nerves .... ICIC 201…"},{"index":"311427587987615744","data":"Tools for Intelligence Meeting in Nice Attracts Good Attendance: http://lnkd.in/DdvYEB "},{"index":"331312198423027712","data":"Programme 25th ICIC 2013 published / Super Early Bird Registration: http://lnkd.in/GqVqQe "},{"index":"337453337337290752","data":"ICIC in Vienna: Early bird registration ends 15 June 2013. Vienna now or never."},{"index":"350237326322057216","data":"is planing a business trip to Brazil (Rio de Janeiro) in Nov 2013. Please do not hesitate to contact me if you need my support in the area …"},{"index":"34604918069272576","data":"Just a quick reminder that the absolute deadline for responses to the Call for Papers for the 2011 ICIC meeting in…http://www.haxel.com/icic"},{"index":"271260052113989635","data":"The programme for the II-SDV \"International Information Conference on Search, Data Mining and Visualization\" in April …http://www.ii-sdv.com "},{"index":"3707873238","data":"New features available: www.matrixware.net ... join our community, if you are interested in Information Management"},{"index":"344379267045539841","data":"ICIC 2013: Now or never - Super Early Bird Rate ends 15 June 2013. 22 exhibitor slots sold. http://www.haxel.com/icic "},{"index":"374199353306402816","data":"The 2014 II-SDV conference will take place in Nice, 14-15 April 2014\nhttp://lnkd.in/-Zxmnr "},{"index":"374198873901633536","data":"Good news! We 've extended the Early Bird Registration rate until 15 September 2013\nhttp://www.haxel.com/icic  http://www.haxel.com/icic "},{"index":"382948027201110016","data":"Final Programme ICIC 2013 in Vienna is ready for printing .... http://lnkd.in/bEW38Rj "},{"index":"378151991425253377","data":"Tomorrow is the last chance to register as early bird for the ICIC 2013 in Vienna ... http://lnkd.in/bffEAuB "},{"index":"3888839268","data":"I visited the CIP Forum in Göteborg. It was a great conference ... read more http://twitter.com/CIPFORUM"},{"index":"378152464505004032","data":"Tomorrow is the last chance to register as early bird for the ICIC 2013 in Vienna ...\nhttp://lnkd.in/b8zj9SW  http://lnkd.in/bipKmr8 "},{"index":"392351427634294784","data":"ICIC 2013 Conference Proceedings Marc Tobias BGW http://lnkd.in/bQcKDZq "},{"index":"392321044653948928","data":"ICIC 2013 Conference Proceedings Richard Garner (LexisNexis) http://lnkd.in/bwK_A9N "},{"index":"392355857628794881","data":"http://www.haxel.com  http://lnkd.in/bhQ3D-r "},{"index":"392358297509974016","data":"Icic 2013 conference proceedings krishna molecular connections http://lnkd.in/bXf5crW "},{"index":"392360389419089920","data":"http://www.haxel.com  http://lnkd.in/bBYUWY3 "},{"index":"392352962233647104","data":"http://www.haxel.com  http://lnkd.in/b4QGweD "},{"index":"392380122491154432","data":"ICIC 2013 Conference Proceedings Antony Williams Royal Society of C... http://lnkd.in/b4UV-uh "},{"index":"392377125035986944","data":"http://www.haxel.com  http://lnkd.in/brHDkQW "},{"index":"392384368154394624","data":"ICIC 2013 Conference Proceedings Colm Caroll IMI http://lnkd.in/bKRhhCH "},{"index":"392382028227678208","data":"ICIC 2013 Conference Proceedings Roland Knispel ChemAxon http://lnkd.in/bktTtGA "},{"index":"392388663109120001","data":"ICIC 2013 Conference Proceedings Jane List Extract Information http://lnkd.in/beH8jqA "},{"index":"392389881235664896","data":"ICIC 2013 Conference Proceedings Josef Eiblmaier Infochem http://lnkd.in/bP6x-aU "},{"index":"392387114454622208","data":"ICIC 2013 Conference Proceedings Andreas Pesenhofer max.recall http://lnkd.in/b2FT4-Z "},{"index":"392391277301350400","data":"http://www.haxel.com  http://lnkd.in/b74a7YJ "},{"index":"392392516336513024","data":"ICIC 2013 Conference Proceedings Monika Hanelt Agfa http://lnkd.in/bJAkSQ9 "},{"index":"392394928300371968","data":"ICIC 2013 Conference Proceedings Tony Trippe Patinformatics http://lnkd.in/bxjQ8Bp "},{"index":"392399878434738177","data":"http://www.haxel.com  http://lnkd.in/bZAQZfQ "},{"index":"392396482516504576","data":"ICIC 2013 Conference Proceedings Ricardo Eito Brun Uni Madrid http://lnkd.in/bWk7tar "},{"index":"392401461088243712","data":"http://www.haxel.com  http://lnkd.in/bQBwfAj "},{"index":"392402546645405696","data":"http://www.haxel.com  http://lnkd.in/bBYrvBG "},{"index":"392398075618009088","data":"http://www.haxel.com  http://lnkd.in/bJPy4jn "},{"index":"392403968900337664","data":"http://www.haxel.com  http://lnkd.in/bZR-D8Y "},{"index":"392567604163792896","data":"New Product Introduction ICIC 2013 - InfoChem http://lnkd.in/bAxTCak "},{"index":"392568810303021057","data":"ICIC 2013 New Product Introductions BizInt http://lnkd.in/b3CrdtX "},{"index":"392573638869667840","data":"ICIC 2013 New Product Introductions Minesoft http://lnkd.in/bjbK8tn "},{"index":"392581380678225920","data":"ICIC 2013 New Product Introductions max.recall http://lnkd.in/bv76-9v "},{"index":"392582289458081792","data":"ICIC 2013 New Product Introductions Linguamatics http://lnkd.in/bvK_fbS "},{"index":"392583609493643264","data":"ICIC 2013 New Product Introductions Dolcera http://lnkd.in/bNbhrAS "},{"index":"392581030843916288","data":"ICIC 2013 New Product Introductions LexisNexis http://lnkd.in/bDDSb73 "},{"index":"392584383552421888","data":"ICIC 2013 New Product Introductions RightsDirect http://lnkd.in/bHYFDHS "},{"index":"392585127751995392","data":"ICIC 2013 New Product Introductions ChemAxon http://lnkd.in/brFVdaJ "},{"index":"392585812992225280","data":"ICIC 2013 New Product Introductions GenomeQuest http://lnkd.in/bVsNEz8 "},{"index":"392588525968707584","data":"ICIC 2013 New Product Introductions CAS http://lnkd.in/b4JpPDJ "},{"index":"392589770427076608","data":"ICIC 2013 New Product Introductions CEPT http://lnkd.in/bAW_rcv "},{"index":"392591407996620801","data":"ICIC 2013 New Product Introductions FIZ Karlsruhe http://lnkd.in/bGyzYFa "},{"index":"392589268746391553","data":"ICIC 2013 New Product Introductions Wiley http://lnkd.in/bHZF649 "},{"index":"392592682914029568","data":"ICIC 2013 New Product Introductions Parthys Reverse Informatics http://lnkd.in/bMBQVpM "},{"index":"392593424915783680","data":"ICIC 2013 New Product Introductions Stellarix http://lnkd.in/bMXmgyP "},{"index":"392594351580139520","data":"ICIC 2013 New Product Introductions INTELLIXIR http://lnkd.in/bRJzKSk "},{"index":"392594991421222913","data":"ICIC 2013 New Product Introductions Averbis http://lnkd.in/bgzg7r6 "},{"index":"392597238687358976","data":"ICIC 2013 New Product Introductions GVK Bio Informatics http://lnkd.in/biGr8ZB "},{"index":"392596445519298560","data":"ICIC 2013 New Product Introductions Search Technology (vantage point) http://lnkd.in/bsu2JaG "},{"index":"392739910647418880","data":"... and thanks to Antony Williams for his recommendations: http://lnkd.in/b4UV-uh "},{"index":"392738462664646656","data":"More than 1.700 views in less than 24 hours for all ICIC presentations  ... thanks to all social networks, linkedin,…http://www.haxel.com "},{"index":"392737695564181504","data":"1.763 views in less than 24 hours forn the ICIC presentations ... thanks to social networks linkedin, slideshare, fa…http://www.haqxel.com "},{"index":"392739507146993664","data":"... and thanks to Anthony Williams for his recommendations\nhttp://lnkd.in/b4UV-uh "},{"index":"393767855113506817","data":"Early Bird Booking for the ICIC Exhibition 2014 in Heidelberg http://www.haxel.com  http://lnkd.in/bCw2ZF4 "},{"index":"39745020852436992","data":"ICIC 2011 Super Early Bird Registration is open. Secure your registration before end of March and save over 33 % of the…http://www.haxel.com"},{"index":"393766021464465408","data":"International Information Conference on search, Data Mining and Visualisation. The 2014 II-SDV meeting takes place i…http://lnkd.in/bxED2At "},{"index":"405327875400028160","data":"We are happy to announce that the preliminary programme of the April 2014 II-SDV meeting is now available. The preli…http://lnkd.in/dN8sp-Y "},{"index":"405330013261955072","data":"International Information Conference on Search, Data Mining and Visualisation: There is a Super Early Bird booking r…http://www.ii-sdv.com "},{"index":"405379772605554688","data":"Last chance for the ICIC 2014 exhibition in Heidelberg. Special offer only if you order before 30 November 2013 and …http://www.haxel.com/icic "},{"index":"408969269901537280","data":"ICIC 2014 in Heidelberg: Call for Papers\n\nThe 2014 ICIC meeting will be held in Heidelberg 12 – 15 October. We are n…http://lnkd.in/d_5CrvY "},{"index":"414044444338716673","data":"Booked for the ICIC 2014 welcome  reception and conference dinner at Heidelberg Castle  ... sponsorship is still ope…http://lnkd.in/da7Frag "},{"index":"408970161191157760","data":"ICIC 2014 in Heidelberg: Call for Papers\nThe 2014 ICIC meeting will be held in Heidelberg 12 – 15 October. We are no…http://lnkd.in/d_5CrvY "},{"index":"413321785976037376","data":"Heidelberg is a great place for my next conference in October 2014. Call for papers at http://www.haxel.com . Merry X-mas from X-tof"},{"index":"41911572112748544","data":"and Harry Collier (Infonortics) have forged a close collaboration with meetings and conferences. The International Inf…http://www.ii-sdv.com"},{"index":"45554393629728768","data":"launched a new website for his Consulting Business http://www.drhaxel.com"},{"index":"50914553684426752","data":"has just published the full programme for the ICIC taking place on 23 – 26 October 2011, Barcelona, Spain. http://www.haxel.com/icic"},{"index":"5447825463","data":"Next ICIC conference will be in Vienna 24-27 October 2010"},{"index":"53865711038251008","data":"50 registrations for the ICIC 2011Barcelona in October. 18 Exhibitors booked. Programme published. Not bad ... The con…http://lnkd.in/GqPvqa"},{"index":"5447799512","data":"Next epo cip will be in lusanne 19-21 October 2010"},{"index":"53072565995974656","data":"last chance to register as super early bird @ ICIC 2011 in Barcelona and save yourself some money. Be smart and combine m…http://www.icic.eu"},{"index":"5677487984","data":"ICIC 2010: The Call for Papers and Invitation to Exhibit is now published ... more info see http://www.infonortics.com/chemical/index.html"},{"index":"65501903064285184","data":"to cut costs, ip-management is considering moving services to somewhere in Chindia. This new word is a blend of Ch…http://www.ip-chindia.com"},{"index":"7005128946","data":"happy x-mas and a happy new year. good start in the first day of the second decade of the second millenium warm regards from x-tof"},{"index":"7402953724","data":"old technolgies are still working ... sand painting versus power point http://www.youtube.com/watch?v=vOhf3OvRXKg&feature=fvst"},{"index":"7681277264","data":"new version of www.matrixware.net is now online with the first version of a marketplace for ip and information professionals. Free posting ."},{"index":"77632656296251392","data":"http://lnkd.in/rz2-Nj If you are interested in learing more about Data mining techniques and Text Analystics field you must visit our..."},{"index":"77631256728322048","data":"Invitation to exhibit during the II-SDV 2012 in Nice / Early booking price: http://lnkd.in/X66KjX"},{"index":"78391489348120576","data":"received yesterday two new Exhibition Bookings for the ICIC 2011 in Barcelona: QWAM and Springer ... and today? ... sti…http://www.haxel.com"},{"index":"77629122993586177","data":"Early booking price for the 2011 ICIC meeting in Barcelona expires next month: http://lnkd.in/hAVvzf"},{"index":"80563044656218112","data":"II-SDV Meeting -Nice: This meeting, the International Information conference on Search, Data Mining and...: http://lnkd.in/WjNAkq"},{"index":"80563618776743936","data":"II-SDV Meeting - Nice: This meeting, the International Information conference on Search, Data Mining and...: http://lnkd.in/fzjMFx"},{"index":"80562343838359552","data":"II-SDV 2012 - Nice: This meeting, the International Information conference on Search, Data Mining and...: http://lnkd.in/D3GiFq"},{"index":"81690764765179904","data":"Invitation to exhibit during the next ICIC 2011 in Barcelona: http://lnkd.in/idjkF7"},{"index":"81690195388399616","data":"Invitation to exhibit during the ICIC 2011 in Barcelona: http://lnkd.in/pYr5br"},{"index":"81692283208073216","data":"Invitation to exhibit During the next ICIC 2011 in Barcelona: http://lnkd.in/rGjUqd"},{"index":"81696431387320320","data":"II-SDV Meeting 2012 - Nice: http://lnkd.in/6yTQAc"},{"index":"81696850406686721","data":"II-SDV Meeting 2012 - Nice: http://lnkd.in/5bCEcU"},{"index":"81699101267341312","data":"II-SDV Meeting 2012 - Nice: http://lnkd.in/F_BiQt"},{"index":"81689676024520704","data":"Invitation to exhibit during the next ICIC in Barcelona: http://lnkd.in/ymyYap"},{"index":"81697545105063937","data":"II-SDV Meeting 2012 - Nice: http://lnkd.in/qn9kwS"},{"index":"86771079678394368","data":"Just a reminder that the early booking price for the 2011 ICIC meeting in Barcelona this October expires 31 July....: http://lnkd.in/JMgENz"},{"index":"87875474038079488","data":"ICIC The International Conference for the Information Community: Early Bird rates are available until 1. August 2011, so make sure that you…"},{"index":"8902476507","data":"will be very busy next days in Düsseldorf and Cologne (meetings, events). He will only be checking email occasionally during that time ;-)"},{"index":"8585092572","data":"just reminds that the absolute deadline for responses to the Call for Papers for the 2010 ICIC meeting in Vienna is 20 FEBRUARY 2010."},{"index":"90429415204466690","data":"Early booking price for the 2011 ICIC meeting in Barcelona this October expires 1 AUGUST 2011 .... only 3 weeks to go. …http://www.haxel.com"},{"index":"9540112383741952","data":"Is waiting at Duesseldorf AirPort. Too much snow in Duesseldorf and London. Global snowing ..."},{"index":"92640932683452416","data":"Good news for my ICIC conference: The World Intellectual Property Organization WIPO booked the ICIC exhibition. http://www.haxel.com"},{"index":"9536290884","data":"The ICIC programme is going extremely well this year; numerically we have\r\nenough papers- at 22 February, which has never happened before"},{"index":"96901582288982016","data":"today last chance to register for the ICIC 2011 with early bird registration. We have now more than 100 registrations .…http://www.haxel.com"}]