[{"index":"276670185920950272","data":"Tons of interesting conferences at #bcndevcon over the coming 3 days pic.twitter.com/2lr8nBqX"},{"index":"276670831600480256","data":"Spotify is here at #bcndevcon. Ton of opportunities wait for u at their stand. Go check! pic.twitter.com/aCY3FT53"},{"index":"276345414788190210","data":"I just contributed to the Cancer research and investigation and I got this mobile game for free! http://bcndevcon.org/heartbits/  #bdc12 vía @bcndevcon"},{"index":"273365643519205377","data":"Jason Fried: Porque el trabajo no sucede en el trabajo? o Why work doesn't happen at work http://on.ted.com/aEdj  #TED"},{"index":"274241290374369286","data":"wisdom is a love affair with questions, knowledge is a love affair with answers"},{"index":"276671127865147392","data":"Good energy at #bcndevcon. And it only getting started! Are u coming pic.twitter.com/GO0FqIBR"},{"index":"278787564255727616","data":"Lleva a tu startup hasta Silicon Valley. Aplica ya a la PITCH SF 2013 Startup Competition de @women2 http://buff.ly/WRfoyV "},{"index":"278120006737342465","data":"Very instructive talk from @seeseuno about about how to do Networking!  I really needed this... #bcndevcon"},{"index":"303438736132296704","data":"10 consejos para hacer networking http://ow.ly/hLbWS "},{"index":"279194182868955137","data":"Luis von Ahn: Massive-scale online collaboration #TED http://ow.ly/fJRuW "},{"index":"328435259421102080","data":"I liked a @YouTube video http://youtu.be/gQCrlLGEQUc?a  Big Marble machine: 1000 marbles!!!"},{"index":"395651998428958720","data":"Testimonios 08 Montse Codinach: http://youtu.be/tnTc3J3V6B0?a  via @YouTube"},{"index":"273365643519205377","data":"Jason Fried: Porque el trabajo no sucede en el trabajo? o Why work doesn't happen at work http://on.ted.com/aEdj  #TED"},{"index":"274241290374369286","data":"wisdom is a love affair with questions, knowledge is a love affair with answers"},{"index":"276345414788190210","data":"I just contributed to the Cancer research and investigation and I got this mobile game for free! http://bcndevcon.org/heartbits/  #bdc12 vía @bcndevcon"},{"index":"276670185920950272","data":"Tons of interesting conferences at #bcndevcon over the coming 3 days pic.twitter.com/2lr8nBqX"},{"index":"276670831600480256","data":"Spotify is here at #bcndevcon. Ton of opportunities wait for u at their stand. Go check! pic.twitter.com/aCY3FT53"},{"index":"276671127865147392","data":"Good energy at #bcndevcon. And it only getting started! Are u coming pic.twitter.com/GO0FqIBR"},{"index":"278120006737342465","data":"Very instructive talk from @seeseuno about about how to do Networking!  I really needed this... #bcndevcon"},{"index":"303438736132296704","data":"10 consejos para hacer networking http://ow.ly/hLbWS "},{"index":"278787564255727616","data":"Lleva a tu startup hasta Silicon Valley. Aplica ya a la PITCH SF 2013 Startup Competition de @women2 http://buff.ly/WRfoyV "},{"index":"279194182868955137","data":"Luis von Ahn: Massive-scale online collaboration #TED http://ow.ly/fJRuW "},{"index":"328435259421102080","data":"I liked a @YouTube video http://youtu.be/gQCrlLGEQUc?a  Big Marble machine: 1000 marbles!!!"},{"index":"395651998428958720","data":"Testimonios 08 Montse Codinach: http://youtu.be/tnTc3J3V6B0?a  via @YouTube"}]