[{"index":"249220769874337792","data":"I just ousted @juanitotorres as the mayor of Teatro Figaro on @foursquare! http://4sq.com/HGwl6U "},{"index":"253239530671452162","data":"Gran primer día de una nueva etapa de mi vida. Puntuación: notable muuuy alto ;) Estoy motivada, implicada y con ganas de comerme el mundo!!"},{"index":"242719818711715840","data":"I just became the mayor of Barrio de Hortaleza on @foursquare! http://4sq.com/PPsz0n "},{"index":"258126404410032128","data":"Entrevista a Alex Dolara, CEO de Karmacracy | Mis Apis Por Tus Cookies - http://kcy.me/bokm  #gamification"},{"index":"238983282925117442","data":"Ciao ofi.. 3..2..1.. VACACIONES!!!!!!!!!!!!  @ Dext HQ http://instagr.am/p/OtiuGmLyj4/ "},{"index":"260657093185519616","data":"I just ousted @joseangelcano as the mayor of Wonnova on @foursquare! http://4sq.com/OViXvM "},{"index":"263558137481682945","data":"I just ousted @joseangelcano as the mayor of Wonnova on @foursquare! http://4sq.com/OViXvM "},{"index":"260467025963515904","data":"I just ousted @lay_bel as the mayor of Barrio de Hortaleza on @foursquare! http://4sq.com/PPsz0n "},{"index":"262921702680444929","data":"@rofeva Cuñauuuu!!! Welcome to #twitter!! Que tu hermano @IvantxoF te dé unas clasecillas y a twitearlo todo xD Te falta foto! Un besotee ;)"},{"index":"261085314855088128","data":"I just ousted @lay_bel as the mayor of Barrio de Hortaleza on @foursquare! http://4sq.com/PPsz0n "},{"index":"273450370590728193","data":"I just unlocked the \"Trainspotter\" badge on @foursquare for checking in at trains and subway stations! http://4sq.com/TomSUG "},{"index":"268653361920897024","data":"Ejemplos de #gamification: Nike , Waze, Samsung Nation y Bokzuy - http://kcy.me/cdfa  - via @wonnovacom"},{"index":"273496516319141888","data":"I just reached Level 2 of the \"Trainspotter\" badge on @foursquare. I’ve checked in at 5 different stations! http://4sq.com/WtIxeE "},{"index":"275508369626898432","data":"I just ousted @joseangelcano as the mayor of Wonnova on @foursquare! http://4sq.com/OViXvM "},{"index":"278153923980824576","data":"ÑamÑam!! :P RT @JoseAngelCano: Welcome Sam! :) RT @wonnovacom: Ou yeah! ;) RT @sgeuter: It's sushi time at Wonnova HQ http://instagr.am/p/TD2cAeFbtD/ "},{"index":"279186184075354113","data":"‘Learning is just another word for fun, under optimal conditions’ [Case Study] | Gamifeye http://www.gamifeye.com/2012/12/04/learning-is-just-another-word-for-fun-under-optimal-conditions-case-study/ … via @gamifeye"},{"index":"284015516258025473","data":"I just ousted @javiieer2 as the mayor of Villavieja de Yeltes on @foursquare! http://4sq.com/pWUWcM "},{"index":"289285726493872128","data":"I just ousted @joseangelcano as the mayor of Wonnova on @foursquare! http://4sq.com/OViXvM "},{"index":"295568574611877888","data":"I just reached Level 3 of the \"Trainspotter\" badge on @foursquare. I’ve checked in at 10 different stations! http://4sq.com/Vd7Ljr "},{"index":"294116305072685056","data":"The Wide World of #Coffee: How to make every coffee drink you've ever wanted. http://kcy.me/efma  Os gustará @JoseAngelCano y @Javiieer2 :P"},{"index":"309585600045002752","data":"I just ousted @joseangelcano as the mayor of Wonnova on @foursquare! http://4sq.com/OViXvM "},{"index":"309686065395036161","data":"Becas The Valley Digital Business School a emprendedores - http://kcy.me/gl4z  #Gamification #Educación"},{"index":"327057351179907073","data":"Yummyyy!!! (@ Starbucks Coffee - @starbucks_es w/ 3 others) [pic]: http://4sq.com/13uxAyv "},{"index":"322032764482367489","data":"20 Animated Moments to Make You Smile http://kcy.me/ikpm  @disney #Mooolaaa"},{"index":"327730079562092544","data":"Te dije que te fliparía #Lloro RT @Javiieer2: Quiero que formes parte de mi archipiélago de sinceridad.  #BrújulasQueBuscanSonrisasPerdidas"},{"index":"323347434732412928","data":"How Employee Referrals Can Impact Your Employer Brand [INFOGRAPHIC] http://kcy.me/is9u "},{"index":"332507250667159554","data":"Waze to be bought by FB for $1B. IMO, Waze did crowdsourcing the right way - adding a spice of gamification http://on.mash.to/12Z2YDe "},{"index":"332446797865828354","data":"Ebook gratuito: 100  Herramientas Útiles para Community Managers - http://kcy.me/kbe4  via @elsabonafonte"},{"index":"328538786067783680","data":"Bye bye cordobita.. Next station..GRANADA!!!! (@ Cordoba Capital) http://4sq.com/167kewn "},{"index":"332914510300082177","data":"Llegamos!! (@ Donostia / San Sebastián w/ 2 others) http://4sq.com/14aF2PK "},{"index":"383422206115860480","data":"Imagine all the people...!!! Paseando por Central Park aparece el monumento a Lennon  @ Strawberry… http://instagram.com/p/ev1yGdLylQ/ "},{"index":"382718726938050560","data":"Impresionantes vistas de Manhattan tras cruzar el puente de Brooklyn #MereceLaPena ;) @ Brooklyn Bridge http://instagram.com/p/eq2CiCryvV/ "},{"index":"401065580499042304","data":"Cenita suuperrrromantica  Jajaja...!!! (at @TommyMels) [pic]: http://4sq.com/1aGEO3F "},{"index":"242719818711715840","data":"I just became the mayor of Barrio de Hortaleza on @foursquare! http://4sq.com/PPsz0n "},{"index":"411998990318989312","data":" (@ Brown Square w/ @joseangelcano) http://4sq.com/1de6hg4 "},{"index":"249220769874337792","data":"I just ousted @juanitotorres as the mayor of Teatro Figaro on @foursquare! http://4sq.com/HGwl6U "},{"index":"238983282925117442","data":"Ciao ofi.. 3..2..1.. VACACIONES!!!!!!!!!!!!  @ Dext HQ http://instagr.am/p/OtiuGmLyj4/ "},{"index":"258126404410032128","data":"Entrevista a Alex Dolara, CEO de Karmacracy | Mis Apis Por Tus Cookies - http://kcy.me/bokm  #gamification"},{"index":"260467025963515904","data":"I just ousted @lay_bel as the mayor of Barrio de Hortaleza on @foursquare! http://4sq.com/PPsz0n "},{"index":"411817524909834240","data":"Esto es un no parar...  (@ The Style Outlets - @styleoutletsmad) http://4sq.com/1ecHbUd "},{"index":"260657093185519616","data":"I just ousted @joseangelcano as the mayor of Wonnova on @foursquare! http://4sq.com/OViXvM "},{"index":"253239530671452162","data":"Gran primer día de una nueva etapa de mi vida. Puntuación: notable muuuy alto ;) Estoy motivada, implicada y con ganas de comerme el mundo!!"},{"index":"261085314855088128","data":"I just ousted @lay_bel as the mayor of Barrio de Hortaleza on @foursquare! http://4sq.com/PPsz0n "},{"index":"262921702680444929","data":"@rofeva Cuñauuuu!!! Welcome to #twitter!! Que tu hermano @IvantxoF te dé unas clasecillas y a twitearlo todo xD Te falta foto! Un besotee ;)"},{"index":"268653361920897024","data":"Ejemplos de #gamification: Nike , Waze, Samsung Nation y Bokzuy - http://kcy.me/cdfa  - via @wonnovacom"},{"index":"263558137481682945","data":"I just ousted @joseangelcano as the mayor of Wonnova on @foursquare! http://4sq.com/OViXvM "},{"index":"273496516319141888","data":"I just reached Level 2 of the \"Trainspotter\" badge on @foursquare. I’ve checked in at 5 different stations! http://4sq.com/WtIxeE "},{"index":"275508369626898432","data":"I just ousted @joseangelcano as the mayor of Wonnova on @foursquare! http://4sq.com/OViXvM "},{"index":"273450370590728193","data":"I just unlocked the \"Trainspotter\" badge on @foursquare for checking in at trains and subway stations! http://4sq.com/TomSUG "},{"index":"278153923980824576","data":"ÑamÑam!! :P RT @JoseAngelCano: Welcome Sam! :) RT @wonnovacom: Ou yeah! ;) RT @sgeuter: It's sushi time at Wonnova HQ http://instagr.am/p/TD2cAeFbtD/ "},{"index":"289285726493872128","data":"I just ousted @joseangelcano as the mayor of Wonnova on @foursquare! http://4sq.com/OViXvM "},{"index":"284015516258025473","data":"I just ousted @javiieer2 as the mayor of Villavieja de Yeltes on @foursquare! http://4sq.com/pWUWcM "},{"index":"279186184075354113","data":"‘Learning is just another word for fun, under optimal conditions’ [Case Study] | Gamifeye http://www.gamifeye.com/2012/12/04/learning-is-just-another-word-for-fun-under-optimal-conditions-case-study/ … via @gamifeye"},{"index":"295568574611877888","data":"I just reached Level 3 of the \"Trainspotter\" badge on @foursquare. I’ve checked in at 10 different stations! http://4sq.com/Vd7Ljr "},{"index":"294116305072685056","data":"The Wide World of #Coffee: How to make every coffee drink you've ever wanted. http://kcy.me/efma  Os gustará @JoseAngelCano y @Javiieer2 :P"},{"index":"309585600045002752","data":"I just ousted @joseangelcano as the mayor of Wonnova on @foursquare! http://4sq.com/OViXvM "},{"index":"309686065395036161","data":"Becas The Valley Digital Business School a emprendedores - http://kcy.me/gl4z  #Gamification #Educación"},{"index":"322032764482367489","data":"20 Animated Moments to Make You Smile http://kcy.me/ikpm  @disney #Mooolaaa"},{"index":"323347434732412928","data":"How Employee Referrals Can Impact Your Employer Brand [INFOGRAPHIC] http://kcy.me/is9u "},{"index":"327730079562092544","data":"Te dije que te fliparía #Lloro RT @Javiieer2: Quiero que formes parte de mi archipiélago de sinceridad.  #BrújulasQueBuscanSonrisasPerdidas"},{"index":"327057351179907073","data":"Yummyyy!!! (@ Starbucks Coffee - @starbucks_es w/ 3 others) [pic]: http://4sq.com/13uxAyv "},{"index":"328538786067783680","data":"Bye bye cordobita.. Next station..GRANADA!!!! (@ Cordoba Capital) http://4sq.com/167kewn "},{"index":"332446797865828354","data":"Ebook gratuito: 100  Herramientas Útiles para Community Managers - http://kcy.me/kbe4  via @elsabonafonte"},{"index":"332507250667159554","data":"Waze to be bought by FB for $1B. IMO, Waze did crowdsourcing the right way - adding a spice of gamification http://on.mash.to/12Z2YDe "},{"index":"383422206115860480","data":"Imagine all the people...!!! Paseando por Central Park aparece el monumento a Lennon  @ Strawberry… http://instagram.com/p/ev1yGdLylQ/ "},{"index":"332914510300082177","data":"Llegamos!! (@ Donostia / San Sebastián w/ 2 others) http://4sq.com/14aF2PK "},{"index":"411817524909834240","data":"Esto es un no parar...  (@ The Style Outlets - @styleoutletsmad) http://4sq.com/1ecHbUd "},{"index":"382718726938050560","data":"Impresionantes vistas de Manhattan tras cruzar el puente de Brooklyn #MereceLaPena ;) @ Brooklyn Bridge http://instagram.com/p/eq2CiCryvV/ "},{"index":"401065580499042304","data":"Cenita suuperrrromantica  Jajaja...!!! (at @TommyMels) [pic]: http://4sq.com/1aGEO3F "},{"index":"411998990318989312","data":" (@ Brown Square w/ @joseangelcano) http://4sq.com/1de6hg4 "}]