[{"index":"336418606298574849","data":"Autodesk compra Tinkercad | http://edans.es/20222 "},{"index":"340548559902478336","data":"I wonder if one day I am going to be hired by a machine... via @edans http://onforb.es/116Hx1P "},{"index":"341832521224450048","data":"Y creíais que era una red social... :-) Google+ isn't a social network; it's The Matrix | http://gu.com/p/3gabe/tw "},{"index":"340547747562287104","data":"Al final le voy a dar la razón al @erchache2000 y cuando acabe en la @etsii me saco el MBA :)"},{"index":"341110548924096512","data":"\"The Banality of Google’s ‘Don’t Be Evil’\", por Julian Assange... http://www.nytimes.com/2013/06/02/opinion/sunday/the-banality-of-googles-dont-be-evil.html?pagewanted=2&_r=0&partner=rss&emc=rss&utm_source=feedly …"},{"index":"342573518027886592","data":"Hoxe no #encontrospinoff @edans deu un repaso aos clasicos, a ver se podemos falar no café para profundizar"},{"index":"341834432761720832","data":"Buen momento para volver a ver Gattaca: http://www.wired.com/threatlevel/2013/06/scotus-dna-testing/ …"},{"index":"342543221064343552","data":"@frangonzalez @Fanego @alfredodepaz @bnieva mañana estoy haciendo cola desde primera hora para los #TCdesayunos, no me pierdo a @edans!"},{"index":"347415877232238593","data":"@edans Thanks for an amazing class! I learned how to develop our B2B social media strategy!"},{"index":"343984318454038529","data":"La magnitud del escándalo del Gran Hermano norteamericano | http://edans.es/20485 "},{"index":"347416224730333185","data":"@EDans podrias hablar en el blog de smartwatch y como van a sustituir o no, al movil de bolsillo. Hay varios intel, apple, lg, sony ..."},{"index":"347780646728503296","data":"Habemus vídeo en Instagram... http://blog.instagram.com/post/53448889009/video-on-instagram …"},{"index":"345852670982119426","data":"Internet, en globo | http://edans.es/20541 "},{"index":"349222495095754752","data":"@ivanca @edans @Falkvinge so who'd you choose? Maybe some banana republic dictator, maybe someone like Putin, or perhaps anarchism? Useful!"},{"index":"348923252535599104","data":"No, #nsa, it's not \"irreversible damage to the USA\" by Snowden. It's by _you_. Don't blame others when it's your actions that are wrong."},{"index":"349929361648001025","data":"Ballmer tiene razon (coincido con @angeljimenez) las pantallas táctiles en una portátil deberían ser YA un estándar #bldwin"},{"index":"349403456781557764","data":"Felicitando a Evernote | http://edans.es/20678 "},{"index":"348923484405116929","data":"@iGNUminado: mouchos, coruxas, sapos e bruxas... ;-)  @meneldis @Laegnur"},{"index":"350319820614557696","data":"Cenita con Vint Cerf... (@ InterContinental - @interconhotels w/ @marilink) http://4sq.com/15JQPn4 "},{"index":"350526969919700992","data":"Por cierto, ayer vi a @edans y lo primero que hizo fue echarme la bronca por adelantarlo en el ranking de Fitbit jijiji"},{"index":"351732095208521729","data":"Firma esta petición para que @Twitter ceda una cuenta inactiva con su nombre a @edans  http://goo.gl/sb7d0  vía @change"},{"index":"350527169593749504","data":"Por cierto, ayer vi a @edans y lo primero que hizo fue echarme la bronca por adelantarlo en el ranking de Fitbit jijiji"},{"index":"351709769679122432","data":"@edans cada vez que un hater me toca el nackle, me imagino como debes estar tú y SE ME PASA ^_^"},{"index":"353791357174820864","data":"Ésto en unas horas tiene que convertirse en una impresora 3D. Seguro que a @edans le encantaría estar aquí :P [pic]: http://4sq.com/1814Wvh "},{"index":"356514828103331843","data":"“Government, transparency, and open-source” | https://medium.com/enrique-dans/2b1191488dbb …"},{"index":"352886156247040001","data":"... and with this and a biscuit, until tomorrow at eigth o'clock!! :-)"},{"index":"356125091081367554","data":"“Scanadu: assessing your vital signs in 10 seconds” | https://medium.com/enrique-dans/70bbdbf53b3c …"},{"index":"356073464773361665","data":"Ribeiro... rico, rico :-) http://instagram.com/p/bthO8jEDxw/ "},{"index":"356895118650908672","data":"“Will the US economy lose competitiveness over the NSA revelations?” | https://medium.com/enrique-dans/ff6249f0dac7 …"},{"index":"357800175831486464","data":"“The experience economy versus the client’s experience” | https://medium.com/enrique-dans/bb33550f8a05 …"},{"index":"357850314881253377","data":"“Wearable computing and Personal Area Networks” | https://medium.com/enrique-dans/eca125c10932 …"},{"index":"357776503657865218","data":"Wearable computing y Personal Area Networks | http://edans.es/20924 "},{"index":"358524974820106240","data":"“The future of the internet, post-Snowden” | https://medium.com/enrique-dans/6e349565f08d …"},{"index":"358532028762832897","data":"@edans Interesting read overall. But I missed mentions to projects like Heml.is or Prometheus. Big changes are coming."},{"index":"357284837947740161","data":"“Thom Yorke, Spotify, and content creators” | https://medium.com/enrique-dans/13d786a91d7d …"},{"index":"359022907298549762","data":"The surveillance we are subjected to extends beyond the confines of the internet | https://medium.com/enrique-dans/f13c44a8689b …"},{"index":"359352578577940480","data":"Pornography: sweeping it under the carpet | https://medium.com/enrique-dans/bc263baeaaa5 …"},{"index":"359201744749740033","data":"Let’s make this clear: we need less tin foil hats and more transparency | https://medium.com/enrique-dans/3af2ebdd05b7 …"},{"index":"359623652146286592","data":"The famous dragonfly :-) http://flic.kr/p/ff4QUM \nhttp://flic.kr/p/ff4DtD "},{"index":"360077056068943873","data":"Flipboard on the web: an interesting development | https://medium.com/enrique-dans/ffe6d317c441 …"},{"index":"359782963996659713","data":"Crowdsourcing and citizens’ initiatives | https://medium.com/enrique-dans/efc30974cee6 …"},{"index":"360430357297901569","data":"EU leaders: Stop mass surveillance http://www.change.org/en-GB/petitions/eu-leaders-stop-mass-surveillance?share_id=BRVinvZCyZ&utm_campaign=twitter_link_action_box&utm_medium=twitter&utm_source=share_petition …"},{"index":"360694571862200320","data":"Chromecast: the web-to-television breakthrough we’ve been waiting for? | https://medium.com/enrique-dans/fb8ab9642154 …"},{"index":"360787238902177792","data":"Who controls the internet? | https://medium.com/enrique-dans/77a7284aa71f …"},{"index":"361421542569156608","data":"Words and pictures: the magazine metaphor and the rise of the graphic web | https://medium.com/enrique-dans/5d531b6651de …"},{"index":"362669614242603008","data":"Cats, bags, and Volkswagens | https://medium.com/enrique-dans/72453e1d6598 …"},{"index":"361515021525721088","data":"Canary: redefining home security systems | https://medium.com/enrique-dans/9a3087f64e91 …"},{"index":"361952590356946945","data":"The road to censorship: turn back now | https://medium.com/enrique-dans/cafa1db2c6bf …"},{"index":"362974670984716288","data":"The internet: the tool to cleanse public life | https://medium.com/enrique-dans/3a340c78395 …"},{"index":"362189676628541441","data":"Twitter and the limits of conversation | https://medium.com/enrique-dans/fbdaed9e0b85 …"},{"index":"364107311700127744","data":"Democracy is so 20th century… welcome to spyocracy | https://medium.com/enrique-dans/9a6faaa3dede …"},{"index":"363749890410549248","data":"Implanted devices and the reality of the quantified self | https://medium.com/enrique-dans/5ce08eb3c0e1 …"},{"index":"363349299934924800","data":"Pressure cookers, backpacks, and terrorists: the paranoid society | https://medium.com/enrique-dans/c0b5cb00fb6 …"},{"index":"364448610559078400","data":"Feedly: when offering a premium service is the logical move | https://medium.com/enrique-dans/c4a7e73ee724 …"},{"index":"365121571674783745","data":"Stylometry and the right to anonymity | https://medium.com/enrique-dans/a084556770eb …"},{"index":"364738854181277698","data":"The test tube hamburger: the implications are earth shattering | https://medium.com/enrique-dans/890f3296a85c …"},{"index":"365480471083229187","data":"The surveillance state and the swing of the pendulum | https://medium.com/enrique-dans/3693a8e9d46a …"},{"index":"366104393956859904","data":"Jeff Bezos and The Washington Post: innovate or die | https://medium.com/enrique-dans/f48cf8707467 …"},{"index":"366289162783047680","data":"Spying trash cans and Minority Report | https://medium.com/enrique-dans/db7f34a4ba7e …"},{"index":"366810246313820160","data":"Visual repositories: the real logbook | https://medium.com/enrique-dans/12d54e51a044 …"},{"index":"366505473484128258","data":"Recomendable: \"NSA by the numbers\", de @jeffjarvis | http://j.mp/13soBNy "},{"index":"366991462405111809","data":"Lavabit, Obama, and the 1001 lies | https://medium.com/enrique-dans/5467950a8434 …"},{"index":"367643915723108352","data":"The net and the expectation of privacy | https://medium.com/enrique-dans/ed2fce07bf8c …"},{"index":"367386861024456704","data":"Blackberry: the standards they have a changed | https://medium.com/enrique-dans/b9640f9edc8d …"},{"index":"368103930464452609","data":"Silk Road: the limits of control | https://medium.com/enrique-dans/a6c564e7c3d8 …"},{"index":"368414510941368321","data":"A month at @Medium | https://medium.com/enrique-dans/cf1f46e9b7c0 …"},{"index":"368831716854472704","data":"The corporate innovation dilemma | https://medium.com/enrique-dans/23cc367d6146 …"},{"index":"368389228243087362","data":"Un mes en @Medium | http://edans.es/21277 "},{"index":"369909809870422016","data":"Raising the psychological stakes | https://medium.com/enrique-dans/5cd1b1a750f0 …"},{"index":"369724849867857921","data":"Understanding the “telco mentality\" | https://medium.com/enrique-dans/a5343dd48b79 …"},{"index":"370305058774056962","data":"Technology and barriers to entry | https://medium.com/enrique-dans/c6adb0a9ab0b …"},{"index":"370321847641833472","data":"Call on the CEOs of major Internet companies to demand a full Congressional investigation of NSA spying: https://eff.org/r.1bT2  /via @EFF"},{"index":"369144123015450624","data":"Technology, security, and context | https://medium.com/enrique-dans/7f4c63e4745e …"},{"index":"370653371922784256","data":"We have a right to remain anonymous | https://medium.com/enrique-dans/52e1cb7e0bef …"},{"index":"370921185564844034","data":"“Piracy”: at last, signs of change in the entertainment industry | https://medium.com/enrique-dans/8c6b6db3379f …"},{"index":"371246585381793792","data":"Good riddance, Mr. Ballmer! | http://edans.es/21377 "},{"index":"371303397258829824","data":"Good riddance, Mr. Ballmer! | https://medium.com/enrique-dans/8bbb84145a43 …"},{"index":"371550656730890240","data":"On the phenomenon of bullshit jobs | http://j.mp/19Skp1O "},{"index":"371715588537606144","data":"The conversion funnel as a competitive advantage | https://medium.com/enrique-dans/deca6a053d02 …"},{"index":"371907744791400448","data":"The depths of apathy | https://medium.com/enrique-dans/845c7383931c …"},{"index":"372531768319959040","data":"Fake accounts, fraud and dystopias | https://medium.com/enrique-dans/2a3c2a8797d8 …"},{"index":"371665748030021633","data":"El embudo como ventaja competitiva | http://edans.es/21398 "},{"index":"371894282036076544","data":"Agotando toda capacidad de sorpresa | http://edans.es/21415 "},{"index":"372731274810490880","data":"The United States: a police state by any definition | https://medium.com/enrique-dans/826ceff2a9b2 …"},{"index":"373177350210330624","data":"Understanding the psychology of online abuse | https://medium.com/enrique-dans/191ae2b10336 …"},{"index":"373881366275842048","data":"Microsoft post-Ballmer: the future is open | https://medium.com/enrique-dans/b457390aeb1 …"},{"index":"374271851905552384","data":"The customer as infrastructure | https://medium.com/enrique-dans/5582f9c6289c …"},{"index":"373571788132737024","data":"Just how long will it be before driving is a thing of the past? | https://medium.com/enrique-dans/5bb7d9c8bee7 …"},{"index":"375513562375917568","data":"Facial recognition: we’re already there | https://medium.com/enrique-dans/cb711647a …"},{"index":"374899599414005760","data":"Microsoft, Nokia and the rape of Europe | https://medium.com/enrique-dans/99b7d34d1c72 …"},{"index":"374628058633760768","data":"The only solution to online advertising is self-regulation | https://medium.com/enrique-dans/f7fdb5e3e567 …"},{"index":"375704404613033985","data":"Gran artículo de Bruce_Schneier: \"The US government has betrayed the internet. We need to take it back\" | http://j.mp/1ejjo2b "},{"index":"376290399020539904","data":"The digital license plate that controls your every move | https://medium.com/enrique-dans/c67bde813197 …"},{"index":"376026020962254849","data":"Smartwatches: soon, coming to a wrist near you | https://medium.com/enrique-dans/5d0f0967e3ec …"},{"index":"374442439081086977","data":"ISA, Intelligent Speed Adaptation: coches que no corren por mucho que les pises... http://j.mp/1dGHLZO "},{"index":"376967743863390208","data":"Twitter como herramienta diplomática | http://edans.es/21522 "},{"index":"376630335888318464","data":"Nokia: a metaphor for Europe’s technological future? | https://medium.com/enrique-dans/c63bdda55ba4 …"},{"index":"377095079174758400","data":"The blue bird of diplomacy | https://medium.com/enrique-dans/9675d5a12176 …"},{"index":"377810414785945600","data":"We need another Nuremberg trial | https://medium.com/enrique-dans/77b92dd00ee7 …"},{"index":"377920153083580416","data":"#Nokia, Europa y el futuro - columna de @edans en El Pais http://ow.ly/oLyAH "},{"index":"377393160101433346","data":"@edans hemos iniciado un debate sobre el uso doble perfil (prof + pers) en las redes o un perfil unico. que opinas? http://wikisanidad.wikispaces.com/CarnavalSaludSeptiembre2013 …"},{"index":"378504669862969345","data":"Twitter’s IPO: proof of concept | https://medium.com/enrique-dans/cce05a3e6169 …"},{"index":"379272152630845440","data":"What do the financial markets bring to the party? | https://medium.com/enrique-dans/11f3ddf3b490 …"},{"index":"378799652113375232","data":"Mobile payment and permission levels | https://medium.com/enrique-dans/919bd2907b20 …"},{"index":"379646622285574144","data":"Google compra Bu.mp por $30MM... http://blog.bu.mp/post/61411611006/bump-google …"},{"index":"379627499501539328","data":"Twitter and the potential of recommendation technologies | https://medium.com/enrique-dans/ba9386e6b8ae …"},{"index":"380429095026167808","data":"We now live in a photocopiable world | https://medium.com/enrique-dans/652997c5eb1f …"},{"index":"379934464870072320","data":"The battle for the conventional advertising segment | https://medium.com/enrique-dans/bd0ee0b1a955 …"},{"index":"380741080762703872","data":"WordPress: the way forward | https://medium.com/enrique-dans/4688d27dcdd0 …"},{"index":"379929931381096449","data":"¿Por qué un blog personal? | http://edans.es/21609 "},{"index":"381509151458729984","data":"What factors do we need to discuss when evaluating a tech company’s IPO? | https://medium.com/enrique-dans/d8a9e1d04bbc …"},{"index":"381731753859104769","data":"Some thoughts on writing for the web | https://medium.com/enrique-dans/8af439c59903 …"},{"index":"383264841739161600","data":"The Surveillance State: is the wind changing? | https://medium.com/enrique-dans/92eef543f6b3 …"},{"index":"382109038445481984","data":"Why Spain’s get-tough approach to downloading is patently absurd | https://medium.com/enrique-dans/e532f6de47ed …"},{"index":"382906699620687872","data":"Link rot: the unbearable lightness of the web | https://medium.com/enrique-dans/d58a5dacc4a6 …"},{"index":"383574320812810241","data":"Forget foreign languages and music. Teach our kids to code | http://j.mp/197RK1M "},{"index":"384356092223836160","data":"Crowdfunding’s second phase: selling shares instead of products | https://medium.com/enrique-dans/9c7c84a8c8d …"},{"index":"384230117905416192","data":"Kids, schools and coding: the challenge of our times | https://medium.com/enrique-dans/2c2853e10bc …"},{"index":"385904525036371969","data":"I just got my ticket for Spain Startup & Investor Summit. http://www.ticketea.com/spain-startup  #socialticketing"},{"index":"384737551107366912","data":"Is there really such a thing as an innovative company? | https://medium.com/enrique-dans/73cf355f7dcc …"},{"index":"385461674066464768","data":"3D printing and corporate innovation | https://medium.com/enrique-dans/ceac93c8eea4 …"},{"index":"386100435733331969","data":"End of the road for the Silk Road: what are the implications for the web? | https://medium.com/enrique-dans/d93edbc50cbe …"},{"index":"387279741339721729","data":"Gmail and promotional email: some thoughts on marketing and common sense | https://medium.com/enrique-dans/83e9b1b9df5 …"},{"index":"387683222512885760","data":"An insane internet for a dysfunctional world | https://medium.com/enrique-dans/a6f7673d7859 …"},{"index":"386765164516622336","data":"France, Amazon, and the spirit of the law | https://medium.com/enrique-dans/dcaad812b87c …"},{"index":"388204830554337280","data":"Old generations want to protect and restrict, young ones want to share and connect - @NeelieKroesEU"},{"index":"388310816136900608","data":"Talking about the power of the crowds with @cmsilva at Spain Startup & Investor Summit... (@ Mutua Madrileña) http://4sq.com/1acGkLe "},{"index":"388207222997934080","data":"\"It is not sustainable to build a business model based on irritating and frustrating your customers\" - @NeelieKroesEU"},{"index":"388328804889788417","data":"Interesting article from @Edans about twitter \"experiments\" on prescription technologies. It's worth a translation. http://www.enriquedans.com/2013/10/twitter-sigue-experimentando-con-tecnologias-de-recomendacion.html# …!"},{"index":"388331403584081921","data":"Twitter’s ongoing experiments with recommendation technologies | https://medium.com/enrique-dans/73663c7aea99 …"},{"index":"388579067877797888","data":"The automotive industry and the trend towards disintermediation | https://medium.com/enrique-dans/a27b8946cc2f …"},{"index":"388971835569618944","data":"Downloading is about unmet demand | https://medium.com/enrique-dans/904304bb2909 … | cc @NeelieKroesEU"},{"index":"388962438214725632","data":"Downloading is about unmet demand | https://medium.com/enrique-dans/904304bb2909 …"},{"index":"388727622642843648","data":"Device fingerprinting raises serious privacy concerns | http://j.mp/1g6w8wv "},{"index":"389041836125204480","data":"Hablando sobre crowdfunding, en el Spain Startup & Investor Summit | http://edans.es/21836 "},{"index":"389682051231653888","data":"It is not sustainable to build a business model based on irritating and frustrating your customers | https://medium.com/enrique-dans/e295f9970384 …"},{"index":"390079242433609729","data":"Clearing up a few myths about cyber-surveillance | https://medium.com/enrique-dans/f3e0dee45b0 …"},{"index":"389905651838644224","data":"Stallman: how much surveillance can democracy withstand? | http://j.mp/1cmsVno "},{"index":"389336776017326080","data":"Speaking about crowdfunding, at the Spain Startup & Investor Summit | https://medium.com/enrique-dans/e077c772efc8 …"},{"index":"390245355205324801","data":"Estreno de The NSA video | http://edans.es/21865 "},{"index":"390510424623300608","data":"Reinvention: the key word | https://medium.com/enrique-dans/4166092bb47d …"},{"index":"390941655840198657","data":"@edans What do you think about Outbrain algorithms for content recommendations through publishers?"},{"index":"390864726424420352","data":"Learning from Kickstarter and predictive models | https://medium.com/enrique-dans/4607c5a8e4c1 …"},{"index":"391629653602885632","data":"Don’t blame Spotify; blame the music industry | https://medium.com/enrique-dans/caf8a00c8034 …"},{"index":"392005895162298368","data":"Edward Snowden: public indifference is the real enemy in the NSA affair | http://j.mp/1eCk8hV "},{"index":"392028240170070016","data":"What corporate innovation is made of | https://medium.com/enrique-dans/a80cc9b9f2f3 …"},{"index":"392399825703956481","data":"Crowdfunding: a few alternative uses | https://medium.com/enrique-dans/22925d71d3b9 …"},{"index":"392737818683772928","data":"Spain’s Fiesta del Cine and price elasticity of demand | https://medium.com/enrique-dans/cd63b2b6753 …"},{"index":"392991760290287616","data":"Line: international success, or inadequate metrics? | https://medium.com/enrique-dans/57e714486677 …"},{"index":"392960203907686400","data":"Genial, llegas a Atocha con tu coche eléctrico y los puntos de carga no funcionan... ¡porque a alguien no le da la gana!"},{"index":"393430091318829056","data":"Connectivity: a new norm of social relations | https://medium.com/enrique-dans/7b8e185114da …"},{"index":"394046104355872768","data":"Apple’s free ride | https://medium.com/enrique-dans/c6b21e4d48ca …"},{"index":"394861786618265600","data":"Fix the internet, or fix the world? | https://medium.com/enrique-dans/dc32bc07a5be …"},{"index":"394538893996867584","data":"Goodbye to the telephone | https://medium.com/enrique-dans/ae71e1b385f3 …"},{"index":"395459485868634112","data":"The unanswered challenge of short battery life | https://medium.com/enrique-dans/98a8d4de9f87 …"},{"index":"394970463140470784","data":"If all these countries are so outraged by US spying, why aren't they offering Snowden asylum? | http://j.mp/1ceojzb "},{"index":"395624613817749504","data":"A team of highly trained monkeys has been dispatched to deal with a situation on http://Youtube.com  :-)"},{"index":"395205850752512001","data":"No matter whether you follow @BarackObama or not, he follows you back. He follows your emails, your phone calls, your location..."},{"index":"395625278925328384","data":"A team of highly trained monkeys has been dispatched to deal with a situation on http://Youtube.com   :-) pic.twitter.com/9P22qsxZWJ"},{"index":"394128683637567488","data":"Apple y el brandjacking en Twitter | http://edans.es/21957 "},{"index":"395814710794149889","data":"Mi cuarto artículo en los Editor's Picks de @Medium, \"The unanswered challenge of short battery life” | https://medium.com/editors-picks/98a8d4de9f87 … :-)"},{"index":"395893895784980480","data":"Social web and multiple personality disorder | https://medium.com/enrique-dans/5fd10aa222cd …"},{"index":"396205387294068736","data":"Technology and old wives’ tales | https://medium.com/enrique-dans/a633cb62badf …"},{"index":"397013617507590145","data":"Put that on everything :-) http://instagram.com/p/gQaqkpkDw0/ "},{"index":"397656140693000192","data":"Comparisons are… odious? | https://medium.com/enrique-dans/838753117cd7 …"},{"index":"397450701942435840","data":"The great lie, my column in Expansión | https://medium.com/enrique-dans/bd97b0f48a16 …"},{"index":"397110634048806912","data":"Esta portada de @DerSPIEGEL es MUY, MUY, MUY IMPORTANTE... pic.twitter.com/Wv6tHb90G7"},{"index":"398036467701661696","data":"The all-seeing eye: are you ready for this? on @Medium | https://medium.com/enrique-dans/1da0746b67e …"},{"index":"397793634684108800","data":"Americans, be aware: this is an extremely important cover story | https://medium.com/enrique-dans/cd9e6f57ae2d …"},{"index":"398377327534424065","data":"Metrics, social networks and simplistic interpretations, on @Medium | https://medium.com/enrique-dans/ff8e60bee0e4 …"},{"index":"397712865198497792","data":"¿Estamos preparados para esto? | http://edans.es/22050 "},{"index":"398881463958896640","data":"The Obamacare syndrome, in Expansión | https://medium.com/enrique-dans/1aa2dbd11658 …"},{"index":"399137173934325760","data":"Some thoughts on Instagram’s first ad, on @Medium | https://medium.com/enrique-dans/7a9fa2c486c7 …"},{"index":"399138811826814976","data":"Calcula cuánto dinero te debe @Twitter... | http://j.mp/1dU2feH "},{"index":"399211694364577792","data":"Sniff... :-( pic.twitter.com/SFRaQVjFES"},{"index":"399154449165201409","data":"The wealth of ideas, de @jorendewachter, un libro sumamente recomendable (gracias, @ramonsuarez :-) | http://edans.es/22075 "},{"index":"400293877472456704","data":"The Just label, corporate social responsibility, and transparency | https://medium.com/enrique-dans/192cf91f8c67 …"},{"index":"399994655976067072","data":"arkOS and the decentralization of the internet, on @Medium | https://medium.com/enrique-dans/a459bb9b0f2a …"},{"index":"400696525111566337","data":"Personal health monitoring will change the world | https://medium.com/enrique-dans/708752bf72eb …"},{"index":"400311068657872897","data":". @edans : “ l’activisme ja està a la xarxa no al carrer  “"},{"index":"401307525242712064","data":"Llegando a #iealumniforum... (@ IFEMA (Feria de Madrid) - @feriademadrid w/ 2 others) http://4sq.com/I34sZG "},{"index":"401025006311731200","data":"En #iealumniforum, hablando de \"Your personal brand in the social web: understanding neo-humanism\" :-)"},{"index":"401378004200222720","data":"There is a relation between activity in LinkedIn and success said @Eckie67 @edans  #iealumniforum"},{"index":"402776034581303296","data":"Are young people the best gauge of early adoption? | https://medium.com/enrique-dans/d9977e53500c …"},{"index":"402548585687834624","data":"Al único que quiero es a @xerguio \nY ya.\nEa."},{"index":"402549764220149760","data":"Al único que quiero es a @xerguio \nY ya.\nEa."},{"index":"403273516448894976","data":"\"The inevitable path toward an encrypted internet”, on @Medium | https://medium.com/enrique-dans/607442353db2 …"},{"index":"402821103824818177","data":"\"Google’s force-feeding strategy\", on @Medium | https://medium.com/enrique-dans/7912e0428422 …"},{"index":"403101252533239808","data":"“The unbearable lightness of Snapchat”, on @Medium | https://medium.com/enrique-dans/b42206346cd3 …"},{"index":"403225790034485249","data":"Conociendo a la panda hackers de @theironhack... :-) pic.twitter.com/0So6YdSQL0"},{"index":"403445475044372480","data":"Mis Technology readings en @Flipboard: http://flip.it/fyCmv "},{"index":"403589456298782720","data":"En #Luxeblog III... (at @IEBusiness School MM2) http://4sq.com/17uTFRY "},{"index":"403450362524221440","data":"“Corporate innovation and information management”, on @Medium | https://medium.com/enrique-dans/caa29ad6d9b6 …"},{"index":"403617084250521601","data":"Llegué!! (@ Premios @Xataka 2013 w/ @marilink @calamonte @fotomaf) http://4sq.com/1e4EkIX "},{"index":"403846818594701312","data":"“Incremental vs. disruptive innovation: which drives your car?”, on @Medium | https://medium.com/enrique-dans/83bdae061eb6 …"},{"index":"405377167371935744","data":"“The FDA and my personal genome”, on @Medium | https://medium.com/enrique-dans/58b7e95f6e84 …"},{"index":"404718079826853888","data":"“Child’s play”, on @Medium | https://medium.com/enrique-dans/e1275eaece09 …"},{"index":"404348203824189440","data":"“This week’s Expansión column: time to rethink corporate environments”, on @Medium | https://medium.com/enrique-dans/413e93800206 …"},{"index":"405252636120608768","data":"“Every customer is a window”, on @Medium | https://medium.com/enrique-dans/7065f72a655c …"},{"index":"403445581869117440","data":"Mis Technology readings en @Pinterest: http://www.pinterest.com/edans/technology-readings/ …"},{"index":"405630101707972608","data":"Stop digital arms trade | http://www.stopdigitalarms.eu/ "},{"index":"405698434335641600","data":"“The urgent need to redefine the web, and its implications for democracy”, on @Medium | https://medium.com/enrique-dans/5e1114289b98 …"},{"index":"405634577596547072","data":"Why Care About the N.S.A.? - http://nyti.ms/183Ik8v "},{"index":"405829366686294016","data":"Muy bueno y objetivo: 23andMe vs. the FDA in less than 4 minutes | http://youtu.be/VZXDtTNqDuQ "},{"index":"405744605825859584","data":"Ja soc a Barcelona... i amb bones vistes! :-) http://instagram.com/p/hOdIhykDwV/ "},{"index":"406137017567678464","data":"\"Wearable computing: know your limits\", on @Medium | https://medium.com/enrique-dans/35335f1a84a8 …"},{"index":"406535927381499905","data":"“Is the Amazon model sustainable?” on @Medium | https://medium.com/enrique-dans/ca515307d57f …"},{"index":"407222255412731904","data":"I don’t know if Google is becoming evil, but I do know that it has become selfish and inconsiderate | https://medium.com/enrique-dans/de96a2188a45 …"},{"index":"407839370163417088","data":"Tribuna sobre \"Makers\" en Manager Focus | http://edans.es/22268 "},{"index":"407199105950023680","data":"No sé si Google se ha vuelto malo. Pero sí sé que se ha vuelto egoísta y desconsiderado | http://edans.es/22246 "},{"index":"407598560713003008","data":"“Is that a phablet in your pocket…?”, on @Medium | https://medium.com/enrique-dans/ba921093174f …"},{"index":"407996034913038337","data":"@emedemolar: venga, va... :-)"},{"index":"408315141201997824","data":"“Spotify: the problem is at the end of the value chain”, on @Medium | https://medium.com/enrique-dans/713f73d396a7 …"},{"index":"409287807127912448","data":"This week’s column in Expansión: “Flying I go”, on Medium | https://medium.com/enrique-dans/5b9537a358ee …"},{"index":"408721109886857216","data":"There is no easy walk to freedom anywhere.\n\n#Mandela"},{"index":"409288575906107392","data":"Truly, madly, deeply in love with the new @Medium formats :-) https://medium.com/enrique-dans/5b9537a358ee …"},{"index":"408719817034588160","data":"When a man is denied the right to live the life he believes in, he has no choice but to become an outlaw.\n\n#Mandela"},{"index":"409640108866813952","data":"No dice que hay que tener una app, pero por lo demás...: iBeacon: the days of peaceful shopping are over https://medium.com/@edans  via @edans"},{"index":"409740966568816643","data":"Native advertising: la misma historia de siempre | http://edans.es/22304 "},{"index":"409767565309657088","data":"“Native advertising: the same old story”, on @Medium | https://medium.com/enrique-dans/10909b2d800a …"},{"index":"409309293024792577","data":"iBeacon: olvídate de volver a comprar tranquilo | http://edans.es/22295 "},{"index":"410189210130214912","data":"“Save us from telephone spam”, on @Medium | https://medium.com/enrique-dans/c73a146b919c …"},{"index":"409404377250533376","data":"“iBeacon: the days of peaceful shopping are over”, on @Medium | https://medium.com/enrique-dans/bbaad5488d5e …"},{"index":"410661844940910592","data":"\"Advertising, brands, and conversation\", on @Medium | https://medium.com/p/8e22efeedaad "},{"index":"411601272773439489","data":"“A question of size: my column in this week’s Expansión”, on @Medium | https://medium.com/enrique-dans/b39d19b5fa05 …"},{"index":"411207989815545856","data":"“Sorry Apple, but you’ve been beaten at your own game”, on @Medium | https://medium.com/enrique-dans/55e52c086e52 …"},{"index":"411822480831938561","data":"IT Departments: less \"cutting costs and security\", more \"curators providing tools to make workers happier\" | http://j.mp/18rEXxM "},{"index":"412665476930494464","data":"“The circle: dystopias of the near-future”, on @Medium | https://medium.com/enrique-dans/3dd6a519f7e0 …"},{"index":"412676476576612353","data":"Muy bueno: The iPhone is a remix | http://vimeo.com/81745843 "},{"index":"412157233523216384","data":"“Rethinking the IT department”, on @Medium | https://medium.com/enrique-dans/ff4597ac1940 …"},{"index":"412822524540379136","data":"How drug cartels are like Amazon and Google (@FastCompany ) | http://j.mp/1bMqoD5 "},{"index":"412819861950050304","data":"“Privacy as a exchange currency”, on @Medium | https://medium.com/enrique-dans/5af695658185 …"},{"index":"413034856801505280","data":"“Facebook’s Donate: enlightened self-interest?”, on @Medium | https://medium.com/enrique-dans/d4dbd8dc683f …"},{"index":"413986310244667392","data":"“The year of the visual web”, on @Medium | https://medium.com/enrique-dans/8284787dfbe7 …"},{"index":"413353163341590529","data":"Edward Snowden is a Patriot | http://j.mp/18WNIxG "},{"index":"415046641486290945","data":"How “Who Wants to Marry My Mom?” put a Spanish spa in the spotlight: quantifying the \"TV effect\" | https://medium.com/enrique-dans/e6104f59fbb4 …"},{"index":"415218625281130496","data":"“Tech companies and gentrification”, on @Medium | https://medium.com/enrique-dans/92aaaa4f1c1c …"},{"index":"413313221022343170","data":"“The Spanish police and Twitter”, on @Medium | https://medium.com/enrique-dans/5ad4d5689521 …"},{"index":"415811837033054208","data":"“Iron Maiden’s intelligent approach to downloads”, on @Medium | https://medium.com/enrique-dans/11338e1cd4aa …"},{"index":"417103706828853248","data":"Subway advertising saturation :-) @ 高田馬場駅 戸山口 http://instagram.com/p/ifKq59kD5Z/ "},{"index":"416516977100718080","data":"“Who takes responsibility for security breaches?”, on @Medium | https://medium.com/enrique-dans/14cf0220aa43 …"},{"index":"417094010843713536","data":"Shibuyeando... @ 元気寿司 渋谷店 (Genki Sushi) http://instagram.com/p/ifGQtnkDzG/ "},{"index":"416965429039337472","data":"Google and the editorialization of the web: in defense of the good ol' \"ten blue links\" | https://medium.com/p/8a0d7629a760 "},{"index":"417239147439337472","data":"\"Online communication: an increasingly complex panorama”, on @Medium | https://medium.com/enrique-dans/34ab5c1a0437 …"},{"index":"417513144555425792","data":"Here we are... :-) @ 秋葉原駅 電気街口 (Akihabara Electric Town Ent.) http://instagram.com/p/iiE3HRED3Q/ "},{"index":"417425341557116928","data":"“Great customer experiences on connectivity: the case of Japan Wireless”, on @Medium | https://medium.com/enrique-dans/58337262148e …"},{"index":"417849899565465602","data":"Para hacerme un fondo de pantalla :-) @ 新宿中央公園 (Shinjuku Central Park) http://instagram.com/p/ikd_-XkDyn/ "},{"index":"417824575901409280","data":"@matisito @bigscreentoons @edans I feel that if you can buy an item at a licensed store (onsite/online) and you don't, you steal."},{"index":"417872806203097088","data":"Observation: There is no moral difference between downloading an illegal copy of a movie or song and shoplifting a disc from a store"},{"index":"417924793770729472","data":"Asahi building @ 吾妻橋 (Azuma-Bashi Bridge) http://instagram.com/p/ilADr7ED8o/ "},{"index":"417841467126607872","data":"Observation: There is no moral difference between downloading an illegal copy of a movie or song and shoplifting a disc from a store"},{"index":"417852566694027264","data":"Día prácticamente primaveral en Shinjuku Central Park... @ 新宿中央公園 (Shinjuku Central Park) http://instagram.com/p/ikfNmYkD0x/ "},{"index":"417886129434546176","data":"Observation: There is no moral difference between downloading an illegal copy of a movie or song and shoplifting a disc from a store"},{"index":"418296184147820545","data":"Y por esto lo llaman Rainbow Bridge :-) @ レインボーブリッジ (Rainbow Bridge) http://instagram.com/p/ino8kvED0i/ "},{"index":"418155074502656000","data":"¡¡¡ FELIZ 2014 otra vez!!!!! :-)"},{"index":"418500517606608896","data":"“Holacracy, the future of organizational management”, on @Medium | https://medium.com/enrique-dans/e46a6dad432 …"},{"index":"419078099591241728","data":"Desde el Burj Al Arab... :-) @ Burj Al Arab برج العرب http://instagram.com/p/itMhSWED4F/ "},{"index":"418759809702166528","data":"\"Snapchat joins the long list of password breaches”, on @Medium | https://medium.com/enrique-dans/9b28336f64a8 …"},{"index":"336418606298574849","data":"Autodesk compra Tinkercad | http://edans.es/20222 "},{"index":"418220780082585602","data":"Y llegamos a la Tokyo Tower... pic.twitter.com/t5n55vIhLL"},{"index":"340547747562287104","data":"Al final le voy a dar la razón al @erchache2000 y cuando acabe en la @etsii me saco el MBA :)"},{"index":"340548559902478336","data":"I wonder if one day I am going to be hired by a machine... via @edans http://onforb.es/116Hx1P "},{"index":"341832521224450048","data":"Y creíais que era una red social... :-) Google+ isn't a social network; it's The Matrix | http://gu.com/p/3gabe/tw "},{"index":"342573518027886592","data":"Hoxe no #encontrospinoff @edans deu un repaso aos clasicos, a ver se podemos falar no café para profundizar"},{"index":"341834432761720832","data":"Buen momento para volver a ver Gattaca: http://www.wired.com/threatlevel/2013/06/scotus-dna-testing/ …"},{"index":"342543221064343552","data":"@frangonzalez @Fanego @alfredodepaz @bnieva mañana estoy haciendo cola desde primera hora para los #TCdesayunos, no me pierdo a @edans!"},{"index":"347416224730333185","data":"@EDans podrias hablar en el blog de smartwatch y como van a sustituir o no, al movil de bolsillo. Hay varios intel, apple, lg, sony ..."},{"index":"341110548924096512","data":"\"The Banality of Google’s ‘Don’t Be Evil’\", por Julian Assange... http://www.nytimes.com/2013/06/02/opinion/sunday/the-banality-of-googles-dont-be-evil.html?pagewanted=2&_r=0&partner=rss&emc=rss&utm_source=feedly …"},{"index":"343984318454038529","data":"La magnitud del escándalo del Gran Hermano norteamericano | http://edans.es/20485 "},{"index":"347415877232238593","data":"@edans Thanks for an amazing class! I learned how to develop our B2B social media strategy!"},{"index":"345852670982119426","data":"Internet, en globo | http://edans.es/20541 "},{"index":"348923484405116929","data":"@iGNUminado: mouchos, coruxas, sapos e bruxas... ;-)  @meneldis @Laegnur"},{"index":"349403456781557764","data":"Felicitando a Evernote | http://edans.es/20678 "},{"index":"348923252535599104","data":"No, #nsa, it's not \"irreversible damage to the USA\" by Snowden. It's by _you_. Don't blame others when it's your actions that are wrong."},{"index":"347780646728503296","data":"Habemus vídeo en Instagram... http://blog.instagram.com/post/53448889009/video-on-instagram …"},{"index":"349222495095754752","data":"@ivanca @edans @Falkvinge so who'd you choose? Maybe some banana republic dictator, maybe someone like Putin, or perhaps anarchism? Useful!"},{"index":"349929361648001025","data":"Ballmer tiene razon (coincido con @angeljimenez) las pantallas táctiles en una portátil deberían ser YA un estándar #bldwin"},{"index":"351709769679122432","data":"@edans cada vez que un hater me toca el nackle, me imagino como debes estar tú y SE ME PASA ^_^"},{"index":"350319820614557696","data":"Cenita con Vint Cerf... (@ InterContinental - @interconhotels w/ @marilink) http://4sq.com/15JQPn4 "},{"index":"351732095208521729","data":"Firma esta petición para que @Twitter ceda una cuenta inactiva con su nombre a @edans  http://goo.gl/sb7d0  vía @change"},{"index":"350526969919700992","data":"Por cierto, ayer vi a @edans y lo primero que hizo fue echarme la bronca por adelantarlo en el ranking de Fitbit jijiji"},{"index":"350527169593749504","data":"Por cierto, ayer vi a @edans y lo primero que hizo fue echarme la bronca por adelantarlo en el ranking de Fitbit jijiji"},{"index":"353791357174820864","data":"Ésto en unas horas tiene que convertirse en una impresora 3D. Seguro que a @edans le encantaría estar aquí :P [pic]: http://4sq.com/1814Wvh "},{"index":"352886156247040001","data":"... and with this and a biscuit, until tomorrow at eigth o'clock!! :-)"},{"index":"356125091081367554","data":"“Scanadu: assessing your vital signs in 10 seconds” | https://medium.com/enrique-dans/70bbdbf53b3c …"},{"index":"356073464773361665","data":"Ribeiro... rico, rico :-) http://instagram.com/p/bthO8jEDxw/ "},{"index":"356514828103331843","data":"“Government, transparency, and open-source” | https://medium.com/enrique-dans/2b1191488dbb …"},{"index":"356895118650908672","data":"“Will the US economy lose competitiveness over the NSA revelations?” | https://medium.com/enrique-dans/ff6249f0dac7 …"},{"index":"357850314881253377","data":"“Wearable computing and Personal Area Networks” | https://medium.com/enrique-dans/eca125c10932 …"},{"index":"357800175831486464","data":"“The experience economy versus the client’s experience” | https://medium.com/enrique-dans/bb33550f8a05 …"},{"index":"357776503657865218","data":"Wearable computing y Personal Area Networks | http://edans.es/20924 "},{"index":"357284837947740161","data":"“Thom Yorke, Spotify, and content creators” | https://medium.com/enrique-dans/13d786a91d7d …"},{"index":"358532028762832897","data":"@edans Interesting read overall. But I missed mentions to projects like Heml.is or Prometheus. Big changes are coming."},{"index":"359022907298549762","data":"The surveillance we are subjected to extends beyond the confines of the internet | https://medium.com/enrique-dans/f13c44a8689b …"},{"index":"358524974820106240","data":"“The future of the internet, post-Snowden” | https://medium.com/enrique-dans/6e349565f08d …"},{"index":"359352578577940480","data":"Pornography: sweeping it under the carpet | https://medium.com/enrique-dans/bc263baeaaa5 …"},{"index":"359623652146286592","data":"The famous dragonfly :-) http://flic.kr/p/ff4QUM \nhttp://flic.kr/p/ff4DtD "},{"index":"359782963996659713","data":"Crowdsourcing and citizens’ initiatives | https://medium.com/enrique-dans/efc30974cee6 …"},{"index":"359201744749740033","data":"Let’s make this clear: we need less tin foil hats and more transparency | https://medium.com/enrique-dans/3af2ebdd05b7 …"},{"index":"360077056068943873","data":"Flipboard on the web: an interesting development | https://medium.com/enrique-dans/ffe6d317c441 …"},{"index":"360430357297901569","data":"EU leaders: Stop mass surveillance http://www.change.org/en-GB/petitions/eu-leaders-stop-mass-surveillance?share_id=BRVinvZCyZ&utm_campaign=twitter_link_action_box&utm_medium=twitter&utm_source=share_petition …"},{"index":"360694571862200320","data":"Chromecast: the web-to-television breakthrough we’ve been waiting for? | https://medium.com/enrique-dans/fb8ab9642154 …"},{"index":"361515021525721088","data":"Canary: redefining home security systems | https://medium.com/enrique-dans/9a3087f64e91 …"},{"index":"360787238902177792","data":"Who controls the internet? | https://medium.com/enrique-dans/77a7284aa71f …"},{"index":"361952590356946945","data":"The road to censorship: turn back now | https://medium.com/enrique-dans/cafa1db2c6bf …"},{"index":"361421542569156608","data":"Words and pictures: the magazine metaphor and the rise of the graphic web | https://medium.com/enrique-dans/5d531b6651de …"},{"index":"362189676628541441","data":"Twitter and the limits of conversation | https://medium.com/enrique-dans/fbdaed9e0b85 …"},{"index":"362974670984716288","data":"The internet: the tool to cleanse public life | https://medium.com/enrique-dans/3a340c78395 …"},{"index":"363349299934924800","data":"Pressure cookers, backpacks, and terrorists: the paranoid society | https://medium.com/enrique-dans/c0b5cb00fb6 …"},{"index":"362669614242603008","data":"Cats, bags, and Volkswagens | https://medium.com/enrique-dans/72453e1d6598 …"},{"index":"364107311700127744","data":"Democracy is so 20th century… welcome to spyocracy | https://medium.com/enrique-dans/9a6faaa3dede …"},{"index":"363749890410549248","data":"Implanted devices and the reality of the quantified self | https://medium.com/enrique-dans/5ce08eb3c0e1 …"},{"index":"364448610559078400","data":"Feedly: when offering a premium service is the logical move | https://medium.com/enrique-dans/c4a7e73ee724 …"},{"index":"364738854181277698","data":"The test tube hamburger: the implications are earth shattering | https://medium.com/enrique-dans/890f3296a85c …"},{"index":"365121571674783745","data":"Stylometry and the right to anonymity | https://medium.com/enrique-dans/a084556770eb …"},{"index":"366289162783047680","data":"Spying trash cans and Minority Report | https://medium.com/enrique-dans/db7f34a4ba7e …"},{"index":"366505473484128258","data":"Recomendable: \"NSA by the numbers\", de @jeffjarvis | http://j.mp/13soBNy "},{"index":"366104393956859904","data":"Jeff Bezos and The Washington Post: innovate or die | https://medium.com/enrique-dans/f48cf8707467 …"},{"index":"366810246313820160","data":"Visual repositories: the real logbook | https://medium.com/enrique-dans/12d54e51a044 …"},{"index":"367386861024456704","data":"Blackberry: the standards they have a changed | https://medium.com/enrique-dans/b9640f9edc8d …"},{"index":"366991462405111809","data":"Lavabit, Obama, and the 1001 lies | https://medium.com/enrique-dans/5467950a8434 …"},{"index":"368103930464452609","data":"Silk Road: the limits of control | https://medium.com/enrique-dans/a6c564e7c3d8 …"},{"index":"365480471083229187","data":"The surveillance state and the swing of the pendulum | https://medium.com/enrique-dans/3693a8e9d46a …"},{"index":"367643915723108352","data":"The net and the expectation of privacy | https://medium.com/enrique-dans/ed2fce07bf8c …"},{"index":"368389228243087362","data":"Un mes en @Medium | http://edans.es/21277 "},{"index":"368414510941368321","data":"A month at @Medium | https://medium.com/enrique-dans/cf1f46e9b7c0 …"},{"index":"368831716854472704","data":"The corporate innovation dilemma | https://medium.com/enrique-dans/23cc367d6146 …"},{"index":"369144123015450624","data":"Technology, security, and context | https://medium.com/enrique-dans/7f4c63e4745e …"},{"index":"369909809870422016","data":"Raising the psychological stakes | https://medium.com/enrique-dans/5cd1b1a750f0 …"},{"index":"370321847641833472","data":"Call on the CEOs of major Internet companies to demand a full Congressional investigation of NSA spying: https://eff.org/r.1bT2  /via @EFF"},{"index":"370305058774056962","data":"Technology and barriers to entry | https://medium.com/enrique-dans/c6adb0a9ab0b …"},{"index":"370653371922784256","data":"We have a right to remain anonymous | https://medium.com/enrique-dans/52e1cb7e0bef …"},{"index":"369724849867857921","data":"Understanding the “telco mentality\" | https://medium.com/enrique-dans/a5343dd48b79 …"},{"index":"371246585381793792","data":"Good riddance, Mr. Ballmer! | http://edans.es/21377 "},{"index":"370921185564844034","data":"“Piracy”: at last, signs of change in the entertainment industry | https://medium.com/enrique-dans/8c6b6db3379f …"},{"index":"371303397258829824","data":"Good riddance, Mr. Ballmer! | https://medium.com/enrique-dans/8bbb84145a43 …"},{"index":"371715588537606144","data":"The conversion funnel as a competitive advantage | https://medium.com/enrique-dans/deca6a053d02 …"},{"index":"371894282036076544","data":"Agotando toda capacidad de sorpresa | http://edans.es/21415 "},{"index":"371665748030021633","data":"El embudo como ventaja competitiva | http://edans.es/21398 "},{"index":"371550656730890240","data":"On the phenomenon of bullshit jobs | http://j.mp/19Skp1O "},{"index":"372531768319959040","data":"Fake accounts, fraud and dystopias | https://medium.com/enrique-dans/2a3c2a8797d8 …"},{"index":"372731274810490880","data":"The United States: a police state by any definition | https://medium.com/enrique-dans/826ceff2a9b2 …"},{"index":"371907744791400448","data":"The depths of apathy | https://medium.com/enrique-dans/845c7383931c …"},{"index":"373571788132737024","data":"Just how long will it be before driving is a thing of the past? | https://medium.com/enrique-dans/5bb7d9c8bee7 …"},{"index":"373177350210330624","data":"Understanding the psychology of online abuse | https://medium.com/enrique-dans/191ae2b10336 …"},{"index":"373881366275842048","data":"Microsoft post-Ballmer: the future is open | https://medium.com/enrique-dans/b457390aeb1 …"},{"index":"374271851905552384","data":"The customer as infrastructure | https://medium.com/enrique-dans/5582f9c6289c …"},{"index":"374628058633760768","data":"The only solution to online advertising is self-regulation | https://medium.com/enrique-dans/f7fdb5e3e567 …"},{"index":"374442439081086977","data":"ISA, Intelligent Speed Adaptation: coches que no corren por mucho que les pises... http://j.mp/1dGHLZO "},{"index":"375513562375917568","data":"Facial recognition: we’re already there | https://medium.com/enrique-dans/cb711647a …"},{"index":"374899599414005760","data":"Microsoft, Nokia and the rape of Europe | https://medium.com/enrique-dans/99b7d34d1c72 …"},{"index":"375704404613033985","data":"Gran artículo de Bruce_Schneier: \"The US government has betrayed the internet. We need to take it back\" | http://j.mp/1ejjo2b "},{"index":"376026020962254849","data":"Smartwatches: soon, coming to a wrist near you | https://medium.com/enrique-dans/5d0f0967e3ec …"},{"index":"376290399020539904","data":"The digital license plate that controls your every move | https://medium.com/enrique-dans/c67bde813197 …"},{"index":"376630335888318464","data":"Nokia: a metaphor for Europe’s technological future? | https://medium.com/enrique-dans/c63bdda55ba4 …"},{"index":"377095079174758400","data":"The blue bird of diplomacy | https://medium.com/enrique-dans/9675d5a12176 …"},{"index":"376967743863390208","data":"Twitter como herramienta diplomática | http://edans.es/21522 "},{"index":"377810414785945600","data":"We need another Nuremberg trial | https://medium.com/enrique-dans/77b92dd00ee7 …"},{"index":"377920153083580416","data":"#Nokia, Europa y el futuro - columna de @edans en El Pais http://ow.ly/oLyAH "},{"index":"378504669862969345","data":"Twitter’s IPO: proof of concept | https://medium.com/enrique-dans/cce05a3e6169 …"},{"index":"377393160101433346","data":"@edans hemos iniciado un debate sobre el uso doble perfil (prof + pers) en las redes o un perfil unico. que opinas? http://wikisanidad.wikispaces.com/CarnavalSaludSeptiembre2013 …"},{"index":"379272152630845440","data":"What do the financial markets bring to the party? | https://medium.com/enrique-dans/11f3ddf3b490 …"},{"index":"378799652113375232","data":"Mobile payment and permission levels | https://medium.com/enrique-dans/919bd2907b20 …"},{"index":"379627499501539328","data":"Twitter and the potential of recommendation technologies | https://medium.com/enrique-dans/ba9386e6b8ae …"},{"index":"379646622285574144","data":"Google compra Bu.mp por $30MM... http://blog.bu.mp/post/61411611006/bump-google …"},{"index":"379929931381096449","data":"¿Por qué un blog personal? | http://edans.es/21609 "},{"index":"379934464870072320","data":"The battle for the conventional advertising segment | https://medium.com/enrique-dans/bd0ee0b1a955 …"},{"index":"380741080762703872","data":"WordPress: the way forward | https://medium.com/enrique-dans/4688d27dcdd0 …"},{"index":"380429095026167808","data":"We now live in a photocopiable world | https://medium.com/enrique-dans/652997c5eb1f …"},{"index":"381731753859104769","data":"Some thoughts on writing for the web | https://medium.com/enrique-dans/8af439c59903 …"},{"index":"381509151458729984","data":"What factors do we need to discuss when evaluating a tech company’s IPO? | https://medium.com/enrique-dans/d8a9e1d04bbc …"},{"index":"382906699620687872","data":"Link rot: the unbearable lightness of the web | https://medium.com/enrique-dans/d58a5dacc4a6 …"},{"index":"382109038445481984","data":"Why Spain’s get-tough approach to downloading is patently absurd | https://medium.com/enrique-dans/e532f6de47ed …"},{"index":"383264841739161600","data":"The Surveillance State: is the wind changing? | https://medium.com/enrique-dans/92eef543f6b3 …"},{"index":"384737551107366912","data":"Is there really such a thing as an innovative company? | https://medium.com/enrique-dans/73cf355f7dcc …"},{"index":"383574320812810241","data":"Forget foreign languages and music. Teach our kids to code | http://j.mp/197RK1M "},{"index":"384356092223836160","data":"Crowdfunding’s second phase: selling shares instead of products | https://medium.com/enrique-dans/9c7c84a8c8d …"},{"index":"384230117905416192","data":"Kids, schools and coding: the challenge of our times | https://medium.com/enrique-dans/2c2853e10bc …"},{"index":"386100435733331969","data":"End of the road for the Silk Road: what are the implications for the web? | https://medium.com/enrique-dans/d93edbc50cbe …"},{"index":"386765164516622336","data":"France, Amazon, and the spirit of the law | https://medium.com/enrique-dans/dcaad812b87c …"},{"index":"385461674066464768","data":"3D printing and corporate innovation | https://medium.com/enrique-dans/ceac93c8eea4 …"},{"index":"385904525036371969","data":"I just got my ticket for Spain Startup & Investor Summit. http://www.ticketea.com/spain-startup  #socialticketing"},{"index":"387279741339721729","data":"Gmail and promotional email: some thoughts on marketing and common sense | https://medium.com/enrique-dans/83e9b1b9df5 …"},{"index":"387683222512885760","data":"An insane internet for a dysfunctional world | https://medium.com/enrique-dans/a6f7673d7859 …"},{"index":"388204830554337280","data":"Old generations want to protect and restrict, young ones want to share and connect - @NeelieKroesEU"},{"index":"388310816136900608","data":"Talking about the power of the crowds with @cmsilva at Spain Startup & Investor Summit... (@ Mutua Madrileña) http://4sq.com/1acGkLe "},{"index":"388328804889788417","data":"Interesting article from @Edans about twitter \"experiments\" on prescription technologies. It's worth a translation. http://www.enriquedans.com/2013/10/twitter-sigue-experimentando-con-tecnologias-de-recomendacion.html# …!"},{"index":"388207222997934080","data":"\"It is not sustainable to build a business model based on irritating and frustrating your customers\" - @NeelieKroesEU"},{"index":"388331403584081921","data":"Twitter’s ongoing experiments with recommendation technologies | https://medium.com/enrique-dans/73663c7aea99 …"},{"index":"388962438214725632","data":"Downloading is about unmet demand | https://medium.com/enrique-dans/904304bb2909 …"},{"index":"388579067877797888","data":"The automotive industry and the trend towards disintermediation | https://medium.com/enrique-dans/a27b8946cc2f …"},{"index":"388727622642843648","data":"Device fingerprinting raises serious privacy concerns | http://j.mp/1g6w8wv "},{"index":"389041836125204480","data":"Hablando sobre crowdfunding, en el Spain Startup & Investor Summit | http://edans.es/21836 "},{"index":"389905651838644224","data":"Stallman: how much surveillance can democracy withstand? | http://j.mp/1cmsVno "},{"index":"389682051231653888","data":"It is not sustainable to build a business model based on irritating and frustrating your customers | https://medium.com/enrique-dans/e295f9970384 …"},{"index":"390079242433609729","data":"Clearing up a few myths about cyber-surveillance | https://medium.com/enrique-dans/f3e0dee45b0 …"},{"index":"389336776017326080","data":"Speaking about crowdfunding, at the Spain Startup & Investor Summit | https://medium.com/enrique-dans/e077c772efc8 …"},{"index":"390245355205324801","data":"Estreno de The NSA video | http://edans.es/21865 "},{"index":"388971835569618944","data":"Downloading is about unmet demand | https://medium.com/enrique-dans/904304bb2909 … | cc @NeelieKroesEU"},{"index":"390864726424420352","data":"Learning from Kickstarter and predictive models | https://medium.com/enrique-dans/4607c5a8e4c1 …"},{"index":"390510424623300608","data":"Reinvention: the key word | https://medium.com/enrique-dans/4166092bb47d …"},{"index":"390941655840198657","data":"@edans What do you think about Outbrain algorithms for content recommendations through publishers?"},{"index":"391629653602885632","data":"Don’t blame Spotify; blame the music industry | https://medium.com/enrique-dans/caf8a00c8034 …"},{"index":"392399825703956481","data":"Crowdfunding: a few alternative uses | https://medium.com/enrique-dans/22925d71d3b9 …"},{"index":"392960203907686400","data":"Genial, llegas a Atocha con tu coche eléctrico y los puntos de carga no funcionan... ¡porque a alguien no le da la gana!"},{"index":"392005895162298368","data":"Edward Snowden: public indifference is the real enemy in the NSA affair | http://j.mp/1eCk8hV "},{"index":"392028240170070016","data":"What corporate innovation is made of | https://medium.com/enrique-dans/a80cc9b9f2f3 …"},{"index":"392991760290287616","data":"Line: international success, or inadequate metrics? | https://medium.com/enrique-dans/57e714486677 …"},{"index":"393430091318829056","data":"Connectivity: a new norm of social relations | https://medium.com/enrique-dans/7b8e185114da …"},{"index":"392737818683772928","data":"Spain’s Fiesta del Cine and price elasticity of demand | https://medium.com/enrique-dans/cd63b2b6753 …"},{"index":"394046104355872768","data":"Apple’s free ride | https://medium.com/enrique-dans/c6b21e4d48ca …"},{"index":"394538893996867584","data":"Goodbye to the telephone | https://medium.com/enrique-dans/ae71e1b385f3 …"},{"index":"394128683637567488","data":"Apple y el brandjacking en Twitter | http://edans.es/21957 "},{"index":"394861786618265600","data":"Fix the internet, or fix the world? | https://medium.com/enrique-dans/dc32bc07a5be …"},{"index":"395459485868634112","data":"The unanswered challenge of short battery life | https://medium.com/enrique-dans/98a8d4de9f87 …"},{"index":"395205850752512001","data":"No matter whether you follow @BarackObama or not, he follows you back. He follows your emails, your phone calls, your location..."},{"index":"395624613817749504","data":"A team of highly trained monkeys has been dispatched to deal with a situation on http://Youtube.com  :-)"},{"index":"395625278925328384","data":"A team of highly trained monkeys has been dispatched to deal with a situation on http://Youtube.com   :-) pic.twitter.com/9P22qsxZWJ"},{"index":"395814710794149889","data":"Mi cuarto artículo en los Editor's Picks de @Medium, \"The unanswered challenge of short battery life” | https://medium.com/editors-picks/98a8d4de9f87 … :-)"},{"index":"394970463140470784","data":"If all these countries are so outraged by US spying, why aren't they offering Snowden asylum? | http://j.mp/1ceojzb "},{"index":"395893895784980480","data":"Social web and multiple personality disorder | https://medium.com/enrique-dans/5fd10aa222cd …"},{"index":"396205387294068736","data":"Technology and old wives’ tales | https://medium.com/enrique-dans/a633cb62badf …"},{"index":"397110634048806912","data":"Esta portada de @DerSPIEGEL es MUY, MUY, MUY IMPORTANTE... pic.twitter.com/Wv6tHb90G7"},{"index":"397013617507590145","data":"Put that on everything :-) http://instagram.com/p/gQaqkpkDw0/ "},{"index":"397656140693000192","data":"Comparisons are… odious? | https://medium.com/enrique-dans/838753117cd7 …"},{"index":"398036467701661696","data":"The all-seeing eye: are you ready for this? on @Medium | https://medium.com/enrique-dans/1da0746b67e …"},{"index":"397712865198497792","data":"¿Estamos preparados para esto? | http://edans.es/22050 "},{"index":"398377327534424065","data":"Metrics, social networks and simplistic interpretations, on @Medium | https://medium.com/enrique-dans/ff8e60bee0e4 …"},{"index":"397450701942435840","data":"The great lie, my column in Expansión | https://medium.com/enrique-dans/bd97b0f48a16 …"},{"index":"397793634684108800","data":"Americans, be aware: this is an extremely important cover story | https://medium.com/enrique-dans/cd9e6f57ae2d …"},{"index":"398881463958896640","data":"The Obamacare syndrome, in Expansión | https://medium.com/enrique-dans/1aa2dbd11658 …"},{"index":"399137173934325760","data":"Some thoughts on Instagram’s first ad, on @Medium | https://medium.com/enrique-dans/7a9fa2c486c7 …"},{"index":"399138811826814976","data":"Calcula cuánto dinero te debe @Twitter... | http://j.mp/1dU2feH "},{"index":"399994655976067072","data":"arkOS and the decentralization of the internet, on @Medium | https://medium.com/enrique-dans/a459bb9b0f2a …"},{"index":"399211694364577792","data":"Sniff... :-( pic.twitter.com/SFRaQVjFES"},{"index":"399154449165201409","data":"The wealth of ideas, de @jorendewachter, un libro sumamente recomendable (gracias, @ramonsuarez :-) | http://edans.es/22075 "},{"index":"400293877472456704","data":"The Just label, corporate social responsibility, and transparency | https://medium.com/enrique-dans/192cf91f8c67 …"},{"index":"401025006311731200","data":"En #iealumniforum, hablando de \"Your personal brand in the social web: understanding neo-humanism\" :-)"},{"index":"400696525111566337","data":"Personal health monitoring will change the world | https://medium.com/enrique-dans/708752bf72eb …"},{"index":"400311068657872897","data":". @edans : “ l’activisme ja està a la xarxa no al carrer  “"},{"index":"401307525242712064","data":"Llegando a #iealumniforum... (@ IFEMA (Feria de Madrid) - @feriademadrid w/ 2 others) http://4sq.com/I34sZG "},{"index":"401378004200222720","data":"There is a relation between activity in LinkedIn and success said @Eckie67 @edans  #iealumniforum"},{"index":"402776034581303296","data":"Are young people the best gauge of early adoption? | https://medium.com/enrique-dans/d9977e53500c …"},{"index":"402549764220149760","data":"Al único que quiero es a @xerguio \nY ya.\nEa."},{"index":"402548585687834624","data":"Al único que quiero es a @xerguio \nY ya.\nEa."},{"index":"403101252533239808","data":"“The unbearable lightness of Snapchat”, on @Medium | https://medium.com/enrique-dans/b42206346cd3 …"},{"index":"402821103824818177","data":"\"Google’s force-feeding strategy\", on @Medium | https://medium.com/enrique-dans/7912e0428422 …"},{"index":"403445475044372480","data":"Mis Technology readings en @Flipboard: http://flip.it/fyCmv "},{"index":"403273516448894976","data":"\"The inevitable path toward an encrypted internet”, on @Medium | https://medium.com/enrique-dans/607442353db2 …"},{"index":"403225790034485249","data":"Conociendo a la panda hackers de @theironhack... :-) pic.twitter.com/0So6YdSQL0"},{"index":"403445581869117440","data":"Mis Technology readings en @Pinterest: http://www.pinterest.com/edans/technology-readings/ …"},{"index":"403589456298782720","data":"En #Luxeblog III... (at @IEBusiness School MM2) http://4sq.com/17uTFRY "},{"index":"403617084250521601","data":"Llegué!! (@ Premios @Xataka 2013 w/ @marilink @calamonte @fotomaf) http://4sq.com/1e4EkIX "},{"index":"403450362524221440","data":"“Corporate innovation and information management”, on @Medium | https://medium.com/enrique-dans/caa29ad6d9b6 …"},{"index":"404348203824189440","data":"“This week’s Expansión column: time to rethink corporate environments”, on @Medium | https://medium.com/enrique-dans/413e93800206 …"},{"index":"403846818594701312","data":"“Incremental vs. disruptive innovation: which drives your car?”, on @Medium | https://medium.com/enrique-dans/83bdae061eb6 …"},{"index":"404718079826853888","data":"“Child’s play”, on @Medium | https://medium.com/enrique-dans/e1275eaece09 …"},{"index":"405252636120608768","data":"“Every customer is a window”, on @Medium | https://medium.com/enrique-dans/7065f72a655c …"},{"index":"405377167371935744","data":"“The FDA and my personal genome”, on @Medium | https://medium.com/enrique-dans/58b7e95f6e84 …"},{"index":"405630101707972608","data":"Stop digital arms trade | http://www.stopdigitalarms.eu/ "},{"index":"405698434335641600","data":"“The urgent need to redefine the web, and its implications for democracy”, on @Medium | https://medium.com/enrique-dans/5e1114289b98 …"},{"index":"405634577596547072","data":"Why Care About the N.S.A.? - http://nyti.ms/183Ik8v "},{"index":"405744605825859584","data":"Ja soc a Barcelona... i amb bones vistes! :-) http://instagram.com/p/hOdIhykDwV/ "},{"index":"406137017567678464","data":"\"Wearable computing: know your limits\", on @Medium | https://medium.com/enrique-dans/35335f1a84a8 …"},{"index":"406535927381499905","data":"“Is the Amazon model sustainable?” on @Medium | https://medium.com/enrique-dans/ca515307d57f …"},{"index":"405829366686294016","data":"Muy bueno y objetivo: 23andMe vs. the FDA in less than 4 minutes | http://youtu.be/VZXDtTNqDuQ "},{"index":"407222255412731904","data":"I don’t know if Google is becoming evil, but I do know that it has become selfish and inconsiderate | https://medium.com/enrique-dans/de96a2188a45 …"},{"index":"407598560713003008","data":"“Is that a phablet in your pocket…?”, on @Medium | https://medium.com/enrique-dans/ba921093174f …"},{"index":"408315141201997824","data":"“Spotify: the problem is at the end of the value chain”, on @Medium | https://medium.com/enrique-dans/713f73d396a7 …"},{"index":"407199105950023680","data":"No sé si Google se ha vuelto malo. Pero sí sé que se ha vuelto egoísta y desconsiderado | http://edans.es/22246 "},{"index":"407996034913038337","data":"@emedemolar: venga, va... :-)"},{"index":"408719817034588160","data":"When a man is denied the right to live the life he believes in, he has no choice but to become an outlaw.\n\n#Mandela"},{"index":"408721109886857216","data":"There is no easy walk to freedom anywhere.\n\n#Mandela"},{"index":"409287807127912448","data":"This week’s column in Expansión: “Flying I go”, on Medium | https://medium.com/enrique-dans/5b9537a358ee …"},{"index":"409288575906107392","data":"Truly, madly, deeply in love with the new @Medium formats :-) https://medium.com/enrique-dans/5b9537a358ee …"},{"index":"409309293024792577","data":"iBeacon: olvídate de volver a comprar tranquilo | http://edans.es/22295 "},{"index":"409640108866813952","data":"No dice que hay que tener una app, pero por lo demás...: iBeacon: the days of peaceful shopping are over https://medium.com/@edans  via @edans"},{"index":"407839370163417088","data":"Tribuna sobre \"Makers\" en Manager Focus | http://edans.es/22268 "},{"index":"410189210130214912","data":"“Save us from telephone spam”, on @Medium | https://medium.com/enrique-dans/c73a146b919c …"},{"index":"409740966568816643","data":"Native advertising: la misma historia de siempre | http://edans.es/22304 "},{"index":"409767565309657088","data":"“Native advertising: the same old story”, on @Medium | https://medium.com/enrique-dans/10909b2d800a …"},{"index":"410661844940910592","data":"\"Advertising, brands, and conversation\", on @Medium | https://medium.com/p/8e22efeedaad "},{"index":"411207989815545856","data":"“Sorry Apple, but you’ve been beaten at your own game”, on @Medium | https://medium.com/enrique-dans/55e52c086e52 …"},{"index":"411601272773439489","data":"“A question of size: my column in this week’s Expansión”, on @Medium | https://medium.com/enrique-dans/b39d19b5fa05 …"},{"index":"411822480831938561","data":"IT Departments: less \"cutting costs and security\", more \"curators providing tools to make workers happier\" | http://j.mp/18rEXxM "},{"index":"409404377250533376","data":"“iBeacon: the days of peaceful shopping are over”, on @Medium | https://medium.com/enrique-dans/bbaad5488d5e …"},{"index":"412665476930494464","data":"“The circle: dystopias of the near-future”, on @Medium | https://medium.com/enrique-dans/3dd6a519f7e0 …"},{"index":"412157233523216384","data":"“Rethinking the IT department”, on @Medium | https://medium.com/enrique-dans/ff4597ac1940 …"},{"index":"413034856801505280","data":"“Facebook’s Donate: enlightened self-interest?”, on @Medium | https://medium.com/enrique-dans/d4dbd8dc683f …"},{"index":"412819861950050304","data":"“Privacy as a exchange currency”, on @Medium | https://medium.com/enrique-dans/5af695658185 …"},{"index":"412822524540379136","data":"How drug cartels are like Amazon and Google (@FastCompany ) | http://j.mp/1bMqoD5 "},{"index":"413313221022343170","data":"“The Spanish police and Twitter”, on @Medium | https://medium.com/enrique-dans/5ad4d5689521 …"},{"index":"412676476576612353","data":"Muy bueno: The iPhone is a remix | http://vimeo.com/81745843 "},{"index":"413353163341590529","data":"Edward Snowden is a Patriot | http://j.mp/18WNIxG "},{"index":"415218625281130496","data":"“Tech companies and gentrification”, on @Medium | https://medium.com/enrique-dans/92aaaa4f1c1c …"},{"index":"416516977100718080","data":"“Who takes responsibility for security breaches?”, on @Medium | https://medium.com/enrique-dans/14cf0220aa43 …"},{"index":"415046641486290945","data":"How “Who Wants to Marry My Mom?” put a Spanish spa in the spotlight: quantifying the \"TV effect\" | https://medium.com/enrique-dans/e6104f59fbb4 …"},{"index":"415811837033054208","data":"“Iron Maiden’s intelligent approach to downloads”, on @Medium | https://medium.com/enrique-dans/11338e1cd4aa …"},{"index":"416965429039337472","data":"Google and the editorialization of the web: in defense of the good ol' \"ten blue links\" | https://medium.com/p/8a0d7629a760 "},{"index":"417094010843713536","data":"Shibuyeando... @ 元気寿司 渋谷店 (Genki Sushi) http://instagram.com/p/ifGQtnkDzG/ "},{"index":"417103706828853248","data":"Subway advertising saturation :-) @ 高田馬場駅 戸山口 http://instagram.com/p/ifKq59kD5Z/ "},{"index":"417513144555425792","data":"Here we are... :-) @ 秋葉原駅 電気街口 (Akihabara Electric Town Ent.) http://instagram.com/p/iiE3HRED3Q/ "},{"index":"417425341557116928","data":"“Great customer experiences on connectivity: the case of Japan Wireless”, on @Medium | https://medium.com/enrique-dans/58337262148e …"},{"index":"417239147439337472","data":"\"Online communication: an increasingly complex panorama”, on @Medium | https://medium.com/enrique-dans/34ab5c1a0437 …"},{"index":"413986310244667392","data":"“The year of the visual web”, on @Medium | https://medium.com/enrique-dans/8284787dfbe7 …"},{"index":"417841467126607872","data":"Observation: There is no moral difference between downloading an illegal copy of a movie or song and shoplifting a disc from a store"},{"index":"417824575901409280","data":"@matisito @bigscreentoons @edans I feel that if you can buy an item at a licensed store (onsite/online) and you don't, you steal."},{"index":"417849899565465602","data":"Para hacerme un fondo de pantalla :-) @ 新宿中央公園 (Shinjuku Central Park) http://instagram.com/p/ikd_-XkDyn/ "},{"index":"417852566694027264","data":"Día prácticamente primaveral en Shinjuku Central Park... @ 新宿中央公園 (Shinjuku Central Park) http://instagram.com/p/ikfNmYkD0x/ "},{"index":"417924793770729472","data":"Asahi building @ 吾妻橋 (Azuma-Bashi Bridge) http://instagram.com/p/ilADr7ED8o/ "},{"index":"418155074502656000","data":"¡¡¡ FELIZ 2014 otra vez!!!!! :-)"},{"index":"417886129434546176","data":"Observation: There is no moral difference between downloading an illegal copy of a movie or song and shoplifting a disc from a store"},{"index":"418220780082585602","data":"Y llegamos a la Tokyo Tower... pic.twitter.com/t5n55vIhLL"},{"index":"417872806203097088","data":"Observation: There is no moral difference between downloading an illegal copy of a movie or song and shoplifting a disc from a store"},{"index":"418296184147820545","data":"Y por esto lo llaman Rainbow Bridge :-) @ レインボーブリッジ (Rainbow Bridge) http://instagram.com/p/ino8kvED0i/ "},{"index":"418500517606608896","data":"“Holacracy, the future of organizational management”, on @Medium | https://medium.com/enrique-dans/e46a6dad432 …"},{"index":"418759809702166528","data":"\"Snapchat joins the long list of password breaches”, on @Medium | https://medium.com/enrique-dans/9b28336f64a8 …"},{"index":"419078099591241728","data":"Desde el Burj Al Arab... :-) @ Burj Al Arab برج العرب http://instagram.com/p/itMhSWED4F/ "}]