[{"index":"369912185817800704","data":"Fitxaketa bikaina #Seferovic @RealSociedad  #goazenerreala"},{"index":"334396635935281155","data":"Herri harresia http://wp.me/p1mkW3-1T "},{"index":"352747972922077184","data":"#aurtenbai @GoraIrunea prentsaurrekoa hastear pic.twitter.com/MkZRS7Qyku"},{"index":"379907428177166336","data":"¿Quien te ha parecido el mejor jugador del partido?"},{"index":"321224950201593856","data":"¿Como quedará el partido frente al @sevillafc? Envía tu pronóstico usando el hashtag #porraAthletic"},{"index":"396356249299988480","data":"Click-off #AioraGanuza #Kottoi #Hari&ari ren txandararte... Tictac"},{"index":"397493775297040384","data":"Life was easier without #Whatsapp"},{"index":"417616821345202176","data":"#HatortxuRock16 @naiz_info @ganugan http://goo.gl/dbyWeh "},{"index":"321224950201593856","data":"¿Como quedará el partido frente al @sevillafc? Envía tu pronóstico usando el hashtag #porraAthletic"},{"index":"369912185817800704","data":"Fitxaketa bikaina #Seferovic @RealSociedad  #goazenerreala"},{"index":"352747972922077184","data":"#aurtenbai @GoraIrunea prentsaurrekoa hastear pic.twitter.com/MkZRS7Qyku"},{"index":"334396635935281155","data":"Herri harresia http://wp.me/p1mkW3-1T "},{"index":"379907428177166336","data":"¿Quien te ha parecido el mejor jugador del partido?"},{"index":"397493775297040384","data":"Life was easier without #Whatsapp"},{"index":"396356249299988480","data":"Click-off #AioraGanuza #Kottoi #Hari&ari ren txandararte... Tictac"},{"index":"417616821345202176","data":"#HatortxuRock16 @naiz_info @ganugan http://goo.gl/dbyWeh "}]