[{"index":"116180441265999872","data":"Re-fusing form in genre study by Amy J. Devitt (2009) II http://nblo.gs/nliZM "},{"index":"108039746005110784","data":"Aphorism II http://nblo.gs/mgNri "},{"index":"107407596373278720","data":"Aphorism I http://nblo.gs/md4tI "},{"index":"114685998595710976","data":"Re-fusing form in genre study by Amy J. Devitt (2009) http://nblo.gs/nao5j "},{"index":"111392690125549568","data":"HERMES: A new Twitter Corpus http://nblo.gs/mGuiB "},{"index":"12222759679","data":"hjälp! what kind of notation is the fowllowing? PHP5? PHP6?\n\tpublic function start()\n\t{ $this->startTime = $this->getTimestamp();}"},{"index":"12222800559","data":"Can't remeber we used arrows (->) in our php :-/"},{"index":"119710143305879552","data":"Flogs, i.e. the subversion of the blog genre http://nblo.gs/nNbTQ "},{"index":"123446210781650944","data":"Recasting the blog as a collection of blog posts http://nblo.gs/ofYgi "},{"index":"126203765773697025","data":"Genre and Web Design http://nblo.gs/oCwMt "},{"index":"126588011197644800","data":"eContent Discovery, textAnalytics, webGenre Identification, topicDetection and emotionMining for Web Development, Mobile Apps and Social Ne…"},{"index":"126577490482307072","data":"Web 2.0 Storytelling: Emergence of a New Genre http://nblo.gs/oFQ6m "},{"index":"128111572244627456","data":"Your Site Genre http://nblo.gs/oRsVs "},{"index":"129487681641127936","data":"Följ oss på Facebook och i bloggarna!: Stockholms officiella besöksguide: http://www.visitstockholm.com/sv/Nyheter/Facebook/#.TqkfYZ_hW58.twitter … via @AddThis"},{"index":"129901659949244416","data":"Book Review: Genres on the Web (Mehler et al. 2010) http://nblo.gs/p7o5t "},{"index":"130921705194520576","data":"Mining emotions with lexical affect sensing http://nblo.gs/pei7z "},{"index":"131312669943799808","data":"Collaborative Blogging http://nblo.gs/phSnR "},{"index":"133830848658153472","data":"Gestalt Processes in User-Web Interaction: A Two-Side View http://nblo.gs/pDChL "},{"index":"134925937379778560","data":"Follow the comment thread with us!\nMining genres with lexical affect sensing? - http://www.forum.santini.se/2011/10/mining-emotions-with-lexical-affect-sensing/ …"},{"index":"136351486924947456","data":"User-Web Interaction: Gestalt in Information Retrieval http://nblo.gs/q07CN "},{"index":"137107252464197632","data":"Invitation to Facebook page http://nblo.gs/q8ifa "},{"index":"139258990654791680","data":"Web Genre and the Emergent Properties of Web Sites http://nblo.gs/qrHMz "},{"index":"137451318603288576","data":"Towards Language–Independent Web Genre Detection (2009) http://nblo.gs/qbLZD "},{"index":"141411916936527872","data":"Provocation or Food for thought? Web sites as AI Mind Persons http://nblo.gs/qJ8o3 "},{"index":"140020543691816961","data":"Reading Suggestions? Knowledge Discovery & Social Networks http://nblo.gs/qxY7j "},{"index":"143452798175031296","data":"Question: How do you inject emotions into chatbots, Andres? http://nblo.gs/r2TLn "},{"index":"148333979056082944","data":"Forthcoming: Automatic Identification of Genre in Web Pages (2012) http://nblo.gs/rHDYL "},{"index":"145870176083132416","data":"Book Review. Genres in the Internet (2009) http://nblo.gs/rnCNk "},{"index":"158652534930669569","data":"Book Outline: Automatic Identification of Genre in Web Pages (2011) http://nblo.gs/sJ6CM "},{"index":"148425033834954754","data":"Book Review: Syntax-Based Collocation Extraction (2011) http://nblo.gs/rI5ae "},{"index":"143618239224758272","data":"Social Media & Web Development http://nblo.gs/r41Qx "},{"index":"161010286994784256","data":"Reading Suggestions: Genre & Sentiment-Emotion http://nblo.gs/t1EJS "},{"index":"166083436698800128","data":"Beyond Topic: Genre and Search http://nblo.gs/tzRqe "},{"index":"168971955171635200","data":"I created group The WebGenre R&D Group on Linkedin.: http://lnkd.in/9qCCZ5 "},{"index":"169887264594345985","data":"The WebGenre R&D Group has been created on LinkedIn-- http://lnkd.in/YFnxUx "},{"index":"163557172100337664","data":"Genre, Social Actions and Social Intelligence http://nblo.gs/tii6F "},{"index":"171141777036812289","data":"The WebGenreBlog:  Adjectives and adverbs as indicators of affective language for automatic genre detection: http://lnkd.in/XYGtsc "},{"index":"171143462270418944","data":"The WebGenreBlog:  Adjectives and adverbs as indicators of affective language for automatic genre detection http://lnkd.in/YcR6hc "},{"index":"171488389797904385","data":"http://lnkd.in/V2VrrR  Hi,    prepositions... interesting! Would you share your references? I am curious...    Best wishers, Marina"},{"index":"171533047655706624","data":"http://lnkd.in/3swCzR  Hi Menno,  your website (Thinknowlogy, Fundamentally designed Artificial Intelligence) is exciting.    As far as..."},{"index":"171961312702775297","data":"http://lnkd.in/N4zi95  Jan, it seems to me that the web has unveiled the universe of strong emotions, public likes and dislikes. Language..."},{"index":"171559557347278848","data":"http://lnkd.in/943_6p  Not sure about the meaning of \"simulated intelligence\" or \"real intelligence\". They might be new categories......"},{"index":"172319293705437185","data":"http://lnkd.in/N-K7Sm  That's an idea :-)"},{"index":"172935753645563904","data":"http://www.linkedin.com/groups/WebGenre-R-D-Group-4301498 …"},{"index":"173134184892727296","data":"Marina is playing with Buffer. Don't you know what Buffer is? A new aggregating application :-)"},{"index":"173693796238901248","data":"Structured, managed and \"genres\" http://bit.ly/wWMrqm "},{"index":"175858366877401088","data":"Overview: Automatic web Genre Identification: http://lnkd.in/CvzWE6 "},{"index":"175861029866180610","data":"Overview: Automatic web Genre Identification http://lnkd.in/-fg_Bm "},{"index":"176592868624973824","data":"Free Twitter Lexicon Download: http://lnkd.in/8mysDK "},{"index":"175994459098578944","data":"http://lnkd.in/aeenYA  However, I do not know, David, the kind of data and problems you are dealing with. I do not know if you have..."},{"index":"177028125430005762","data":"http://lnkd.in/JF7xgM  Hi Myungchul, check your Download folder.  I could download everything, although I got the \"access failed\" message...."},{"index":"177114979789570048","data":"http://lnkd.in/x5qWUP  Hi,     if you go to the Text Mining Group on LinkedIn, you will find a list of suggested data mining tools,..."},{"index":"177660347489067009","data":"Is there any Blog Dataset publicly available to download? http://lnkd.in/8fx-UT "},{"index":"177990052964605953","data":"http://lnkd.in/YAVc3k  Great! Thanks Ali."},{"index":"179580289717256192","data":"http://lnkd.in/RJq3CC  Hi Yuehong,    in a fully supervised single-label machine learning approach, you have a corpus of documents where..."},{"index":"178896029964443648","data":"http://lnkd.in/9eKDsV  Hi Antoinette,     all the links work from my computer. I repaste them here, so you can try again:    Link to the..."},{"index":"180360454890192897","data":"http://lnkd.in/5Qn75V  Hi Yuehong,    if your problem is about ambiguity (i.e. a word can have several senses), try to see whether the..."},{"index":"178765658954272769","data":"Genre and Noise: http://lnkd.in/gY6VDX "},{"index":"180618501696925696","data":"Genre and Noise: Experiments: http://lnkd.in/xMsPBa "},{"index":"178755027098271744","data":"Reblogging: Big Data: http://lnkd.in/d8Ak7i "},{"index":"183590132367097857","data":"Games, use cases and instinct as a matter of genre http://lnkd.in/cGQpWf "},{"index":"183927459845124097","data":"http://lnkd.in/-BwGNz  Hi Nilay,    I have the following suggestions:    Automatic Summarization Focusing on Document Genre and Text..."},{"index":"183934438374248450","data":"http://lnkd.in/5kD5tz  Hi,    I would also suggest the following:    -- Multi-document summarization by sentence extraction (paper)  --..."},{"index":"184155875211096064","data":"http://lnkd.in/_E2PVZ  Thanks a lot!"},{"index":"183589132474392579","data":"Games, use cases and instinct as a matter of genre: http://lnkd.in/tCC2T2 "},{"index":"184885379583836160","data":"Dissemination: Free Web Corpora http://lnkd.in/6YhM8g "},{"index":"183987836800872449","data":"http://lnkd.in/uwer5x  As far as I know, there is a summarization module in NLTK (python)    Have also a look at these multi-document..."},{"index":"184882017513635840","data":"Dissemination: Free Web Corpora: http://lnkd.in/dGuG3U "},{"index":"185361898974351363","data":"http://lnkd.in/ck9TcX  Hi Mshall,    Simone Teufel introduced a new a rhetorical-level analysis of scientific research articles called..."},{"index":"185772661098549249","data":"http://lnkd.in/Qfph5m  Hi Ron,    I see it more as an automatic text classification problem. Genre, sublanguage, domain are TEXTUAL..."},{"index":"185334338718662658","data":"From Big Unstructured Data to Contextualized Information: http://lnkd.in/dJHsTz "},{"index":"185335602202423296","data":"From Big Unstructured Data to Contextualized Information http://lnkd.in/8ucizZ "},{"index":"185785645699043328","data":"http://lnkd.in/SpuXvi  Thanx, Daniel."},{"index":"185776391999078400","data":"http://lnkd.in/VD5rPi  Hi Peter,    my view of big data is a large large large corpus of  single documents/texts. For ex, billions of web..."},{"index":"186003699921985537","data":"http://lnkd.in/YTPjEh  Hi Mitiku,    try and have look. Or see research with learner corpora here:..."},{"index":"185766078679486464","data":"http://lnkd.in/mRTBXr  Hi Alexandro,    It is indeed a classification problem. In all the text analytic solutions that I have used/tried..."},{"index":"186354872378064897","data":"Big Data, BAD Predictions, and How to Improve It? - Lithosphere Community http://lnkd.in/6dXSXb "},{"index":"187585194998497280","data":"http://lnkd.in/P-2MX2  Hi Ron,  what an interesting answer! Yes, Ron, your answer helps me understand better how the concepts of genre..."},{"index":"186355624014123010","data":"Google Maps goes retro for early April Fools' Day - Ingame on http://msnbc.com  http://lnkd.in/9Fffr6 "},{"index":"187575464133541889","data":"http://lnkd.in/hbd6ga  Thanks for the suggestion, Nitesh.  Marina"},{"index":"187588433894580225","data":"http://lnkd.in/XM8Beq  Hi Tom, thanks for your useful list. My experience with some of these products is that they need substantial..."},{"index":"189641072207609856","data":"Discussion Summary: From Big Unstructured Data to Contextualized Information http://lnkd.in/zKdE8P "},{"index":"189617400679890945","data":"http://lnkd.in/SKHa43  Hi Tom,    as for examples of genre classification done by humans, Mark Rosso worked a lot with this topic. Here..."},{"index":"190708887547162624","data":"http://lnkd.in/gz4m_C  Alexander: the machine learning algorithm makes a difference. I tried a naive bayes classifier and an SVM (within..."},{"index":"189631070289936385","data":"Discussion Summary: From Big Unstructured Data to Contextualized Information: http://lnkd.in/u3UsRK "},{"index":"191072183978696704","data":"http://lnkd.in/AySgSV  Hi David,    can you give examples of \"confabulation\"? Do you mean \"conversation\", \"dialogue\", or something more..."},{"index":"191566379487461376","data":"http://lnkd.in/TGx-th  Thanks, David. I understand better now. It sounds fascinating...  Cheers, Marina"},{"index":"192154278268383232","data":"How to construct a taxonomy of user's interests automatically?: http://lnkd.in/BuAKSd "},{"index":"192155499305766912","data":"http://lnkd.in/VpzkqS  Hi Leonid,    I know what you mean. I am also following the online Stanford NLP course and I was quite surprised to..."},{"index":"191895352545259520","data":"Dissemination: Acknowledgement Search Engine and Next Generation Search Engines http://lnkd.in/s3N8cf "},{"index":"192163178220752896","data":"How to construct a taxonomy of user's interests automatically? http://lnkd.in/EdqykG "},{"index":"192261845124521987","data":"http://lnkd.in/sJC72r  Hi Alexander,    as far as I know with support vectors, overfitting is unlikely to occur. I had small datasets and..."},{"index":"192302451293028352","data":"http://lnkd.in/VhhMSW  Dear Alexander and Leonid,    It might be that genre classification is more unpredictable than classification with..."},{"index":"192317340573110272","data":"http://lnkd.in/TZtk7R  Great!   I will send to you both the datasets in the next days.  Leonid, pls send me your regular email address,..."},{"index":"192276785843544064","data":"Summer School in Information Retrieval: RuSSIR 2012: http://lnkd.in/CxTNSZ "},{"index":"192496552839880704","data":"http://lnkd.in/xSKKHT  Thanks Francois! That would be great. Must check whether the data can be shared, first...."},{"index":"192497991804919808","data":"http://lnkd.in/dxv4jz  Aha! Interesting... Thanks Sujit."},{"index":"192589823431811072","data":"http://lnkd.in/NTHbhq  Hi Alexander.    yes I understand...    Since I used weka, I also used the data mining book associated with it..."},{"index":"192854549621518336","data":"New Social Software: LucidMeetings: http://lnkd.in/9paXUQ "},{"index":"192764530382741507","data":"http://lnkd.in/FZG6Dp  Thanks a lot for all the suggestions, Ina!  Cheers, Marina"},{"index":"192270034373050369","data":"http://lnkd.in/BA6R4q  Hi Nigel,    thanks for letting me know. I have now removed the floating bar.    Cheers Marina"},{"index":"192869014341554176","data":"http://lnkd.in/6MG6Ny  Prateek: thanks. I will have a look at it.  Alexander: yes, it is likes, blogs, social network actions..."},{"index":"194147583688572928","data":"Electronic Meeting as a Genre of Organizational Communication: http://lnkd.in/JAsjhe "},{"index":"194309057929154560","data":"Reading Suggestions: Social Network Analysis and Mining for Business Applications: http://lnkd.in/S6S4nx "},{"index":"194149048838651906","data":"Electronic Meeting as a Genre of Organizational Communication http://lnkd.in/8A8pgy "},{"index":"194701368630591488","data":"http://lnkd.in/UcQp4s  Richard and James  Your questions, suggestions, experience are very inspiring and useful for my pre-study. Thanks..."},{"index":"194317284704137217","data":"Reading Suggestions: Social Network Analysis and Mining for Business Applications http://lnkd.in/m57dep "},{"index":"195142722758262784","data":"http://lnkd.in/-h5mFB  Hi Leonid,    thanks a lot for your evaluation.    It seems to me that the performance of a specific classifier..."},{"index":"195425387923255296","data":"http://lnkd.in/3MSC5B  Leonid:  Multi-class problems are solved using pairwise classification. Have look here:..."},{"index":"195244844275339264","data":"http://lnkd.in/FBcaPP  Yes, right, OWL...  I had not thought of it. Thanks, Scott.    Marina"},{"index":"195735061767794688","data":"Can anyone suggest references about mining query logs for BI and CEM?"},{"index":"195512285790339072","data":"I just joined London Text Analytics http://meetu.ps/1H04 "},{"index":"195735707195674624","data":"Mining query logs for BI and CEM: http://lnkd.in/ZwE2h2 "},{"index":"197611001305239553","data":"http://lnkd.in/ZJereg  Hi Kelly and Magnus,    thanks a lot for your suggestions. It would be handy to start from some pre-built..."},{"index":"197925300527579136","data":"http://lnkd.in/q7HDGa  Hi,    you could compute the POS n-grams (trigrams, 4-grams etc) on a large (standard/national) corpus and then..."},{"index":"195738396545650688","data":"http://lnkd.in/Y2PvuJ  Leonid: if you wish more technical details, maybe you can contact the WEKA teams for the implementation of their..."},{"index":"197958917492457472","data":"http://lnkd.in/FaAv8n  Thanks, Alfredo.  Marina"},{"index":"197960703787802624","data":"http://lnkd.in/J4XDcM  Hi Nilanjan,    see also some comments on your question here:..."},{"index":"197966048656494593","data":"RE: How to construct a taxonomy of user's interests automatically?: http://lnkd.in/7ARPxN "},{"index":"197967578084278272","data":"RE: How to construct a taxonomy of user's interests automatically? http://lnkd.in/EhkgGh "},{"index":"197971118387236865","data":"Marina:Santini http://lnkd.in/PWBe4Z "},{"index":"197976672488787970","data":"Mining query logs for BI and CEM http://lnkd.in/rYXB_Z "},{"index":"197977162471575552","data":"http://lnkd.in/kp_Mch  Suggestions are welcome through LinkedIn, Facebook, Wordpress and Twitter.  Link to the blog post:..."},{"index":"198283575760666625","data":"http://lnkd.in/vawUSi  What about using overlap coefficients (Jaccard, Dice, and similar)?  Maybe also semantic cues (e.g. synonym..."},{"index":"198374426289504256","data":"http://lnkd.in/kcGmEN  Yes, why not? it would be a good idea to give it a try.    Thanks, Alla!    Cheers, Marina"},{"index":"198377940449374208","data":"http://lnkd.in/jRBx_s  Hi Prateek,    I would like to keep the goal undefined for the time being. I would like to have a broad views of..."},{"index":"198351711612571648","data":"http://lnkd.in/fjvi6v  Now that I think of it, I reckon I had a similar problem in one of my experiments (Cross-testing... : an excerpt is..."},{"index":"198622338852454400","data":"http://lnkd.in/42hbjG  Great! Thanks a lot, Ina."},{"index":"198749771924643841","data":"Free Online Course: Social Network Analysis http://lnkd.in/C7Cwnf "},{"index":"198808153356374017","data":"http://lnkd.in/VKGcsR  Smart!"},{"index":"199019882304651265","data":"http://lnkd.in/7PSyPM  Thanks for the useful Link!  Cheers, Marina"},{"index":"199353694049935360","data":"http://lnkd.in/RFqB8S  \"Research into online learning suggests that it is roughly as effective as classroom learning. It’s easier to..."},{"index":"199843410755067907","data":"http://lnkd.in/EPX6Z2  What is a \"Chief Disrupter\", Bruno?"},{"index":"199048036389892096","data":"Reblogging: Informer, Spring Issue: http://lnkd.in/dKUv4R "},{"index":"198748394540376064","data":"Free Online Course: Social Network Analysis: http://lnkd.in/UgpiHQ "},{"index":"200106295720812544","data":"Online Free Course for Agile Developers: starting soon: http://lnkd.in/ZFCmCe "},{"index":"200111016049254401","data":"http://pinterest.com/pin/196117758743470900/ … Agile Development"},{"index":"199518285258166273","data":"http://pinterest.com/pin/196117758743461093/ … Marina's blog"},{"index":"200109237614026752","data":"Free Online Course: Agile Development for Software Engineering: starting soon http://lnkd.in/e7HGRV "},{"index":"200112661239840768","data":"Text Analytics, The Difficult Future You Can’t Avoid http://www.tomhcanderson.com/?p=5741  @tomhcanderson"},{"index":"200307873706819584","data":"http://lnkd.in/Q8YyNy  Hi Seth,  when did you write this article? In 2011 or earlier? Can you give us a publication date? It can be..."},{"index":"201604603723251712","data":"#instawalkfotografiska   @ Järntorget http://instagr.am/p/Kj8vwTDWG8/ "},{"index":"201605797149552640","data":"#instawalkfotografiska   @ Gamla Stan http://instagr.am/p/Kj9dBPDWHI/ "},{"index":"200297575205703680","data":"@bonnier_rd, your Klout Score is 26 (I'm a 51). Check out your @klout profile today! http://klout.com/bonnier_rd?n=tw&v=invite …"},{"index":"201606507840815105","data":"#instawalkfotografiska   @ Gamla Stan http://instagr.am/p/Kj93EJjWHO/ "},{"index":"201606791153451009","data":"#instawalkfotografiska   @ Gamla Stan http://instagr.am/p/Kj9_-GDWHP/ "},{"index":"201608356421574656","data":"#instawalkfotografiska  http://instagr.am/p/Kj-tbTDWHc/ "},{"index":"201608199156154370","data":"#instawalkfotografiska  http://instagr.am/p/Kj-ZWojWHU/ "},{"index":"201608622558543872","data":"#instawalkfotografiska  http://instagr.am/p/Kj-1ibDWHg/ "},{"index":"201608784450293761","data":"#instawalkfotografiska  http://instagr.am/p/Kj-6ayjWHi/ "},{"index":"202063230225498112","data":"SearchInFocus: Searching for Actionable Intelligence: http://lnkd.in/QjXfeD "},{"index":"202064338335444992","data":"SearchInFocus: Searching for Actionable Intelligence http://lnkd.in/8ZNSrU "},{"index":"202064984103075842","data":"A little tutorial on mapreduce: http://lnkd.in/yxWg6b "},{"index":"204087608693882880","data":"http://lnkd.in/przrd9  Oleg:   1) Type of Data: mainly tweets, FB posts, emails, query logs  2) Detection: Users' interests, topics,..."},{"index":"204485204876865536","data":"Mining Query Logs: Query Disambiguation & Understanding through a KB: http://lnkd.in/Xz7YWw "},{"index":"202775227904688130","data":"http://lnkd.in/THTm4t  Oleg: for big data. Another useful introduction is: \"Data-Intensive Processing with MapReduce\" by Jimmy Lin and..."},{"index":"204486405538316289","data":"Mining Query Logs: Query Disambiguation & Understanding through a KB http://lnkd.in/aZUNnv "},{"index":"203464283265318912","data":"http://lnkd.in/uh6zvP  c u there!"},{"index":"205273487588331520","data":"http://lnkd.in/-G4_66  Hi Mohammad,    have a look at this : Classification of Web Sites at Super-genre Level   by Christoph Lindemann and..."},{"index":"204518579981385728","data":"http://lnkd.in/EmqVeQ  Thanks, Mark!"},{"index":"204917153709830145","data":"http://lnkd.in/wbrE5c  Kelli: culture is always hard to encode because it can be ... everything. If one manages to narrow down the focus,..."},{"index":"204929308131721216","data":"http://lnkd.in/5wgT-v  Hi David,  your concern is justified. But I would go practical ... this means that I would start from real-world..."},{"index":"204912336903995392","data":"http://lnkd.in/eH3P52  I understand your objections.   However, I do not object against the creation of a more comprehensive and flexible..."},{"index":"205280925024665600","data":"http://lnkd.in/R9xwrP  I enjoyed reading Tom's review of the SAS12. I agree with Tom's conclusions but I would use a slight different..."},{"index":"205545004175851520","data":"LinkedIn Events: Findability Day 2012 http://linkd.in/KLLBBE "},{"index":"207007975028703233","data":"Contextify: Contextualized Information and Content Enrichment http://lnkd.in/J5kuSW "},{"index":"207397270713413634","data":"http://lnkd.in/sAAq7V  Hi Alexander,     thanks for your suggestions and insights. Anaphora resolution is certainly an important factor..."},{"index":"207006690586009600","data":"Contextify: Contextualized Information and Content Enrichment: http://lnkd.in/kjrCp4 "},{"index":"207402893907730433","data":"http://lnkd.in/ywQxza  Hi Alexander,     thanks for your suggestions and insights. Anaphora resolution is certainly an important factor in..."},{"index":"207401831947702272","data":"http://lnkd.in/tfmDQN  Hi Vineet,    I really appreciated all pointers. They very useful for my research.     However, I have the..."},{"index":"207756125368623104","data":"Genres on the Web http://www.springer.com/computer/ai/book/978-90-481-9177-2 … via @twitterapi"},{"index":"207782561915731968","data":"http://lnkd.in/2ZTWHR  Hi Rajve, thanks for your encouraging feedback!  Cheers, Marina"},{"index":"207787758922641408","data":"http://lnkd.in/tWMj7T  Elliot: I will keep you informed about context. I will post a summary of tools/suggestions in the next weeks...."},{"index":"207808303701569536","data":"http://lnkd.in/n8eKP5  Håkan: what is genre? that's another big question :-)    I will give you a short answer. Do not hesitate to let me..."},{"index":"207812119146663936","data":"http://lnkd.in/ae6q6h  Alexander: yes, why not?"},{"index":"208114258419007488","data":"http://lnkd.in/ydCU8c  Hi Elliot,    I do not know what happened to Lingomotors. When I was there, the aim was the creation of a..."},{"index":"207793209852706816","data":"http://lnkd.in/xpQ8u3  That's a big question, Alexander. Ambiguity is pervasive. Just think of the metaphors used in the internet/computer..."},{"index":"208849046171951107","data":"http://lnkd.in/mSRVs4  Myungdae: I am not familiar with SKOS yet, but I will explore it in the future.     By the way, in last week's blog..."},{"index":"208852876146118657","data":"http://lnkd.in/dH4jtz  Alexander, I have not decided the taxonomy of subfields because this must be discussed in large panel. However, it..."},{"index":"209165955228647424","data":"I just joined Stockholm Big Data http://meetu.ps/crjld "},{"index":"209183385975930881","data":"http://lnkd.in/TKUPHz  Eliot: if you are interested in more discussion on this topic there has been a paralled thread here:..."},{"index":"209180663511924736","data":"http://lnkd.in/SiyAt3  Hi Ian,  thank you for your interest! Can you give us some examples of \"unsafe context\"? Unsafe context makes me..."},{"index":"209188678814281728","data":"Sociolinguistics & Opinion Mining Systems http://lnkd.in/uPf_vT "},{"index":"209224963192926208","data":"http://lnkd.in/Yp8X6u  Hi Robert,   sorry for this inconvenience.  I do not know why the link from the blog  post is not working.   The..."},{"index":"209225641118277633","data":"http://lnkd.in/wJtdST  Fixed!"},{"index":"209187806310957058","data":"Sociolinguistics & Opinion Mining Systems: http://lnkd.in/HSRanE "},{"index":"209512983599120384","data":"http://lnkd.in/MHYsb7  Timothy: interesting comment. My personal opinion is that situational context (i.e. the situation that triggers the..."},{"index":"209668223078113283","data":"http://lnkd.in/__tvB6  Thanks, Timothy."},{"index":"209672078205521920","data":"http://lnkd.in/q7pmFq  Maybe Alexander can give us more details about sociolinguistic features..."},{"index":"210595556542787584","data":"A Very Short History of Big Data http://wp.me/p1AMkl-85  via @wordpressdotcom"},{"index":"210248583306420226","data":"http://lnkd.in/KSxtDq  Let me add another more general but very recent pointer:    Sentiment Analysis and Opinion Mining  New Book, Bing..."},{"index":"210659713090719744","data":"http://lnkd.in/ijvSZ9  Thanks, Diana!"},{"index":"209903082786664448","data":"http://lnkd.in/VeCKHE  Diana: I was reading a paper that you co-authored -- Automatic detection of political opinions in Tweets..."},{"index":"210665175819370497","data":"Reblogging: Practical advice for machine learning: http://lnkd.in/GZPjAi "},{"index":"210666308092694528","data":"Reblogging: Practical advice for machine learning http://lnkd.in/emgzBk "},{"index":"211714481322078208","data":"Reading Suggestions: Meaning & Genre — Affect & Buying Behaviour: http://lnkd.in/tB-EuR "},{"index":"211728290979917824","data":"Prototyping an Emotional Conversational Agent: http://lnkd.in/yhg2kz "},{"index":"211715653885890560","data":"Reading Suggestions: Meaning & Genre — Affect & Buying Behaviour http://lnkd.in/nUsQiD "},{"index":"210974815052496896","data":"Historical Tweet Collector via @texifter | @scoopit http://bit.ly/MlVt4O "},{"index":"212410862168838145","data":"Stratified Sampling for Oversampling Small Sub-Populations: http://bit.ly/LUet5R "},{"index":"212453736029765632","data":"Test Your Text Analytics Knowledge http://lnkd.in/uKxbB3 "},{"index":"212911072561209344","data":"A freely available, open source taxonomy and autoclassification tool: http://lnkd.in/Z99QU9 "},{"index":"212914654345838592","data":"@FlaxSearch Hi Charlie, I have just reblogged Clade here: http://www.forum.santini.se/2012/06/reblogging-a-freely-available-open-source-taxonomy-and-autoclassification-tool/ …\nSounds fascinating...."},{"index":"212912090095161345","data":"A freely available, open source taxonomy and autoclassification tool http://lnkd.in/Nww-Xj "},{"index":"213699715202678785","data":"http://lnkd.in/K7heJR  Thanks Vijay!"},{"index":"212453992129757184","data":"Next Gen Research Ad Measurement http://www.tomhcanderson.com/?p=5761  @tomhcanderson"},{"index":"218259534462984192","data":"Genre 2012 -- Carleton University 26-29 June 2012: http://lnkd.in/VcPwhz "},{"index":"215898924530139137","data":"http://lnkd.in/PCRQUw  Not sure, Myungdae..."},{"index":"221237955673600000","data":"Review: The Word-Space Model Revisited http://lnkd.in/3ykkJ4 "},{"index":"221234998785748992","data":"Reblogging: Designing Search: Results pages: http://lnkd.in/vR9FFi "},{"index":"218265034856480768","data":"http://lnkd.in/xdNJ5Z "},{"index":"221239074336407552","data":"The WebGenreBlog: The Word-Space Model Revisited http://lnkd.in/Mzuzhm "},{"index":"222313019605139457","data":"http://lnkd.in/eCq_tA  Hi Eduard,    can you point us to any trial version of the technology you describe? Is any web prototype available..."},{"index":"222311834584227841","data":"Communities of emotional avatars http://lnkd.in/mYcgxQ "},{"index":"223026016048783361","data":"Review: Creating Corpora With Active Learning http://lnkd.in/KixgEp "},{"index":"224809640142176257","data":"Vacation Time!: http://lnkd.in/gR9htz "},{"index":"223026414436368385","data":"http://lnkd.in/Zy-W9i "},{"index":"223026586117619713","data":"The WebGenreBlog: Creating Corpora With Active Learning http://lnkd.in/RFjEDP "},{"index":"223020152663441409","data":"Reblogging: Gavagai! Gavagai! http://lnkd.in/bR4DX3 "},{"index":"224814434399424512","data":"http://lnkd.in/4QE9ZC  I pass your request to Magnus, David."},{"index":"232578011495542784","data":"http://lnkd.in/jdRfGT  Thanks, Katharina."},{"index":"239691971868897281","data":"Seminar - Towards Contextualized Information: How Automatic Genre Identification Can Help http://lnkd.in/N5gY9F "},{"index":"239427256068476929","data":"Towards Contextualized Information: How Automatic Genre Identification Can Help http://lnkd.in/CKqUdH "},{"index":"239813114646900738","data":"Seminar on Automatic Genre Identification: http://lnkd.in/2DwnWx "},{"index":"242528007489736704","data":"\"Big Data\" event in Stockholm: http://lnkd.in/J3Um-9 "},{"index":"240699414052749312","data":"LET'S CONTEXTUALIZE!: http://lnkd.in/FYSdDi "},{"index":"242526468972883968","data":"\"Big Data\" event in Stockholm: http://lnkd.in/WuPKY6 "},{"index":"240010580134604800","data":"Check out \"Exploratory Query-log Analysis\" …http://exploratory-query-log-analysis-estw.eventbrite.com  via @eventbrite"},{"index":"243291919906660353","data":"Exploratory Query-log Analysis http://lnkd.in/8FDnAc "},{"index":"240010814004817920","data":"Exploratory Query-log Analysis http://lnkd.in/8FDnAc "},{"index":"243333343003942912","data":"http://lnkd.in/_jii7R  Not a bad idea, Tony !"},{"index":"244035574170804224","data":"Meeting Report: Big Data in Stockholm: http://lnkd.in/YGqiRb "},{"index":"244539765486149632","data":"http://lnkd.in/BCC9Ui  Hi Paul,   I consider big data as an interesting research problem for linguistics, and above all for computational..."},{"index":"244543929284972544","data":"http://lnkd.in/tN7dD4  Hi Chakir, do you mean that the big data area belong to applied linguistics?"},{"index":"244543417164648448","data":"http://lnkd.in/Ra2WgN  Exactly! I probably I misinterpreted what you meant by big data being an industry or the cloud. Can you explain..."},{"index":"245445060836077568","data":"Mining Web Query Logs to Analyze Political Issues at Yahoo! Research: http://lnkd.in/8vqgbE "},{"index":"244040198818775040","data":"Meetup Report: Big Data and Predictive Modeling – What’s happening in Sthlm? http://lnkd.in/yaQ4v5 "},{"index":"246211754466611201","data":"The WebGenre R&D Group http://lnkd.in/9qCCZ5 "},{"index":"246211329151602688","data":"http://lnkd.in/3mEJBH  I completely agree with you, Oleg!"},{"index":"245550210904911872","data":"http://lnkd.in/Y_3keY  Thanks for sharing, Paul!"},{"index":"247222666212302848","data":"Dissemination: Multi-Labeling Web Pages by Genre http://lnkd.in/kwe_Zm "},{"index":"247992490311954432","data":"Announcement: Coursera Free Online Course to program in R: http://lnkd.in/Y9q-YW "},{"index":"244550186314125312","data":"http://lnkd.in/ec_WwQ  :-)  I think we just need different and innovative approaches. In other words, more research..."},{"index":"248359280569352192","data":"Text/Content Analytics for Suicide Prevention (I): http://lnkd.in/AQXtbU "},{"index":"248430957399519232","data":"http://lnkd.in/hezC7T  Great! Thanks a lot, Zsofia"},{"index":"248684950730194944","data":"http://lnkd.in/VReyn8  Thanks, Amit and Wenbo. Highly appreciated!"},{"index":"248751293605228544","data":"http://lnkd.in/BmpHzJ  That's great, Carole. Big Thanx!"},{"index":"248685723266453504","data":"http://lnkd.in/aEAJTB  Thanks, Pawel!"},{"index":"250167835400224768","data":"Text/Content Analytics for Suicide Prevention (II) http://lnkd.in/GAKhiw "},{"index":"247951245912977408","data":"http://lnkd.in/JZqiG9  Try accessing the blog home page first:..."},{"index":"250164523204493312","data":"Automatic Language Analysis for Suicide Prevention http://lnkd.in/YQtzJt "},{"index":"250860737298329600","data":"http://lnkd.in/WNJab8  Thanx Alison. I update the blog post with your \"reinforcement\" of Pennebaker's work."},{"index":"250864352280862720","data":"Graduate Programs in Big Data Analytics and Data Science   http://wp.me/p1AMkl-cl  via @wordpressdotcom"},{"index":"250867612362371072","data":"http://lnkd.in/hj8z7t  Hi Oleg and Dario,    I would like to add your useful discussion to the comments to the blog post, so others can..."},{"index":"250948868659884032","data":"http://lnkd.in/RV65gK  Thanks Frank and Marcel! I add your suggestions to the blog post."},{"index":"251192185565896704","data":"Dissemination: Trigrams and Psychology: http://lnkd.in/EXG3Qf "},{"index":"251222030349893632","data":"Dissemination: CYBEREMOTIONS -- Collective Emotions in Cyberspace http://lnkd.in/4UPpDW "},{"index":"250846297341427712","data":"Dissemination: Review : Mehler, Sharoff and Santini (eds, 2011) Genres on the Web. Corpora , Volume 7 (1): 109, May...: http://lnkd.in/hKcfnV "},{"index":"251584968583704576","data":"http://lnkd.in/znvym2  Let me think, Alexander..."},{"index":"251586719625908224","data":"Check out this Meetup with Quantified Self Stockholm http://meetu.ps/llRd0 "},{"index":"251592578116485120","data":"http://lnkd.in/CyCjeT  Dear all, I keep the blog post..."},{"index":"251219388735315968","data":"Dissemination: CYBEREMOTIONS -- Collective Emotions in Cyberspace: http://lnkd.in/UX8DHU "},{"index":"251702634757627905","data":"http://lnkd.in/ABcy8p  Thanx, Isabel. I add your suggestion here:..."},{"index":"251584168826388480","data":"http://lnkd.in/jzEBNz  Great! Thanks, Kenneth"},{"index":"252663743203401729","data":"http://lnkd.in/EVQpc2  Very good pointer, Jonathon! Thanx"},{"index":"252740322336071682","data":"TheWebGenreBlog: Looking for rich social network datasets http://lnkd.in/M5dR5Z "},{"index":"252739767857451008","data":"Request: Looking for Multi-Dimensional Social Network Datasets/Corpora/Collections http://lnkd.in/HaYd3b "},{"index":"252996889870483458","data":"http://lnkd.in/mR24zY  Many thanks, Lee."},{"index":"253067677197807616","data":"The Science Behind Social Media, Natural Language and Big Data (Infographic) http://lnkd.in/gt6R5T "},{"index":"253016448795033600","data":"Dissemination: Search Solutions 2012: November 29, London: http://lnkd.in/V_FzVG "},{"index":"255232354359070721","data":"Summary: Multi-dimensional Social Network Datasets http://lnkd.in/cqpw_7 "},{"index":"256657091949899776","data":"http://lnkd.in/EeeKvK  Terrible experience! Thanks for sharing.     Language analysis is always important in order to prevent tragic and..."},{"index":"254128846767521792","data":"Reading Suggestion: From Sentiment to Intent: http://lnkd.in/8U94Wa "},{"index":"254131677209710592","data":"http://lnkd.in/FrSp9u  Alexander: I asked Michael Thelwall about findings related to sociology+psychology. Here is the answer:    \"We..."},{"index":"258486870512660481","data":"A taxonomy for book genres (I) http://lnkd.in/Kr6zBw "},{"index":"258487275443322880","data":"A taxonomy for book genres (II): http://lnkd.in/i54gnP "},{"index":"258488006950928386","data":"Book Genres - A List Of Every Writer Should Know To Be Successful http://lnkd.in/Kr6zBw "},{"index":"258490295975559169","data":"A taxonomy of book genres (III): http://lnkd.in/rEjdm8 "},{"index":"258488658045325312","data":"A taxonomy for book genres (I) http://lnkd.in/8hwb9K "},{"index":"260289678945689600","data":"Exploratory Query-log Analysis http://lnkd.in/8FDnAc "},{"index":"258505356341301249","data":"A taxonomy of site genres: http://lnkd.in/BVSdcN "},{"index":"261132476297138176","data":"SearchInFocus: Exploratory Study on Query Logs and Actionable Intelligence http://lnkd.in/A5cR7D "},{"index":"262870081908920322","data":"Towards a Computational Theory of Digital Genre (I): Working Definition of Genres for Computational Purposes http://lnkd.in/ZSN7hD "},{"index":"261748421499711488","data":"http://lnkd.in/wDSzvs  Hi Piotr,     it is interesting what you say. Do you have any example, or experience to share on this subject?..."},{"index":"260292286745825280","data":"Query Log Analysis Workshop: Program and Abstracts, 25 Oct 2012, Lund, Sweden http://lnkd.in/ZJQP3J "},{"index":"263214827927924736","data":"http://lnkd.in/MKby_6  Hi Kelly and Mor,    I listened to an interesting presentation about temporal modeling of search queries using..."},{"index":"265443780281372672","data":"Thesis Review: Opinion mining and lexical affect sensing http://lnkd.in/vJExAP "},{"index":"260995052954857472","data":"Dissemination: Ngram Viewer 2.0 by Research  Google: http://lnkd.in/QNazY3 "},{"index":"262874544665161728","data":"Actionable Corpus and Actionable Intelligence http://lnkd.in/q2HYPC "},{"index":"265738514346418176","data":"Help with Student's Survey: http://lnkd.in/eZYUa9 "},{"index":"265733009636986880","data":"http://lnkd.in/SjqCtY  done!"},{"index":"265444435331010560","data":"Thesis Review: Opinion mining and lexical affect sensing -  http://www.forum.santini.se/2012/11/thesis-review-opinion-mining-and-lexical-affect-sensing/ …"},{"index":"265748784737292288","data":"http://lnkd.in/Wmu2B9  Hi Mustafa, I suggest asking Alexander. He is on LinkedIn, you can easily connect with him, I believe. Otherwise...."},{"index":"265738721138180096","data":"http://lnkd.in/n3-AZD  Ok, Diaa. The request is posted here:..."},{"index":"265766397517389824","data":"http://lnkd.in/TMB9zC  I have no problems in agreeing with you about the importance of stopwords (a. k. a. most frequent words). However,..."},{"index":"265748339386114050","data":"http://lnkd.in/E77kuA  I complete agree with Carole. Features are fundamental for classification tasks. However corpus composition and..."},{"index":"265770126404624384","data":"http://lnkd.in/ajdCt7  Hold on a sec... \" fashion, politics, art, etc\" are NOT \"genres\", they are topical categories.  Comedy, tragedy,..."},{"index":"266474816238911489","data":"http://lnkd.in/dx_rJv  Extremely interesting, Przemyslaw. I would really appreciate if you could send me the pdf of your accepted paper..."},{"index":"265794412871811072","data":"http://lnkd.in/wcztdJ  Mixed categories, or fuzzy categories, are a common problem in all types of classification. If you think of music..."},{"index":"266473636704182272","data":"http://lnkd.in/PTSCfz  That's useful help for improvements, Gary. Diaa, if you improve your survey, you  will get more meaningful results...."},{"index":"266477783033733121","data":"Dissemination: Informer: Autumn 2012 Issue: http://lnkd.in/fVSGnv "},{"index":"266478742199754752","data":"Dissemination: Collecting Twitter Tweets - Free Tools: http://lnkd.in/V6AYTY "},{"index":"266849641365118976","data":"http://lnkd.in/vrcMwh  Nice e-magazine, Pascual. Very relevant to my interests"},{"index":"269387265556504576","data":"Thesis Review: Emotion in Information Retrieval http://lnkd.in/e4329S "},{"index":"267930074190340096","data":"Seminar in Stockholm: Language in the Digital Age: http://lnkd.in/EanHen "},{"index":"270890275155636224","data":"http://lnkd.in/rZD5qB  Thanx, Antonio"},{"index":"270895172412403713","data":"http://lnkd.in/aKJtAE  Glenn: following the author's reasoning, the latter."},{"index":"270894453059895298","data":"http://lnkd.in/4-X9Xj  Thanx, Manjunath"},{"index":"271482984950005760","data":"http://lnkd.in/acTNfN  Thanks, David! It's great to have you in this group discussion. Take care"},{"index":"271598181320638465","data":"http://lnkd.in/vSZYWv  Hi Diana, unfortunately I am not aware of any emotion analysis in Spanish. I will keep you posted whenever I will..."},{"index":"273690741610541056","data":"Reblogging: Big Data and Healthcare: http://lnkd.in/FTqAey "},{"index":"272401533562408961","data":"Free online course: How to build a search engine: http://lnkd.in/mph6Sg "},{"index":"272288964482830336","data":"Thesis Review: Cross-Language Ontology Learning http://lnkd.in/Sp_5Nj "},{"index":"273755388124467200","data":"I'm attending a Meetup with Stockholm R useR group (StockholmR) http://meetu.ps/nkwCR "},{"index":"273791384559960064","data":"http://lnkd.in/nGkg-p  Absolutely, culture and language play a big role also in the query log genre.   It would be interesting to see what..."},{"index":"274416269829218304","data":"Highlight: Collective Intelligence: http://lnkd.in/7vyDTd "},{"index":"275917923061731328","data":"Reblogging: A view from the inside - SAS perspective: http://lnkd.in/bCHjNH "},{"index":"275917301893709824","data":"Reblogging: Report on Search Solutions 2012, 28-29 November 2012, London, UK: http://lnkd.in/t9AhuZ "},{"index":"274478797284339713","data":"Report:  Language in the Digital Age – META-NORD National Workshop http://lnkd.in/PvJ6U4 "},{"index":"277357340179693569","data":"Question: How to Define Criteria for Subgenre Classification? http://lnkd.in/UDNSgV "},{"index":"276255626617819136","data":"Free Webinar on R: http://lnkd.in/Rqy8rj "},{"index":"277357676432871424","data":"Dissemination: Classification of TEXT genres http://lnkd.in/jHNvSx "},{"index":"277357782741684224","data":"Dissemination: Cross-domain analysis of task and genre http://lnkd.in/2ShAem "},{"index":"277357929479413760","data":"Dissemination: Semantic Uncertainty http://lnkd.in/JFSEpi "},{"index":"278805572105687040","data":"http://lnkd.in/W7Sq6u  Hi Fahime,    Have you already asked the members of all groups interested in corpora? For example, all the groups..."},{"index":"278792504567033857","data":"Interesting study: Social media & Customer care: http://lnkd.in/GfE5_9 "},{"index":"279538273033011201","data":"Reflection: Analysing Emotions of Social Writing http://lnkd.in/s_useR "},{"index":"279564126844489729","data":"Dissemination: A free semantically annotated corpus: http://lnkd.in/bwNyKg "},{"index":"280724084281733121","data":"Dissemination: Information Architecture & Search: http://lnkd.in/q_tAf8 "},{"index":"279962097553666048","data":"http://lnkd.in/UyTTqU  Have a look here: [http://nl.ijs.si/ME/|leo://plh/http%3A*3*3nl%2Eijs%2Esi*3ME*3/Zay9?_t=tracking_disc]..."},{"index":"281362726163456001","data":"Webcast on Bid Data and Statistics: http://lnkd.in/WYAxUu "},{"index":"281777490060517377","data":"Thesis Review: Resolving Power of Search Keys http://lnkd.in/6bzepy "},{"index":"282778493903831040","data":"Season's Greetings: http://lnkd.in/sKX_xi "},{"index":"281776176303845376","data":"Request: Corpus-Based Sublanguage Glossary http://lnkd.in/ydCWZj "},{"index":"282780387179102209","data":"http://lnkd.in/4hAnei  Hi Valentino,    thanks for your suggestion.   Bootcat is certainly a quick way to create corpora from scratch...."},{"index":"282787057758248962","data":"Dissemination: Final Conference of the EU FP7 CyberEmotions Project: http://lnkd.in/-CnK3x "},{"index":"283104460018941952","data":"http://lnkd.in/Y5Hch9  Great, Lance!  Thanks a lot for such a detailed description.  Merry Christmas,  Marina"},{"index":"282787383966040064","data":"Dissemination: Final Conference of the EU FP7 CyberEmotions Project http://lnkd.in/3zee36 "},{"index":"286773128921747456","data":"Invited Talk: How Emotional Are Users' Needs? Emotion in Query Logs: http://lnkd.in/8N6NBr "},{"index":"286207247296638976","data":"http://lnkd.in/nk-Q9s  Hi Asslam,    I would suggest something like \"Evolution of search topics over time\"..."},{"index":"286512280454189056","data":"http://lnkd.in/sUKqs6  ....or, to say it in other words, topic trends in search queries..."},{"index":"286774021171855361","data":"Invited Talk: How Emotional Are Users' Needs? Emotion in Query Logs http://lnkd.in/HSvPcT "},{"index":"288715268241371136","data":"http://lnkd.in/KNEN2b  Big thanx Willy and Jason. Great hints."},{"index":"288714696096350208","data":"Dissemination: Synthesis Lectures on Information Concepts, Retrieval, and Services: http://lnkd.in/jnZcD5 "},{"index":"290468997932146688","data":"Book in Preparation: A Computational Theory of Digital Genre http://lnkd.in/kewfSj "},{"index":"290470707605934081","data":"Book in preparation: A Computational Theory of Digital Genre http://lnkd.in/Dg-RxE "},{"index":"290827969197391872","data":"http://lnkd.in/pQzpcn  Thanks Khaled. I will think about it."},{"index":"290895149163220993","data":"http://lnkd.in/5fFNpC  Big thanks, John, for your detailed comments."},{"index":"291125406814326784","data":"http://lnkd.in/B4FzTJ  Can you give me an example of such a genre? maybe Facebook posts? or are you referring to something else?"},{"index":"291121087025139712","data":"http://lnkd.in/WPQ7xF  Hi Khaled, if by DFA you mean deterministic finite automata, the answer is I do not know yet. The initial..."},{"index":"291126616116039680","data":"http://lnkd.in/iT6P7S  Yes, I will discuss this kind of multi-linguality."},{"index":"291122657833914368","data":"http://lnkd.in/Vtjw_P  Hi Chaker,    may I ask you what you mean by multi-language genre classification? are you referring to documents..."},{"index":"291179339129696256","data":"http://lnkd.in/dfh_Rq  ok, I will get back to you later. Thanx"},{"index":"291523158962475010","data":"http://lnkd.in/HNzHb6  TOC = Table of Contents"},{"index":"291525039646457856","data":"http://lnkd.in/hBY_BB  No problem, Khaled."},{"index":"291618234350845952","data":"Dissemination: Facebook Search Power: http://lnkd.in/r3XA_D "},{"index":"293352595358101504","data":"http://lnkd.in/EJ7DQB  Dear Nyasha, I appreciate your feedback. I will think about introducing multimedia genres, or at least I will try..."},{"index":"292956565030449152","data":"http://lnkd.in/3vNCMm  Hi Gideon,    I thank you very much for your reflections and thoughts. I will include them in my list of discussion..."},{"index":"293818559547719681","data":"http://lnkd.in/5taXh9  With pleasure..."},{"index":"298695491594637312","data":"Dissemination: Informer - Winter 2013 Issue: http://lnkd.in/RwyidR "},{"index":"296697555436326912","data":"Presentation: How Emotional Are Users’ Needs? Emotion in Query Logs http://lnkd.in/kn2WRC "},{"index":"299175648595943424","data":"Query Logs for Download: Italian and Swedish: http://lnkd.in/VqXCaj "},{"index":"299259869704364032","data":"R you in Stockholm? Join the next R useR meetup: Text analytics using R http://lnkd.in/ZqBZPX "},{"index":"299176757725102080","data":"Query Logs for Download: Italian and Swedish http://lnkd.in/EHvHTm "},{"index":"299441536637214720","data":"R you in Stockholm? Join the next R useR meetup: Text analytics using R http://lnkd.in/ZqBZPX "},{"index":"299453594053246977","data":"http://lnkd.in/56dBgF  Big thanks, Vyacheslav! Probably I have inadvertently duplicated the url :-(  I am going to fix it...    Cheers"},{"index":"299259065102630912","data":"R you in Stockholm? Join the next R useR meetup: Text analytics using R: http://lnkd.in/jGbSWN "},{"index":"299455165499588610","data":"http://lnkd.in/uZaRi7  Great!"},{"index":"299969636924002304","data":"http://lnkd.in/SE3wkB  Alexander, when you say that \"most emotional texts are emotional only implicitly\" this means that probably we do..."},{"index":"299962152410808320","data":"http://lnkd.in/CcimWm  Hi,    You can can by reading wikipedia article on Information Extraction..."},{"index":"301002894189150209","data":"http://lnkd.in/rjNDuF  Download this pdf from the web  Information Extraction: Techniques and Challenges, by Ralph Grishman    Read also..."},{"index":"299966455879983104","data":"http://lnkd.in/J3njiQ  For those who wonder about the emotional strength of a query such as: \"How to stop breastfeeding and make it sleep..."},{"index":"300189401986777089","data":"http://lnkd.in/ttrCDE  Great, Katerina!"},{"index":"302318757274071040","data":"Emerging discipline: Collective Intelligence: http://lnkd.in/5VquhG "},{"index":"303763375068962816","data":"How could language technology help out with youth suicide prevention?: http://lnkd.in/pvKnUJ "},{"index":"303765001427091456","data":"Dissemination: Suicide Prevention using Administrative Data: http://lnkd.in/rt2aGG "},{"index":"303801786593058818","data":"http://lnkd.in/F-7Xa8 "},{"index":"308567938087153665","data":"Dissemination: http://lnkd.in/4TMSJ8 "},{"index":"304152518261346305","data":"http://lnkd.in/GrJZU3  Thanks to you, David, for the pointers!"},{"index":"308871257586278400","data":"Dissemination : Parsing Models for Identifying Multiword Expressions: http://lnkd.in/fjP9Dk "},{"index":"308933253258174465","data":"Multi-Word Expression and Machine Translation: http://lnkd.in/CZkTXS "},{"index":"308961951214628864","data":"Announcement: Advanced Threat Protection summit: http://lnkd.in/Ye_V4t "},{"index":"309212320419168256","data":"Bringing Genre into Focus : BULLETIN of the American Society for Information Science and Technology: http://lnkd.in/ad29Sn "},{"index":"309202579651432448","data":"http://lnkd.in/JR8PRy "},{"index":"309289215307427840","data":"Check out this Meetup with Stockholm R useR group (StockholmR)! http://meetu.ps/w4tld "},{"index":"308582225119690753","data":"Dissemination: Arvid Kappas' view on Emotions and Cyberemotions: http://lnkd.in/Ffvx-5 "},{"index":"309566687223627777","data":"Applying Name Entity Recognition to the identification of topic trends: http://lnkd.in/DWCRN9 "},{"index":"309771115385995264","data":"Small data, mid data and big data: http://lnkd.in/e46VYM "},{"index":"309567497479258112","data":"http://lnkd.in/XddEJB  Hi Taous,    I am afraid can't help here :-)  I am sure you will find good hints on the web"},{"index":"310657519250989056","data":"Peeping into the future: Sending your smartphone to med school: http://lnkd.in/cMeqsR "},{"index":"310642850767466496","data":"Microblog language identification: overcoming the limitations of short, unedited and idiomatic text http://lnkd.in/BUEQZs "},{"index":"310657772503056384","data":"http://lnkd.in/iirxsu "},{"index":"310658121091653632","data":"Open Access Article: Microblog language identification: overcoming the limitations of short text http://lnkd.in/jxPQJw "},{"index":"310657909996519424","data":"New Book: Data Mining and Knowledge Discovery http://lnkd.in/vGZYZK "},{"index":"310683627203751936","data":"Call for Papers: TIR 2013 - 10th International Workshop on Text-based Information Retrieval http://lnkd.in/tK5NTM "},{"index":"310658234212024321","data":"Collective intelligence and language resources http://lnkd.in/CZYfCD "},{"index":"310683547637792768","data":"Call for Papers: TIR 2013 - 10th International Workshop on Text-based Information Retrieval: http://lnkd.in/8rzDHw "},{"index":"310694831154405377","data":"Customer Analytics: http://lnkd.in/8x8zmg "},{"index":"311004118242185216","data":"Call for Papers:  Forty-Sixth Annual Hawai’i International Conference on System Sciences (HICSS-47) - Materiality...: http://lnkd.in/zETEpT "},{"index":"311008963061760002","data":"Dissimination : HICSS-47 Minitracks http://lnkd.in/Qi9-Pv "},{"index":"311004944796893184","data":"How Big Data Is Changing the Whole Equation for Business http://lnkd.in/8u38rE "},{"index":"311007795736629248","data":"Dissimination : HICSS-47 Minitracks: http://lnkd.in/xabPz9 "},{"index":"311012146035191808","data":"Call for Papers: Digital Forensics: http://lnkd.in/u3ZX4Q "},{"index":"309296745857290240","data":"Meetup Announcement: Text Analytics and R (Stockholm): http://lnkd.in/D-hYni "},{"index":"312821529522089984","data":"Commercial Evolution of Social Networks http://blog.gnip.com/commercial-evolution-of-social-networks/ … via @gnip"},{"index":"311897304640651264","data":"Presentation: Text analytics and R http://lnkd.in/kDiQq5 "},{"index":"312822974954762240","data":"http://lnkd.in/xzhZaA  Hi Triss, from the discussion came out that R is good, but not for big big data (say >= terabytes). So it depends..."},{"index":"311878240908226561","data":"Presentation: Text analytics and R – Open Question: is it a good match? http://lnkd.in/-d_-G9 "},{"index":"312826490490331137","data":"http://lnkd.in/7KGEdZ  Thanks, Carole! The whole discussion was lively and inspiring.   Live casts of this meetup are available here:..."},{"index":"312825494364098560","data":"Live casts of the Text analytics using R meetup: http://lnkd.in/pRp5JN "},{"index":"313740680432336897","data":"SEM 2013: Second Joint Conference on Lexical and Computational Semantics: http://lnkd.in/fGBbjw "},{"index":"313739542878384128","data":"NAACL HLT 2013: http://lnkd.in/7p7ia3 "},{"index":"313910599228727296","data":"Customers Analytics at Sentiment Analysis Symposium: http://lnkd.in/VdWCVn "},{"index":"313911965426782208","data":"Reblogging Information Interaction: last post by Tony Russell-Rose: http://lnkd.in/YcCUFu "},{"index":"313912756996808704","data":"Tutorial: Practical Sentiment Analysis: http://lnkd.in/WpCsHv "},{"index":"313911143636811777","data":"ONLINE COURSES IN UNSTRUCTURED TEXT ANALYTICS: http://lnkd.in/42chg9 "},{"index":"313913606519549953","data":"Colorful Pipes In The Dalles - Stunning Photos Of Google's Massive Data Centers - Forbes http://lnkd.in/3XGnCd "},{"index":"315353003173502976","data":"A rare look inside Facebook’s Oregon data center [photos, video] http://lnkd.in/7sgx3S "},{"index":"316449247119675392","data":"Homo socialis...: http://lnkd.in/G4UBU9 "},{"index":"313925530372169729","data":"http://lnkd.in/dz5aFg  You can find R code suggestions in this thread:..."},{"index":"317187505432694784","data":"SPSS, SAS, R, Stata, JMP?: http://lnkd.in/u_xMae "},{"index":"316450013729398784","data":"About Representativeness of sample size: http://lnkd.in/Kz5btV "},{"index":"317229651942596608","data":"Datasets, Corpora and Forensic Linguistic Research http://lnkd.in/hx9-jQ "},{"index":"317231574485721089","data":"Latest News on Data Visualizaion (from Follow the Data blog): http://lnkd.in/QSsTRK "},{"index":"317235589550309376","data":"The Big Data Paradox: http://lnkd.in/XiT7qx "},{"index":"317235076696006656","data":"Top 10 Most Funded Big Data Startups: http://lnkd.in/xXKZuv "},{"index":"319385983021903873","data":"An Interview with Tom Reamy: http://lnkd.in/En8BMN "},{"index":"319386966699429888","data":"Screencast from StuartWShulman's Library: Bloomberg Pilot Project: http://lnkd.in/dyqu-K "},{"index":"319741434909569025","data":"Open discussion...: http://lnkd.in/mRmvCT "},{"index":"319384143727316992","data":"Text Analytics World | Interviews http://lnkd.in/zy6G_Q "},{"index":"319882059604701185","data":"Reblogging: Ensemble Learning: http://lnkd.in/dc26-F "},{"index":"319886922887598080","data":"Three principles of text analytics heresy by Meta Brown: http://lnkd.in/99b7Yi "},{"index":"322609169804967937","data":"http://lnkd.in/fiakKZ  I would love to travel to St. Louis :-)     BTW, this article was suggested by Kyle Silvestro, whom might be an..."},{"index":"323394179172544512","data":"http://lnkd.in/eGu2s5 "},{"index":"322615748369461249","data":"Tweets, Posts, Tags and Likes: Is Social Media the Future of Outbreak Epidemiology? http://lnkd.in/ie9fgn "},{"index":"319746035121545217","data":"The Zuckerberg Case / Forensic Stylistics from the Bench http://lnkd.in/Mqp2as "},{"index":"323416681294749696","data":"Towards a Cross-Lingual Lexical Knowledge Base of Lexical Forms http://lnkd.in/d_XAPz "},{"index":"323423784524709888","data":"Towards a Cross-Lingual Lexical Knowledge Base of Lexical Forms -  http://www.forum.santini.se/2013/04/cross-lingual-lexical-knowledge-base/ …"},{"index":"323776752071618561","data":"http://lnkd.in/PbiMue  Thanks a lot for the suggestions and ideas. I am going to collect all the hints (also from other sources) as..."},{"index":"323782746814177280","data":"http://lnkd.in/rAbqVi  Hi John,  a timely update of lexical resources for single words and multiwords is both a monolingual and..."},{"index":"324052732170350592","data":"http://lnkd.in/fP4dsD  Big thx, Maria Teresa!"},{"index":"323846275365740546","data":"http://lnkd.in/a6h2hC  I am updating the blog post's comments with suggestions and hints from different discussion groups and sources......"},{"index":"324068913627406337","data":"http://lnkd.in/fJA9We  I will do that, Stephen. Thanks for advice and encouragement."},{"index":"324161761106350080","data":"Search that sucks: http://lnkd.in/JZtu8r "},{"index":"324052951834456064","data":"http://lnkd.in/8_4BWS  Thanx, Suzanne"},{"index":"324432723877957632","data":"Scenarios for the Future of the IT Industry http://lnkd.in/v-j4sD "},{"index":"324434140499935232","data":"http://lnkd.in/5uheFb  Good suggestion, Paolo. I have now added BabelNet (and some other resources) in the body of the blog post. Thanks."},{"index":"324438361878183936","data":"http://lnkd.in/K9tsjR  ok, good to know. Thanks!"},{"index":"324498341452984322","data":"http://lnkd.in/sSAznY  Thanks for sharing your experience, Leo. I am sure you were a pioneer in the field. Thank you also for stressing..."},{"index":"324790199806722048","data":"http://lnkd.in/QQMZDc  I see what you mean, Leo.   I tried \"ontsteking\" --> English, and also \"inflammation\" --> Italian.   You said \"We..."},{"index":"325126533318574082","data":"http://lnkd.in/qhUS4N  Thanks!"},{"index":"325140765544169473","data":"http://lnkd.in/47-idP  The WebGenreWiki works fine now."},{"index":"325927577824923649","data":"http://lnkd.in/KN-_uU "},{"index":"325927298534604800","data":"http://lnkd.in/Rb96UJ "},{"index":"325317886254145538","data":"http://lnkd.in/k4Ugya  Good to know about EU projects, Luca. Thanx"},{"index":"324949043518255105","data":"http://lnkd.in/zYA6pw  The wiki is still not perfectly in shape. The home page is ok, but the repository is still 404. You can start..."},{"index":"327001367518511104","data":"The new Informer issue, Spring 2013: http://lnkd.in/ZydRg4 "},{"index":"328760569702260736","data":"Requests for proposal (RFP) and IR http://lnkd.in/hvHV2S "},{"index":"324793976823631873","data":"http://lnkd.in/btiaMZ  Hi Carole,  I am thinking of a cross-lingual lexical resource that can be used for NLP and by humans. Afterall,..."},{"index":"329121247554326528","data":"The psychology of (cyber)emotions: http://lnkd.in/Z9f35p "},{"index":"328762963282522112","data":"Request for Proposal (RFP)  and IR http://lnkd.in/M_KkAb "},{"index":"329137697446838272","data":"Dissemination: Enterprise Search Summit in London: http://lnkd.in/-atUMS "},{"index":"329586506622705666","data":"Dissemination: Register as a predictor of linguistic variation: http://lnkd.in/TeKAhW "},{"index":"330587997756063745","data":"Research Advances: Automatically Assessing Machine Summary Content Without a Gold Standard: http://lnkd.in/5zxYVS "},{"index":"329589898157895681","data":"Ph.D. thesis: Domain Adaptation for Parsing: http://lnkd.in/3cnk7w "},{"index":"330245857708503040","data":"http://lnkd.in/2tMjVi  This is the link to the pdf:..."},{"index":"329133412898185217","data":"http://lnkd.in/4bRz3j  Thanks a lot, Martin, for your pointers. Hope I can attend the Findability day here in Stockholm!"},{"index":"330612823774351360","data":"Analytics Education in the era of Big Data http://lnkd.in/eGu2s5 "},{"index":"330588289490907137","data":"Research Advances: Automatically Assessing Machine Summary Content Without a Gold Standard http://lnkd.in/PCjQQ7 "},{"index":"330659708870459392","data":"Text Analytics in 2013 - Overview: http://lnkd.in/ujugJV "},{"index":"330663634353156097","data":"http://lnkd.in/H4DWYK "},{"index":"330665131220549632","data":"http://lnkd.in/_7nSJ5 "},{"index":"330664531397320705","data":"Old School BI & the new vision http://lnkd.in/HtNrVc "},{"index":"330667076400336897","data":"http://lnkd.in/dyGwqw  Thanks for your feedback and support, William!"},{"index":"330957110357667840","data":"Think Mid Data, and Triangulate: Tom H.C. Anderson on Next Generation Research Methods http://lnkd.in/WgTkzZ "},{"index":"331823135970185216","data":"http://lnkd.in/MV-4B5  Good idea Ramin :-)"},{"index":"330995754518839296","data":"Dissemination: Machine Learning Pitfalls: http://lnkd.in/_nzZKE "},{"index":"332754898326278144","data":"http://lnkd.in/5ZD-KH  no need to apologize, David..."},{"index":"332825675092353024","data":"Papageno: Predictive Models for Crisis Intelligence http://lnkd.in/j3PGHq "},{"index":"332756378714259456","data":"http://lnkd.in/A_uipc  done!"},{"index":"332805368163991553","data":"Video Lectures recorded at Final Conference of EU Project CYBEREMOTIONS: http://lnkd.in/E-Wdfd "},{"index":"332826844791439361","data":"http://lnkd.in/P2zGTz "},{"index":"333505349816557569","data":"http://lnkd.in/CcmztK  Thanx Bill!"},{"index":"332866313229852674","data":"Papageno: Predictive Models for Crisis Intelligence http://nblo.gs/L5AyJ "},{"index":"333506712977956864","data":"http://lnkd.in/CUV7wC  Thanks a lot, Tamarie!"},{"index":"333503954757496832","data":"http://lnkd.in/XS56tA  Thanks a lot!"},{"index":"334177221688324099","data":"Horizon 2020, Framework Programme for Research and Innovation http://lnkd.in/F49-Aw "},{"index":"333513116166025217","data":"http://lnkd.in/-56DSG  Katerina, I could not find record of \"early bird registration\" (which is very common in the academic world when it..."},{"index":"334557970266456065","data":"http://lnkd.in/3F2r2d  Thanks for sharing your experience, Manuel and Martin!"},{"index":"333552408678502400","data":"http://lnkd.in/9qkGaM  big big thanx!"},{"index":"334616425975148544","data":"Information sharing: Horizon 2020: http://lnkd.in/iuD6Jm "},{"index":"334660052520693760","data":"Annotated dataset for opinion retrieval in Twitter: http://lnkd.in/dhNzPU "},{"index":"334918131220885504","data":"http://lnkd.in/QyPWBP  Hi Charlie,  absolutely! I am interested.... marinasantini.ms@gmail.com"},{"index":"334661204331069440","data":"Annotated dataset for opinion retrieval in Twitter http://lnkd.in/96YjCf "},{"index":"333501606752559104","data":"http://lnkd.in/k5cbHa  Hi Ina,    I would be great if you post post them here. Eager to know your suggestions, which are always to the..."},{"index":"335683145368207362","data":"http://lnkd.in/TJv9hh  Hi Harsh,     I suggest contacting the authors directly. Their emails are in the paper..."},{"index":"335644502867992577","data":"New PhD Thesis: Predicting Linguistic Structure with Incomplete and Cross-Lingual Supervision http://lnkd.in/P5d3Cd "},{"index":"335643223932416000","data":"New PhD Thesis: Predicting Linguistic Structure with Incomplete and Cross-Lingual Supervision: http://lnkd.in/RGcxV5 "},{"index":"335097595947003905","data":"http://lnkd.in/_WjNqX  Hi Stefan,   I do not see any inter-rater agreement stated in the paper (see the link in the discussion..."},{"index":"336386388838711296","data":"http://lnkd.in/GVtWf4  Thank you for the pointers, Lucy!"},{"index":"336134835275964416","data":"http://lnkd.in/uu8duf  \"language\" and \"linguistic structure\" are very vague expressions, if one thinks of it.  are we referring to..."},{"index":"336736169914163201","data":"Dissemination: Ninth Suicide Prevention Conference in Stockholm http://lnkd.in/_NjCAm "},{"index":"336735150304014336","data":"Dissemination: Ninth Suicide Prevention Conference in Stockholm: http://lnkd.in/x58d2f "},{"index":"336759139399245824","data":"http://lnkd.in/8jyiSF  Sure, Tanja!"},{"index":"336759659518103552","data":"http://lnkd.in/NdfJa3  Georgios Paltoglou suggests also a paper in last year's ECIR about annotating the TREC microblog 2011 qrels for..."},{"index":"336758743859609600","data":"http://lnkd.in/VuWa4H  Thanks, George!"},{"index":"336848271144267777","data":"http://lnkd.in/Pya7iF  Timo and Phil, thanks a lot for your references and interest. I hope I will manage to share ideas through a blog..."},{"index":"337108158025707520","data":"http://lnkd.in/dmJUr5  Thanks Debanjan and Vinayak for your comments. I will publish a blog post..."},{"index":"337109585586425856","data":"http://lnkd.in/zAm957  In the next weeks I will point out some challenges. So we can have a more focussed discussion on a number of..."},{"index":"337113110164951040","data":"http://lnkd.in/UWUbnp  Tania, would you like to share with us the link to your dissertation/report? It is very much related to the topic..."},{"index":"337115015444316160","data":"http://lnkd.in/8Yd-sU  Absolutely great!"},{"index":"337878593701031937","data":"http://lnkd.in/quhFFS "},{"index":"338143786028920833","data":"IoT Week, Helsinki, 16-19 June 2013 What would you like to know or present regarding Data Analytics? http://lnkd.in/u5NNg7 "},{"index":"337881963799142400","data":"Dissemination - New Internet of Things SIG report: the challenges and the opportunities: http://lnkd.in/MFMVCy "},{"index":"338205737023049728","data":"Squib: Opinion Retrieval and Genre Conventions http://lnkd.in/5YRtVV "},{"index":"338203595189153792","data":"Opinion Retrieval and Ranking: the creeping and  ineluctable force of Genre http://lnkd.in/qwbxqx "},{"index":"338144396069445632","data":"http://lnkd.in/h9bzv5  I am sharing with you this discussion started in the the UBIQUITOUS NETWORKS - Internet of Things, Internet of..."},{"index":"338218920643280897","data":"Opinion Retrieval and Ranking: the creeping and  ineluctable force of Genre http://nblo.gs/Lxy8E "},{"index":"339028714396454913","data":"http://lnkd.in/88CnQd  Can you give an example of a \"culturally recognized structure with a purpose\"? an \"introduction\", maybe?"},{"index":"339614860180586496","data":"http://lnkd.in/gWgmgt  Thanx, Glenn!"},{"index":"340377099934236672","data":"http://lnkd.in/DXYFv9  Hi David,   thanks for the reference to Intelligence. I will read the full article when I get hold of it. It fits..."},{"index":"340392717731377153","data":"Call for Papers: Special issue on Computational Intelligence for Natural Language Processing http://lnkd.in/Q6ri2s "},{"index":"341410126281965568","data":"http://lnkd.in/QvpijR  You might be right about the state of our social and resource sharing, David. But we are rapidly improving,......"},{"index":"338363304001011712","data":"http://lnkd.in/yFWcbK  Hi Quinn, can you give us some references or the website of the project?  thanks"},{"index":"338663016436490241","data":"http://lnkd.in/SkTWe3  Big thanx, Quinn!"},{"index":"341609004868435968","data":"Dissemination - Workshop announcement: Factor Analysis vs Principal Component Analysis: http://lnkd.in/UyYRmr "},{"index":"341609849790033920","data":"Dissemination - Workshop announcement: Factor Analysis vs Principal Component Analysis http://lnkd.in/WDWt3X "},{"index":"342166341471576064","data":"http://lnkd.in/72jaHW  David, thanks for the article!"},{"index":"340390155804348416","data":"Call for Papers: Special issue on Computational Intelligence for Natural Language Processing: http://lnkd.in/A-kjPD "},{"index":"342165958758109184","data":"Dissemination: Were the Victorians cleverer than us? The decline in general intelligence...: http://lnkd.in/yXcEpH "},{"index":"344792876229750784","data":"Sample Chapter: Information Seeking: http://lnkd.in/7Rv2yS "},{"index":"344764185567174656","data":"Enterprise Search has a very bright future! http://lnkd.in/aiHJyk "},{"index":"348682207025577985","data":"Culturonomics: Glossary of political terms http://lnkd.in/Y7Cpwv "},{"index":"344793676012195840","data":"Request: Sentiment analysis tools for non-coders?: http://lnkd.in/64DPej "},{"index":"348681590865539073","data":"Culturonomics: Glossary of political terms: http://lnkd.in/NA_T2x "},{"index":"345192666973229056","data":"http://lnkd.in/VgYJ_C  Thanx Evgenia and Ghada!"},{"index":"349475823625043969","data":"Towards a Safer Web (with Language Technology) http://lnkd.in/43ubkQ "},{"index":"349476980745445376","data":"Towards a Safer Web (with Language Technology) http://nblo.gs/MwTET "},{"index":"350885752609058816","data":"Threat analysis: corpora available? http://lnkd.in/jVwuhP "},{"index":"351250807171203072","data":"http://lnkd.in/-UxXQC  Thanks David!"},{"index":"352363039703568386","data":"http://lnkd.in/TmnZVe  Great Christopher! Thanks"},{"index":"351744055119589377","data":"Threat analysis: corpora available? http://lnkd.in/jVwuhP "},{"index":"350656907024924673","data":"Threat analysis: corpora available?: http://lnkd.in/h-vsp2 "},{"index":"352746101075480576","data":"http://lnkd.in/A2Epmn  not a bad idea, Nuno. Thx!"},{"index":"352760014420717570","data":"http://lnkd.in/Avus9E  That's one of challenges, Debanjan. Maybe u can suggest a smart solution for this problem?"},{"index":"352747119226007555","data":"http://lnkd.in/exTdb9  Thanks, Bob. See my email.    Debanjan, start having a look at the CTAD (Communicated Threat Assessment Database),..."},{"index":"352762124382113792","data":"http://lnkd.in/jDgcxw  That's one of the research questions we would like to contribute to answer..."},{"index":"355940170182307844","data":"Dissemination: Search & Text Analytics: http://lnkd.in/VvjJns "},{"index":"352816128566894592","data":"http://lnkd.in/Pyiy6W  Stat reading this: Tammy Angela Gales \"Ideologies of Violence: A Corpus and Discourse Analytic Approach to Stance..."},{"index":"355942253975449602","data":"Dissemination: Search & Text Analytics http://lnkd.in/d29a5v "},{"index":"356308860274876416","data":"Resource available for research: weblog and social media dataset: http://lnkd.in/-4MsJu "},{"index":"356310778808242176","data":"Resource available for research: weblog and social media dataset http://lnkd.in/jGhiMs "},{"index":"356642016219766786","data":"Dissemination: Digital Health Days 2013 in Stockholm http://lnkd.in/jRcjZy "},{"index":"356641519605776384","data":"Dissemination: Digital Health Days 2013 in Stockholm: http://lnkd.in/grnzpA "},{"index":"358313469168189441","data":"http://lnkd.in/hN-VyK  Which thesis, Pedro, are you interested in?"},{"index":"359240146278817794","data":"Call for Participation: The 7th Linguistic Annotation Workshop (LAW): http://lnkd.in/mdqC-q "},{"index":"359353100722651140","data":"Machine Learning as a Service: http://lnkd.in/6AZ4wJ "},{"index":"359009522880233473","data":"http://lnkd.in/z5mRFb  The resource is downloadable from here:..."},{"index":"360087475508621312","data":"http://lnkd.in/kdqGWF  Thanks Barry! David, I am here: marinasantini.ms@gmail.com  Looking forward to reading the study..."},{"index":"359009111184117761","data":"Reblogging \"Follow the Data\" latest post:: http://lnkd.in/uATZiN "},{"index":"361805164874702848","data":"http://lnkd.in/sHegUD  Yes, absolutely, Saeedeh!"},{"index":"363971323594149888","data":"Predicting policing based on Big Data: http://lnkd.in/pWR2Bc "},{"index":"365062539534536704","data":"Dissemination: Computational Linguistics, Volume 39, Issue 3 - September 2013: http://lnkd.in/Z4syPy "},{"index":"363970591100895232","data":"http://lnkd.in/3TGvGQ "},{"index":"3684848313","data":"Vaghe stelle dell'orsa..."},{"index":"370894394963922945","data":"Lecture 1: Introduction – Machine Learning for Language Technology http://lnkd.in/R7v36A "},{"index":"363578650878156801","data":"http://lnkd.in/ma-Dds  Text Mining, Text Analytics & Machine Learning"},{"index":"372307924246208514","data":"Lecture 02: Decision Trees and Nearest Neighbors http://lnkd.in/mK5vRE "},{"index":"371341392972234752","data":"Lecture 1: Introduction – Machine Learning for Language Technology http://nblo.gs/OpQxt "},{"index":"372253456901238784","data":"Distributional Semantics applied to Flickr® Tags http://lnkd.in/nT8ZNf "},{"index":"372356301201739777","data":"Lecture 02: Decision Trees and Nearest Neighbors http://nblo.gs/OuGe8 "},{"index":"372356263222325248","data":"Distributional Semantics applied to Flickr® Tags http://nblo.gs/OuGe9 "},{"index":"373346560987262976","data":"Lecture 03: Linear Classifiers http://lnkd.in/T3_sm8 "},{"index":"373349694698561536","data":"Lecture 03: Linear Classifiers http://nblo.gs/OziCN "},{"index":"373839792976297984","data":"Why your brain may work like a dictionary - life - 29 August 2013 - New Scientist http://lnkd.in/8r6_JS "},{"index":"379608180092719104","data":"Lecture 04: The Weka Package http://nblo.gs/P6Vub "},{"index":"381763522427764736","data":"Lecture 5: Structured Prediction http://lnkd.in/bQVpxus "},{"index":"382034166348398592","data":"Cloud and Big Data Day 2013 - Program http://lnkd.in/bbkj96X "},{"index":"383509439845658625","data":"Lecture 6: Ensemble Methods http://lnkd.in/bfZV7kR "},{"index":"383511967853318145","data":"Lecture 6: Ensemble Methods http://nblo.gs/PuRoP "},{"index":"381825586059948033","data":"Lecture 5: Structured Prediction http://nblo.gs/Pjrek "},{"index":"385724123583750144","data":"Cloud and Big Data Day http://lnkd.in/b_eyBXK "},{"index":"385727683373453312","data":"Cloud & Big Data Day http://nblo.gs/PGoM4 "},{"index":"385690129018277888","data":"Forensics Analysis of #Westgate Tweets http://lnkd.in/bJx_7Hi "},{"index":"387544475385344000","data":"Lecture 7: Learning from Massive Datasets http://lnkd.in/bnvdiAR "},{"index":"387566524677898241","data":"Lecture 7: Learning from Massive Datasets http://nblo.gs/PRofF "},{"index":"387845933695655936","data":"Automata | Stanford Online http://lnkd.in/bGDvwQj "},{"index":"387841975908450304","data":"Semantics Perspective on Physical-Cyber-Social Computing http://lnkd.in/bsgsU4A "},{"index":"392552359701663744","data":"Entropy Calculator in Python http://lnkd.in/bkTRrpU "},{"index":"393281228415041536","data":"Random Forest and Naive Bayes for predictive modelling http://lnkd.in/bPkhJYM "},{"index":"392194094555873280","data":"Tools and insights for a data scientist http://lnkd.in/btWEtHp "},{"index":"387846903150678016","data":"Machine Learning | Stanford Online http://lnkd.in/b5YYbAd "},{"index":"393676940420202496","data":"Where do Twitter trends start? Try Cincinnati. http://lnkd.in/bpPXfmi "},{"index":"396563291155095553","data":"Announcement: New Meetup Group in Stockholm on Machine Learning http://lnkd.in/bMmDMRf "},{"index":"394560281944141824","data":"Course: Semantic Analysis in Language Technology http://nblo.gs/QuHGH "},{"index":"379592307273498625","data":"Lecture 04: The Weka Package http://lnkd.in/b5Zq2Bb "},{"index":"396566162625933312","data":"Machine Learning on Coursera http://lnkd.in/bxrwiR2 "},{"index":"398012329922543616","data":"Michael Collins’ Natural Language Processing course review http://lnkd.in/byFk2w7 "},{"index":"396566306524123136","data":"Learn Machine Learning from the class archive on Coursera http://lnkd.in/bxrwiR2 "},{"index":"398519419367727104","data":"Lecture 1: Semantic Analysis in Language Technology – Introduction http://lnkd.in/bdK7GXZ "},{"index":"398524554701598720","data":"Dataset sharing services at the International AAAI Conference on Weblogs and Social Media (ICWSM) http://lnkd.in/b_u8kyC "},{"index":"399868348126609408","data":"Collocations and Textual Genres: Recent Findings http://lnkd.in/bmymrCe "},{"index":"398495424295628800","data":"Lecture 1: Semantic Analysis in Language Technology – Introduction http://nblo.gs/QQASi "},{"index":"403078894325997568","data":"Lecture 2: From Semantics to Semantic-Oriented Applications http://nblo.gs/RglpV "},{"index":"403165603625582592","data":"Affect Detection in tweets - Microsoft Research http://lnkd.in/bgdef4V "},{"index":"404539333295607808","data":"Forensic Linguistic Evidence http://lnkd.in/bRdAj3k "},{"index":"403167138048778240","data":"How to build your own Twitter Sentiment Analysis Tool | DatumBox http://lnkd.in/bXCVezc "},{"index":"41924270712033280","data":"Review: Multimodality and Genre (2008) http://nblo.gs/eOUXA"},{"index":"41434450420183040","data":"Review: Academic Writing and Genre (2008) http://nblo.gs/eM54l"},{"index":"404693408708440064","data":"Lecture 3: Structuring the Unstructured via Sentiment Analysis http://nblo.gs/RnQqf "},{"index":"42309779279986688","data":"Book Review: Discourse on the Move (2007) http://nblo.gs/eRuI5"},{"index":"43756678704934912","data":"Book Review: Email Hoaxes (2008) http://nblo.gs/f2w2O"},{"index":"44843468434063360","data":"Book Review: Corpus Linguistics and the Web (2007) http://nblo.gs/f8xh2"},{"index":"47667008560578561","data":"Abstract: Conventions and Mutual Expectations http://nblo.gs/frzIr"},{"index":"47228643948240896","data":"Chapter Excerpt: Riding the Rough Waves of Genre on the Web http://nblo.gs/fo4Vv"},{"index":"48422774162722816","data":"Abstract: Identification of Web Genres by User Warrant http://nblo.gs/fxkJ9"},{"index":"46165888054984705","data":"Book Review: Genre Relations (2008) http://nblo.gs/fi6Om"},{"index":"50985818856230912","data":"Abstract: Problems in the Use-Centered Development of a Taxonomy of Web Genres http://nblo.gs/fOPhB"},{"index":"51901439760531457","data":"Excerpt: Cross-Testing a Genre Classification Model for the Web http://nblo.gs/fUsRK"},{"index":"53043642453078016","data":"Abstract: Formulating Representative Features with Respect to Genre Classification http://nblo.gs/g2bnQ"},{"index":"54086732618006528","data":"Abstract: In the Garden and in the Jungle: Comparing Genres in the BNC and Internet http://nblo.gs/g9ZHY"},{"index":"55979963089821696","data":"Abstract: Marrying Relevance and Genre Rankings: an Exploratory Study http://nblo.gs/gmMVb"},{"index":"58232106802876416","data":"University of Borås: lecture and seminar slides http://nblo.gs/gC9dh"},{"index":"54924389057183744","data":"Web Genre Analysis: Use Cases, Retrieval Models, and Implementation Issues http://nblo.gs/geBkw"},{"index":"57867732523290625","data":"Abstract: Classification of Web Sites at Super-genre Level http://nblo.gs/gzd6T"},{"index":"59619887454236672","data":"Abstract: Mining Graph Patterns in Web-based Systems: A Conceptual View http://nblo.gs/gL7Sm"},{"index":"62915316543533057","data":"Looking for genre-specific corpora http://nblo.gs/h7BmZ"},{"index":"63459231965265921","data":"Supercrancky mood not allowed!"},{"index":"63295465478815744","data":"Abstract: Genre Emergence in Amateur Flash http://nblo.gs/haBix"},{"index":"64784298955390976","data":"Abstract: Variation Among Blogs: A Multi-dimensional Analysis http://nblo.gs/hkgRb"},{"index":"65728101031739393","data":"Abstract: Evolving Genres in Online Domains: The Hybrid Genre of the Participatory News article http://nblo.gs/hr0Sg"},{"index":"61086096129396737","data":"Excerpt: Genre Connectivity and Genre Drift in a Web of Genres http://nblo.gs/gWex0"},{"index":"72284924937375744","data":"Is a boat manual still a manual a hundred years later? http://nblo.gs/iaIuH"},{"index":"67955065910067200","data":"Chapter: Any Land in Sight? http://nblo.gs/hGbYC"},{"index":"74549805640192000","data":"A trip to Barcelona in May…. What shall I “Discover”? Topic extraction and mood analysis? http://nblo.gs/irEbL"},{"index":"79236164833382400","data":"CLT seminar (University of Gothenburg): 2011-06-16, 10:15 – 12:00 http://nblo.gs/iZp9i"},{"index":"7473111124","data":"Glimmering stars of the Great Bear... A new year starts, and new adventrues begin... I wonder if I will ever resume my diving course..."},{"index":"8020296621","data":"Trying to work on the Web Rider..."},{"index":"8145274016","data":"@jazzygio Giovanni, do not lose your heart. I have a java class for our group :-)"},{"index":"7473142374","data":"The sheer idea of jumping off a 10-meter high platform makes me terrified! Uhm must be feasible... But... Maybe I can just dive from 5m :-)"},{"index":"8145308371","data":"@jazzygio I will ring you up later during this sunday .... Smile"},{"index":"8687501846","data":"What's happening? Don't ask me: ingen aning..."}]