[{"index":"288367054279561216","data":"Impresionante: robots LEGO que hablan con tu iPhone http://buff.ly/SeVltr  #ces2013"},{"index":"288710285584388096","data":"Just completed a 7.78 km run with @RunKeeper. Check it out! http://rnkpr.com/a2bpypy  #RunKeeper"},{"index":"288281141864173572","data":"110\"? http://www.fayerwayer.com/2013/01/ces-2013-samsung-anticipa-un-televisor-de-diseno-sin-precedentes/ …"},{"index":"289096996256616449","data":"Just completed a 14.45 km run with @RunKeeper. Check it out! http://rnkpr.com/a2bw1tn  #RunKeeper"},{"index":"288332971709186048","data":"Apps para transformar tu iPhone completamente http://buff.ly/Zvx2cV "},{"index":"289139079273148416","data":"Hierve El Te Kukicha http://viddy.it/13jm0qa "},{"index":"289514274106249218","data":"I just submitted an image to @Pixoto. Check it out at http://www.pixoto.com/images/87390820?kme=tw-published …"},{"index":"289509979755520001","data":"I just submitted an image to @Pixoto. Check it out at http://www.pixoto.com/images/87390807?kme=tw-published …"},{"index":"289694161374965760","data":"#architecture #building http://instagr.am/p/UV3WM4gHoU/ "},{"index":"290043036677836800","data":"Probando Pixoto, un nuevo sitio para vender o compartir fotos al estilo 500px http://buff.ly/11jkOou "},{"index":"290391958583640064","data":"Guay http://viddy.it/UIl9tz "},{"index":"290884010345914369","data":"Predicciones acerca de un iTV de Apple este 2013 Apple Predictions 2013: AppleTV, iTV And TV App Store - Forbes http://buff.ly/X6Aswr "},{"index":"291901360532762625","data":"Just completed a 10.76 km run with @RunKeeper. Check it out! http://rnkpr.com/a2cylps  #RunKeeper"},{"index":"291983891860971523","data":"Selfstarter: el CMS para crear tu propia web de crowdfunding http://www.error500.net/selfstarter-el-cms-para-crear-tu-propia-web-de-crowdfunding/#.UPhKbeMq3fg.twitter …"},{"index":"292235630153453569","data":"Benvinguda a @danimontalban @a_gonzalvez @maratestALC30km @via_verda @hectormilla Sou més de 30 o 15km? http://www.maratest.com  #tiradallarga"},{"index":"292911414279028736","data":"Just completed a 3.04 km run - Calentamiento antes de la cursa  Santi Antoni de 10km. http://rnkpr.com/a2dany2  #RunKeeper"},{"index":"293336169654140928","data":"Voto por Prismatic como mejor Content Discovery Application 2012 en Crunchies awards http://is.gd/KboemD  #crunchies"},{"index":"293336834010931202","data":"Voto por Medium como Best Design 2012 Crunchies awards! http://is.gd/mdJdLu  #crunchies"},{"index":"293337485315018752","data":"Voto por Kickstarter como Biggest Social Impact 2012 Crunchies awards! http://is.gd/rNmDjA  #crunchies"},{"index":"293768878314627072","data":"Sergey Brin con la gafas de Google en el metro de New York \nhttp://buff.ly/WAWo3P "},{"index":"298853099945218048","data":"Où va la TV connectée ? (29/01) - See on Scoop.it - TV Conectada 2013 sera-t-elle l’année de la télé... http://tmblr.co/ZIYtXydT1sph "},{"index":"295969713345933312","data":"Is Twitter's Vine the new 'micro-porn' service? http://www.zdnet.com/is-twitters-vine-the-new-micro-porn-service-7000010411/ …"},{"index":"299475419411927040","data":"Interessant forma de narrar una història... | Albert March http://albertmarch.tumblr.com/post/42432146371/interessant-forma-de-narrar-una-historia …"},{"index":"298853144660676608","data":"Où va la TV connectée ? (29/01) | @scoopit http://sco.lt/6DEOAb "},{"index":"301389781865226240","data":"Viendo el televisor Uppleva que vende Ikea (@ IKEA w/ 2 others) [pic]: http://4sq.com/X2vAMJ "},{"index":"298874319658954752","data":"Samsung Launches Strategy And Innovation Center, Will Invest $1.1 Billion On Innovation Through Two Funds http://techcrunch.com/2013/02/04/samsung-strategy-and-innovation-center/ …"},{"index":"304534439629819904","data":"Viva el streaming creativo http://cultura.elpais.com/cultura/2013/02/20/actualidad/1361381042_453502.html … via @el_pais"},{"index":"305653724062285824","data":"Numericable enrichit sa TV connectée et son multiscreen - See on Scoop.it - TV Conectada 55 chaînes peuvent... http://tmblr.co/ZIYtXyets24l "},{"index":"302083388041465856","data":"@hectormilla si tienes o conoces proyectos webdocs que puedan participar en http://transvergencia.wordpress.com/i-concurso-transmedia-uab/ … estaremos encantados de inscribirlos ;)"},{"index":"306851188958195713","data":"Las gafas de Google cambiarán mucho los usos cotidianos ¿una revolución? http://bit.ly/ZCiWac  #futuro"},{"index":"307435592675913728","data":"Un Internet de las cosas fácil según Telefónica I+D con Thinking Things http://alt1040.com/2013/02/internet-de-las-cosas-thinking-things … via @alt1040"},{"index":"309622152607444992","data":"Contrast http://instagr.am/p/Wjdo5rgHks/ "},{"index":"310512094267179008","data":"#architecture #sky http://instagr.am/p/WpyVdggHuz/ "},{"index":"311045045501452288","data":"Google Glass vs iWatch http://www.abc.es/tecnologia/20130311/rc-movil-libre-manos-201303110034.html#.UT2ipW0oCFw.twitter …"},{"index":"311174051932545024","data":"Light & Architecture http://instagr.am/p/WufYOaAHgV/ "},{"index":"314331992382656512","data":"#thinkingparty ha llegado primavera !!!"},{"index":"312132921655955456","data":"Para mi la alternativa al Google Reader es Flipboard http://flipboard.com/ "},{"index":"314348394577539074","data":"#thinkingparty escuchando al gran Francis Pisani pic.twitter.com/W27T6HJZkc"},{"index":"316163450978045952","data":"Tree http://instagram.com/p/XR8Q6zgHlm/ "},{"index":"314350421693063168","data":"#thinkingparty Jack Kim ha creado el Shazam de video, pista a seguir"},{"index":"314410309878153216","data":"@hectormilla: #ThinkingParty Foto a foto de @dreig que dice q Facebook ya no es cool en EE. UU. pic.twitter.com/6yXYdo3xsa"},{"index":"317569860169265152","data":"Contrast http://instagram.com/p/Xb73YEgHjj/ "},{"index":"316962733125951488","data":"Gray #architecture http://instagram.com/p/XXnvrAgHsl/ "},{"index":"318014607547576320","data":"#archilovers @ FGC Europa-Fira http://instagram.com/p/XfGDqegHpP/ "},{"index":"320207438441771009","data":"Perfect http://instagram.com/p/XurTOzgHvv/ "},{"index":"318756776839356416","data":"Blue http://instagram.com/p/XkXl2fAHou/ "},{"index":"321309514823507970","data":"Slim una nueva app social media para la gente ocupada\nhttp://http://buff.ly/YaER7w "},{"index":"321558684612300800","data":"The Quiet City: Winter in Paris http://showyou.com/s/2x0exf "},{"index":"321710514336043009","data":"Horizonte http://instagram.com/p/X5WtXKAHkA/ "},{"index":"321575031211687936","data":"@hectormilla Happy 6th TwBirthday! You've been around since 09 April 2007! http://twbirthday.com/hectormilla/ "},{"index":"321310451495485440","data":"¿Comprará Google Whatsapp? http://buff.ly/16Ic3Eq "},{"index":"321946729995976705","data":"El negocio del running http://www.zoomnews.es/40108/deportes/running-y-fitness/negocio-las-carreras-populares-runners-espanoles-indignados-precios … cc/ @maratobarcelona"},{"index":"323066946981593088","data":"Flag http://instagram.com/p/YC_q0WgHiM/ "},{"index":"323941342038339584","data":"No, no puedo dormir, impresionado  #bostonmarathon #boston"},{"index":"323840593086275588","data":"Me mareo... #agbartower http://ligh.tt/pPn "},{"index":"324874219697606657","data":"Blue http://instagram.com/p/YP1iE3gHnN/ "},{"index":"325309412233334784","data":"Architecture & Sky http://instagram.com/p/YS7R4IAHpx/ "},{"index":"326622915317596160","data":"Buena idea la de @Olapic, servicio para empresas q recolecta fotos de sus productos q sus clientes han puesto en las rrss y las pone en web"},{"index":"325520663215489024","data":"Todo listo para emitir por Streaming #EBEBarcelona, gracias al equipo de @ebe por confiar de nuevo en nosotros http://barcelona.eventoblog.com/tv/ "},{"index":"329727622256918528","data":"@Alba_Martinez9 ese tweet es del 2008!"},{"index":"331397454459195392","data":"Lamp https://vine.co/v/b2A3WmTel3p "},{"index":"330756570151522305","data":"Digital camera concept by Jared Mankelow http://flip.it/bEZoW "},{"index":"332170791108112385","data":"iOS 7 Wishes http://prsm.tc/x6SaEV  via @prismatic"},{"index":"331394355967438848","data":"Mi primer Vine https://vine.co/v/b2A0XMhXpzT "},{"index":"332559214373392385","data":"Pasos https://vine.co/v/b2VVuqQEOMe "},{"index":"334086537996279809","data":"#architecture http://instagram.com/p/ZRSu5EAHi0/ "},{"index":"333144503378657280","data":"¿Conseguirá YouTube quitarle el mercado a Netflix? http://buff.ly/10o8oWJ "},{"index":"334449472522289152","data":"Light http://instagram.com/p/ZT32_MAHrm/ "},{"index":"334324529247690753","data":"Una historia real fascinante: Searching for Sugar Man: http://www.youtube.com/watch?v=tDw7OqVBT-w …"},{"index":"334657601650425856","data":"Abstract http://instagram.com/p/ZVWedpgHpf/ "},{"index":"335291722106036224","data":"Facebook, Twitter, Tumblr, CNN y Evernote son nuevas apps en Google Glass http://bit.ly/10wv775 "},{"index":"332845519737085953","data":"On Pinterest 70% of Brand Engagement is Community Driven [INFOGRAPHIC] http://blog.curalate.com/on-pinterest-70-of-brand-engagement-is-community-driven-infographic/ …"},{"index":"335129041508114433","data":"Uno de los edificios más instagrameables de Barcelona, dedicada a @hectormilla ;) http://instagram.com/p/ZYsUMtJDxg/ "},{"index":"335010111418421249","data":"Desde San Francisco, @doruku probó Google Glass, esto es lo que vio #io13 http://ow.ly/l4PXm "},{"index":"336860469719609345","data":"Echograph from @hectormilla http://share.echographs.com/eg/echograph/landing/id=EG_74ad4794c5c36758759e0548f4f40a9b … #echograph #cinemagraph pic.twitter.com/9f0Lre262O"},{"index":"335638145947287553","data":"Sesion de barefoot  http://ligh.tt/d0G1 "},{"index":"336861801385971712","data":"Echograph from @hectormilla http://share.echographs.com/eg/echograph/landing/id=EG_3207bfd44f156eb6b45237538c19c48c … #echograph #cinemagraph pic.twitter.com/6dnB4eB0qz"},{"index":"337297618214453249","data":"Cine: Urgell #metro #barcelona\n#slo-mo #reverse http://cinemagr.am/show/152352799  #slo-mo #reverse"},{"index":"336950684043845633","data":"Cine: http://cinemagr.am/show/152251232 "},{"index":"340582324053893120","data":"Ciruelas en la mesa http://instagram.com/p/Z_bLpcgHqS/ "},{"index":"336205306952577025","data":"Colors http://instagram.com/p/ZgWTUWgHub/ "},{"index":"337968422061228033","data":"Luz geométrica http://instagram.com/p/Zs4DjqAHgP/ "},{"index":"341991615893762048","data":"Magic Hour @ deltebre http://instagram.com/p/aJdjmcAHg0/ "},{"index":"342723225354121216","data":"Rodando #mondrianlab https://vine.co/v/bLmUhjIjQpY "},{"index":"340712736545705984","data":"Como cada sábado toca entreno #barefoot, hoy 4km descalzo pic.twitter.com/PYvsgOBBHy"},{"index":"342059873086869505","data":"Un recorregut pel DocsBarcelona 2013 | Albert March http://albertmarch.tumblr.com/post/52155562466/un-recorregut-pel-docsbarcelona-2013 …"},{"index":"335334117447176192","data":"Marc Cercós presenta ArchiApp en Google I/O http://tecnologia.elpais.com/tecnologia/2013/05/17/actualidad/1368781118_984909.html … via @el_pais"},{"index":"343487493829718016","data":"http://flip.it/lngdS "},{"index":"342723270690344960","data":"Rodando #mondrianlab https://vine.co/v/bLmUei2PPYY "},{"index":"344606438523543552","data":"Google Japan by Klein Dytham Architecture http://flip.it/8cBRM "},{"index":"343684934373879809","data":"France TV teste l'Ultra HD à Roland Garros - See on Scoop.it - TV Conectada Depuis le 4 juin France... http://tmblr.co/ZIYtXymxQKRA "},{"index":"344608592227360768","data":"longboard stroller: an experiment in urban mobility http://flip.it/IBdVn "},{"index":"343752625264660480","data":"#8 #nadal"},{"index":"344788306778787840","data":"@joanjimenez ¿fundamos un planeta?"},{"index":"344802872736768001","data":"#Light #barcelona http://instagram.com/p/adb9D_AHhO/ "},{"index":"344944121628196865","data":"Sony Google TV Box Enhanced with Voice Search http://www.waleg.com/techgadgets/2013/06/sony-google-tv-box-nsz-gs8.html#.Ubj1z242myQ.twitter …"},{"index":"348195236830388225","data":"Light & Architecture http://instagram.com/p/a1iqqLAHjD/ "},{"index":"345576294660046848","data":"#tid10bcn #architecture #archigrams @ Telefonica I+D http://instagram.com/p/ai7mG4AHjr/ "},{"index":"348203520593379329","data":"Genial casco con luz led para ciclista  http://flip.it/Is0sT "},{"index":"346971186330234880","data":"Rodaje en @cetemmsa https://vine.co/v/hBPwD3PqEgm "},{"index":"349261983830388736","data":"Google Street View en un edificio... http://flip.it/wyTXA "},{"index":"350221091228233729","data":"#abstract #light #lamp http://instagram.com/p/bD72mlgHqn/ "},{"index":"348341805600886784","data":"Barefoot estirando después de 8 km descalzos https://vine.co/v/hupQX9Y23q3 "},{"index":"350591774051418112","data":".@Jorditudel, your Klout Score is 25 (I'm a 62). Check out your @klout profile today! http://klout.com/Jorditudel?n=tw&v=profile_3rd_invite&i=269314 …"},{"index":"351339449512235008","data":"Summer http://instagram.com/p/bL4Pe9AHqx/ "},{"index":"350616403553955840","data":"Tour de France 2013 : France 2 sera très connectée - See on Scoop.it - TV Conectada A l’occasion de la... http://tmblr.co/ZIYtXyoOZ18f "},{"index":"351347585509883904","data":"Chairs http://instagram.com/p/bL8HEWgHgG/ "},{"index":"351747780131303424","data":"I gave @martapulgar +K about Social Media on @klout http://klout.com/plusk/gave/topic/269314/44191576108988139/8655841127676549162?n=tw&v=plusk_gave …"},{"index":"351829818758803456","data":"http://fb.me/2bN8GoGwF "},{"index":"351434365001150464","data":"Lamp http://instagram.com/p/bMjsl7gHrP/ "},{"index":"352035880866811905","data":"Que tipo de mographs buscas? @hectormilla"},{"index":"352419971315408896","data":"Subirme http://instagram.com/p/bTj4k_AHul/ "},{"index":"352902581128929280","data":"2ª compte a Tw per a seguir #innovation #opendata #ogov #TIC #ICT #digital and so on..."},{"index":"351829916637081600","data":"http://fb.me/UcmXq0Em "},{"index":"353449560431009792","data":"Summer http://instagram.com/p/ba4Ci9AHjQ/ "},{"index":"353273610070269954","data":"Blue http://instagram.com/p/bZoFn5gHuA/ "},{"index":"355078358519918592","data":"Muy chula ;). Foto de @hectormilla http://instagram.com/p/blA_thAHvB/ "},{"index":"355216781926858753","data":"@hectormilla que tengas un buen dia!"},{"index":"355821617223438336","data":"Awesome Typewriter Assemblage Sculptures http://flip.it/kYuJ1 "},{"index":"356442295601602561","data":"Blue http://instagram.com/p/bwI6lcgHm8/ "},{"index":"356673279118946304","data":"Convocatòria de projectes audiovisuals per l'Alternativa Professionals http://buff.ly/1dxBzxT "},{"index":"356378888361873408","data":"I liked a @YouTube video from @haitianbeatzcom http://youtu.be/ER0oHIkKrlw?a  Compay Segundo Live at Olympia Paris"},{"index":"358995008172457985","data":"Instagram meeting with etna_11 kasia_car ballestar http://instagram.com/p/cCR4y2AHvu/ "},{"index":"357483681939603458","data":"Windows http://instagram.com/p/b3ilIKgHgv/ "},{"index":"359708075424358402","data":"Diagonal #barcelona #architecture http://instagram.com/p/cHWHSxgHpj/ "},{"index":"361860463912427520","data":"#light #barcelona http://instagram.com/p/cWo53tgHn9/ "},{"index":"359058376656830465","data":"Sun #barcelona #architecture http://instagram.com/p/cCuosYAHlp/ "},{"index":"368000669493772288","data":"Nubes http://instagram.com/p/dCQ5RzgHkG/ "},{"index":"369855161927467008","data":"¿Declive de Facebook? Parece que si, que los adolescentes se van a Tumblr, Instagram, SnapChat, WhatsApp y Twitter http://buff.ly/1dozBmj "},{"index":"370616591538745344","data":"Vuelve la Polaroid! Una cámara que siempre quise tener y que nunca tuve http://www.dailymail.co.uk/sciencetech/article-2400059/Return-Polaroid-Fujifilm-resurrects-iconic-camera-print-card-sized-photos-instantly.html …"},{"index":"374988055469637632","data":"Rojo http://instagram.com/p/dz6rT8AHrw/ "},{"index":"377111558922317826","data":"Impresionante http://azulaureo.tumblr.com/post/60755588822/celebration-of-midsummer …"},{"index":"376440264753434624","data":"A ahorrar... A Tokio!"},{"index":"378818886168477696","data":"Blue http://instagram.com/p/ePIqO5gHvm/ "},{"index":"377377768033771520","data":"Verde http://instagram.com/p/eE5W6ngHjP/ "},{"index":"382553054018818048","data":"\"Comparativa de cámaras: iPhone 5s vs. Nokia Lumia 1020\"  http://buff.ly/15RuKHE "},{"index":"383534295781875713","data":"Adolescentes EE. UU: adiós Facebook, adiós Twitter, viva Tumblr e Instagram! http://venturebeat.com/2013/09/25/heres-the-app-teens-use-more-than-facebook-and-of-course-its-not-twitter/ …"},{"index":"381799561729417216","data":"Diagonal http://instagram.com/p/ekULYrAHsO/ "},{"index":"390457052503371776","data":"Google guides journalists to its digital resources with new Google Media Tools hub http://thenextweb.com/google/2013/10/16/google-guides-journalists-towards-digital-resources-google-media-tools-hub/ … via @thenextweb"},{"index":"386438306588016640","data":"Diagonal http://instagram.com/p/e_yePfgHgC/ "},{"index":"385690092054282240","data":"Black Magic Pocket Camera http://prsm.tc/Tu96HM  via @Prismatic"},{"index":"392706873394085888","data":"Apple Launches OS Mavericks X Now Available for Free http://cloud.feedly.com/  via @Mashable"},{"index":"391126848362803200","data":"Cine apropiado, reciclado, rayado, scratcheado, remezclado ... http://buff.ly/19UW0Gb "},{"index":"393047979198017537","data":"Nielsen: Twitter marca un cambio sustancial en la industria televisiva (fr) http://buff.ly/HeEJxS "},{"index":"393401776982216704","data":"Netflix : ¿La TV del futuro? | @scoopit http://sco.lt/5lahyT "},{"index":"393763045010186240","data":"6 trucos en OS X Mavericks http://shar.es/Ioi8k  via @osxdaily"},{"index":"393758736293974016","data":"My Klout Score is 63. Join me on Klout to discover yours today. http://klout.com/user/hectormilla?n=tw&v=daily_welcome&i=269314 …"},{"index":"397852446057562112","data":"Twitter News Consumers: Young, Mobile and Educated http://prsm.tc/Bnunxw "},{"index":"401760855487807488","data":"Samsung invierte $100 millones en IoT http://www.eetimes.com/document.asp?doc_id=1320045&itc=eetimes_sitedefault&_mc=SM_EET … pic.twitter.com/BCDw5rvNCq"},{"index":"395855404577468416","data":"Clicking is dead, scrolling is king http://www.buzzfeed.com/jwherrman/why-twitter-just-turned-itself-inside-out … via @jwherrman"},{"index":"402472390711840768","data":"I liked a @YouTube video http://youtu.be/RF_EE6Q5u60?a  Nestor - 1900"},{"index":"398736829685727232","data":"@SpanishTapasMad @hectormilla @vanesaspelta Bienvenido a la nueva TV, ¡¡Ya nada es igual!! Pruéba Magine gratis en http://ow.ly/oAUlg "},{"index":"402472392364396544","data":"I liked a @YouTube video http://youtu.be/3DpQ9euzsk0?a  FELIPE"},{"index":"402472394004377601","data":"I liked a @YouTube video http://youtu.be/YLCyiRj6ksU?a  ALICIA"},{"index":"403692848564150272","data":"Foto: smartercities: The 10 Smartest Asia/Pacific Cities | FastCompany In the fast-growing region, which... http://tmblr.co/ZIYtXy-3mob9 "},{"index":"403570759106560000","data":"En el evento #OpenCall #FIcontent 1.35M€ to develop innovative applications & services. Deadline 8.1.2014 http://mediafi.org/open-call/ "},{"index":"406178177778982912","data":"I liked a @YouTube video from @dietistaraquel http://youtu.be/h8gTjm8Cacc?a  croqueta non frita de quinoa ORO DE LOS ANDES. Raquel Magem"},{"index":"407450238635757568","data":"En el #bdigitalapps pic.twitter.com/Vau8KClhtp"},{"index":"408162504582635520","data":"Streaming ahora con @Filmin en http://www.bdigitalapps.com  con @brightcovees #bdigitalapps pic.twitter.com/wF1TFAiYGq"},{"index":"409732964160118784","data":"No diga videoblogger, diga “youtuber” http://buff.ly/198W9qa "},{"index":"288332971709186048","data":"Apps para transformar tu iPhone completamente http://buff.ly/Zvx2cV "},{"index":"288281141864173572","data":"110\"? http://www.fayerwayer.com/2013/01/ces-2013-samsung-anticipa-un-televisor-de-diseno-sin-precedentes/ …"},{"index":"416967035286200320","data":"2 cafés con leche 15.20€ Le Petit Pont en París, frente a Nôtre Dame pic.twitter.com/fCBeC39ius"},{"index":"416342742894403585","data":"Yellow http://instagram.com/p/iZJM6_gHoU/ "},{"index":"288367054279561216","data":"Impresionante: robots LEGO que hablan con tu iPhone http://buff.ly/SeVltr  #ces2013"},{"index":"289514274106249218","data":"I just submitted an image to @Pixoto. Check it out at http://www.pixoto.com/images/87390820?kme=tw-published …"},{"index":"288710285584388096","data":"Just completed a 7.78 km run with @RunKeeper. Check it out! http://rnkpr.com/a2bpypy  #RunKeeper"},{"index":"289139079273148416","data":"Hierve El Te Kukicha http://viddy.it/13jm0qa "},{"index":"289509979755520001","data":"I just submitted an image to @Pixoto. Check it out at http://www.pixoto.com/images/87390807?kme=tw-published …"},{"index":"289096996256616449","data":"Just completed a 14.45 km run with @RunKeeper. Check it out! http://rnkpr.com/a2bw1tn  #RunKeeper"},{"index":"289694161374965760","data":"#architecture #building http://instagr.am/p/UV3WM4gHoU/ "},{"index":"290043036677836800","data":"Probando Pixoto, un nuevo sitio para vender o compartir fotos al estilo 500px http://buff.ly/11jkOou "},{"index":"290391958583640064","data":"Guay http://viddy.it/UIl9tz "},{"index":"291901360532762625","data":"Just completed a 10.76 km run with @RunKeeper. Check it out! http://rnkpr.com/a2cylps  #RunKeeper"},{"index":"290884010345914369","data":"Predicciones acerca de un iTV de Apple este 2013 Apple Predictions 2013: AppleTV, iTV And TV App Store - Forbes http://buff.ly/X6Aswr "},{"index":"292235630153453569","data":"Benvinguda a @danimontalban @a_gonzalvez @maratestALC30km @via_verda @hectormilla Sou més de 30 o 15km? http://www.maratest.com  #tiradallarga"},{"index":"292911414279028736","data":"Just completed a 3.04 km run - Calentamiento antes de la cursa  Santi Antoni de 10km. http://rnkpr.com/a2dany2  #RunKeeper"},{"index":"291983891860971523","data":"Selfstarter: el CMS para crear tu propia web de crowdfunding http://www.error500.net/selfstarter-el-cms-para-crear-tu-propia-web-de-crowdfunding/#.UPhKbeMq3fg.twitter …"},{"index":"293336834010931202","data":"Voto por Medium como Best Design 2012 Crunchies awards! http://is.gd/mdJdLu  #crunchies"},{"index":"293337485315018752","data":"Voto por Kickstarter como Biggest Social Impact 2012 Crunchies awards! http://is.gd/rNmDjA  #crunchies"},{"index":"293768878314627072","data":"Sergey Brin con la gafas de Google en el metro de New York \nhttp://buff.ly/WAWo3P "},{"index":"293336169654140928","data":"Voto por Prismatic como mejor Content Discovery Application 2012 en Crunchies awards http://is.gd/KboemD  #crunchies"},{"index":"295969713345933312","data":"Is Twitter's Vine the new 'micro-porn' service? http://www.zdnet.com/is-twitters-vine-the-new-micro-porn-service-7000010411/ …"},{"index":"298853144660676608","data":"Où va la TV connectée ? (29/01) | @scoopit http://sco.lt/6DEOAb "},{"index":"298853099945218048","data":"Où va la TV connectée ? (29/01) - See on Scoop.it - TV Conectada 2013 sera-t-elle l’année de la télé... http://tmblr.co/ZIYtXydT1sph "},{"index":"298874319658954752","data":"Samsung Launches Strategy And Innovation Center, Will Invest $1.1 Billion On Innovation Through Two Funds http://techcrunch.com/2013/02/04/samsung-strategy-and-innovation-center/ …"},{"index":"299475419411927040","data":"Interessant forma de narrar una història... | Albert March http://albertmarch.tumblr.com/post/42432146371/interessant-forma-de-narrar-una-historia …"},{"index":"301389781865226240","data":"Viendo el televisor Uppleva que vende Ikea (@ IKEA w/ 2 others) [pic]: http://4sq.com/X2vAMJ "},{"index":"305653724062285824","data":"Numericable enrichit sa TV connectée et son multiscreen - See on Scoop.it - TV Conectada 55 chaînes peuvent... http://tmblr.co/ZIYtXyets24l "},{"index":"306851188958195713","data":"Las gafas de Google cambiarán mucho los usos cotidianos ¿una revolución? http://bit.ly/ZCiWac  #futuro"},{"index":"304534439629819904","data":"Viva el streaming creativo http://cultura.elpais.com/cultura/2013/02/20/actualidad/1361381042_453502.html … via @el_pais"},{"index":"307435592675913728","data":"Un Internet de las cosas fácil según Telefónica I+D con Thinking Things http://alt1040.com/2013/02/internet-de-las-cosas-thinking-things … via @alt1040"},{"index":"302083388041465856","data":"@hectormilla si tienes o conoces proyectos webdocs que puedan participar en http://transvergencia.wordpress.com/i-concurso-transmedia-uab/ … estaremos encantados de inscribirlos ;)"},{"index":"309622152607444992","data":"Contrast http://instagr.am/p/Wjdo5rgHks/ "},{"index":"310512094267179008","data":"#architecture #sky http://instagr.am/p/WpyVdggHuz/ "},{"index":"311045045501452288","data":"Google Glass vs iWatch http://www.abc.es/tecnologia/20130311/rc-movil-libre-manos-201303110034.html#.UT2ipW0oCFw.twitter …"},{"index":"311174051932545024","data":"Light & Architecture http://instagr.am/p/WufYOaAHgV/ "},{"index":"314331992382656512","data":"#thinkingparty ha llegado primavera !!!"},{"index":"312132921655955456","data":"Para mi la alternativa al Google Reader es Flipboard http://flipboard.com/ "},{"index":"314348394577539074","data":"#thinkingparty escuchando al gran Francis Pisani pic.twitter.com/W27T6HJZkc"},{"index":"314350421693063168","data":"#thinkingparty Jack Kim ha creado el Shazam de video, pista a seguir"},{"index":"314410309878153216","data":"@hectormilla: #ThinkingParty Foto a foto de @dreig que dice q Facebook ya no es cool en EE. UU. pic.twitter.com/6yXYdo3xsa"},{"index":"316962733125951488","data":"Gray #architecture http://instagram.com/p/XXnvrAgHsl/ "},{"index":"316163450978045952","data":"Tree http://instagram.com/p/XR8Q6zgHlm/ "},{"index":"317569860169265152","data":"Contrast http://instagram.com/p/Xb73YEgHjj/ "},{"index":"318756776839356416","data":"Blue http://instagram.com/p/XkXl2fAHou/ "},{"index":"320207438441771009","data":"Perfect http://instagram.com/p/XurTOzgHvv/ "},{"index":"321309514823507970","data":"Slim una nueva app social media para la gente ocupada\nhttp://http://buff.ly/YaER7w "},{"index":"318014607547576320","data":"#archilovers @ FGC Europa-Fira http://instagram.com/p/XfGDqegHpP/ "},{"index":"321558684612300800","data":"The Quiet City: Winter in Paris http://showyou.com/s/2x0exf "},{"index":"321310451495485440","data":"¿Comprará Google Whatsapp? http://buff.ly/16Ic3Eq "},{"index":"321575031211687936","data":"@hectormilla Happy 6th TwBirthday! You've been around since 09 April 2007! http://twbirthday.com/hectormilla/ "},{"index":"321710514336043009","data":"Horizonte http://instagram.com/p/X5WtXKAHkA/ "},{"index":"323941342038339584","data":"No, no puedo dormir, impresionado  #bostonmarathon #boston"},{"index":"323066946981593088","data":"Flag http://instagram.com/p/YC_q0WgHiM/ "},{"index":"323840593086275588","data":"Me mareo... #agbartower http://ligh.tt/pPn "},{"index":"321946729995976705","data":"El negocio del running http://www.zoomnews.es/40108/deportes/running-y-fitness/negocio-las-carreras-populares-runners-espanoles-indignados-precios … cc/ @maratobarcelona"},{"index":"324874219697606657","data":"Blue http://instagram.com/p/YP1iE3gHnN/ "},{"index":"326622915317596160","data":"Buena idea la de @Olapic, servicio para empresas q recolecta fotos de sus productos q sus clientes han puesto en las rrss y las pone en web"},{"index":"325520663215489024","data":"Todo listo para emitir por Streaming #EBEBarcelona, gracias al equipo de @ebe por confiar de nuevo en nosotros http://barcelona.eventoblog.com/tv/ "},{"index":"329727622256918528","data":"@Alba_Martinez9 ese tweet es del 2008!"},{"index":"330756570151522305","data":"Digital camera concept by Jared Mankelow http://flip.it/bEZoW "},{"index":"325309412233334784","data":"Architecture & Sky http://instagram.com/p/YS7R4IAHpx/ "},{"index":"331394355967438848","data":"Mi primer Vine https://vine.co/v/b2A0XMhXpzT "},{"index":"332170791108112385","data":"iOS 7 Wishes http://prsm.tc/x6SaEV  via @prismatic"},{"index":"332559214373392385","data":"Pasos https://vine.co/v/b2VVuqQEOMe "},{"index":"331397454459195392","data":"Lamp https://vine.co/v/b2A3WmTel3p "},{"index":"332845519737085953","data":"On Pinterest 70% of Brand Engagement is Community Driven [INFOGRAPHIC] http://blog.curalate.com/on-pinterest-70-of-brand-engagement-is-community-driven-infographic/ …"},{"index":"333144503378657280","data":"¿Conseguirá YouTube quitarle el mercado a Netflix? http://buff.ly/10o8oWJ "},{"index":"334086537996279809","data":"#architecture http://instagram.com/p/ZRSu5EAHi0/ "},{"index":"334324529247690753","data":"Una historia real fascinante: Searching for Sugar Man: http://www.youtube.com/watch?v=tDw7OqVBT-w …"},{"index":"334449472522289152","data":"Light http://instagram.com/p/ZT32_MAHrm/ "},{"index":"335010111418421249","data":"Desde San Francisco, @doruku probó Google Glass, esto es lo que vio #io13 http://ow.ly/l4PXm "},{"index":"334657601650425856","data":"Abstract http://instagram.com/p/ZVWedpgHpf/ "},{"index":"335129041508114433","data":"Uno de los edificios más instagrameables de Barcelona, dedicada a @hectormilla ;) http://instagram.com/p/ZYsUMtJDxg/ "},{"index":"335638145947287553","data":"Sesion de barefoot  http://ligh.tt/d0G1 "},{"index":"335334117447176192","data":"Marc Cercós presenta ArchiApp en Google I/O http://tecnologia.elpais.com/tecnologia/2013/05/17/actualidad/1368781118_984909.html … via @el_pais"},{"index":"336860469719609345","data":"Echograph from @hectormilla http://share.echographs.com/eg/echograph/landing/id=EG_74ad4794c5c36758759e0548f4f40a9b … #echograph #cinemagraph pic.twitter.com/9f0Lre262O"},{"index":"336205306952577025","data":"Colors http://instagram.com/p/ZgWTUWgHub/ "},{"index":"336861801385971712","data":"Echograph from @hectormilla http://share.echographs.com/eg/echograph/landing/id=EG_3207bfd44f156eb6b45237538c19c48c … #echograph #cinemagraph pic.twitter.com/6dnB4eB0qz"},{"index":"336950684043845633","data":"Cine: http://cinemagr.am/show/152251232 "},{"index":"337297618214453249","data":"Cine: Urgell #metro #barcelona\n#slo-mo #reverse http://cinemagr.am/show/152352799  #slo-mo #reverse"},{"index":"340582324053893120","data":"Ciruelas en la mesa http://instagram.com/p/Z_bLpcgHqS/ "},{"index":"337968422061228033","data":"Luz geométrica http://instagram.com/p/Zs4DjqAHgP/ "},{"index":"335291722106036224","data":"Facebook, Twitter, Tumblr, CNN y Evernote son nuevas apps en Google Glass http://bit.ly/10wv775 "},{"index":"341991615893762048","data":"Magic Hour @ deltebre http://instagram.com/p/aJdjmcAHg0/ "},{"index":"342059873086869505","data":"Un recorregut pel DocsBarcelona 2013 | Albert March http://albertmarch.tumblr.com/post/52155562466/un-recorregut-pel-docsbarcelona-2013 …"},{"index":"342723225354121216","data":"Rodando #mondrianlab https://vine.co/v/bLmUhjIjQpY "},{"index":"343487493829718016","data":"http://flip.it/lngdS "},{"index":"342723270690344960","data":"Rodando #mondrianlab https://vine.co/v/bLmUei2PPYY "},{"index":"344606438523543552","data":"Google Japan by Klein Dytham Architecture http://flip.it/8cBRM "},{"index":"344788306778787840","data":"@joanjimenez ¿fundamos un planeta?"},{"index":"344608592227360768","data":"longboard stroller: an experiment in urban mobility http://flip.it/IBdVn "},{"index":"340712736545705984","data":"Como cada sábado toca entreno #barefoot, hoy 4km descalzo pic.twitter.com/PYvsgOBBHy"},{"index":"343752625264660480","data":"#8 #nadal"},{"index":"343684934373879809","data":"France TV teste l'Ultra HD à Roland Garros - See on Scoop.it - TV Conectada Depuis le 4 juin France... http://tmblr.co/ZIYtXymxQKRA "},{"index":"344944121628196865","data":"Sony Google TV Box Enhanced with Voice Search http://www.waleg.com/techgadgets/2013/06/sony-google-tv-box-nsz-gs8.html#.Ubj1z242myQ.twitter …"},{"index":"345576294660046848","data":"#tid10bcn #architecture #archigrams @ Telefonica I+D http://instagram.com/p/ai7mG4AHjr/ "},{"index":"346971186330234880","data":"Rodaje en @cetemmsa https://vine.co/v/hBPwD3PqEgm "},{"index":"348203520593379329","data":"Genial casco con luz led para ciclista  http://flip.it/Is0sT "},{"index":"348195236830388225","data":"Light & Architecture http://instagram.com/p/a1iqqLAHjD/ "},{"index":"348341805600886784","data":"Barefoot estirando después de 8 km descalzos https://vine.co/v/hupQX9Y23q3 "},{"index":"344802872736768001","data":"#Light #barcelona http://instagram.com/p/adb9D_AHhO/ "},{"index":"350221091228233729","data":"#abstract #light #lamp http://instagram.com/p/bD72mlgHqn/ "},{"index":"349261983830388736","data":"Google Street View en un edificio... http://flip.it/wyTXA "},{"index":"350591774051418112","data":".@Jorditudel, your Klout Score is 25 (I'm a 62). Check out your @klout profile today! http://klout.com/Jorditudel?n=tw&v=profile_3rd_invite&i=269314 …"},{"index":"350616403553955840","data":"Tour de France 2013 : France 2 sera très connectée - See on Scoop.it - TV Conectada A l’occasion de la... http://tmblr.co/ZIYtXyoOZ18f "},{"index":"351347585509883904","data":"Chairs http://instagram.com/p/bL8HEWgHgG/ "},{"index":"351339449512235008","data":"Summer http://instagram.com/p/bL4Pe9AHqx/ "},{"index":"351747780131303424","data":"I gave @martapulgar +K about Social Media on @klout http://klout.com/plusk/gave/topic/269314/44191576108988139/8655841127676549162?n=tw&v=plusk_gave …"},{"index":"351829818758803456","data":"http://fb.me/2bN8GoGwF "},{"index":"351829916637081600","data":"http://fb.me/UcmXq0Em "},{"index":"351434365001150464","data":"Lamp http://instagram.com/p/bMjsl7gHrP/ "},{"index":"352902581128929280","data":"2ª compte a Tw per a seguir #innovation #opendata #ogov #TIC #ICT #digital and so on..."},{"index":"352035880866811905","data":"Que tipo de mographs buscas? @hectormilla"},{"index":"353273610070269954","data":"Blue http://instagram.com/p/bZoFn5gHuA/ "},{"index":"352419971315408896","data":"Subirme http://instagram.com/p/bTj4k_AHul/ "},{"index":"355078358519918592","data":"Muy chula ;). Foto de @hectormilla http://instagram.com/p/blA_thAHvB/ "},{"index":"353449560431009792","data":"Summer http://instagram.com/p/ba4Ci9AHjQ/ "},{"index":"355821617223438336","data":"Awesome Typewriter Assemblage Sculptures http://flip.it/kYuJ1 "},{"index":"355216781926858753","data":"@hectormilla que tengas un buen dia!"},{"index":"356442295601602561","data":"Blue http://instagram.com/p/bwI6lcgHm8/ "},{"index":"356673279118946304","data":"Convocatòria de projectes audiovisuals per l'Alternativa Professionals http://buff.ly/1dxBzxT "},{"index":"357483681939603458","data":"Windows http://instagram.com/p/b3ilIKgHgv/ "},{"index":"358995008172457985","data":"Instagram meeting with etna_11 kasia_car ballestar http://instagram.com/p/cCR4y2AHvu/ "},{"index":"359708075424358402","data":"Diagonal #barcelona #architecture http://instagram.com/p/cHWHSxgHpj/ "},{"index":"361860463912427520","data":"#light #barcelona http://instagram.com/p/cWo53tgHn9/ "},{"index":"368000669493772288","data":"Nubes http://instagram.com/p/dCQ5RzgHkG/ "},{"index":"359058376656830465","data":"Sun #barcelona #architecture http://instagram.com/p/cCuosYAHlp/ "},{"index":"369855161927467008","data":"¿Declive de Facebook? Parece que si, que los adolescentes se van a Tumblr, Instagram, SnapChat, WhatsApp y Twitter http://buff.ly/1dozBmj "},{"index":"370616591538745344","data":"Vuelve la Polaroid! Una cámara que siempre quise tener y que nunca tuve http://www.dailymail.co.uk/sciencetech/article-2400059/Return-Polaroid-Fujifilm-resurrects-iconic-camera-print-card-sized-photos-instantly.html …"},{"index":"374988055469637632","data":"Rojo http://instagram.com/p/dz6rT8AHrw/ "},{"index":"376440264753434624","data":"A ahorrar... A Tokio!"},{"index":"377377768033771520","data":"Verde http://instagram.com/p/eE5W6ngHjP/ "},{"index":"377111558922317826","data":"Impresionante http://azulaureo.tumblr.com/post/60755588822/celebration-of-midsummer …"},{"index":"378818886168477696","data":"Blue http://instagram.com/p/ePIqO5gHvm/ "},{"index":"381799561729417216","data":"Diagonal http://instagram.com/p/ekULYrAHsO/ "},{"index":"382553054018818048","data":"\"Comparativa de cámaras: iPhone 5s vs. Nokia Lumia 1020\"  http://buff.ly/15RuKHE "},{"index":"383534295781875713","data":"Adolescentes EE. UU: adiós Facebook, adiós Twitter, viva Tumblr e Instagram! http://venturebeat.com/2013/09/25/heres-the-app-teens-use-more-than-facebook-and-of-course-its-not-twitter/ …"},{"index":"356378888361873408","data":"I liked a @YouTube video from @haitianbeatzcom http://youtu.be/ER0oHIkKrlw?a  Compay Segundo Live at Olympia Paris"},{"index":"385690092054282240","data":"Black Magic Pocket Camera http://prsm.tc/Tu96HM  via @Prismatic"},{"index":"386438306588016640","data":"Diagonal http://instagram.com/p/e_yePfgHgC/ "},{"index":"393047979198017537","data":"Nielsen: Twitter marca un cambio sustancial en la industria televisiva (fr) http://buff.ly/HeEJxS "},{"index":"392706873394085888","data":"Apple Launches OS Mavericks X Now Available for Free http://cloud.feedly.com/  via @Mashable"},{"index":"393758736293974016","data":"My Klout Score is 63. Join me on Klout to discover yours today. http://klout.com/user/hectormilla?n=tw&v=daily_welcome&i=269314 …"},{"index":"393401776982216704","data":"Netflix : ¿La TV del futuro? | @scoopit http://sco.lt/5lahyT "},{"index":"391126848362803200","data":"Cine apropiado, reciclado, rayado, scratcheado, remezclado ... http://buff.ly/19UW0Gb "},{"index":"390457052503371776","data":"Google guides journalists to its digital resources with new Google Media Tools hub http://thenextweb.com/google/2013/10/16/google-guides-journalists-towards-digital-resources-google-media-tools-hub/ … via @thenextweb"},{"index":"393763045010186240","data":"6 trucos en OS X Mavericks http://shar.es/Ioi8k  via @osxdaily"},{"index":"395855404577468416","data":"Clicking is dead, scrolling is king http://www.buzzfeed.com/jwherrman/why-twitter-just-turned-itself-inside-out … via @jwherrman"},{"index":"397852446057562112","data":"Twitter News Consumers: Young, Mobile and Educated http://prsm.tc/Bnunxw "},{"index":"402472390711840768","data":"I liked a @YouTube video http://youtu.be/RF_EE6Q5u60?a  Nestor - 1900"},{"index":"398736829685727232","data":"@SpanishTapasMad @hectormilla @vanesaspelta Bienvenido a la nueva TV, ¡¡Ya nada es igual!! Pruéba Magine gratis en http://ow.ly/oAUlg "},{"index":"402472394004377601","data":"I liked a @YouTube video http://youtu.be/YLCyiRj6ksU?a  ALICIA"},{"index":"401760855487807488","data":"Samsung invierte $100 millones en IoT http://www.eetimes.com/document.asp?doc_id=1320045&itc=eetimes_sitedefault&_mc=SM_EET … pic.twitter.com/BCDw5rvNCq"},{"index":"402472392364396544","data":"I liked a @YouTube video http://youtu.be/3DpQ9euzsk0?a  FELIPE"},{"index":"403570759106560000","data":"En el evento #OpenCall #FIcontent 1.35M€ to develop innovative applications & services. Deadline 8.1.2014 http://mediafi.org/open-call/ "},{"index":"406178177778982912","data":"I liked a @YouTube video from @dietistaraquel http://youtu.be/h8gTjm8Cacc?a  croqueta non frita de quinoa ORO DE LOS ANDES. Raquel Magem"},{"index":"408162504582635520","data":"Streaming ahora con @Filmin en http://www.bdigitalapps.com  con @brightcovees #bdigitalapps pic.twitter.com/wF1TFAiYGq"},{"index":"403692848564150272","data":"Foto: smartercities: The 10 Smartest Asia/Pacific Cities | FastCompany In the fast-growing region, which... http://tmblr.co/ZIYtXy-3mob9 "},{"index":"407450238635757568","data":"En el #bdigitalapps pic.twitter.com/Vau8KClhtp"},{"index":"409732964160118784","data":"No diga videoblogger, diga “youtuber” http://buff.ly/198W9qa "},{"index":"416342742894403585","data":"Yellow http://instagram.com/p/iZJM6_gHoU/ "},{"index":"416967035286200320","data":"2 cafés con leche 15.20€ Le Petit Pont en París, frente a Nôtre Dame pic.twitter.com/fCBeC39ius"}]