[{"index":"326806656711270401","data":"Hoy toca. \nhttp://youtu.be/0SX05jLkInc "},{"index":"349619204338630658","data":"Dulce vuelta al trabajo... ;) Gracias @alfonsotoran pic.twitter.com/mAec8rL5wD"},{"index":"340829844948516864","data":"@csaavedrasexta Hoy mi Real s juega puesto d Champions contra tu Depor. Y sólo puedo decir #podese para no perder un grande de la liga"},{"index":"329325027868696576","data":"Fin de semana :) Toma el relevo, a las 20h, @DianaMata Ciaoooo... "},{"index":"338417079944355840","data":"Brazil 'cancels' most African debt http://bbc.in/154BcIl "},{"index":"354372753119395842","data":". @espinosa_albert me remueve preveo una noche de reflexiones, pero como no me da por escribirlas...pues quedarán flotando..."},{"index":"354369241069264898","data":"Honored to have been selected for the UNAOC-EF Summer School in Tarrytown, NY! Eager to meet the other 99 participants. #UNAOC @UNAOC"},{"index":"357886000338452481","data":"Montserrat y Blanca. Por fin. :)"},{"index":"358005240278163457","data":"@csaavedrasexta Vaiche caer! ;)"},{"index":"357244275383214080","data":"It is in your hands to create a better world for all who live in it... http://www.mandeladay.com/videos/album/1627/54 … cc @chefidiaz #Mandela"},{"index":"358005579014348801","data":"@csaavedrasexta Castle Of Glass... http://www.youtube.com/watch?v=ScNNfyq3d_w …"},{"index":"363318179189108736","data":"Por fin te tengo. pic.twitter.com/WYy0M320gB"},{"index":"374637759581134848","data":"Así ve @MolarreagaMixer la @sextaNoticias.Es la mejor mezcladora pero no os la llevéis. La quiero en mi informativo. pic.twitter.com/cUZxQv9A2k"},{"index":"371039618642501633","data":"Cerca de 740.000 del millón de #niñosdeSiria refugiados tienen menos de 11 años. Retuitea http://bit.ly/14GX5Mu "},{"index":"400398118082342912","data":"Un saco de besos con media hora de adelanto. Mañana más, @csaavedrasexta"},{"index":"406182233255710720","data":"Me voy a dormir y a ver si mañana me despierto como la mayor de mis hermanas que siempre es así: pic.twitter.com/UQGhG3PvqA"},{"index":"326806656711270401","data":"Hoy toca. \nhttp://youtu.be/0SX05jLkInc "},{"index":"380440629995909121","data":"@csaavedrasexta dulces sueños. http://www.youtube.com/watch?v=5PC68rEfF-o&feature=youtube_gdata_player …"},{"index":"396300435688284160","data":"#Niger aims to prevent #Sahara deaths with travel curb. http://bbc.in/HvJinx  pic.twitter.com/1sRGVSI139"},{"index":"338417079944355840","data":"Brazil 'cancels' most African debt http://bbc.in/154BcIl "},{"index":"340829844948516864","data":"@csaavedrasexta Hoy mi Real s juega puesto d Champions contra tu Depor. Y sólo puedo decir #podese para no perder un grande de la liga"},{"index":"329325027868696576","data":"Fin de semana :) Toma el relevo, a las 20h, @DianaMata Ciaoooo... "},{"index":"349619204338630658","data":"Dulce vuelta al trabajo... ;) Gracias @alfonsotoran pic.twitter.com/mAec8rL5wD"},{"index":"354369241069264898","data":"Honored to have been selected for the UNAOC-EF Summer School in Tarrytown, NY! Eager to meet the other 99 participants. #UNAOC @UNAOC"},{"index":"354372753119395842","data":". @espinosa_albert me remueve preveo una noche de reflexiones, pero como no me da por escribirlas...pues quedarán flotando..."},{"index":"357244275383214080","data":"It is in your hands to create a better world for all who live in it... http://www.mandeladay.com/videos/album/1627/54 … cc @chefidiaz #Mandela"},{"index":"357886000338452481","data":"Montserrat y Blanca. Por fin. :)"},{"index":"358005240278163457","data":"@csaavedrasexta Vaiche caer! ;)"},{"index":"358005579014348801","data":"@csaavedrasexta Castle Of Glass... http://www.youtube.com/watch?v=ScNNfyq3d_w …"},{"index":"374637759581134848","data":"Así ve @MolarreagaMixer la @sextaNoticias.Es la mejor mezcladora pero no os la llevéis. La quiero en mi informativo. pic.twitter.com/cUZxQv9A2k"},{"index":"363318179189108736","data":"Por fin te tengo. pic.twitter.com/WYy0M320gB"},{"index":"371039618642501633","data":"Cerca de 740.000 del millón de #niñosdeSiria refugiados tienen menos de 11 años. Retuitea http://bit.ly/14GX5Mu "},{"index":"380440629995909121","data":"@csaavedrasexta dulces sueños. http://www.youtube.com/watch?v=5PC68rEfF-o&feature=youtube_gdata_player …"},{"index":"396300435688284160","data":"#Niger aims to prevent #Sahara deaths with travel curb. http://bbc.in/HvJinx  pic.twitter.com/1sRGVSI139"},{"index":"406182233255710720","data":"Me voy a dormir y a ver si mañana me despierto como la mayor de mis hermanas que siempre es así: pic.twitter.com/UQGhG3PvqA"},{"index":"400398118082342912","data":"Un saco de besos con media hora de adelanto. Mañana más, @csaavedrasexta"}]