[{"index":"405504080619253760","data":"Google Analytics: 5 ajustes imprescindibles"},{"index":"398205924533612544","data":"Keys for doing business with Chinese suppliers \nhttp://bit.ly/QJduPd "},{"index":"398399925815623680","data":"¿CONOCES A TRINI? YoMeQuedoAquí by Rusticae - YouTube http://ow.ly/qzURT "},{"index":"404336271465938945","data":"Pinterest seduce al ecommerce con su nueva herramienta Now Trending http://ow.ly/r4OVs "},{"index":"400199055332368384","data":"Google Analytics: 5 ajustes imprescindibles http://ow.ly/ovkx0 "},{"index":"405815933799006208","data":"International services agreement template ready to use\nl http://ow.ly/rdZi1 "},{"index":"406955428418158592","data":"Google Analytics: 5 ajustes imprescindibles"},{"index":"406169618894815232","data":"Google Analytics: 5 ajustes imprescindibles"},{"index":"406408710270242817","data":"Google Analytics: 5 ajustes imprescindibles http://ow.ly/ovkR0 "},{"index":"405685457570500608","data":"Google Analytics: 5 ajustes imprescindibles"},{"index":"407741302676414464","data":"Google Analytics: 5 ajustes imprescindibles"},{"index":"408406564195024896","data":"Google Analytics: 5 ajustes imprescindibles"},{"index":"408951761438011392","data":"Google Analytics: 5 ajustes imprescindibles"},{"index":"409617699854368768","data":"Google Analytics: 5 ajustes imprescindibles"},{"index":"410160771847700480","data":"¿Qué es el Growth Hacking? http://ow.ly/rzKVA "},{"index":"410584918092447745","data":"Google Analytics: 5 ajustes imprescindibles"},{"index":"411104479850020864","data":"@simonturpin @ThePlanCompany @Montijo_trabajo @AprendeEbusines @carrasesther @SMM_Day Gracias por los RT. Un saludo! :)"},{"index":"411915938678980608","data":"Google Analytics: 5 ajustes imprescindibles"},{"index":"411371118071922688","data":"Google Analytics: 5 ajustes imprescindibles"},{"index":"412290854943203328","data":"\"@JuanCMejiaLlano: Twitter lanza Keyword Targeting, nueva herramienta para anunciantes y marcas http://bit.ly/18Oi1GV  #CommunityManager\""},{"index":"415061819703558144","data":"Cómo utilizar Twitter en retransmisiones de radio y TV (según Twitter): Twittear!function(d,s,id){var js,fjs=d... http://bit.ly/196Pbyn "},{"index":"417593520871211008","data":"Google Analytics: 5 ajustes imprescindibles http://ow.ly/ovkT5 "},{"index":"412701715285422080","data":"Google Analytics: 5 ajustes imprescindibles"},{"index":"413607292802985984","data":"Google Analytics: 5 ajustes imprescindibles http://ow.ly/ovkyc "},{"index":"417951781969076224","data":"Gracias 2013. ¡Bienvenido 2014!:  Twittear!function(d,s,id){var js,fjs=d.getElementsByTagName(s)[0],p=/^http:/... http://bit.ly/19D3hrw "},{"index":"420311609505222657","data":"Memorandum of Understanding (MOU) for going into a joint venture \n http://ow.ly/scyZV "},{"index":"422668175780900864","data":"International contracts templates in German\n http://ow.ly/snaDv "},{"index":"422474853082759168","data":"\"@marialazaro: Para probarlas> @Sociable360: 10 Alternatives to Google Keyword Research Tool http://ift.tt/KMxDlr  #SEM #SEO #Analytics\""},{"index":"423729265155117056","data":"Cómo configurar botones sociales para incrementar las visitas a tu web [Tutorial]: Twittear!function(d,s,id){v... http://bit.ly/1i06HwM "},{"index":"422706197746032641","data":"3274 tweeps followed (thank you!) and 457 unfollowed (goodbye!) me in the past day. Thank you http://www.justunfollow.com/?r=td ."},{"index":"423784877347979265","data":"47 tweeps followed (thank you!) and 19 unfollowed (goodbye!) me in the past day. Thank you http://www.justunfollow.com/?r=td ."},{"index":"398205924533612544","data":"Keys for doing business with Chinese suppliers \nhttp://bit.ly/QJduPd "},{"index":"423922803545759744","data":"\"@Ramonser: JustUnfollow llega a #Hootsuite para monitorizar followers fácilmente - http://kcy.me/xjsf  Recomendable!"},{"index":"424936908087910400","data":"Facebook incorpora los Trending Topics http://ow.ly/sFQx4 "},{"index":"398399925815623680","data":"¿CONOCES A TRINI? YoMeQuedoAquí by Rusticae - YouTube http://ow.ly/qzURT "},{"index":"400199055332368384","data":"Google Analytics: 5 ajustes imprescindibles http://ow.ly/ovkx0 "},{"index":"404336271465938945","data":"Pinterest seduce al ecommerce con su nueva herramienta Now Trending http://ow.ly/r4OVs "},{"index":"405504080619253760","data":"Google Analytics: 5 ajustes imprescindibles"},{"index":"406169618894815232","data":"Google Analytics: 5 ajustes imprescindibles"},{"index":"406408710270242817","data":"Google Analytics: 5 ajustes imprescindibles http://ow.ly/ovkR0 "},{"index":"405815933799006208","data":"International services agreement template ready to use\nl http://ow.ly/rdZi1 "},{"index":"405685457570500608","data":"Google Analytics: 5 ajustes imprescindibles"},{"index":"406955428418158592","data":"Google Analytics: 5 ajustes imprescindibles"},{"index":"407741302676414464","data":"Google Analytics: 5 ajustes imprescindibles"},{"index":"408406564195024896","data":"Google Analytics: 5 ajustes imprescindibles"},{"index":"410160771847700480","data":"¿Qué es el Growth Hacking? http://ow.ly/rzKVA "},{"index":"409617699854368768","data":"Google Analytics: 5 ajustes imprescindibles"},{"index":"408951761438011392","data":"Google Analytics: 5 ajustes imprescindibles"},{"index":"410584918092447745","data":"Google Analytics: 5 ajustes imprescindibles"},{"index":"411104479850020864","data":"@simonturpin @ThePlanCompany @Montijo_trabajo @AprendeEbusines @carrasesther @SMM_Day Gracias por los RT. Un saludo! :)"},{"index":"411371118071922688","data":"Google Analytics: 5 ajustes imprescindibles"},{"index":"411915938678980608","data":"Google Analytics: 5 ajustes imprescindibles"},{"index":"412701715285422080","data":"Google Analytics: 5 ajustes imprescindibles"},{"index":"413607292802985984","data":"Google Analytics: 5 ajustes imprescindibles http://ow.ly/ovkyc "},{"index":"412290854943203328","data":"\"@JuanCMejiaLlano: Twitter lanza Keyword Targeting, nueva herramienta para anunciantes y marcas http://bit.ly/18Oi1GV  #CommunityManager\""},{"index":"415061819703558144","data":"Cómo utilizar Twitter en retransmisiones de radio y TV (según Twitter): Twittear!function(d,s,id){var js,fjs=d... http://bit.ly/196Pbyn "},{"index":"417593520871211008","data":"Google Analytics: 5 ajustes imprescindibles http://ow.ly/ovkT5 "},{"index":"417951781969076224","data":"Gracias 2013. ¡Bienvenido 2014!:  Twittear!function(d,s,id){var js,fjs=d.getElementsByTagName(s)[0],p=/^http:/... http://bit.ly/19D3hrw "},{"index":"420311609505222657","data":"Memorandum of Understanding (MOU) for going into a joint venture \n http://ow.ly/scyZV "},{"index":"422668175780900864","data":"International contracts templates in German\n http://ow.ly/snaDv "},{"index":"422706197746032641","data":"3274 tweeps followed (thank you!) and 457 unfollowed (goodbye!) me in the past day. Thank you http://www.justunfollow.com/?r=td ."},{"index":"422474853082759168","data":"\"@marialazaro: Para probarlas> @Sociable360: 10 Alternatives to Google Keyword Research Tool http://ift.tt/KMxDlr  #SEM #SEO #Analytics\""},{"index":"423784877347979265","data":"47 tweeps followed (thank you!) and 19 unfollowed (goodbye!) me in the past day. Thank you http://www.justunfollow.com/?r=td ."},{"index":"424936908087910400","data":"Facebook incorpora los Trending Topics http://ow.ly/sFQx4 "},{"index":"423729265155117056","data":"Cómo configurar botones sociales para incrementar las visitas a tu web [Tutorial]: Twittear!function(d,s,id){v... http://bit.ly/1i06HwM "},{"index":"423922803545759744","data":"\"@Ramonser: JustUnfollow llega a #Hootsuite para monitorizar followers fácilmente - http://kcy.me/xjsf  Recomendable!"}]