[{"index":"371984773050564609","data":"EyeSpy 20/20: Technology that could save a child http://shrd.by/SW2NgL "},{"index":"369510365605789696","data":"Why Billionaires Are Trying to Rescue the Newspaper Industry http://shrd.by/Jl6bWM "},{"index":"370177256565387264","data":"De cliente insatisfecho a cliente cabreado: cuando el propio CM convierte una crítica en crisis http://shrd.by/9SB3nz  vía @ApisCookies"},{"index":"367046871753039874","data":"Personal branding - do it yourself by @shvmdhwn on @slideshare http://shrd.by/5wkDN8 "},{"index":"360144108213387265","data":"“@hootsuite: LinkedIn is the most popular social network for bosses, but it’s not the most commonly used social tool: http://shrd.by/2v7p89 "},{"index":"372630996031930368","data":"Infographic: 26 Digital Marketing Statistics You Shouldn't Miss [INFOGRAPHIC] http://shrd.by/4SPePF "},{"index":"372064067969896448","data":"Google Pagerank explained  We love SEO and infographics http://shrd.by/xgldmo "},{"index":"372631575521148928","data":"Why a Social CEO is a Trusted CEO http://shrd.by/66BAtc "},{"index":"372679541040640000","data":"Internship: Inbound Marketing & Translation Assistant  http://shrd.by/z7RFhB "},{"index":"372632425618501633","data":"Managing brand reputation in the age of Twitter http://shrd.by/Rm2eXy  vía @guardian"},{"index":"372756804440424448","data":"The Chief Marketing Officer is Dead | LinkedIn http://shrd.by/3DXDW8 "},{"index":"372790969143664640","data":"“@Glassdoor: Top 10 People You Want to Be Recruited by – Glassdoor Talent Warriors! http://shrd.by/CK3WKM ” #interesante"},{"index":"372791850350166016","data":"“@womenonbusiness: 10 Questions to Ask Yourself Before Letting an Employee Go http://shrd.by/GRYSqQ  #management #smallbusiness”"},{"index":"373403385263050752","data":"Marketing Professional en Honeywell #empleo\nhttp://shrd.by/1f1YdQ  vía @jobandtalent_es"},{"index":"374097231605153792","data":"I posted a new photo to Facebook http://shrd.by/lyTYNh "},{"index":"374097835572363264","data":"I posted a new photo to Facebook http://shrd.by/nbjlwq "},{"index":"373414495659753472","data":"I posted a new photo to Facebook http://shrd.by/zlT9nf "},{"index":"374132810606321664","data":"¿Incontinencia verbal, yo?  http://shrd.by/kp5roL  vía @el_pais"},{"index":"374134728112496640","data":"Let's Talk about the Human Cost of Hiring/Firing | LinkedIn #interesante http://shrd.by/Gdkp7G "},{"index":"377077436053454848","data":"Oportunidad de empleo: Head of Marketing Communications - South en Facebook - Madrid y alrededores, España http://shrd.by/OjJL1N "},{"index":"374949075202080768","data":"@Twitter  busca en España un Partnerships Manager, News & Politics  http://jobvite.com/m?3QLC2gw0  #job"},{"index":"377727496630063104","data":"#Empleo:DIRECTOR DE MARKETING (MULTINACIONAL) http://shrd.by/OOxNsk "},{"index":"377813538578132992","data":"@Inforpress busca un programador@ web http://www.inforpress.es/buscamos-un-programador-web/ …"},{"index":"377839798033346560","data":"FACEBOOK: Head of Marketing Communications - Southern Europe http://shrd.by/1FMNw5 "},{"index":"378460904381505537","data":"¿Qué va a hacer Jeff Bezos con 'The Washington Post'? http://shrd.by/dveEZv "},{"index":"379305640784846848","data":"12 Comedian Quotes for When Your Job Makes You Want to Cry http://shrd.by/l9OZ1J  vía @mashable"},{"index":"379938194331955200","data":"RT @Yoriento: \"Las personas importanten saben dominar su ego.\" http://shrd.by/dspgy4  @romeroabreu de @thinkingheads en @el_pais"},{"index":"379324376782757888","data":"12 Comedian Quotes for When Your Job Makes You Want to Cry http://shrd.by/l9OZ1J  vía @mashable"},{"index":"380347811457675264","data":"Support phonebloks! - a phone worth keeping http://shrd.by/eNAzBr  #phonebloks vía @davehakkens Interesante concepto #crowdspeaking"},{"index":"382108227963748352","data":"The ultimate guide to explain Digital (to your colleagues) by @gregfromparis #brand #commerce http://shrd.by/gkAoOC  vía @SlideShare"},{"index":"382110743514329088","data":"10 Deadly Reasons Most Websites Fail by @HubSpot #inboundmarketing #internetmarketing http://shrd.by/2clboS  vía @SlideShare"},{"index":"383227216643235840","data":"Time's up for siestas, delayed meetings and late nights via @Telegraph http://shrd.by/ZMxNJG  #asinosven #marcaespaña"},{"index":"382581025697570816","data":"@tcreativo busca para oficina Bogotá  Community Manager junior http://territoriocreativo.es/mailing/tc/cmcolombia/cmcolombia.pdf … #empleo"},{"index":"382115077174087680","data":"GOOGLE busca un Product Marketing Manager. MadridWell-Comm Talento para comunicar http://shrd.by/LsHOV5 "},{"index":"382159941500674048","data":"3 Communication Mistakes Women Make Via @HuffPostWomen http://shrd.by/M382xX "},{"index":"383254011748831232","data":"V Estudio sobre Mobile Marketing de IAB Spain y @tcanalysis #iab #mobilemarketing http://shrd.by/Bqq59o  vía @SlideShare"},{"index":"384193558301114368","data":"“@joantxo: Top 52 Social Media Platforms Every Marketer Should Know http://shrd.by/oAwywZ ”"},{"index":"384370626229985280","data":"Check out: 10 Disappearing Careers  http://shrd.by/dFggST  vía @aoljobs"},{"index":"386156921478455296","data":"Managing your professional reputation on social media http://shrd.by/lHSpGh  vía @guardian"},{"index":"385356961027719168","data":"IESE Insight - Microsoft: es hora de cambiar http://shrd.by/SxOCyp "},{"index":"387133421895843840","data":"Is Flexible Work right for you and your company? #infographic http://shrd.by/1N3pgR "},{"index":"387137065491910656","data":"Avoiding the Big Data Crisis: Managing Disclosure http://shrd.by/LDJpPZ  vía @holmesreport"},{"index":"388321219332046848","data":"Forget the Klout Score! What's Your Social Zoom Factor? http://shrd.by/aHpQ0G  vía @pammktgnut"},{"index":"386156472956379137","data":"Duncan Jefferies: why flexible working works for the public sector http://shrd.by/eRkl54  vía @guardian"},{"index":"389701029576835072","data":"Edelman Wins Global PR Agency Of The Year Honors http://shrd.by/HKH9No  vía @HolmesReport\nCongratulations!! @richardwedelman @Edelman_Spain:"},{"index":"390442708252516352","data":"Google busca un Industry Manager (Branding) Madrid http://shrd.by/93GgTC  vía @jobandtalent_es"},{"index":"390446775066435584","data":"The future of marketing is about being human- @dharmesh #FutureOf http://shrd.by/E1QG8b "},{"index":"389803106302566400","data":"@llorenteycuenca nombrada Best Financial Consultancy in the World by @holmesreport http://www.holmesreport.com/news-info/14071/Edelman-Wins-Global-PR-Agency-Of-The-Year-Honors.aspx …"},{"index":"390459537393999872","data":"\"There are more mobile-connected devices than there are people on earth\" #FutureofBiz http://shrd.by/Lj2C7r  #SAP99Facts"},{"index":"392723891153813504","data":"Want To Find Brand Ambassadors? Start With Your Employees  http://shrd.by/Xpyw9z  vía @forbes"},{"index":"395633948908593152","data":"I just voted for this Pink Glove Dance Competition video. Check it out!  http://shrd.by/PWJ9Bh  #pinkglovedance"},{"index":"391273918600056832","data":"“@MarkRaganCEO: \"How often should I expect to see media coverage?\" Choosing a PR agency: 10 questions to ask http://shrd.by/o1d8XQ ”"},{"index":"395977328062640128","data":"To Create Great Stories, Data Journalists Need to Meet Designers More Than Half Way http://shrd.by/7NeLtl  vía @visually"},{"index":"400710378206035968","data":"Nuevo post en #wellcommunity: 5 errores a evitar cuando contrates a un Community Manager |  http://shrd.by/oTGpnk "},{"index":"400997250601852928","data":"Spain: Communications Sector Wages – Falling Down http://shrd.by/7EKeck  #salarioswellcomm"},{"index":"399837337171267584","data":"The Other Face of Recruitment in PR, Part II: http://shrd.by/bDmsWt  vía @corinamanea"},{"index":"403254346521268224","data":"Nuevo post en #wellcommunity: Llega a Madrid #prepárate2013 |  http://shrd.by/zwlLpg "},{"index":"400919213499748352","data":"Collaborative economy is a new business model where we share goods, ideas and the crowd becomes a corporation @jowyang #Ideagoras"},{"index":"407109156244836353","data":"#yoire al TEDxGranViaWomen 2013 <br> &nbsp;: http://shrd.by/sSSsNJ "},{"index":"410353806355230720","data":"“@topcomunicacion: Hotwire Public Relations Spain se incorpora a la Pasarela Top - http://shrd.by/ZnHv7Q  @HotwirePR_Spain @leevyashim”"},{"index":"410705698600001536","data":"This Commercial Totally Nails the Double Standard for Men and Women http://shrd.by/k4mhbX  Via @doriscasares #prejuicios"},{"index":"410720363526774784","data":"The State of Social Business in 2013 | LinkedIn http://shrd.by/bFhV2T "},{"index":"408268698818842624","data":"Check out \"Best Spanish Brands 2013\" on Vimeo http://vimeo.com/80966470  #Vimeo #interbrand #bestspanishbrands2013 @interbrandmad"},{"index":"412536309341630464","data":"Yes!! RT @chemapalomares: Do you agree? What CEOs expect from Communication Directors #WPRF2014 @DircomSpain pic.twitter.com/VtgR6FFAFb"},{"index":"417366930501435392","data":"Infographic: Evolution of the PR industry http://shrd.by/eWYQNS "},{"index":"412843879986380801","data":"Goodbye, Oficina http://shrd.by/3EeqOT "},{"index":"416633645341081600","data":"A PR Resolution for New Year’s Resolutions http://shrd.by/Wkx1LE "},{"index":"418366477029609472","data":"The 20 Most Powerful Storytelling Videos of 2013 http://shrd.by/XNhlEv  vía @visually"},{"index":"418469240866627585","data":"9 Awesome Reasons to Use Infographics in your Content Marketing http://shrd.by/lQ5k9j  vía @jeffbullas"},{"index":"418456122883072000","data":"The Ultimate Guide To Instagram Marketing by @TheCoolestCool #contentmarketing #guidetoinstagram http://shrd.by/qdPVRE  vía @SlideShare"},{"index":"418467626340585472","data":"How to Get More Social With Your Next Presentation — http://shrd.by/jYd9VS "},{"index":"420684694049816576","data":"Terrible... http://shrd.by/TC8CYg "},{"index":"418643781949616128","data":"World Map of Social Networks http://shrd.by/81AM5e  vía @vincos"},{"index":"418791428748492800","data":"Top 10 New Year's Resolutions http://shrd.by/qn0F19  vía @visually"},{"index":"421302077759840256","data":"I've joined Guardian Media Network, sign up for newsletters, events and the latest news.  https://register.theguardian.com/media/  vía @GdnMediaNetwork"},{"index":"421357089483530240","data":"Échale un vistazo a \"SOCIAL MEDIA TRENDS 2014\" Vimeo http://vimeo.com/80387678  #motiondesign  #pinterest #pheed #vine #line #twitter #facebook"},{"index":"423136898526482432","data":"Filling the void How do communication directors prepare for board-level roles? | Communication Director http://shrd.by/rqjmjY "},{"index":"423370973812113408","data":"Exciting news! My content is among the TOP 3% of most viewed on SlideShare in 2013. #SSYearInReview http://shrd.by/Y7PpO2  vía @SlideShare"},{"index":"426289640396447744","data":"Take Your Networking to the Next Level: Build Actual Relationships http://mashable.com/2014/01/18/networking/#:eyJzIjoidCIsImkiOiJfam1rMGhyOXNjczU0OWd3ayJ9 … vía @mashable"},{"index":"369510365605789696","data":"Why Billionaires Are Trying to Rescue the Newspaper Industry http://shrd.by/Jl6bWM "},{"index":"360144108213387265","data":"“@hootsuite: LinkedIn is the most popular social network for bosses, but it’s not the most commonly used social tool: http://shrd.by/2v7p89 "},{"index":"371984773050564609","data":"EyeSpy 20/20: Technology that could save a child http://shrd.by/SW2NgL "},{"index":"367046871753039874","data":"Personal branding - do it yourself by @shvmdhwn on @slideshare http://shrd.by/5wkDN8 "},{"index":"370177256565387264","data":"De cliente insatisfecho a cliente cabreado: cuando el propio CM convierte una crítica en crisis http://shrd.by/9SB3nz  vía @ApisCookies"},{"index":"372064067969896448","data":"Google Pagerank explained  We love SEO and infographics http://shrd.by/xgldmo "},{"index":"372631575521148928","data":"Why a Social CEO is a Trusted CEO http://shrd.by/66BAtc "},{"index":"372632425618501633","data":"Managing brand reputation in the age of Twitter http://shrd.by/Rm2eXy  vía @guardian"},{"index":"372756804440424448","data":"The Chief Marketing Officer is Dead | LinkedIn http://shrd.by/3DXDW8 "},{"index":"372679541040640000","data":"Internship: Inbound Marketing & Translation Assistant  http://shrd.by/z7RFhB "},{"index":"372790969143664640","data":"“@Glassdoor: Top 10 People You Want to Be Recruited by – Glassdoor Talent Warriors! http://shrd.by/CK3WKM ” #interesante"},{"index":"372791850350166016","data":"“@womenonbusiness: 10 Questions to Ask Yourself Before Letting an Employee Go http://shrd.by/GRYSqQ  #management #smallbusiness”"},{"index":"372630996031930368","data":"Infographic: 26 Digital Marketing Statistics You Shouldn't Miss [INFOGRAPHIC] http://shrd.by/4SPePF "},{"index":"373414495659753472","data":"I posted a new photo to Facebook http://shrd.by/zlT9nf "},{"index":"373403385263050752","data":"Marketing Professional en Honeywell #empleo\nhttp://shrd.by/1f1YdQ  vía @jobandtalent_es"},{"index":"374097231605153792","data":"I posted a new photo to Facebook http://shrd.by/lyTYNh "},{"index":"374097835572363264","data":"I posted a new photo to Facebook http://shrd.by/nbjlwq "},{"index":"374134728112496640","data":"Let's Talk about the Human Cost of Hiring/Firing | LinkedIn #interesante http://shrd.by/Gdkp7G "},{"index":"374132810606321664","data":"¿Incontinencia verbal, yo?  http://shrd.by/kp5roL  vía @el_pais"},{"index":"374949075202080768","data":"@Twitter  busca en España un Partnerships Manager, News & Politics  http://jobvite.com/m?3QLC2gw0  #job"},{"index":"377077436053454848","data":"Oportunidad de empleo: Head of Marketing Communications - South en Facebook - Madrid y alrededores, España http://shrd.by/OjJL1N "},{"index":"377727496630063104","data":"#Empleo:DIRECTOR DE MARKETING (MULTINACIONAL) http://shrd.by/OOxNsk "},{"index":"378460904381505537","data":"¿Qué va a hacer Jeff Bezos con 'The Washington Post'? http://shrd.by/dveEZv "},{"index":"379305640784846848","data":"12 Comedian Quotes for When Your Job Makes You Want to Cry http://shrd.by/l9OZ1J  vía @mashable"},{"index":"379324376782757888","data":"12 Comedian Quotes for When Your Job Makes You Want to Cry http://shrd.by/l9OZ1J  vía @mashable"},{"index":"377839798033346560","data":"FACEBOOK: Head of Marketing Communications - Southern Europe http://shrd.by/1FMNw5 "},{"index":"379938194331955200","data":"RT @Yoriento: \"Las personas importanten saben dominar su ego.\" http://shrd.by/dspgy4  @romeroabreu de @thinkingheads en @el_pais"},{"index":"380347811457675264","data":"Support phonebloks! - a phone worth keeping http://shrd.by/eNAzBr  #phonebloks vía @davehakkens Interesante concepto #crowdspeaking"},{"index":"377813538578132992","data":"@Inforpress busca un programador@ web http://www.inforpress.es/buscamos-un-programador-web/ …"},{"index":"382108227963748352","data":"The ultimate guide to explain Digital (to your colleagues) by @gregfromparis #brand #commerce http://shrd.by/gkAoOC  vía @SlideShare"},{"index":"382110743514329088","data":"10 Deadly Reasons Most Websites Fail by @HubSpot #inboundmarketing #internetmarketing http://shrd.by/2clboS  vía @SlideShare"},{"index":"382115077174087680","data":"GOOGLE busca un Product Marketing Manager. MadridWell-Comm Talento para comunicar http://shrd.by/LsHOV5 "},{"index":"383227216643235840","data":"Time's up for siestas, delayed meetings and late nights via @Telegraph http://shrd.by/ZMxNJG  #asinosven #marcaespaña"},{"index":"383254011748831232","data":"V Estudio sobre Mobile Marketing de IAB Spain y @tcanalysis #iab #mobilemarketing http://shrd.by/Bqq59o  vía @SlideShare"},{"index":"382581025697570816","data":"@tcreativo busca para oficina Bogotá  Community Manager junior http://territoriocreativo.es/mailing/tc/cmcolombia/cmcolombia.pdf … #empleo"},{"index":"382159941500674048","data":"3 Communication Mistakes Women Make Via @HuffPostWomen http://shrd.by/M382xX "},{"index":"384370626229985280","data":"Check out: 10 Disappearing Careers  http://shrd.by/dFggST  vía @aoljobs"},{"index":"384193558301114368","data":"“@joantxo: Top 52 Social Media Platforms Every Marketer Should Know http://shrd.by/oAwywZ ”"},{"index":"385356961027719168","data":"IESE Insight - Microsoft: es hora de cambiar http://shrd.by/SxOCyp "},{"index":"386156472956379137","data":"Duncan Jefferies: why flexible working works for the public sector http://shrd.by/eRkl54  vía @guardian"},{"index":"388321219332046848","data":"Forget the Klout Score! What's Your Social Zoom Factor? http://shrd.by/aHpQ0G  vía @pammktgnut"},{"index":"386156921478455296","data":"Managing your professional reputation on social media http://shrd.by/lHSpGh  vía @guardian"},{"index":"387137065491910656","data":"Avoiding the Big Data Crisis: Managing Disclosure http://shrd.by/LDJpPZ  vía @holmesreport"},{"index":"387133421895843840","data":"Is Flexible Work right for you and your company? #infographic http://shrd.by/1N3pgR "},{"index":"389803106302566400","data":"@llorenteycuenca nombrada Best Financial Consultancy in the World by @holmesreport http://www.holmesreport.com/news-info/14071/Edelman-Wins-Global-PR-Agency-Of-The-Year-Honors.aspx …"},{"index":"390459537393999872","data":"\"There are more mobile-connected devices than there are people on earth\" #FutureofBiz http://shrd.by/Lj2C7r  #SAP99Facts"},{"index":"389701029576835072","data":"Edelman Wins Global PR Agency Of The Year Honors http://shrd.by/HKH9No  vía @HolmesReport\nCongratulations!! @richardwedelman @Edelman_Spain:"},{"index":"390442708252516352","data":"Google busca un Industry Manager (Branding) Madrid http://shrd.by/93GgTC  vía @jobandtalent_es"},{"index":"391273918600056832","data":"“@MarkRaganCEO: \"How often should I expect to see media coverage?\" Choosing a PR agency: 10 questions to ask http://shrd.by/o1d8XQ ”"},{"index":"392723891153813504","data":"Want To Find Brand Ambassadors? Start With Your Employees  http://shrd.by/Xpyw9z  vía @forbes"},{"index":"399837337171267584","data":"The Other Face of Recruitment in PR, Part II: http://shrd.by/bDmsWt  vía @corinamanea"},{"index":"390446775066435584","data":"The future of marketing is about being human- @dharmesh #FutureOf http://shrd.by/E1QG8b "},{"index":"395977328062640128","data":"To Create Great Stories, Data Journalists Need to Meet Designers More Than Half Way http://shrd.by/7NeLtl  vía @visually"},{"index":"395633948908593152","data":"I just voted for this Pink Glove Dance Competition video. Check it out!  http://shrd.by/PWJ9Bh  #pinkglovedance"},{"index":"400710378206035968","data":"Nuevo post en #wellcommunity: 5 errores a evitar cuando contrates a un Community Manager |  http://shrd.by/oTGpnk "},{"index":"400919213499748352","data":"Collaborative economy is a new business model where we share goods, ideas and the crowd becomes a corporation @jowyang #Ideagoras"},{"index":"400997250601852928","data":"Spain: Communications Sector Wages – Falling Down http://shrd.by/7EKeck  #salarioswellcomm"},{"index":"403254346521268224","data":"Nuevo post en #wellcommunity: Llega a Madrid #prepárate2013 |  http://shrd.by/zwlLpg "},{"index":"407109156244836353","data":"#yoire al TEDxGranViaWomen 2013 <br> &nbsp;: http://shrd.by/sSSsNJ "},{"index":"410353806355230720","data":"“@topcomunicacion: Hotwire Public Relations Spain se incorpora a la Pasarela Top - http://shrd.by/ZnHv7Q  @HotwirePR_Spain @leevyashim”"},{"index":"412536309341630464","data":"Yes!! RT @chemapalomares: Do you agree? What CEOs expect from Communication Directors #WPRF2014 @DircomSpain pic.twitter.com/VtgR6FFAFb"},{"index":"410705698600001536","data":"This Commercial Totally Nails the Double Standard for Men and Women http://shrd.by/k4mhbX  Via @doriscasares #prejuicios"},{"index":"410720363526774784","data":"The State of Social Business in 2013 | LinkedIn http://shrd.by/bFhV2T "},{"index":"408268698818842624","data":"Check out \"Best Spanish Brands 2013\" on Vimeo http://vimeo.com/80966470  #Vimeo #interbrand #bestspanishbrands2013 @interbrandmad"},{"index":"412843879986380801","data":"Goodbye, Oficina http://shrd.by/3EeqOT "},{"index":"416633645341081600","data":"A PR Resolution for New Year’s Resolutions http://shrd.by/Wkx1LE "},{"index":"418366477029609472","data":"The 20 Most Powerful Storytelling Videos of 2013 http://shrd.by/XNhlEv  vía @visually"},{"index":"417366930501435392","data":"Infographic: Evolution of the PR industry http://shrd.by/eWYQNS "},{"index":"418467626340585472","data":"How to Get More Social With Your Next Presentation — http://shrd.by/jYd9VS "},{"index":"418469240866627585","data":"9 Awesome Reasons to Use Infographics in your Content Marketing http://shrd.by/lQ5k9j  vía @jeffbullas"},{"index":"418643781949616128","data":"World Map of Social Networks http://shrd.by/81AM5e  vía @vincos"},{"index":"418456122883072000","data":"The Ultimate Guide To Instagram Marketing by @TheCoolestCool #contentmarketing #guidetoinstagram http://shrd.by/qdPVRE  vía @SlideShare"},{"index":"418791428748492800","data":"Top 10 New Year's Resolutions http://shrd.by/qn0F19  vía @visually"},{"index":"420684694049816576","data":"Terrible... http://shrd.by/TC8CYg "},{"index":"421357089483530240","data":"Échale un vistazo a \"SOCIAL MEDIA TRENDS 2014\" Vimeo http://vimeo.com/80387678  #motiondesign  #pinterest #pheed #vine #line #twitter #facebook"},{"index":"421302077759840256","data":"I've joined Guardian Media Network, sign up for newsletters, events and the latest news.  https://register.theguardian.com/media/  vía @GdnMediaNetwork"},{"index":"423370973812113408","data":"Exciting news! My content is among the TOP 3% of most viewed on SlideShare in 2013. #SSYearInReview http://shrd.by/Y7PpO2  vía @SlideShare"},{"index":"423136898526482432","data":"Filling the void How do communication directors prepare for board-level roles? | Communication Director http://shrd.by/rqjmjY "},{"index":"426289640396447744","data":"Take Your Networking to the Next Level: Build Actual Relationships http://mashable.com/2014/01/18/networking/#:eyJzIjoidCIsImkiOiJfam1rMGhyOXNjczU0OWd3ayJ9 … vía @mashable"}]