[{"index":"116801740430524416","data":"Newsweek Tracks Women's Progress Around the World http://www.thedailybeast.com/newsweek/2011/09/18/newsweek-tracks-women-s-progress-around-the-world.html … vía @newsweek"},{"index":"256386327858278400","data":"Just changed my twitter background, check it out! Found it at http://www.TwitterBackgrounds.com  on Thursday 06:16:01 AM"},{"index":"222721086180179968","data":"How LinkedIn Gets TWENTY Times More Money Per User Than Facebook http://www.businessinsider.com/linked-revenue-facebook-2012-7?utm_source=twbutton&utm_medium=social&utm_campaign=enterprise … vía @bi_enterprise"},{"index":"312225499466305536","data":"¡Womenalia se une a Women on Board! http://www.womenalia.com/actualidad/27-hoy-en-womenalia/1407-womenalia-se-une-a-women-on-board …"},{"index":"297019448316002304","data":"I've voted Maria G. del Pozuelo, @mgdelpozuelo as \"Best Co-founder\" in the TNW Spanish Startup Awards #SSA http://tnw.to/spainawards "},{"index":"347080779676913664","data":"A punto de empezar #aDebateFC Liderazgo Femenino ¿La revolución silenciosa? Fundacion Canal http://bit.ly/3RNjq8  Tb por streaming"},{"index":"353169342852108288","data":"Nuestro #FF de hoy: @mgdelpozuelo"},{"index":"371715449790009344","data":"The secret of Happyness is Freedom and the secret of Freedom is Courage:http://www.karmatube.org/videos.php?id=3008 …; vía @karmatube; un ejemplo a seguir."},{"index":"370860707417317376","data":"Headquarters - Home http://www.womenalia.com/index.php?option=com_awdwall&view=awdwall&layout=main&wid=18771&Itemid= …"},{"index":"390460293874069504","data":"Attending the Women's Forum in Deauville - France with @Cartierawards  #WF2013 interesting the panel of spekers"},{"index":"394010377274417153","data":"Thanks to the Italian Team of the #EWMD2013 and the different superb professional women. New business opportunities are coming in Italy"},{"index":"394005559667458048","data":"Thanks to the Italian Team of the #EWMD and the different superb professional women. New business opportunities are coming in Italy"},{"index":"394013698991202304","data":"Government / Gdp 2013 _ Spain is in 6,5% the worst position in Europe with a forecast of 7% in 2014 and Germany the best 0% #EWMD2013"},{"index":"394013306194624512","data":"Understanding Europe picture of Macro economics - @lucabagato  #EWMD2013"},{"index":"390487641113632769","data":"@raomal : what I thought is my weakness ended up to be my strength\" #wf13 #CartierAwards #diversity"},{"index":"394017203621601280","data":"Solutions for Europe: European flexible  plan better plan than obsessive austerity trends #EWMD2013"},{"index":"116801740430524416","data":"Newsweek Tracks Women's Progress Around the World http://www.thedailybeast.com/newsweek/2011/09/18/newsweek-tracks-women-s-progress-around-the-world.html … vía @newsweek"},{"index":"394019299272036353","data":"European Central Bank politac support &  \ntrade policy integration especially for imports\n#EWMD2013"},{"index":"222721086180179968","data":"How LinkedIn Gets TWENTY Times More Money Per User Than Facebook http://www.businessinsider.com/linked-revenue-facebook-2012-7?utm_source=twbutton&utm_medium=social&utm_campaign=enterprise … vía @bi_enterprise"},{"index":"256386327858278400","data":"Just changed my twitter background, check it out! Found it at http://www.TwitterBackgrounds.com  on Thursday 06:16:01 AM"},{"index":"394146601591402496","data":"Understanding Europe picture of Macro economics - @lucabagato  #EWMD2013"},{"index":"297019448316002304","data":"I've voted Maria G. del Pozuelo, @mgdelpozuelo as \"Best Co-founder\" in the TNW Spanish Startup Awards #SSA http://tnw.to/spainawards "},{"index":"312225499466305536","data":"¡Womenalia se une a Women on Board! http://www.womenalia.com/actualidad/27-hoy-en-womenalia/1407-womenalia-se-une-a-women-on-board …"},{"index":"347080779676913664","data":"A punto de empezar #aDebateFC Liderazgo Femenino ¿La revolución silenciosa? Fundacion Canal http://bit.ly/3RNjq8  Tb por streaming"},{"index":"353169342852108288","data":"Nuestro #FF de hoy: @mgdelpozuelo"},{"index":"371715449790009344","data":"The secret of Happyness is Freedom and the secret of Freedom is Courage:http://www.karmatube.org/videos.php?id=3008 …; vía @karmatube; un ejemplo a seguir."},{"index":"370860707417317376","data":"Headquarters - Home http://www.womenalia.com/index.php?option=com_awdwall&view=awdwall&layout=main&wid=18771&Itemid= …"},{"index":"390460293874069504","data":"Attending the Women's Forum in Deauville - France with @Cartierawards  #WF2013 interesting the panel of spekers"},{"index":"394005559667458048","data":"Thanks to the Italian Team of the #EWMD and the different superb professional women. New business opportunities are coming in Italy"},{"index":"394010377274417153","data":"Thanks to the Italian Team of the #EWMD2013 and the different superb professional women. New business opportunities are coming in Italy"},{"index":"390487641113632769","data":"@raomal : what I thought is my weakness ended up to be my strength\" #wf13 #CartierAwards #diversity"},{"index":"394013306194624512","data":"Understanding Europe picture of Macro economics - @lucabagato  #EWMD2013"},{"index":"394013698991202304","data":"Government / Gdp 2013 _ Spain is in 6,5% the worst position in Europe with a forecast of 7% in 2014 and Germany the best 0% #EWMD2013"},{"index":"394017203621601280","data":"Solutions for Europe: European flexible  plan better plan than obsessive austerity trends #EWMD2013"},{"index":"394019299272036353","data":"European Central Bank politac support &  \ntrade policy integration especially for imports\n#EWMD2013"},{"index":"394146601591402496","data":"Understanding Europe picture of Macro economics - @lucabagato  #EWMD2013"}]