[{"index":"241606298091786240","data":"#FF A mi top 3 followers de la semana @elwerik @Indo_TripleS @BabyKyuRaTS501 Mi ranking: http://www.gamisfaction.com/profile/mikomonik?utm_source=timeline&utm_medium=twitter&utm_campaign=followfriday …"},{"index":"238993387775197184","data":"#FF A mi top 3 followers de la última semana @elwerik @AZStation_Tv @rubyj20 Mas aqui: http://www.gamisfaction.com/profile/mikomonik?utm_source=timeline&utm_medium=twitter&utm_campaign=followfriday …"},{"index":"236542838916128768","data":"FF @Wolfhack =)"},{"index":"244076297662373888","data":"#FF para mi top 3 followers de la semana :-D @elwerik @AZStation_Tv @Wolfhack Mi ranking: http://www.gamisfaction.com/profile/mikomonik?utm_source=timeline&utm_medium=twitter&utm_campaign=followfriday …"},{"index":"225973071733997568","data":"FF @Wolfhack"},{"index":"250319104530079744","data":"#TVXQCatchMe por fin el full MV!!!"},{"index":"250624530178007040","data":"#CancionesParaUnaMadrugadaConLluvia The day we fall in love by Park Shin Hye"},{"index":"248872500849672194","data":"@Wolfhack hola :D"},{"index":"245949476404076545","data":"=) (@YouTube http://youtu.be/9bZkp7q19f0?a )"},{"index":"249627784635359233","data":"Viendo Hesarststring con @Wolfhack"},{"index":"256509856062795776","data":"Trailer de Dragon Ball Z Saiyan Saga hecho por fans http://azstationtv.com/blog/?p=2181 "},{"index":"266269234890412032","data":"Mi girlband de #kpop favorita ... After School en el Music Bank en Chile wiii las pude ver :D http://youtu.be/8_EQqQM4-JU "},{"index":"266302175997730817","data":"Me ha gustado un vídeo de @YouTube de @azstation_tv (http://youtu.be/FikN7IFr0XY?a  - Music Bank in Chile 2012 - AFTER SCHOOL - Because of"},{"index":"258948729489481729","data":"INFORMACIÓN IMPORTANTE PARA MEDIOS DE PRENSA  INTERNACIONALES...\n\nPROCESO DE ACREDITACIÓN MEDIOS... http://fb.me/14HtlKcaX "},{"index":"268002934053289985","data":"CEO de KANDAVU PRODUCCIONES nos informa por twitter la hora de la llegada de BIGBANG a nuestro país! http://fb.me/1oRMwtpdA "},{"index":"273472985774575616","data":"@ForvictoRi i love your spanish http://youtu.be/xJmlR7vygVs  :D"},{"index":"275418333715775490","data":"#ProudToBeAFanOf After school #kpop mi girl-band favorita"},{"index":"274524933147725824","data":"#2012MAMA 'Artist of the year' is Big Bang (Artista del año es BIGBANG) http://fb.me/1DaQ6D5Z7 "},{"index":"281086564036124672","data":"[NOTICIA] YG Family próximamente en Discovery Channel \n\nLos miembros de YG Entertainment se presentará en un... http://fb.me/OoK8DCfJ "},{"index":"286289137760362496","data":"Bailando flashback #kpop con mi grupo NEW SCHOOL http://youtu.be/AwDillxYrTU "},{"index":"283336406649171968","data":"@misskahi happy birthday . regards from Perú"},{"index":"291620057056964608","data":"Feliz 4 aniversario mi grupo favorito de #kpop #AfterSchool #4fterschool"},{"index":"291620554786627584","data":"@asperu_tweets feliz 4to aniversario a nuestras divas!!! el mejor grupo #kpop #4fterschool"},{"index":"292671976940634115","data":"Softnyx game tour en vivo por @AZStation_Tv https://www.youtube.com/user/AzoneStationTV/featured?v=Ef3Xcrut43Q …"},{"index":"294592243849912320","data":"Me ha gustado un vídeo de @YouTube de @Imsea2 (http://youtu.be/GnWt9HzMefE?a  - Softnyx Games Tour 2013 - New School / After School -"},{"index":"306425253389795329","data":"[Nota del productor] Hoy hemos estado full con la cobertura del evento, desde la llegada de Kim Hyun Joong en el... http://fb.me/2a06Hswh5 "},{"index":"300074977187733505","data":"Genial chicos! (@YouTube - http://youtu.be/pRCwuAEINgE?a )"},{"index":"318706719544991744","data":"I liked a @YouTube video from @azstation_tv http://youtu.be/aBHHzvfuCMY?a  AnimeDroid - Eleva tu Ki con Dragon Ball Tap Battle"},{"index":"318502852412723201","data":"I liked a @YouTube video from @azstation_tv http://youtu.be/9LU_-GPygMw?a  누리-K (Nuri-K) - Promotional Spot HD1080p"},{"index":"347461194950533120","data":"I liked a @YouTube video from @azstation_tv http://youtu.be/WyviuSxl3Rc?a  Detalles del concierto de UKISS y Kpop Fever Series HD1080p"},{"index":"356240741128876032","data":"I liked a @YouTube video http://youtu.be/Hk4Y-mqbypY?a  K.Dreams Festival - [Cover]Exo - Freeze HD1080p"},{"index":"356240802986463233","data":"I liked a @YouTube video http://youtu.be/A7wDcJTt2VI?a  K.Dreams Festival - [Cover]Sistar - Sexy Star Perú HD1080p"},{"index":"327887618593415169","data":"@Joovicool a qué hora vas al aeropuerto?"},{"index":"356240880639807489","data":"I liked a @YouTube video http://youtu.be/iEvpGZUVhXc?a  K.Dreams Festival - [Cover]T-ara - Temptastic HD1080p"},{"index":"356241085615439874","data":"I liked a @YouTube video http://youtu.be/r_chQCTMZMM?a  Concierto UKISS en Perú - Bingeul Bingeul HD1080p"},{"index":"356240953134166016","data":"I liked a @YouTube video http://youtu.be/4hiBLx49ejs?a  K.Dreams Festival - [Cover]After School - Pearls HD1080p"},{"index":"368868086981459968","data":"Cola para el fan meeting Heo Young Saeng https://www.facebook.com/photo.php?fbid=557645207636426&set=a.150266295040988.33816.146776542056630&type=1&theater … @AZStation_Tv"},{"index":"369099263503904768","data":"I liked a @YouTube video http://youtu.be/58Tm1ZqBiss?a  Fanmeeting Heo Young Saeng Lima - Perú - Intro + Love Like This HD720p"},{"index":"357572808433352704","data":"RT @Peru21pe: #VíctorIsla dice que ‘repartija’ es solo “una percepción” http://goo.gl/4yuQV  < floro monse"},{"index":"369099269971533825","data":"I liked a @YouTube video http://youtu.be/5MB6jb-gIzQ?a  Fanmeeting Heo Young Saeng Lima - Perú - Out The Club HD720p"},{"index":"369099333066444801","data":"I liked a @YouTube video http://youtu.be/W3hpb3hoRXs?a  Fanmeeting Heo Young Saeng Lima - Perú - Because Im stupid HD720p"},{"index":"394617371459342336","data":"I liked a @YouTube video from @azstation_tv http://youtu.be/PsqUDbqXPh4?a  [I LOVE KPOP 2013] VIXX Cover - \"Hyde & On And On\" - By V.X.I"},{"index":"417492871944892417","data":"POWDERHORN OPENING: http://youtu.be/-ut1xXO_lx8?a  via @YouTube"},{"index":"403639965914890240","data":"ME DIJERON QUE NOVIEMBRE SERíA GENIAL Y LO ES PERO NO TENGO TIEMPO PARA DISFRUTARLO"},{"index":"418441100836470784","data":"I liked a @YouTube video http://youtu.be/6CtyykwZ_oI?a  [MV] SON DAMBI Digital Single_'Red Candle'_M/V"},{"index":"225973071733997568","data":"FF @Wolfhack"},{"index":"236542838916128768","data":"FF @Wolfhack =)"},{"index":"238993387775197184","data":"#FF A mi top 3 followers de la última semana @elwerik @AZStation_Tv @rubyj20 Mas aqui: http://www.gamisfaction.com/profile/mikomonik?utm_source=timeline&utm_medium=twitter&utm_campaign=followfriday …"},{"index":"241606298091786240","data":"#FF A mi top 3 followers de la semana @elwerik @Indo_TripleS @BabyKyuRaTS501 Mi ranking: http://www.gamisfaction.com/profile/mikomonik?utm_source=timeline&utm_medium=twitter&utm_campaign=followfriday …"},{"index":"244076297662373888","data":"#FF para mi top 3 followers de la semana :-D @elwerik @AZStation_Tv @Wolfhack Mi ranking: http://www.gamisfaction.com/profile/mikomonik?utm_source=timeline&utm_medium=twitter&utm_campaign=followfriday …"},{"index":"245949476404076545","data":"=) (@YouTube http://youtu.be/9bZkp7q19f0?a )"},{"index":"249627784635359233","data":"Viendo Hesarststring con @Wolfhack"},{"index":"250319104530079744","data":"#TVXQCatchMe por fin el full MV!!!"},{"index":"250624530178007040","data":"#CancionesParaUnaMadrugadaConLluvia The day we fall in love by Park Shin Hye"},{"index":"256509856062795776","data":"Trailer de Dragon Ball Z Saiyan Saga hecho por fans http://azstationtv.com/blog/?p=2181 "},{"index":"258948729489481729","data":"INFORMACIÓN IMPORTANTE PARA MEDIOS DE PRENSA  INTERNACIONALES...\n\nPROCESO DE ACREDITACIÓN MEDIOS... http://fb.me/14HtlKcaX "},{"index":"248872500849672194","data":"@Wolfhack hola :D"},{"index":"266302175997730817","data":"Me ha gustado un vídeo de @YouTube de @azstation_tv (http://youtu.be/FikN7IFr0XY?a  - Music Bank in Chile 2012 - AFTER SCHOOL - Because of"},{"index":"266269234890412032","data":"Mi girlband de #kpop favorita ... After School en el Music Bank en Chile wiii las pude ver :D http://youtu.be/8_EQqQM4-JU "},{"index":"273472985774575616","data":"@ForvictoRi i love your spanish http://youtu.be/xJmlR7vygVs  :D"},{"index":"268002934053289985","data":"CEO de KANDAVU PRODUCCIONES nos informa por twitter la hora de la llegada de BIGBANG a nuestro país! http://fb.me/1oRMwtpdA "},{"index":"281086564036124672","data":"[NOTICIA] YG Family próximamente en Discovery Channel \n\nLos miembros de YG Entertainment se presentará en un... http://fb.me/OoK8DCfJ "},{"index":"283336406649171968","data":"@misskahi happy birthday . regards from Perú"},{"index":"274524933147725824","data":"#2012MAMA 'Artist of the year' is Big Bang (Artista del año es BIGBANG) http://fb.me/1DaQ6D5Z7 "},{"index":"291620057056964608","data":"Feliz 4 aniversario mi grupo favorito de #kpop #AfterSchool #4fterschool"},{"index":"291620554786627584","data":"@asperu_tweets feliz 4to aniversario a nuestras divas!!! el mejor grupo #kpop #4fterschool"},{"index":"286289137760362496","data":"Bailando flashback #kpop con mi grupo NEW SCHOOL http://youtu.be/AwDillxYrTU "},{"index":"292671976940634115","data":"Softnyx game tour en vivo por @AZStation_Tv https://www.youtube.com/user/AzoneStationTV/featured?v=Ef3Xcrut43Q …"},{"index":"275418333715775490","data":"#ProudToBeAFanOf After school #kpop mi girl-band favorita"},{"index":"294592243849912320","data":"Me ha gustado un vídeo de @YouTube de @Imsea2 (http://youtu.be/GnWt9HzMefE?a  - Softnyx Games Tour 2013 - New School / After School -"},{"index":"306425253389795329","data":"[Nota del productor] Hoy hemos estado full con la cobertura del evento, desde la llegada de Kim Hyun Joong en el... http://fb.me/2a06Hswh5 "},{"index":"300074977187733505","data":"Genial chicos! (@YouTube - http://youtu.be/pRCwuAEINgE?a )"},{"index":"318502852412723201","data":"I liked a @YouTube video from @azstation_tv http://youtu.be/9LU_-GPygMw?a  누리-K (Nuri-K) - Promotional Spot HD1080p"},{"index":"347461194950533120","data":"I liked a @YouTube video from @azstation_tv http://youtu.be/WyviuSxl3Rc?a  Detalles del concierto de UKISS y Kpop Fever Series HD1080p"},{"index":"318706719544991744","data":"I liked a @YouTube video from @azstation_tv http://youtu.be/aBHHzvfuCMY?a  AnimeDroid - Eleva tu Ki con Dragon Ball Tap Battle"},{"index":"327887618593415169","data":"@Joovicool a qué hora vas al aeropuerto?"},{"index":"356240741128876032","data":"I liked a @YouTube video http://youtu.be/Hk4Y-mqbypY?a  K.Dreams Festival - [Cover]Exo - Freeze HD1080p"},{"index":"356240880639807489","data":"I liked a @YouTube video http://youtu.be/iEvpGZUVhXc?a  K.Dreams Festival - [Cover]T-ara - Temptastic HD1080p"},{"index":"356241085615439874","data":"I liked a @YouTube video http://youtu.be/r_chQCTMZMM?a  Concierto UKISS en Perú - Bingeul Bingeul HD1080p"},{"index":"356240953134166016","data":"I liked a @YouTube video http://youtu.be/4hiBLx49ejs?a  K.Dreams Festival - [Cover]After School - Pearls HD1080p"},{"index":"356240802986463233","data":"I liked a @YouTube video http://youtu.be/A7wDcJTt2VI?a  K.Dreams Festival - [Cover]Sistar - Sexy Star Perú HD1080p"},{"index":"357572808433352704","data":"RT @Peru21pe: #VíctorIsla dice que ‘repartija’ es solo “una percepción” http://goo.gl/4yuQV  < floro monse"},{"index":"369099263503904768","data":"I liked a @YouTube video http://youtu.be/58Tm1ZqBiss?a  Fanmeeting Heo Young Saeng Lima - Perú - Intro + Love Like This HD720p"},{"index":"369099333066444801","data":"I liked a @YouTube video http://youtu.be/W3hpb3hoRXs?a  Fanmeeting Heo Young Saeng Lima - Perú - Because Im stupid HD720p"},{"index":"394617371459342336","data":"I liked a @YouTube video from @azstation_tv http://youtu.be/PsqUDbqXPh4?a  [I LOVE KPOP 2013] VIXX Cover - \"Hyde & On And On\" - By V.X.I"},{"index":"403639965914890240","data":"ME DIJERON QUE NOVIEMBRE SERíA GENIAL Y LO ES PERO NO TENGO TIEMPO PARA DISFRUTARLO"},{"index":"369099269971533825","data":"I liked a @YouTube video http://youtu.be/5MB6jb-gIzQ?a  Fanmeeting Heo Young Saeng Lima - Perú - Out The Club HD720p"},{"index":"368868086981459968","data":"Cola para el fan meeting Heo Young Saeng https://www.facebook.com/photo.php?fbid=557645207636426&set=a.150266295040988.33816.146776542056630&type=1&theater … @AZStation_Tv"},{"index":"418441100836470784","data":"I liked a @YouTube video http://youtu.be/6CtyykwZ_oI?a  [MV] SON DAMBI Digital Single_'Red Candle'_M/V"},{"index":"417492871944892417","data":"POWDERHORN OPENING: http://youtu.be/-ut1xXO_lx8?a  via @YouTube"}]